2026-09-09 09:09:10.915134: W neuron/pjrt-api/neuronpjrt.cc:1781] Use PJRT C-API 0.79 as client did not specify a PJRT C-API version
2026-09-09 09:09:10.944606: W neuron/pjrt-api/neuronpjrt.cc:1781] Use PJRT C-API 0.79 as client did not specify a PJRT C-API version
2026-09-09 09:09:10.984476: W neuron/pjrt-api/neuronpjrt.cc:1781] Use PJRT C-API 0.79 as client did not specify a PJRT C-API version
2026-09-09 09:09:11.000503: W neuron/pjrt-api/neuronpjrt.cc:1781] Use PJRT C-API 0.79 as client did not specify a PJRT C-API version
2026-09-09 09:09:11.000576: W neuron/pjrt-api/neuronpjrt.cc:1781] Use PJRT C-API 0.79 as client did not specify a PJRT C-API version
2026-09-09 09:09:11.021158: W neuron/pjrt-api/neuronpjrt.cc:1781] Use PJRT C-API 0.79 as client did not specify a PJRT C-API version
2026-09-09 09:09:11.023205: W neuron/pjrt-api/neuronpjrt.cc:1781] Use PJRT C-API 0.79 as client did not specify a PJRT C-API version
2026-09-09 09:09:11.034974: W neuron/pjrt-api/neuronpjrt.cc:1781] Use PJRT C-API 0.79 as client did not specify a PJRT C-API version
2026-09-09 09:09:11.073727: W neuron/pjrt-api/neuronpjrt.cc:1781] Use PJRT C-API 0.79 as client did not specify a PJRT C-API version
2026-09-09 09:09:11.086147: W neuron/pjrt-api/neuronpjrt.cc:1781] Use PJRT C-API 0.79 as client did not specify a PJRT C-API version
2026-09-09 09:09:11.086530: W neuron/pjrt-api/neuronpjrt.cc:1781] Use PJRT C-API 0.79 as client did not specify a PJRT C-API version
2026-09-09 09:09:11.092256: W neuron/pjrt-api/neuronpjrt.cc:1781] Use PJRT C-API 0.79 as client did not specify a PJRT C-API version
2026-09-09 09:09:11.095352: W neuron/pjrt-api/neuronpjrt.cc:1781] Use PJRT C-API 0.79 as client did not specify a PJRT C-API version
2026-09-09 09:09:11.132517: W neuron/pjrt-api/neuronpjrt.cc:1781] Use PJRT C-API 0.79 as client did not specify a PJRT C-API version
2026-09-09 09:09:11.156790: W neuron/pjrt-api/neuronpjrt.cc:1781] Use PJRT C-API 0.79 as client did not specify a PJRT C-API version
2026-09-09 09:09:11.156917: W neuron/pjrt-api/neuronpjrt.cc:1781] Use PJRT C-API 0.79 as client did not specify a PJRT C-API version
2026-09-09 09:09:11.156917: W neuron/pjrt-api/neuronpjrt.cc:1781] Use PJRT C-API 0.79 as client did not specify a PJRT C-API version
2026-09-09 09:09:11.159322: W neuron/pjrt-api/neuronpjrt.cc:1781] Use PJRT C-API 0.79 as client did not specify a PJRT C-API version
2026-09-09 09:09:11.162500: W neuron/pjrt-api/neuronpjrt.cc:1781] Use PJRT C-API 0.79 as client did not specify a PJRT C-API version
2026-09-09 09:09:11.162858: W neuron/pjrt-api/neuronpjrt.cc:1781] Use PJRT C-API 0.79 as client did not specify a PJRT C-API version
2026-09-09 09:09:11.163096: W neuron/pjrt-api/neuronpjrt.cc:1781] Use PJRT C-API 0.79 as client did not specify a PJRT C-API version
2026-09-09 09:09:11.170491: W neuron/pjrt-api/neuronpjrt.cc:1781] Use PJRT C-API 0.79 as client did not specify a PJRT C-API version
2026-09-09 09:09:11.172264: W neuron/pjrt-api/neuronpjrt.cc:1781] Use PJRT C-API 0.79 as client did not specify a PJRT C-API version
2026-09-09 09:09:11.178791: W neuron/pjrt-api/neuronpjrt.cc:1781] Use PJRT C-API 0.79 as client did not specify a PJRT C-API version
2026-09-09 09:09:11.179390: W neuron/pjrt-api/neuronpjrt.cc:1781] Use PJRT C-API 0.79 as client did not specify a PJRT C-API version
2026-09-09 09:09:11.186006: W neuron/pjrt-api/neuronpjrt.cc:1781] Use PJRT C-API 0.79 as client did not specify a PJRT C-API version
2026-09-09 09:09:11.193938: W neuron/pjrt-api/neuronpjrt.cc:1781] Use PJRT C-API 0.79 as client did not specify a PJRT C-API version
2026-09-09 09:09:11.199879: W neuron/pjrt-api/neuronpjrt.cc:1781] Use PJRT C-API 0.79 as client did not specify a PJRT C-API version
2026-09-09 09:09:11.200594: W neuron/pjrt-api/neuronpjrt.cc:1781] Use PJRT C-API 0.79 as client did not specify a PJRT C-API version
2026-09-09 09:09:11.218897: W neuron/pjrt-api/neuronpjrt.cc:1781] Use PJRT C-API 0.79 as client did not specify a PJRT C-API version
2026-09-09 09:09:11.260513: W neuron/pjrt-api/neuronpjrt.cc:1781] Use PJRT C-API 0.79 as client did not specify a PJRT C-API version
2026-09-09 09:09:11.418436: W neuron/pjrt-api/neuronpjrt.cc:1781] Use PJRT C-API 0.79 as client did not specify a PJRT C-API version
/home/ubuntu/train_gpt10b_tp_families.py:365: DeprecationWarning: Use torch_xla.sync instead
  xm.mark_step()
/home/ubuntu/train_gpt10b_tp_families.py:365: DeprecationWarning: Use torch_xla.sync instead
  xm.mark_step()
/home/ubuntu/train_gpt10b_tp_families.py:365: DeprecationWarning: Use torch_xla.sync instead
  xm.mark_step()
/home/ubuntu/train_gpt10b_tp_families.py:365: DeprecationWarning: Use torch_xla.sync instead
  xm.mark_step()
/home/ubuntu/train_gpt10b_tp_families.py:365: DeprecationWarning: Use torch_xla.sync instead
  xm.mark_step()
/home/ubuntu/train_gpt10b_tp_families.py:365: DeprecationWarning: Use torch_xla.sync instead
  xm.mark_step()
/home/ubuntu/train_gpt10b_tp_families.py:365: DeprecationWarning: Use torch_xla.sync instead
  xm.mark_step()
/home/ubuntu/train_gpt10b_tp_families.py:365: DeprecationWarning: Use torch_xla.sync instead
  xm.mark_step()
/home/ubuntu/train_gpt10b_tp_families.py:365: DeprecationWarning: Use torch_xla.sync instead
  xm.mark_step()
/home/ubuntu/train_gpt10b_tp_families.py:365: DeprecationWarning: Use torch_xla.sync instead
  xm.mark_step()
/home/ubuntu/train_gpt10b_tp_families.py:365: DeprecationWarning: Use torch_xla.sync instead
  xm.mark_step()
/home/ubuntu/train_gpt10b_tp_families.py:365: DeprecationWarning: Use torch_xla.sync instead
  xm.mark_step()
/home/ubuntu/train_gpt10b_tp_families.py:365: DeprecationWarning: Use torch_xla.sync instead
  xm.mark_step()
/home/ubuntu/train_gpt10b_tp_families.py:365: DeprecationWarning: Use torch_xla.sync instead
  xm.mark_step()
/home/ubuntu/train_gpt10b_tp_families.py:365: DeprecationWarning: Use torch_xla.sync instead
  xm.mark_step()
/home/ubuntu/train_gpt10b_tp_families.py:365: DeprecationWarning: Use torch_xla.sync instead
  xm.mark_step()
/home/ubuntu/train_gpt10b_tp_families.py:365: DeprecationWarning: Use torch_xla.sync instead
  xm.mark_step()
/home/ubuntu/train_gpt10b_tp_families.py:365: DeprecationWarning: Use torch_xla.sync instead
  xm.mark_step()
/home/ubuntu/train_gpt10b_tp_families.py:365: DeprecationWarning: Use torch_xla.sync instead
  xm.mark_step()
/home/ubuntu/train_gpt10b_tp_families.py:365: DeprecationWarning: Use torch_xla.sync instead
  xm.mark_step()
/home/ubuntu/train_gpt10b_tp_families.py:365: DeprecationWarning: Use torch_xla.sync instead
  xm.mark_step()
/home/ubuntu/train_gpt10b_tp_families.py:365: DeprecationWarning: Use torch_xla.sync instead
  xm.mark_step()
/home/ubuntu/train_gpt10b_tp_families.py:365: DeprecationWarning: Use torch_xla.sync instead
  xm.mark_step()
/home/ubuntu/train_gpt10b_tp_families.py:365: DeprecationWarning: Use torch_xla.sync instead
  xm.mark_step()
/home/ubuntu/train_gpt10b_tp_families.py:365: DeprecationWarning: Use torch_xla.sync instead
  xm.mark_step()
/home/ubuntu/train_gpt10b_tp_families.py:365: DeprecationWarning: Use torch_xla.sync instead
  xm.mark_step()
/home/ubuntu/train_gpt10b_tp_families.py:365: DeprecationWarning: Use torch_xla.sync instead
  xm.mark_step()
/home/ubuntu/train_gpt10b_tp_families.py:365: DeprecationWarning: Use torch_xla.sync instead
  xm.mark_step()
/home/ubuntu/train_gpt10b_tp_families.py:365: DeprecationWarning: Use torch_xla.sync instead
  xm.mark_step()
/home/ubuntu/train_gpt10b_tp_families.py:365: DeprecationWarning: Use torch_xla.sync instead
  xm.mark_step()
/home/ubuntu/train_gpt10b_tp_families.py:365: DeprecationWarning: Use torch_xla.sync instead
  xm.mark_step()
/home/ubuntu/train_gpt10b_tp_families.py:365: DeprecationWarning: Use torch_xla.sync instead
  xm.mark_step()
/home/ubuntu/train_gpt10b_tp_families.py:423: DeprecationWarning: Use torch_xla.sync instead
  xm.mark_step()
/home/ubuntu/train_gpt10b_tp_families.py:423: DeprecationWarning: Use torch_xla.sync instead
  xm.mark_step()
2026-09-09 09:09:52.000686:  113579  [INFO]: Using a cached neff at /home/ubuntu/neuron_cache_e2e/neuronxcc-2.23.6484.0+3b612583/MODULE_15499462365376141814+e30acd3a/model.neff
/home/ubuntu/train_gpt10b_tp_families.py:423: DeprecationWarning: Use torch_xla.sync instead
  xm.mark_step()
/home/ubuntu/train_gpt10b_tp_families.py:423: DeprecationWarning: Use torch_xla.sync instead
  xm.mark_step()
2026-09-09 09:09:52.000755:  113551  [INFO]: Using a cached neff at /home/ubuntu/neuron_cache_e2e/neuronxcc-2.23.6484.0+3b612583/MODULE_15499462365376141814+e30acd3a/model.neff
/home/ubuntu/train_gpt10b_tp_families.py:423: DeprecationWarning: Use torch_xla.sync instead
  xm.mark_step()
/home/ubuntu/train_gpt10b_tp_families.py:423: DeprecationWarning: Use torch_xla.sync instead
  xm.mark_step()
2026-09-09 09:09:52.000819:  113556  [INFO]: Using a cached neff at /home/ubuntu/neuron_cache_e2e/neuronxcc-2.23.6484.0+3b612583/MODULE_15499462365376141814+e30acd3a/model.neff
2026-09-09 09:09:52.000820:  113568  [INFO]: Using a cached neff at /home/ubuntu/neuron_cache_e2e/neuronxcc-2.23.6484.0+3b612583/MODULE_15499462365376141814+e30acd3a/model.neff
/home/ubuntu/train_gpt10b_tp_families.py:423: DeprecationWarning: Use torch_xla.sync instead
  xm.mark_step()
/home/ubuntu/train_gpt10b_tp_families.py:423: DeprecationWarning: Use torch_xla.sync instead
  xm.mark_step()
2026-09-09 09:09:52.000891:  113578  [INFO]: Using a cached neff at /home/ubuntu/neuron_cache_e2e/neuronxcc-2.23.6484.0+3b612583/MODULE_15499462365376141814+e30acd3a/model.neff
2026-09-09 09:09:52.000891:  113554  [INFO]: Using a cached neff at /home/ubuntu/neuron_cache_e2e/neuronxcc-2.23.6484.0+3b612583/MODULE_15499462365376141814+e30acd3a/model.neff
/home/ubuntu/train_gpt10b_tp_families.py:423: DeprecationWarning: Use torch_xla.sync instead
  xm.mark_step()
/home/ubuntu/train_gpt10b_tp_families.py:423: DeprecationWarning: Use torch_xla.sync instead
  xm.mark_step()
2026-09-09 09:09:52.000928:  113555  [INFO]: Using a cached neff at /home/ubuntu/neuron_cache_e2e/neuronxcc-2.23.6484.0+3b612583/MODULE_15499462365376141814+e30acd3a/model.neff
/home/ubuntu/train_gpt10b_tp_families.py:423: DeprecationWarning: Use torch_xla.sync instead
  xm.mark_step()
/home/ubuntu/train_gpt10b_tp_families.py:447: DeprecationWarning: Use torch_xla.sync instead
  xm.mark_step()
/home/ubuntu/train_gpt10b_tp_families.py:423: DeprecationWarning: Use torch_xla.sync instead
  xm.mark_step()
2026-09-09 09:09:52.000944:  113564  [INFO]: Using a cached neff at /home/ubuntu/neuron_cache_e2e/neuronxcc-2.23.6484.0+3b612583/MODULE_15499462365376141814+e30acd3a/model.neff
/home/ubuntu/train_gpt10b_tp_families.py:423: DeprecationWarning: Use torch_xla.sync instead
  xm.mark_step()
/home/ubuntu/train_gpt10b_tp_families.py:423: DeprecationWarning: Use torch_xla.sync instead
  xm.mark_step()
/home/ubuntu/train_gpt10b_tp_families.py:423: DeprecationWarning: Use torch_xla.sync instead
  xm.mark_step()
/home/ubuntu/train_gpt10b_tp_families.py:423: DeprecationWarning: Use torch_xla.sync instead
  xm.mark_step()
2026-09-09 09:09:52.000998:  113561  [INFO]: Using a cached neff at /home/ubuntu/neuron_cache_e2e/neuronxcc-2.23.6484.0+3b612583/MODULE_15499462365376141814+e30acd3a/model.neff
/home/ubuntu/train_gpt10b_tp_families.py:447: DeprecationWarning: Use torch_xla.sync instead
  xm.mark_step()
/home/ubuntu/train_gpt10b_tp_families.py:423: DeprecationWarning: Use torch_xla.sync instead
  xm.mark_step()
2026-09-09 09:09:53.000036:  113581  [INFO]: Using a cached neff at /home/ubuntu/neuron_cache_e2e/neuronxcc-2.23.6484.0+3b612583/MODULE_15499462365376141814+e30acd3a/model.neff
2026-09-09 09:09:53.000034:  113562  [INFO]: Using a cached neff at /home/ubuntu/neuron_cache_e2e/neuronxcc-2.23.6484.0+3b612583/MODULE_15499462365376141814+e30acd3a/model.neff
/home/ubuntu/train_gpt10b_tp_families.py:423: DeprecationWarning: Use torch_xla.sync instead
  xm.mark_step()
2026-09-09 09:09:53.000045:  113574  [INFO]: Using a cached neff at /home/ubuntu/neuron_cache_e2e/neuronxcc-2.23.6484.0+3b612583/MODULE_15499462365376141814+e30acd3a/model.neff
2026-09-09 09:09:53.000051:  113560  [INFO]: Using a cached neff at /home/ubuntu/neuron_cache_e2e/neuronxcc-2.23.6484.0+3b612583/MODULE_15499462365376141814+e30acd3a/model.neff
2026-09-09 09:09:53.000056:  113577  [INFO]: Using a cached neff at /home/ubuntu/neuron_cache_e2e/neuronxcc-2.23.6484.0+3b612583/MODULE_15499462365376141814+e30acd3a/model.neff
/home/ubuntu/train_gpt10b_tp_families.py:447: DeprecationWarning: Use torch_xla.sync instead
  xm.mark_step()
/home/ubuntu/train_gpt10b_tp_families.py:423: DeprecationWarning: Use torch_xla.sync instead
  xm.mark_step()
/home/ubuntu/train_gpt10b_tp_families.py:423: DeprecationWarning: Use torch_xla.sync instead
  xm.mark_step()
2026-09-09 09:09:53.000101:  113569  [INFO]: Using a cached neff at /home/ubuntu/neuron_cache_e2e/neuronxcc-2.23.6484.0+3b612583/MODULE_15499462365376141814+e30acd3a/model.neff
/home/ubuntu/train_gpt10b_tp_families.py:423: DeprecationWarning: Use torch_xla.sync instead
  xm.mark_step()
/home/ubuntu/train_gpt10b_tp_families.py:423: DeprecationWarning: Use torch_xla.sync instead
  xm.mark_step()
/home/ubuntu/train_gpt10b_tp_families.py:447: DeprecationWarning: Use torch_xla.sync instead
  xm.mark_step()
2026-09-09 09:09:53.000134:  113571  [INFO]: Using a cached neff at /home/ubuntu/neuron_cache_e2e/neuronxcc-2.23.6484.0+3b612583/MODULE_15499462365376141814+e30acd3a/model.neff
/home/ubuntu/train_gpt10b_tp_families.py:423: DeprecationWarning: Use torch_xla.sync instead
  xm.mark_step()
2026-09-09 09:09:53.000136:  113576  [INFO]: Using a cached neff at /home/ubuntu/neuron_cache_e2e/neuronxcc-2.23.6484.0+3b612583/MODULE_15499462365376141814+e30acd3a/model.neff
/home/ubuntu/train_gpt10b_tp_families.py:423: DeprecationWarning: Use torch_xla.sync instead
  xm.mark_step()
2026-09-09 09:09:53.000142:  113580  [INFO]: Using a cached neff at /home/ubuntu/neuron_cache_e2e/neuronxcc-2.23.6484.0+3b612583/MODULE_15499462365376141814+e30acd3a/model.neff
/home/ubuntu/train_gpt10b_tp_families.py:423: DeprecationWarning: Use torch_xla.sync instead
  xm.mark_step()
/home/ubuntu/train_gpt10b_tp_families.py:423: DeprecationWarning: Use torch_xla.sync instead
  xm.mark_step()
/home/ubuntu/train_gpt10b_tp_families.py:447: DeprecationWarning: Use torch_xla.sync instead
  xm.mark_step()
2026-09-09 09:09:53.000156:  113558  [INFO]: Using a cached neff at /home/ubuntu/neuron_cache_e2e/neuronxcc-2.23.6484.0+3b612583/MODULE_15499462365376141814+e30acd3a/model.neff
/home/ubuntu/train_gpt10b_tp_families.py:423: DeprecationWarning: Use torch_xla.sync instead
  xm.mark_step()
/home/ubuntu/train_gpt10b_tp_families.py:423: DeprecationWarning: Use torch_xla.sync instead
  xm.mark_step()
2026-09-09 09:09:53.000183:  113552  [INFO]: Using a cached neff at /home/ubuntu/neuron_cache_e2e/neuronxcc-2.23.6484.0+3b612583/MODULE_15499462365376141814+e30acd3a/model.neff
2026-09-09 09:09:53.000190:  113553  [INFO]: Using a cached neff at /home/ubuntu/neuron_cache_e2e/neuronxcc-2.23.6484.0+3b612583/MODULE_15499462365376141814+e30acd3a/model.neff
2026-09-09 09:09:53.000209:  113575  [INFO]: Using a cached neff at /home/ubuntu/neuron_cache_e2e/neuronxcc-2.23.6484.0+3b612583/MODULE_15499462365376141814+e30acd3a/model.neff
2026-09-09 09:09:53.000210:  113573  [INFO]: Using a cached neff at /home/ubuntu/neuron_cache_e2e/neuronxcc-2.23.6484.0+3b612583/MODULE_15499462365376141814+e30acd3a/model.neff
/home/ubuntu/train_gpt10b_tp_families.py:447: DeprecationWarning: Use torch_xla.sync instead
  xm.mark_step()
/home/ubuntu/train_gpt10b_tp_families.py:447: DeprecationWarning: Use torch_xla.sync instead
  xm.mark_step()
/home/ubuntu/train_gpt10b_tp_families.py:447: DeprecationWarning: Use torch_xla.sync instead
  xm.mark_step()
2026-09-09 09:09:53.000216:  113565  [INFO]: Using a cached neff at /home/ubuntu/neuron_cache_e2e/neuronxcc-2.23.6484.0+3b612583/MODULE_15499462365376141814+e30acd3a/model.neff
2026-09-09 09:09:53.000224:  113559  [INFO]: Using a cached neff at /home/ubuntu/neuron_cache_e2e/neuronxcc-2.23.6484.0+3b612583/MODULE_15499462365376141814+e30acd3a/model.neff
2026-09-09 09:09:53.000225:  113570  [INFO]: Using a cached neff at /home/ubuntu/neuron_cache_e2e/neuronxcc-2.23.6484.0+3b612583/MODULE_15499462365376141814+e30acd3a/model.neff
2026-09-09 09:09:53.000234:  113567  [INFO]: Using a cached neff at /home/ubuntu/neuron_cache_e2e/neuronxcc-2.23.6484.0+3b612583/MODULE_15499462365376141814+e30acd3a/model.neff
/home/ubuntu/train_gpt10b_tp_families.py:447: DeprecationWarning: Use torch_xla.sync instead
  xm.mark_step()
/home/ubuntu/train_gpt10b_tp_families.py:423: DeprecationWarning: Use torch_xla.sync instead
  xm.mark_step()
2026-09-09 09:09:53.000247:  113572  [INFO]: Using a cached neff at /home/ubuntu/neuron_cache_e2e/neuronxcc-2.23.6484.0+3b612583/MODULE_15499462365376141814+e30acd3a/model.neff
/home/ubuntu/train_gpt10b_tp_families.py:447: DeprecationWarning: Use torch_xla.sync instead
  xm.mark_step()
/home/ubuntu/train_gpt10b_tp_families.py:423: DeprecationWarning: Use torch_xla.sync instead
  xm.mark_step()
2026-09-09 09:09:53.000314:  113557  [INFO]: Using a cached neff at /home/ubuntu/neuron_cache_e2e/neuronxcc-2.23.6484.0+3b612583/MODULE_15499462365376141814+e30acd3a/model.neff
/home/ubuntu/train_gpt10b_tp_families.py:447: DeprecationWarning: Use torch_xla.sync instead
  xm.mark_step()
/home/ubuntu/train_gpt10b_tp_families.py:447: DeprecationWarning: Use torch_xla.sync instead
  xm.mark_step()
/home/ubuntu/train_gpt10b_tp_families.py:447: DeprecationWarning: Use torch_xla.sync instead
  xm.mark_step()
/home/ubuntu/train_gpt10b_tp_families.py:447: DeprecationWarning: Use torch_xla.sync instead
  xm.mark_step()
/home/ubuntu/train_gpt10b_tp_families.py:447: DeprecationWarning: Use torch_xla.sync instead
  xm.mark_step()
./home/ubuntu/train_gpt10b_tp_families.py:447: DeprecationWarning: Use torch_xla.sync instead
  xm.mark_step()
/home/ubuntu/train_gpt10b_tp_families.py:447: DeprecationWarning: Use torch_xla.sync instead
  xm.mark_step()
2026-09-09 09:09:53.000381:  113563  [INFO]: Using a cached neff at /home/ubuntu/neuron_cache_e2e/neuronxcc-2.23.6484.0+3b612583/MODULE_15499462365376141814+e30acd3a/model.neff
/home/ubuntu/train_gpt10b_tp_families.py:447: DeprecationWarning: Use torch_xla.sync instead
  xm.mark_step()
/home/ubuntu/train_gpt10b_tp_families.py:447: DeprecationWarning: Use torch_xla.sync instead
  xm.mark_step()
/home/ubuntu/train_gpt10b_tp_families.py:447: DeprecationWarning: Use torch_xla.sync instead
  xm.mark_step()
/home/ubuntu/train_gpt10b_tp_families.py:447: DeprecationWarning: Use torch_xla.sync instead
  xm.mark_step()
/home/ubuntu/train_gpt10b_tp_families.py:447: DeprecationWarning: Use torch_xla.sync instead
  xm.mark_step()
/home/ubuntu/train_gpt10b_tp_families.py:447: DeprecationWarning: Use torch_xla.sync instead
  xm.mark_step()
/home/ubuntu/train_gpt10b_tp_families.py:447: DeprecationWarning: Use torch_xla.sync instead
  xm.mark_step()
/home/ubuntu/train_gpt10b_tp_families.py:447: DeprecationWarning: Use torch_xla.sync instead
  xm.mark_step()
/home/ubuntu/train_gpt10b_tp_families.py:447: DeprecationWarning: Use torch_xla.sync instead
  xm.mark_step()
/home/ubuntu/train_gpt10b_tp_families.py:447: DeprecationWarning: Use torch_xla.sync instead
  xm.mark_step()
/home/ubuntu/train_gpt10b_tp_families.py:447: DeprecationWarning: Use torch_xla.sync instead
  xm.mark_step()
/home/ubuntu/train_gpt10b_tp_families.py:447: DeprecationWarning: Use torch_xla.sync instead
  xm.mark_step()
/home/ubuntu/train_gpt10b_tp_families.py:447: DeprecationWarning: Use torch_xla.sync instead
  xm.mark_step()
/home/ubuntu/train_gpt10b_tp_families.py:423: DeprecationWarning: Use torch_xla.sync instead
  xm.mark_step()
2026-09-09 09:09:53.000688:  113566  [INFO]: Using a cached neff at /home/ubuntu/neuron_cache_e2e/neuronxcc-2.23.6484.0+3b612583/MODULE_15499462365376141814+e30acd3a/model.neff
/home/ubuntu/train_gpt10b_tp_families.py:423: DeprecationWarning: Use torch_xla.sync instead
  xm.mark_step()
/home/ubuntu/train_gpt10b_tp_families.py:447: DeprecationWarning: Use torch_xla.sync instead
  xm.mark_step()
2026-09-09 09:09:53.000936:  113582  [INFO]: Using a cached neff at /home/ubuntu/neuron_cache_e2e/neuronxcc-2.23.6484.0+3b612583/MODULE_15499462365376141814+e30acd3a/model.neff
/home/ubuntu/train_gpt10b_tp_families.py:447: DeprecationWarning: Use torch_xla.sync instead
  xm.mark_step()

Compiler status PASS
2026-09-09 09:09:54.000275:  113579  [INFO]: Compilation Successfully Completed for model.MODULE_8913559280214575125+e30acd3a.hlo_module.pb
/home/ubuntu/train_gpt10b_tp_families.py:454: DeprecationWarning: Use torch_xla.sync instead
  xm.mark_step()
2026-09-09 09:09:54.000334:  113579  [INFO]: Using a cached neff at /home/ubuntu/neuron_cache_e2e/neuronxcc-2.23.6484.0+3b612583/MODULE_11581410531984556362+e30acd3a/model.neff
2026-09-09 09:09:58.000017:  113551  [INFO]: Using a cached neff at /home/ubuntu/neuron_cache_e2e/neuronxcc-2.23.6484.0+3b612583/MODULE_8913559280214575125+e30acd3a/model.neff
/home/ubuntu/train_gpt10b_tp_families.py:454: DeprecationWarning: Use torch_xla.sync instead
  xm.mark_step()
2026-09-09 09:09:58.000074:  113568  [INFO]: Using a cached neff at /home/ubuntu/neuron_cache_e2e/neuronxcc-2.23.6484.0+3b612583/MODULE_8913559280214575125+e30acd3a/model.neff
2026-09-09 09:09:58.000079:  113551  [INFO]: Using a cached neff at /home/ubuntu/neuron_cache_e2e/neuronxcc-2.23.6484.0+3b612583/MODULE_11581410531984556362+e30acd3a/model.neff
/home/ubuntu/train_gpt10b_tp_families.py:454: DeprecationWarning: Use torch_xla.sync instead
  xm.mark_step()
2026-09-09 09:09:58.000133:  113568  [INFO]: Using a cached neff at /home/ubuntu/neuron_cache_e2e/neuronxcc-2.23.6484.0+3b612583/MODULE_11581410531984556362+e30acd3a/model.neff
2026-09-09 09:09:58.000148:  113556  [INFO]: Using a cached neff at /home/ubuntu/neuron_cache_e2e/neuronxcc-2.23.6484.0+3b612583/MODULE_8913559280214575125+e30acd3a/model.neff
/home/ubuntu/train_gpt10b_tp_families.py:454: DeprecationWarning: Use torch_xla.sync instead
  xm.mark_step()
2026-09-09 09:09:58.000167:  113554  [INFO]: Using a cached neff at /home/ubuntu/neuron_cache_e2e/neuronxcc-2.23.6484.0+3b612583/MODULE_8913559280214575125+e30acd3a/model.neff
/home/ubuntu/train_gpt10b_tp_families.py:454: DeprecationWarning: Use torch_xla.sync instead
  xm.mark_step()
2026-09-09 09:09:58.000208:  113556  [INFO]: Using a cached neff at /home/ubuntu/neuron_cache_e2e/neuronxcc-2.23.6484.0+3b612583/MODULE_11581410531984556362+e30acd3a/model.neff
2026-09-09 09:09:58.000223:  113578  [INFO]: Using a cached neff at /home/ubuntu/neuron_cache_e2e/neuronxcc-2.23.6484.0+3b612583/MODULE_8913559280214575125+e30acd3a/model.neff
2026-09-09 09:09:58.000225:  113564  [INFO]: Using a cached neff at /home/ubuntu/neuron_cache_e2e/neuronxcc-2.23.6484.0+3b612583/MODULE_8913559280214575125+e30acd3a/model.neff
2026-09-09 09:09:58.000227:  113554  [INFO]: Using a cached neff at /home/ubuntu/neuron_cache_e2e/neuronxcc-2.23.6484.0+3b612583/MODULE_11581410531984556362+e30acd3a/model.neff
2026-09-09 09:09:58.000228:  113555  [INFO]: Using a cached neff at /home/ubuntu/neuron_cache_e2e/neuronxcc-2.23.6484.0+3b612583/MODULE_8913559280214575125+e30acd3a/model.neff
/home/ubuntu/train_gpt10b_tp_families.py:454: DeprecationWarning: Use torch_xla.sync instead
  xm.mark_step()
/home/ubuntu/train_gpt10b_tp_families.py:454: DeprecationWarning: Use torch_xla.sync instead
  xm.mark_step()
/home/ubuntu/train_gpt10b_tp_families.py:454: DeprecationWarning: Use torch_xla.sync instead
  xm.mark_step()
2026-09-09 09:09:58.000250:  113561  [INFO]: Using a cached neff at /home/ubuntu/neuron_cache_e2e/neuronxcc-2.23.6484.0+3b612583/MODULE_8913559280214575125+e30acd3a/model.neff
/home/ubuntu/train_gpt10b_tp_families.py:454: DeprecationWarning: Use torch_xla.sync instead
  xm.mark_step()
2026-09-09 09:09:58.000282:  113578  [INFO]: Using a cached neff at /home/ubuntu/neuron_cache_e2e/neuronxcc-2.23.6484.0+3b612583/MODULE_11581410531984556362+e30acd3a/model.neff
2026-09-09 09:09:58.000284:  113564  [INFO]: Using a cached neff at /home/ubuntu/neuron_cache_e2e/neuronxcc-2.23.6484.0+3b612583/MODULE_11581410531984556362+e30acd3a/model.neff
2026-09-09 09:09:58.000285:  113555  [INFO]: Using a cached neff at /home/ubuntu/neuron_cache_e2e/neuronxcc-2.23.6484.0+3b612583/MODULE_11581410531984556362+e30acd3a/model.neff
2026-09-09 09:09:58.000307:  113574  [INFO]: Using a cached neff at /home/ubuntu/neuron_cache_e2e/neuronxcc-2.23.6484.0+3b612583/MODULE_8913559280214575125+e30acd3a/model.neff
2026-09-09 09:09:58.000311:  113561  [INFO]: Using a cached neff at /home/ubuntu/neuron_cache_e2e/neuronxcc-2.23.6484.0+3b612583/MODULE_11581410531984556362+e30acd3a/model.neff
/home/ubuntu/train_gpt10b_tp_families.py:454: DeprecationWarning: Use torch_xla.sync instead
  xm.mark_step()
2026-09-09 09:09:58.000336:  113577  [INFO]: Using a cached neff at /home/ubuntu/neuron_cache_e2e/neuronxcc-2.23.6484.0+3b612583/MODULE_8913559280214575125+e30acd3a/model.neff
2026-09-09 09:09:58.000339:  113562  [INFO]: Using a cached neff at /home/ubuntu/neuron_cache_e2e/neuronxcc-2.23.6484.0+3b612583/MODULE_8913559280214575125+e30acd3a/model.neff
2026-09-09 09:09:58.000350:  113569  [INFO]: Using a cached neff at /home/ubuntu/neuron_cache_e2e/neuronxcc-2.23.6484.0+3b612583/MODULE_8913559280214575125+e30acd3a/model.neff
2026-09-09 09:09:58.000350:  113560  [INFO]: Using a cached neff at /home/ubuntu/neuron_cache_e2e/neuronxcc-2.23.6484.0+3b612583/MODULE_8913559280214575125+e30acd3a/model.neff
/home/ubuntu/train_gpt10b_tp_families.py:454: DeprecationWarning: Use torch_xla.sync instead
  xm.mark_step()
/home/ubuntu/train_gpt10b_tp_families.py:454: DeprecationWarning: Use torch_xla.sync instead
  xm.mark_step()
/home/ubuntu/train_gpt10b_tp_families.py:454: DeprecationWarning: Use torch_xla.sync instead
  xm.mark_step()
/home/ubuntu/train_gpt10b_tp_families.py:454: DeprecationWarning: Use torch_xla.sync instead
  xm.mark_step()
2026-09-09 09:09:58.000368:  113581  [INFO]: Using a cached neff at /home/ubuntu/neuron_cache_e2e/neuronxcc-2.23.6484.0+3b612583/MODULE_8913559280214575125+e30acd3a/model.neff
2026-09-09 09:09:58.000369:  113574  [INFO]: Using a cached neff at /home/ubuntu/neuron_cache_e2e/neuronxcc-2.23.6484.0+3b612583/MODULE_11581410531984556362+e30acd3a/model.neff
2026-09-09 09:09:58.000370:  113571  [INFO]: Using a cached neff at /home/ubuntu/neuron_cache_e2e/neuronxcc-2.23.6484.0+3b612583/MODULE_8913559280214575125+e30acd3a/model.neff
2026-09-09 09:09:58.000381:  113576  [INFO]: Using a cached neff at /home/ubuntu/neuron_cache_e2e/neuronxcc-2.23.6484.0+3b612583/MODULE_8913559280214575125+e30acd3a/model.neff
/home/ubuntu/train_gpt10b_tp_families.py:454: DeprecationWarning: Use torch_xla.sync instead
  xm.mark_step()
/home/ubuntu/train_gpt10b_tp_families.py:454: DeprecationWarning: Use torch_xla.sync instead
  xm.mark_step()
/home/ubuntu/train_gpt10b_tp_families.py:454: DeprecationWarning: Use torch_xla.sync instead
  xm.mark_step()
2026-09-09 09:09:58.000397:  113580  [INFO]: Using a cached neff at /home/ubuntu/neuron_cache_e2e/neuronxcc-2.23.6484.0+3b612583/MODULE_8913559280214575125+e30acd3a/model.neff
2026-09-09 09:09:58.000401:  113562  [INFO]: Using a cached neff at /home/ubuntu/neuron_cache_e2e/neuronxcc-2.23.6484.0+3b612583/MODULE_11581410531984556362+e30acd3a/model.neff
2026-09-09 09:09:58.000405:  113577  [INFO]: Using a cached neff at /home/ubuntu/neuron_cache_e2e/neuronxcc-2.23.6484.0+3b612583/MODULE_11581410531984556362+e30acd3a/model.neff
2026-09-09 09:09:58.000407:  113569  [INFO]: Using a cached neff at /home/ubuntu/neuron_cache_e2e/neuronxcc-2.23.6484.0+3b612583/MODULE_11581410531984556362+e30acd3a/model.neff
2026-09-09 09:09:58.000410:  113560  [INFO]: Using a cached neff at /home/ubuntu/neuron_cache_e2e/neuronxcc-2.23.6484.0+3b612583/MODULE_11581410531984556362+e30acd3a/model.neff
/home/ubuntu/train_gpt10b_tp_families.py:454: DeprecationWarning: Use torch_xla.sync instead
  xm.mark_step()
2026-09-09 09:09:58.000415:  113558  [INFO]: Using a cached neff at /home/ubuntu/neuron_cache_e2e/neuronxcc-2.23.6484.0+3b612583/MODULE_8913559280214575125+e30acd3a/model.neff
2026-09-09 09:09:58.000427:  113581  [INFO]: Using a cached neff at /home/ubuntu/neuron_cache_e2e/neuronxcc-2.23.6484.0+3b612583/MODULE_11581410531984556362+e30acd3a/model.neff
2026-09-09 09:09:58.000429:  113571  [INFO]: Using a cached neff at /home/ubuntu/neuron_cache_e2e/neuronxcc-2.23.6484.0+3b612583/MODULE_11581410531984556362+e30acd3a/model.neff
/home/ubuntu/train_gpt10b_tp_families.py:454: DeprecationWarning: Use torch_xla.sync instead
  xm.mark_step()
2026-09-09 09:09:58.000442:  113576  [INFO]: Using a cached neff at /home/ubuntu/neuron_cache_e2e/neuronxcc-2.23.6484.0+3b612583/MODULE_11581410531984556362+e30acd3a/model.neff
2026-09-09 09:09:58.000449:  113575  [INFO]: Using a cached neff at /home/ubuntu/neuron_cache_e2e/neuronxcc-2.23.6484.0+3b612583/MODULE_8913559280214575125+e30acd3a/model.neff
2026-09-09 09:09:58.000450:  113573  [INFO]: Using a cached neff at /home/ubuntu/neuron_cache_e2e/neuronxcc-2.23.6484.0+3b612583/MODULE_8913559280214575125+e30acd3a/model.neff
2026-09-09 09:09:58.000459:  113580  [INFO]: Using a cached neff at /home/ubuntu/neuron_cache_e2e/neuronxcc-2.23.6484.0+3b612583/MODULE_11581410531984556362+e30acd3a/model.neff
/home/ubuntu/train_gpt10b_tp_families.py:454: DeprecationWarning: Use torch_xla.sync instead
  xm.mark_step()
/home/ubuntu/train_gpt10b_tp_families.py:454: DeprecationWarning: Use torch_xla.sync instead
  xm.mark_step()
2026-09-09 09:09:58.000468:  113559  [INFO]: Using a cached neff at /home/ubuntu/neuron_cache_e2e/neuronxcc-2.23.6484.0+3b612583/MODULE_8913559280214575125+e30acd3a/model.neff
2026-09-09 09:09:58.000471:  113553  [INFO]: Using a cached neff at /home/ubuntu/neuron_cache_e2e/neuronxcc-2.23.6484.0+3b612583/MODULE_8913559280214575125+e30acd3a/model.neff
2026-09-09 09:09:58.000477:  113570  [INFO]: Using a cached neff at /home/ubuntu/neuron_cache_e2e/neuronxcc-2.23.6484.0+3b612583/MODULE_8913559280214575125+e30acd3a/model.neff
2026-09-09 09:09:58.000478:  113558  [INFO]: Using a cached neff at /home/ubuntu/neuron_cache_e2e/neuronxcc-2.23.6484.0+3b612583/MODULE_11581410531984556362+e30acd3a/model.neff
2026-09-09 09:09:58.000481:  113567  [INFO]: Using a cached neff at /home/ubuntu/neuron_cache_e2e/neuronxcc-2.23.6484.0+3b612583/MODULE_8913559280214575125+e30acd3a/model.neff
/home/ubuntu/train_gpt10b_tp_families.py:454: DeprecationWarning: Use torch_xla.sync instead
  xm.mark_step()
2026-09-09 09:09:58.000483:  113552  [INFO]: Using a cached neff at /home/ubuntu/neuron_cache_e2e/neuronxcc-2.23.6484.0+3b612583/MODULE_8913559280214575125+e30acd3a/model.neff
/home/ubuntu/train_gpt10b_tp_families.py:454: DeprecationWarning: Use torch_xla.sync instead
  xm.mark_step()
2026-09-09 09:09:58.000488:  113572  [INFO]: Using a cached neff at /home/ubuntu/neuron_cache_e2e/neuronxcc-2.23.6484.0+3b612583/MODULE_8913559280214575125+e30acd3a/model.neff
/home/ubuntu/train_gpt10b_tp_families.py:454: DeprecationWarning: Use torch_xla.sync instead
  xm.mark_step()
2026-09-09 09:09:58.000496:  113565  [INFO]: Using a cached neff at /home/ubuntu/neuron_cache_e2e/neuronxcc-2.23.6484.0+3b612583/MODULE_8913559280214575125+e30acd3a/model.neff
/home/ubuntu/train_gpt10b_tp_families.py:454: DeprecationWarning: Use torch_xla.sync instead
  xm.mark_step()
/home/ubuntu/train_gpt10b_tp_families.py:454: DeprecationWarning: Use torch_xla.sync instead
  xm.mark_step()
/home/ubuntu/train_gpt10b_tp_families.py:454: DeprecationWarning: Use torch_xla.sync instead
  xm.mark_step()
2026-09-09 09:09:58.000508:  113575  [INFO]: Using a cached neff at /home/ubuntu/neuron_cache_e2e/neuronxcc-2.23.6484.0+3b612583/MODULE_11581410531984556362+e30acd3a/model.neff
2026-09-09 09:09:58.000509:  113573  [INFO]: Using a cached neff at /home/ubuntu/neuron_cache_e2e/neuronxcc-2.23.6484.0+3b612583/MODULE_11581410531984556362+e30acd3a/model.neff
/home/ubuntu/train_gpt10b_tp_families.py:454: DeprecationWarning: Use torch_xla.sync instead
  xm.mark_step()
2026-09-09 09:09:58.000530:  113559  [INFO]: Using a cached neff at /home/ubuntu/neuron_cache_e2e/neuronxcc-2.23.6484.0+3b612583/MODULE_11581410531984556362+e30acd3a/model.neff
2026-09-09 09:09:58.000531:  113553  [INFO]: Using a cached neff at /home/ubuntu/neuron_cache_e2e/neuronxcc-2.23.6484.0+3b612583/MODULE_11581410531984556362+e30acd3a/model.neff
2026-09-09 09:09:58.000539:  113570  [INFO]: Using a cached neff at /home/ubuntu/neuron_cache_e2e/neuronxcc-2.23.6484.0+3b612583/MODULE_11581410531984556362+e30acd3a/model.neff
2026-09-09 09:09:58.000541:  113567  [INFO]: Using a cached neff at /home/ubuntu/neuron_cache_e2e/neuronxcc-2.23.6484.0+3b612583/MODULE_11581410531984556362+e30acd3a/model.neff
2026-09-09 09:09:58.000546:  113552  [INFO]: Using a cached neff at /home/ubuntu/neuron_cache_e2e/neuronxcc-2.23.6484.0+3b612583/MODULE_11581410531984556362+e30acd3a/model.neff
2026-09-09 09:09:58.000547:  113572  [INFO]: Using a cached neff at /home/ubuntu/neuron_cache_e2e/neuronxcc-2.23.6484.0+3b612583/MODULE_11581410531984556362+e30acd3a/model.neff
2026-09-09 09:09:58.000552:  113557  [INFO]: Using a cached neff at /home/ubuntu/neuron_cache_e2e/neuronxcc-2.23.6484.0+3b612583/MODULE_8913559280214575125+e30acd3a/model.neff
2026-09-09 09:09:58.000558:  113565  [INFO]: Using a cached neff at /home/ubuntu/neuron_cache_e2e/neuronxcc-2.23.6484.0+3b612583/MODULE_11581410531984556362+e30acd3a/model.neff
/home/ubuntu/train_gpt10b_tp_families.py:454: DeprecationWarning: Use torch_xla.sync instead
  xm.mark_step()
2026-09-09 09:09:58.000612:  113557  [INFO]: Using a cached neff at /home/ubuntu/neuron_cache_e2e/neuronxcc-2.23.6484.0+3b612583/MODULE_11581410531984556362+e30acd3a/model.neff
2026-09-09 09:09:58.000620:  113563  [INFO]: Using a cached neff at /home/ubuntu/neuron_cache_e2e/neuronxcc-2.23.6484.0+3b612583/MODULE_8913559280214575125+e30acd3a/model.neff
/home/ubuntu/train_gpt10b_tp_families.py:454: DeprecationWarning: Use torch_xla.sync instead
  xm.mark_step()
2026-09-09 09:09:58.000681:  113563  [INFO]: Using a cached neff at /home/ubuntu/neuron_cache_e2e/neuronxcc-2.23.6484.0+3b612583/MODULE_11581410531984556362+e30acd3a/model.neff
2026-09-09 09:09:58.000926:  113566  [INFO]: Using a cached neff at /home/ubuntu/neuron_cache_e2e/neuronxcc-2.23.6484.0+3b612583/MODULE_8913559280214575125+e30acd3a/model.neff
/home/ubuntu/train_gpt10b_tp_families.py:454: DeprecationWarning: Use torch_xla.sync instead
  xm.mark_step()
2026-09-09 09:09:58.000987:  113566  [INFO]: Using a cached neff at /home/ubuntu/neuron_cache_e2e/neuronxcc-2.23.6484.0+3b612583/MODULE_11581410531984556362+e30acd3a/model.neff
2026-09-09 09:09:59.000176:  113582  [INFO]: Using a cached neff at /home/ubuntu/neuron_cache_e2e/neuronxcc-2.23.6484.0+3b612583/MODULE_8913559280214575125+e30acd3a/model.neff
/home/ubuntu/train_gpt10b_tp_families.py:454: DeprecationWarning: Use torch_xla.sync instead
  xm.mark_step()
2026-09-09 09:09:59.000240:  113582  [INFO]: Using a cached neff at /home/ubuntu/neuron_cache_e2e/neuronxcc-2.23.6484.0+3b612583/MODULE_11581410531984556362+e30acd3a/model.neff
/home/ubuntu/train_gpt10b_tp_families.py:460: DeprecationWarning: Use torch_xla.sync instead
  xm.mark_step()
/home/ubuntu/train_gpt10b_tp_families.py:460: DeprecationWarning: Use torch_xla.sync instead
  xm.mark_step()
/home/ubuntu/train_gpt10b_tp_families.py:460: DeprecationWarning: Use torch_xla.sync instead
  xm.mark_step()
/home/ubuntu/train_gpt10b_tp_families.py:460: DeprecationWarning: Use torch_xla.sync instead
  xm.mark_step()
/home/ubuntu/train_gpt10b_tp_families.py:460: DeprecationWarning: Use torch_xla.sync instead
  xm.mark_step()
/home/ubuntu/train_gpt10b_tp_families.py:460: DeprecationWarning: Use torch_xla.sync instead
  xm.mark_step()
/home/ubuntu/train_gpt10b_tp_families.py:460: DeprecationWarning: Use torch_xla.sync instead
  xm.mark_step()
/home/ubuntu/train_gpt10b_tp_families.py:460: DeprecationWarning: Use torch_xla.sync instead
  xm.mark_step()
/home/ubuntu/train_gpt10b_tp_families.py:460: DeprecationWarning: Use torch_xla.sync instead
  xm.mark_step()
/home/ubuntu/train_gpt10b_tp_families.py:460: DeprecationWarning: Use torch_xla.sync instead
  xm.mark_step()
/home/ubuntu/train_gpt10b_tp_families.py:460: DeprecationWarning: Use torch_xla.sync instead
  xm.mark_step()
/home/ubuntu/train_gpt10b_tp_families.py:460: DeprecationWarning: Use torch_xla.sync instead
  xm.mark_step()
/home/ubuntu/train_gpt10b_tp_families.py:460: DeprecationWarning: Use torch_xla.sync instead
  xm.mark_step()
/home/ubuntu/train_gpt10b_tp_families.py:460: DeprecationWarning: Use torch_xla.sync instead
  xm.mark_step()
/home/ubuntu/train_gpt10b_tp_families.py:460: DeprecationWarning: Use torch_xla.sync instead
  xm.mark_step()
/home/ubuntu/train_gpt10b_tp_families.py:460: DeprecationWarning: Use torch_xla.sync instead
  xm.mark_step()
/home/ubuntu/train_gpt10b_tp_families.py:460: DeprecationWarning: Use torch_xla.sync instead
  xm.mark_step()
/home/ubuntu/train_gpt10b_tp_families.py:460: DeprecationWarning: Use torch_xla.sync instead
  xm.mark_step()
/home/ubuntu/train_gpt10b_tp_families.py:460: DeprecationWarning: Use torch_xla.sync instead
  xm.mark_step()
/home/ubuntu/train_gpt10b_tp_families.py:460: DeprecationWarning: Use torch_xla.sync instead
  xm.mark_step()
/home/ubuntu/train_gpt10b_tp_families.py:460: DeprecationWarning: Use torch_xla.sync instead
  xm.mark_step()
/home/ubuntu/train_gpt10b_tp_families.py:460: DeprecationWarning: Use torch_xla.sync instead
  xm.mark_step()
/home/ubuntu/train_gpt10b_tp_families.py:460: DeprecationWarning: Use torch_xla.sync instead
  xm.mark_step()
/home/ubuntu/train_gpt10b_tp_families.py:460: DeprecationWarning: Use torch_xla.sync instead
  xm.mark_step()
/home/ubuntu/train_gpt10b_tp_families.py:460: DeprecationWarning: Use torch_xla.sync instead
  xm.mark_step()
/home/ubuntu/train_gpt10b_tp_families.py:460: DeprecationWarning: Use torch_xla.sync instead
  xm.mark_step()
/home/ubuntu/train_gpt10b_tp_families.py:460: DeprecationWarning: Use torch_xla.sync instead
  xm.mark_step()
/home/ubuntu/train_gpt10b_tp_families.py:460: DeprecationWarning: Use torch_xla.sync instead
  xm.mark_step()
/home/ubuntu/train_gpt10b_tp_families.py:460: DeprecationWarning: Use torch_xla.sync instead
  xm.mark_step()
/home/ubuntu/train_gpt10b_tp_families.py:460: DeprecationWarning: Use torch_xla.sync instead
  xm.mark_step()
/home/ubuntu/train_gpt10b_tp_families.py:460: DeprecationWarning: Use torch_xla.sync instead
  xm.mark_step()
/home/ubuntu/train_gpt10b_tp_families.py:460: DeprecationWarning: Use torch_xla.sync instead
  xm.mark_step()
2026-09-09 09:10:00.000782:  113551  [INFO]: Using a cached neff at /home/ubuntu/neuron_cache_e2e/neuronxcc-2.23.6484.0+3b612583/MODULE_8628471563315418426+e30acd3a/model.neff
2026-09-09 09:10:00.000782:  113566  [INFO]: Using a cached neff at /home/ubuntu/neuron_cache_e2e/neuronxcc-2.23.6484.0+3b612583/MODULE_8628471563315418426+e30acd3a/model.neff
2026-09-09 09:10:00.000782:  113565  [INFO]: Using a cached neff at /home/ubuntu/neuron_cache_e2e/neuronxcc-2.23.6484.0+3b612583/MODULE_8628471563315418426+e30acd3a/model.neff
2026-09-09 09:10:00.000782:  113578  [INFO]: Using a cached neff at /home/ubuntu/neuron_cache_e2e/neuronxcc-2.23.6484.0+3b612583/MODULE_8628471563315418426+e30acd3a/model.neff
2026-09-09 09:10:00.000782:  113567  [INFO]: Using a cached neff at /home/ubuntu/neuron_cache_e2e/neuronxcc-2.23.6484.0+3b612583/MODULE_8628471563315418426+e30acd3a/model.neff
2026-09-09 09:10:00.000783:  113575  [INFO]: Using a cached neff at /home/ubuntu/neuron_cache_e2e/neuronxcc-2.23.6484.0+3b612583/MODULE_8628471563315418426+e30acd3a/model.neff
2026-09-09 09:10:00.000783:  113561  [INFO]: Using a cached neff at /home/ubuntu/neuron_cache_e2e/neuronxcc-2.23.6484.0+3b612583/MODULE_8628471563315418426+e30acd3a/model.neff
2026-09-09 09:10:00.000783:  113558  [INFO]: Using a cached neff at /home/ubuntu/neuron_cache_e2e/neuronxcc-2.23.6484.0+3b612583/MODULE_8628471563315418426+e30acd3a/model.neff
2026-09-09 09:10:00.000785:  113554  [INFO]: Using a cached neff at /home/ubuntu/neuron_cache_e2e/neuronxcc-2.23.6484.0+3b612583/MODULE_8628471563315418426+e30acd3a/model.neff
2026-09-09 09:10:00.000786:  113571  [INFO]: Using a cached neff at /home/ubuntu/neuron_cache_e2e/neuronxcc-2.23.6484.0+3b612583/MODULE_8628471563315418426+e30acd3a/model.neff
2026-09-09 09:10:00.000787:  113556  [INFO]: Using a cached neff at /home/ubuntu/neuron_cache_e2e/neuronxcc-2.23.6484.0+3b612583/MODULE_8628471563315418426+e30acd3a/model.neff
2026-09-09 09:10:00.000787:  113559  [INFO]: Using a cached neff at /home/ubuntu/neuron_cache_e2e/neuronxcc-2.23.6484.0+3b612583/MODULE_8628471563315418426+e30acd3a/model.neff
2026-09-09 09:10:00.000788:  113579  [INFO]: Using a cached neff at /home/ubuntu/neuron_cache_e2e/neuronxcc-2.23.6484.0+3b612583/MODULE_8628471563315418426+e30acd3a/model.neff
2026-09-09 09:10:00.000788:  113557  [INFO]: Using a cached neff at /home/ubuntu/neuron_cache_e2e/neuronxcc-2.23.6484.0+3b612583/MODULE_8628471563315418426+e30acd3a/model.neff
2026-09-09 09:10:00.000790:  113577  [INFO]: Using a cached neff at /home/ubuntu/neuron_cache_e2e/neuronxcc-2.23.6484.0+3b612583/MODULE_8628471563315418426+e30acd3a/model.neff
2026-09-09 09:10:00.000792:  113552  [INFO]: Using a cached neff at /home/ubuntu/neuron_cache_e2e/neuronxcc-2.23.6484.0+3b612583/MODULE_8628471563315418426+e30acd3a/model.neff
2026-09-09 09:10:00.000793:  113570  [INFO]: Using a cached neff at /home/ubuntu/neuron_cache_e2e/neuronxcc-2.23.6484.0+3b612583/MODULE_8628471563315418426+e30acd3a/model.neff
2026-09-09 09:10:00.000793:  113574  [INFO]: Using a cached neff at /home/ubuntu/neuron_cache_e2e/neuronxcc-2.23.6484.0+3b612583/MODULE_8628471563315418426+e30acd3a/model.neff
2026-09-09 09:10:00.000794:  113560  [INFO]: Using a cached neff at /home/ubuntu/neuron_cache_e2e/neuronxcc-2.23.6484.0+3b612583/MODULE_8628471563315418426+e30acd3a/model.neff
2026-09-09 09:10:00.000795:  113576  [INFO]: Using a cached neff at /home/ubuntu/neuron_cache_e2e/neuronxcc-2.23.6484.0+3b612583/MODULE_8628471563315418426+e30acd3a/model.neff
2026-09-09 09:10:00.000795:  113580  [INFO]: Using a cached neff at /home/ubuntu/neuron_cache_e2e/neuronxcc-2.23.6484.0+3b612583/MODULE_8628471563315418426+e30acd3a/model.neff
2026-09-09 09:10:00.000796:  113581  [INFO]: Using a cached neff at /home/ubuntu/neuron_cache_e2e/neuronxcc-2.23.6484.0+3b612583/MODULE_8628471563315418426+e30acd3a/model.neff
2026-09-09 09:10:00.000798:  113553  [INFO]: Using a cached neff at /home/ubuntu/neuron_cache_e2e/neuronxcc-2.23.6484.0+3b612583/MODULE_8628471563315418426+e30acd3a/model.neff
2026-09-09 09:10:00.000798:  113582  [INFO]: Using a cached neff at /home/ubuntu/neuron_cache_e2e/neuronxcc-2.23.6484.0+3b612583/MODULE_8628471563315418426+e30acd3a/model.neff
2026-09-09 09:10:00.000799:  113562  [INFO]: Using a cached neff at /home/ubuntu/neuron_cache_e2e/neuronxcc-2.23.6484.0+3b612583/MODULE_8628471563315418426+e30acd3a/model.neff
2026-09-09 09:10:00.000799:  113569  [INFO]: Using a cached neff at /home/ubuntu/neuron_cache_e2e/neuronxcc-2.23.6484.0+3b612583/MODULE_8628471563315418426+e30acd3a/model.neff
/home/ubuntu/train_gpt10b_tp_families.py:466: DeprecationWarning: Use torch_xla.sync instead
  xm.mark_step()
/home/ubuntu/train_gpt10b_tp_families.py:466: DeprecationWarning: Use torch_xla.sync instead
  xm.mark_step()
/home/ubuntu/train_gpt10b_tp_families.py:466: DeprecationWarning: Use torch_xla.sync instead
  xm.mark_step()
2026-09-09 09:10:00.000801:  113568  [INFO]: Using a cached neff at /home/ubuntu/neuron_cache_e2e/neuronxcc-2.23.6484.0+3b612583/MODULE_8628471563315418426+e30acd3a/model.neff
2026-09-09 09:10:00.000801:  113573  [INFO]: Using a cached neff at /home/ubuntu/neuron_cache_e2e/neuronxcc-2.23.6484.0+3b612583/MODULE_8628471563315418426+e30acd3a/model.neff
2026-09-09 09:10:00.000801:  113572  [INFO]: Using a cached neff at /home/ubuntu/neuron_cache_e2e/neuronxcc-2.23.6484.0+3b612583/MODULE_8628471563315418426+e30acd3a/model.neff
2026-09-09 09:10:00.000801:  113563  [INFO]: Using a cached neff at /home/ubuntu/neuron_cache_e2e/neuronxcc-2.23.6484.0+3b612583/MODULE_8628471563315418426+e30acd3a/model.neff
/home/ubuntu/train_gpt10b_tp_families.py:466: DeprecationWarning: Use torch_xla.sync instead
  xm.mark_step()
/home/ubuntu/train_gpt10b_tp_families.py:466: DeprecationWarning: Use torch_xla.sync instead
  xm.mark_step()
2026-09-09 09:10:00.000802:  113555  [INFO]: Using a cached neff at /home/ubuntu/neuron_cache_e2e/neuronxcc-2.23.6484.0+3b612583/MODULE_8628471563315418426+e30acd3a/model.neff
/home/ubuntu/train_gpt10b_tp_families.py:466: DeprecationWarning: Use torch_xla.sync instead
  xm.mark_step()
2026-09-09 09:10:00.000802:  113564  [INFO]: Using a cached neff at /home/ubuntu/neuron_cache_e2e/neuronxcc-2.23.6484.0+3b612583/MODULE_8628471563315418426+e30acd3a/model.neff
/home/ubuntu/train_gpt10b_tp_families.py:466: DeprecationWarning: Use torch_xla.sync instead
  xm.mark_step()
/home/ubuntu/train_gpt10b_tp_families.py:466: DeprecationWarning: Use torch_xla.sync instead
  xm.mark_step()
/home/ubuntu/train_gpt10b_tp_families.py:466: DeprecationWarning: Use torch_xla.sync instead
  xm.mark_step()
/home/ubuntu/train_gpt10b_tp_families.py:466: DeprecationWarning: Use torch_xla.sync instead
  xm.mark_step()
/home/ubuntu/train_gpt10b_tp_families.py:466: DeprecationWarning: Use torch_xla.sync instead
  xm.mark_step()
/home/ubuntu/train_gpt10b_tp_families.py:466: DeprecationWarning: Use torch_xla.sync instead
  xm.mark_step()
/home/ubuntu/train_gpt10b_tp_families.py:466: DeprecationWarning: Use torch_xla.sync instead
  xm.mark_step()
/home/ubuntu/train_gpt10b_tp_families.py:466: DeprecationWarning: Use torch_xla.sync instead
  xm.mark_step()
/home/ubuntu/train_gpt10b_tp_families.py:466: DeprecationWarning: Use torch_xla.sync instead
  xm.mark_step()
/home/ubuntu/train_gpt10b_tp_families.py:466: DeprecationWarning: Use torch_xla.sync instead
  xm.mark_step()
/home/ubuntu/train_gpt10b_tp_families.py:466: DeprecationWarning: Use torch_xla.sync instead
  xm.mark_step()
/home/ubuntu/train_gpt10b_tp_families.py:466: DeprecationWarning: Use torch_xla.sync instead
  xm.mark_step()
/home/ubuntu/train_gpt10b_tp_families.py:466: DeprecationWarning: Use torch_xla.sync instead
  xm.mark_step()
/home/ubuntu/train_gpt10b_tp_families.py:466: DeprecationWarning: Use torch_xla.sync instead
  xm.mark_step()
/home/ubuntu/train_gpt10b_tp_families.py:466: DeprecationWarning: Use torch_xla.sync instead
  xm.mark_step()
/home/ubuntu/train_gpt10b_tp_families.py:466: DeprecationWarning: Use torch_xla.sync instead
  xm.mark_step()
/home/ubuntu/train_gpt10b_tp_families.py:466: DeprecationWarning: Use torch_xla.sync instead
  xm.mark_step()
/home/ubuntu/train_gpt10b_tp_families.py:466: DeprecationWarning: Use torch_xla.sync instead
  xm.mark_step()
/home/ubuntu/train_gpt10b_tp_families.py:466: DeprecationWarning: Use torch_xla.sync instead
  xm.mark_step()
/home/ubuntu/train_gpt10b_tp_families.py:466: DeprecationWarning: Use torch_xla.sync instead
  xm.mark_step()
/home/ubuntu/train_gpt10b_tp_families.py:466: DeprecationWarning: Use torch_xla.sync instead
  xm.mark_step()
/home/ubuntu/train_gpt10b_tp_families.py:466: DeprecationWarning: Use torch_xla.sync instead
  xm.mark_step()
/home/ubuntu/train_gpt10b_tp_families.py:466: DeprecationWarning: Use torch_xla.sync instead
  xm.mark_step()
/home/ubuntu/train_gpt10b_tp_families.py:466: DeprecationWarning: Use torch_xla.sync instead
  xm.mark_step()
/home/ubuntu/train_gpt10b_tp_families.py:466: DeprecationWarning: Use torch_xla.sync instead
  xm.mark_step()
/home/ubuntu/train_gpt10b_tp_families.py:466: DeprecationWarning: Use torch_xla.sync instead
  xm.mark_step()
2026-09-09 09:10:00.000830:  113575  [INFO]: Using a cached neff at /home/ubuntu/neuron_cache_e2e/neuronxcc-2.23.6484.0+3b612583/MODULE_5081436077720620070+e30acd3a/model.neff
2026-09-09 09:10:00.000831:  113566  [INFO]: Using a cached neff at /home/ubuntu/neuron_cache_e2e/neuronxcc-2.23.6484.0+3b612583/MODULE_5081436077720620070+e30acd3a/model.neff
2026-09-09 09:10:00.000836:  113578  [INFO]: Using a cached neff at /home/ubuntu/neuron_cache_e2e/neuronxcc-2.23.6484.0+3b612583/MODULE_5081436077720620070+e30acd3a/model.neff
2026-09-09 09:10:00.000837:  113551  [INFO]: Using a cached neff at /home/ubuntu/neuron_cache_e2e/neuronxcc-2.23.6484.0+3b612583/MODULE_5081436077720620070+e30acd3a/model.neff
2026-09-09 09:10:00.000837:  113567  [INFO]: Using a cached neff at /home/ubuntu/neuron_cache_e2e/neuronxcc-2.23.6484.0+3b612583/MODULE_5081436077720620070+e30acd3a/model.neff
2026-09-09 09:10:00.000838:  113561  [INFO]: Using a cached neff at /home/ubuntu/neuron_cache_e2e/neuronxcc-2.23.6484.0+3b612583/MODULE_5081436077720620070+e30acd3a/model.neff
2026-09-09 09:10:00.000839:  113556  [INFO]: Using a cached neff at /home/ubuntu/neuron_cache_e2e/neuronxcc-2.23.6484.0+3b612583/MODULE_5081436077720620070+e30acd3a/model.neff
2026-09-09 09:10:00.000840:  113571  [INFO]: Using a cached neff at /home/ubuntu/neuron_cache_e2e/neuronxcc-2.23.6484.0+3b612583/MODULE_5081436077720620070+e30acd3a/model.neff
2026-09-09 09:10:00.000840:  113557  [INFO]: Using a cached neff at /home/ubuntu/neuron_cache_e2e/neuronxcc-2.23.6484.0+3b612583/MODULE_5081436077720620070+e30acd3a/model.neff
2026-09-09 09:10:00.000842:  113579  [INFO]: Using a cached neff at /home/ubuntu/neuron_cache_e2e/neuronxcc-2.23.6484.0+3b612583/MODULE_5081436077720620070+e30acd3a/model.neff
2026-09-09 09:10:00.000842:  113565  [INFO]: Using a cached neff at /home/ubuntu/neuron_cache_e2e/neuronxcc-2.23.6484.0+3b612583/MODULE_5081436077720620070+e30acd3a/model.neff
2026-09-09 09:10:00.000842:  113558  [INFO]: Using a cached neff at /home/ubuntu/neuron_cache_e2e/neuronxcc-2.23.6484.0+3b612583/MODULE_5081436077720620070+e30acd3a/model.neff
2026-09-09 09:10:00.000843:  113554  [INFO]: Using a cached neff at /home/ubuntu/neuron_cache_e2e/neuronxcc-2.23.6484.0+3b612583/MODULE_5081436077720620070+e30acd3a/model.neff
2026-09-09 09:10:00.000844:  113577  [INFO]: Using a cached neff at /home/ubuntu/neuron_cache_e2e/neuronxcc-2.23.6484.0+3b612583/MODULE_5081436077720620070+e30acd3a/model.neff
2026-09-09 09:10:00.000845:  113552  [INFO]: Using a cached neff at /home/ubuntu/neuron_cache_e2e/neuronxcc-2.23.6484.0+3b612583/MODULE_5081436077720620070+e30acd3a/model.neff
2026-09-09 09:10:00.000846:  113570  [INFO]: Using a cached neff at /home/ubuntu/neuron_cache_e2e/neuronxcc-2.23.6484.0+3b612583/MODULE_5081436077720620070+e30acd3a/model.neff
2026-09-09 09:10:00.000847:  113560  [INFO]: Using a cached neff at /home/ubuntu/neuron_cache_e2e/neuronxcc-2.23.6484.0+3b612583/MODULE_5081436077720620070+e30acd3a/model.neff
2026-09-09 09:10:00.000847:  113574  [INFO]: Using a cached neff at /home/ubuntu/neuron_cache_e2e/neuronxcc-2.23.6484.0+3b612583/MODULE_5081436077720620070+e30acd3a/model.neff
2026-09-09 09:10:00.000848:  113581  [INFO]: Using a cached neff at /home/ubuntu/neuron_cache_e2e/neuronxcc-2.23.6484.0+3b612583/MODULE_5081436077720620070+e30acd3a/model.neff
2026-09-09 09:10:00.000850:  113553  [INFO]: Using a cached neff at /home/ubuntu/neuron_cache_e2e/neuronxcc-2.23.6484.0+3b612583/MODULE_5081436077720620070+e30acd3a/model.neff
2026-09-09 09:10:00.000850:  113562  [INFO]: Using a cached neff at /home/ubuntu/neuron_cache_e2e/neuronxcc-2.23.6484.0+3b612583/MODULE_5081436077720620070+e30acd3a/model.neff
2026-09-09 09:10:00.000851:  113582  [INFO]: Using a cached neff at /home/ubuntu/neuron_cache_e2e/neuronxcc-2.23.6484.0+3b612583/MODULE_5081436077720620070+e30acd3a/model.neff
2026-09-09 09:10:00.000851:  113573  [INFO]: Using a cached neff at /home/ubuntu/neuron_cache_e2e/neuronxcc-2.23.6484.0+3b612583/MODULE_5081436077720620070+e30acd3a/model.neff
2026-09-09 09:10:00.000853:  113569  [INFO]: Using a cached neff at /home/ubuntu/neuron_cache_e2e/neuronxcc-2.23.6484.0+3b612583/MODULE_5081436077720620070+e30acd3a/model.neff
2026-09-09 09:10:00.000853:  113559  [INFO]: Using a cached neff at /home/ubuntu/neuron_cache_e2e/neuronxcc-2.23.6484.0+3b612583/MODULE_5081436077720620070+e30acd3a/model.neff
2026-09-09 09:10:00.000854:  113580  [INFO]: Using a cached neff at /home/ubuntu/neuron_cache_e2e/neuronxcc-2.23.6484.0+3b612583/MODULE_5081436077720620070+e30acd3a/model.neff
2026-09-09 09:10:00.000855:  113576  [INFO]: Using a cached neff at /home/ubuntu/neuron_cache_e2e/neuronxcc-2.23.6484.0+3b612583/MODULE_5081436077720620070+e30acd3a/model.neff
2026-09-09 09:10:00.000856:  113568  [INFO]: Using a cached neff at /home/ubuntu/neuron_cache_e2e/neuronxcc-2.23.6484.0+3b612583/MODULE_5081436077720620070+e30acd3a/model.neff
2026-09-09 09:10:00.000858:  113563  [INFO]: Using a cached neff at /home/ubuntu/neuron_cache_e2e/neuronxcc-2.23.6484.0+3b612583/MODULE_5081436077720620070+e30acd3a/model.neff
2026-09-09 09:10:00.000860:  113572  [INFO]: Using a cached neff at /home/ubuntu/neuron_cache_e2e/neuronxcc-2.23.6484.0+3b612583/MODULE_5081436077720620070+e30acd3a/model.neff
2026-09-09 09:10:00.000860:  113555  [INFO]: Using a cached neff at /home/ubuntu/neuron_cache_e2e/neuronxcc-2.23.6484.0+3b612583/MODULE_5081436077720620070+e30acd3a/model.neff
2026-09-09 09:10:00.000861:  113564  [INFO]: Using a cached neff at /home/ubuntu/neuron_cache_e2e/neuronxcc-2.23.6484.0+3b612583/MODULE_5081436077720620070+e30acd3a/model.neff
/home/ubuntu/train_gpt10b_tp_families.py:470: DeprecationWarning: Use torch_xla.sync instead
  xm.mark_step()
/home/ubuntu/train_gpt10b_tp_families.py:470: DeprecationWarning: Use torch_xla.sync instead
  xm.mark_step()
/home/ubuntu/train_gpt10b_tp_families.py:470: DeprecationWarning: Use torch_xla.sync instead
  xm.mark_step()
/home/ubuntu/train_gpt10b_tp_families.py:470: DeprecationWarning: Use torch_xla.sync instead
  xm.mark_step()
/home/ubuntu/train_gpt10b_tp_families.py:470: DeprecationWarning: Use torch_xla.sync instead
  xm.mark_step()
/home/ubuntu/train_gpt10b_tp_families.py:470: DeprecationWarning: Use torch_xla.sync instead
  xm.mark_step()
/home/ubuntu/train_gpt10b_tp_families.py:470: DeprecationWarning: Use torch_xla.sync instead
  xm.mark_step()
/home/ubuntu/train_gpt10b_tp_families.py:470: DeprecationWarning: Use torch_xla.sync instead
  xm.mark_step()
/home/ubuntu/train_gpt10b_tp_families.py:470: DeprecationWarning: Use torch_xla.sync instead
  xm.mark_step()
/home/ubuntu/train_gpt10b_tp_families.py:470: DeprecationWarning: Use torch_xla.sync instead
  xm.mark_step()
/home/ubuntu/train_gpt10b_tp_families.py:470: DeprecationWarning: Use torch_xla.sync instead
  xm.mark_step()
/home/ubuntu/train_gpt10b_tp_families.py:470: DeprecationWarning: Use torch_xla.sync instead
  xm.mark_step()
/home/ubuntu/train_gpt10b_tp_families.py:470: DeprecationWarning: Use torch_xla.sync instead
  xm.mark_step()
/home/ubuntu/train_gpt10b_tp_families.py:470: DeprecationWarning: Use torch_xla.sync instead
  xm.mark_step()
/home/ubuntu/train_gpt10b_tp_families.py:470: DeprecationWarning: Use torch_xla.sync instead
  xm.mark_step()
/home/ubuntu/train_gpt10b_tp_families.py:470: DeprecationWarning: Use torch_xla.sync instead
  xm.mark_step()
/home/ubuntu/train_gpt10b_tp_families.py:470: DeprecationWarning: Use torch_xla.sync instead
  xm.mark_step()
/home/ubuntu/train_gpt10b_tp_families.py:470: DeprecationWarning: Use torch_xla.sync instead
  xm.mark_step()
/home/ubuntu/train_gpt10b_tp_families.py:470: DeprecationWarning: Use torch_xla.sync instead
  xm.mark_step()
/home/ubuntu/train_gpt10b_tp_families.py:470: DeprecationWarning: Use torch_xla.sync instead
  xm.mark_step()
/home/ubuntu/train_gpt10b_tp_families.py:470: DeprecationWarning: Use torch_xla.sync instead
  xm.mark_step()
/home/ubuntu/train_gpt10b_tp_families.py:470: DeprecationWarning: Use torch_xla.sync instead
  xm.mark_step()
/home/ubuntu/train_gpt10b_tp_families.py:470: DeprecationWarning: Use torch_xla.sync instead
  xm.mark_step()
/home/ubuntu/train_gpt10b_tp_families.py:470: DeprecationWarning: Use torch_xla.sync instead
  xm.mark_step()
/home/ubuntu/train_gpt10b_tp_families.py:470: DeprecationWarning: Use torch_xla.sync instead
  xm.mark_step()
/home/ubuntu/train_gpt10b_tp_families.py:470: DeprecationWarning: Use torch_xla.sync instead
  xm.mark_step()
/home/ubuntu/train_gpt10b_tp_families.py:470: DeprecationWarning: Use torch_xla.sync instead
  xm.mark_step()
/home/ubuntu/train_gpt10b_tp_families.py:470: DeprecationWarning: Use torch_xla.sync instead
  xm.mark_step()
/home/ubuntu/train_gpt10b_tp_families.py:470: DeprecationWarning: Use torch_xla.sync instead
  xm.mark_step()
/home/ubuntu/train_gpt10b_tp_families.py:470: DeprecationWarning: Use torch_xla.sync instead
  xm.mark_step()
/home/ubuntu/train_gpt10b_tp_families.py:470: DeprecationWarning: Use torch_xla.sync instead
  xm.mark_step()
/home/ubuntu/train_gpt10b_tp_families.py:470: DeprecationWarning: Use torch_xla.sync instead
  xm.mark_step()
2026-09-09 09:10:01.000124:  113580  [INFO]: Using a cached neff at /home/ubuntu/neuron_cache_e2e/neuronxcc-2.23.6484.0+3b612583/MODULE_3998928090034575772+e30acd3a/model.neff
2026-09-09 09:10:01.000125:  113572  [INFO]: Using a cached neff at /home/ubuntu/neuron_cache_e2e/neuronxcc-2.23.6484.0+3b612583/MODULE_3998928090034575772+e30acd3a/model.neff
2026-09-09 09:10:01.000126:  113558  [INFO]: Using a cached neff at /home/ubuntu/neuron_cache_e2e/neuronxcc-2.23.6484.0+3b612583/MODULE_3998928090034575772+e30acd3a/model.neff
2026-09-09 09:10:01.000128:  113559  [INFO]: Using a cached neff at /home/ubuntu/neuron_cache_e2e/neuronxcc-2.23.6484.0+3b612583/MODULE_3998928090034575772+e30acd3a/model.neff
2026-09-09 09:10:01.000129:  113573  [INFO]: Using a cached neff at /home/ubuntu/neuron_cache_e2e/neuronxcc-2.23.6484.0+3b612583/MODULE_3998928090034575772+e30acd3a/model.neff
2026-09-09 09:10:01.000131:  113554  [INFO]: Using a cached neff at /home/ubuntu/neuron_cache_e2e/neuronxcc-2.23.6484.0+3b612583/MODULE_3998928090034575772+e30acd3a/model.neff
2026-09-09 09:10:01.000132:  113551  [INFO]: Using a cached neff at /home/ubuntu/neuron_cache_e2e/neuronxcc-2.23.6484.0+3b612583/MODULE_3998928090034575772+e30acd3a/model.neff
2026-09-09 09:10:01.000133:  113579  [INFO]: Using a cached neff at /home/ubuntu/neuron_cache_e2e/neuronxcc-2.23.6484.0+3b612583/MODULE_3998928090034575772+e30acd3a/model.neff
2026-09-09 09:10:01.000134:  113570  [INFO]: Using a cached neff at /home/ubuntu/neuron_cache_e2e/neuronxcc-2.23.6484.0+3b612583/MODULE_3998928090034575772+e30acd3a/model.neff
/home/ubuntu/train_gpt10b_tp_families.py:497: DeprecationWarning: Use torch_xla.sync instead
  xm.mark_step()
/home/ubuntu/train_gpt10b_tp_families.py:497: DeprecationWarning: Use torch_xla.sync instead
  xm.mark_step()
2026-09-09 09:10:01.000135:  113565  [INFO]: Using a cached neff at /home/ubuntu/neuron_cache_e2e/neuronxcc-2.23.6484.0+3b612583/MODULE_3998928090034575772+e30acd3a/model.neff
2026-09-09 09:10:01.000136:  113557  [INFO]: Using a cached neff at /home/ubuntu/neuron_cache_e2e/neuronxcc-2.23.6484.0+3b612583/MODULE_3998928090034575772+e30acd3a/model.neff
2026-09-09 09:10:01.000138:  113571  [INFO]: Using a cached neff at /home/ubuntu/neuron_cache_e2e/neuronxcc-2.23.6484.0+3b612583/MODULE_3998928090034575772+e30acd3a/model.neff
/home/ubuntu/train_gpt10b_tp_families.py:497: DeprecationWarning: Use torch_xla.sync instead
  xm.mark_step()
/home/ubuntu/train_gpt10b_tp_families.py:497: DeprecationWarning: Use torch_xla.sync instead
  xm.mark_step()
2026-09-09 09:10:01.000138:  113566  [INFO]: Using a cached neff at /home/ubuntu/neuron_cache_e2e/neuronxcc-2.23.6484.0+3b612583/MODULE_3998928090034575772+e30acd3a/model.neff
/home/ubuntu/train_gpt10b_tp_families.py:497: DeprecationWarning: Use torch_xla.sync instead
  xm.mark_step()
2026-09-09 09:10:01.000140:  113561  [INFO]: Using a cached neff at /home/ubuntu/neuron_cache_e2e/neuronxcc-2.23.6484.0+3b612583/MODULE_3998928090034575772+e30acd3a/model.neff
2026-09-09 09:10:01.000141:  113575  [INFO]: Using a cached neff at /home/ubuntu/neuron_cache_e2e/neuronxcc-2.23.6484.0+3b612583/MODULE_3998928090034575772+e30acd3a/model.neff
/home/ubuntu/train_gpt10b_tp_families.py:497: DeprecationWarning: Use torch_xla.sync instead
  xm.mark_step()
/home/ubuntu/train_gpt10b_tp_families.py:497: DeprecationWarning: Use torch_xla.sync instead
  xm.mark_step()
2026-09-09 09:10:01.000143:  113552  [INFO]: Using a cached neff at /home/ubuntu/neuron_cache_e2e/neuronxcc-2.23.6484.0+3b612583/MODULE_3998928090034575772+e30acd3a/model.neff
/home/ubuntu/train_gpt10b_tp_families.py:497: DeprecationWarning: Use torch_xla.sync instead
  xm.mark_step()
2026-09-09 09:10:01.000144:  113556  [INFO]: Using a cached neff at /home/ubuntu/neuron_cache_e2e/neuronxcc-2.23.6484.0+3b612583/MODULE_3998928090034575772+e30acd3a/model.neff
2026-09-09 09:10:01.000144:  113569  [INFO]: Using a cached neff at /home/ubuntu/neuron_cache_e2e/neuronxcc-2.23.6484.0+3b612583/MODULE_3998928090034575772+e30acd3a/model.neff
/home/ubuntu/train_gpt10b_tp_families.py:497: DeprecationWarning: Use torch_xla.sync instead
  xm.mark_step()
2026-09-09 09:10:01.000145:  113574  [INFO]: Using a cached neff at /home/ubuntu/neuron_cache_e2e/neuronxcc-2.23.6484.0+3b612583/MODULE_3998928090034575772+e30acd3a/model.neff
/home/ubuntu/train_gpt10b_tp_families.py:497: DeprecationWarning: Use torch_xla.sync instead
  xm.mark_step()
/home/ubuntu/train_gpt10b_tp_families.py:497: DeprecationWarning: Use torch_xla.sync instead
  xm.mark_step()
2026-09-09 09:10:01.000146:  113581  [INFO]: Using a cached neff at /home/ubuntu/neuron_cache_e2e/neuronxcc-2.23.6484.0+3b612583/MODULE_3998928090034575772+e30acd3a/model.neff
/home/ubuntu/train_gpt10b_tp_families.py:497: DeprecationWarning: Use torch_xla.sync instead
  xm.mark_step()
/home/ubuntu/train_gpt10b_tp_families.py:447: DeprecationWarning: Use torch_xla.sync instead
  xm.mark_step()
/home/ubuntu/train_gpt10b_tp_families.py:497: DeprecationWarning: Use torch_xla.sync instead
  xm.mark_step()
2026-09-09 09:10:01.000149:  113562  [INFO]: Using a cached neff at /home/ubuntu/neuron_cache_e2e/neuronxcc-2.23.6484.0+3b612583/MODULE_3998928090034575772+e30acd3a/model.neff
2026-09-09 09:10:01.000149:  113577  [INFO]: Using a cached neff at /home/ubuntu/neuron_cache_e2e/neuronxcc-2.23.6484.0+3b612583/MODULE_3998928090034575772+e30acd3a/model.neff
2026-09-09 09:10:01.000150:  113582  [INFO]: Using a cached neff at /home/ubuntu/neuron_cache_e2e/neuronxcc-2.23.6484.0+3b612583/MODULE_3998928090034575772+e30acd3a/model.neff
2026-09-09 09:10:01.000150:  113564  [INFO]: Using a cached neff at /home/ubuntu/neuron_cache_e2e/neuronxcc-2.23.6484.0+3b612583/MODULE_3998928090034575772+e30acd3a/model.neff
/home/ubuntu/train_gpt10b_tp_families.py:497: DeprecationWarning: Use torch_xla.sync instead
  xm.mark_step()
/home/ubuntu/train_gpt10b_tp_families.py:497: DeprecationWarning: Use torch_xla.sync instead
  xm.mark_step()
2026-09-09 09:10:01.000152:  113555  [INFO]: Using a cached neff at /home/ubuntu/neuron_cache_e2e/neuronxcc-2.23.6484.0+3b612583/MODULE_3998928090034575772+e30acd3a/model.neff
2026-09-09 09:10:01.000153:  113553  [INFO]: Using a cached neff at /home/ubuntu/neuron_cache_e2e/neuronxcc-2.23.6484.0+3b612583/MODULE_3998928090034575772+e30acd3a/model.neff
2026-09-09 09:10:01.000154:  113554  [INFO]: Using a cached neff at /home/ubuntu/neuron_cache_e2e/neuronxcc-2.23.6484.0+3b612583/MODULE_11746872319423899861+e30acd3a/model.neff
/home/ubuntu/train_gpt10b_tp_families.py:497: DeprecationWarning: Use torch_xla.sync instead
  xm.mark_step()
/home/ubuntu/train_gpt10b_tp_families.py:497: DeprecationWarning: Use torch_xla.sync instead
  xm.mark_step()
/home/ubuntu/train_gpt10b_tp_families.py:497: DeprecationWarning: Use torch_xla.sync instead
  xm.mark_step()
/home/ubuntu/train_gpt10b_tp_families.py:497: DeprecationWarning: Use torch_xla.sync instead
  xm.mark_step()
2026-09-09 09:10:01.000158:  113563  [INFO]: Using a cached neff at /home/ubuntu/neuron_cache_e2e/neuronxcc-2.23.6484.0+3b612583/MODULE_3998928090034575772+e30acd3a/model.neff
2026-09-09 09:10:01.000158:  113557  [INFO]: Using a cached neff at /home/ubuntu/neuron_cache_e2e/neuronxcc-2.23.6484.0+3b612583/MODULE_11746872319423899861+e30acd3a/model.neff
/home/ubuntu/train_gpt10b_tp_families.py:497: DeprecationWarning: Use torch_xla.sync instead
  xm.mark_step()
2026-09-09 09:10:01.000158:  113578  [INFO]: Using a cached neff at /home/ubuntu/neuron_cache_e2e/neuronxcc-2.23.6484.0+3b612583/MODULE_3998928090034575772+e30acd3a/model.neff
2026-09-09 09:10:01.000158:  113560  [INFO]: Using a cached neff at /home/ubuntu/neuron_cache_e2e/neuronxcc-2.23.6484.0+3b612583/MODULE_3998928090034575772+e30acd3a/model.neff
2026-09-09 09:10:01.000158:  113580  [INFO]: Using a cached neff at /home/ubuntu/neuron_cache_e2e/neuronxcc-2.23.6484.0+3b612583/MODULE_11746872319423899861+e30acd3a/model.neff
2026-09-09 09:10:01.000158:  113568  [INFO]: Using a cached neff at /home/ubuntu/neuron_cache_e2e/neuronxcc-2.23.6484.0+3b612583/MODULE_3998928090034575772+e30acd3a/model.neff
/home/ubuntu/train_gpt10b_tp_families.py:497: DeprecationWarning: Use torch_xla.sync instead
  xm.mark_step()
2026-09-09 09:10:01.000159:  113571  [INFO]: Using a cached neff at /home/ubuntu/neuron_cache_e2e/neuronxcc-2.23.6484.0+3b612583/MODULE_11746872319423899861+e30acd3a/model.neff
2026-09-09 09:10:01.000159:  113576  [INFO]: Using a cached neff at /home/ubuntu/neuron_cache_e2e/neuronxcc-2.23.6484.0+3b612583/MODULE_3998928090034575772+e30acd3a/model.neff
2026-09-09 09:10:01.000160:  113572  [INFO]: Using a cached neff at /home/ubuntu/neuron_cache_e2e/neuronxcc-2.23.6484.0+3b612583/MODULE_11746872319423899861+e30acd3a/model.neff
2026-09-09 09:10:01.000160:  113573  [INFO]: Using a cached neff at /home/ubuntu/neuron_cache_e2e/neuronxcc-2.23.6484.0+3b612583/MODULE_11746872319423899861+e30acd3a/model.neff
/home/ubuntu/train_gpt10b_tp_families.py:497: DeprecationWarning: Use torch_xla.sync instead
  xm.mark_step()
/home/ubuntu/train_gpt10b_tp_families.py:497: DeprecationWarning: Use torch_xla.sync instead
  xm.mark_step()
/home/ubuntu/train_gpt10b_tp_families.py:497: DeprecationWarning: Use torch_xla.sync instead
  xm.mark_step()
2026-09-09 09:10:01.000162:  113559  [INFO]: Using a cached neff at /home/ubuntu/neuron_cache_e2e/neuronxcc-2.23.6484.0+3b612583/MODULE_11746872319423899861+e30acd3a/model.neff
/home/ubuntu/train_gpt10b_tp_families.py:497: DeprecationWarning: Use torch_xla.sync instead
  xm.mark_step()
2026-09-09 09:10:01.000164:  113558  [INFO]: Using a cached neff at /home/ubuntu/neuron_cache_e2e/neuronxcc-2.23.6484.0+3b612583/MODULE_11746872319423899861+e30acd3a/model.neff
2026-09-09 09:10:01.000164:  113575  [INFO]: Using a cached neff at /home/ubuntu/neuron_cache_e2e/neuronxcc-2.23.6484.0+3b612583/MODULE_11746872319423899861+e30acd3a/model.neff
2026-09-09 09:10:01.000164:  113567  [INFO]: Using a cached neff at /home/ubuntu/neuron_cache_e2e/neuronxcc-2.23.6484.0+3b612583/MODULE_3998928090034575772+e30acd3a/model.neff
2026-09-09 09:10:01.000164:  113551  [INFO]: Using a cached neff at /home/ubuntu/neuron_cache_e2e/neuronxcc-2.23.6484.0+3b612583/MODULE_11746872319423899861+e30acd3a/model.neff
2026-09-09 09:10:01.000164:  113566  [INFO]: Using a cached neff at /home/ubuntu/neuron_cache_e2e/neuronxcc-2.23.6484.0+3b612583/MODULE_11746872319423899861+e30acd3a/model.neff
2026-09-09 09:10:01.000165:  113579  [INFO]: Using a cached neff at /home/ubuntu/neuron_cache_e2e/neuronxcc-2.23.6484.0+3b612583/MODULE_11746872319423899861+e30acd3a/model.neff
2026-09-09 09:10:01.000165:  113570  [INFO]: Using a cached neff at /home/ubuntu/neuron_cache_e2e/neuronxcc-2.23.6484.0+3b612583/MODULE_11746872319423899861+e30acd3a/model.neff
2026-09-09 09:10:01.000165:  113565  [INFO]: Using a cached neff at /home/ubuntu/neuron_cache_e2e/neuronxcc-2.23.6484.0+3b612583/MODULE_11746872319423899861+e30acd3a/model.neff
/home/ubuntu/train_gpt10b_tp_families.py:497: DeprecationWarning: Use torch_xla.sync instead
  xm.mark_step()
2026-09-09 09:10:01.000165:  113561  [INFO]: Using a cached neff at /home/ubuntu/neuron_cache_e2e/neuronxcc-2.23.6484.0+3b612583/MODULE_11746872319423899861+e30acd3a/model.neff
2026-09-09 09:10:01.000166:  113552  [INFO]: Using a cached neff at /home/ubuntu/neuron_cache_e2e/neuronxcc-2.23.6484.0+3b612583/MODULE_11746872319423899861+e30acd3a/model.neff
2026-09-09 09:10:01.000166:  113556  [INFO]: Using a cached neff at /home/ubuntu/neuron_cache_e2e/neuronxcc-2.23.6484.0+3b612583/MODULE_11746872319423899861+e30acd3a/model.neff
2026-09-09 09:10:01.000168:  113569  [INFO]: Using a cached neff at /home/ubuntu/neuron_cache_e2e/neuronxcc-2.23.6484.0+3b612583/MODULE_11746872319423899861+e30acd3a/model.neff
/home/ubuntu/train_gpt10b_tp_families.py:497: DeprecationWarning: Use torch_xla.sync instead
  xm.mark_step()
/home/ubuntu/train_gpt10b_tp_families.py:497: DeprecationWarning: Use torch_xla.sync instead
  xm.mark_step()
/home/ubuntu/train_gpt10b_tp_families.py:497: DeprecationWarning: Use torch_xla.sync instead
  xm.mark_step()
/home/ubuntu/train_gpt10b_tp_families.py:497: DeprecationWarning: Use torch_xla.sync instead
  xm.mark_step()
/home/ubuntu/train_gpt10b_tp_families.py:497: DeprecationWarning: Use torch_xla.sync instead
  xm.mark_step()
2026-09-09 09:10:01.000171:  113581  [INFO]: Using a cached neff at /home/ubuntu/neuron_cache_e2e/neuronxcc-2.23.6484.0+3b612583/MODULE_11746872319423899861+e30acd3a/model.neff
2026-09-09 09:10:01.000172:  113574  [INFO]: Using a cached neff at /home/ubuntu/neuron_cache_e2e/neuronxcc-2.23.6484.0+3b612583/MODULE_11746872319423899861+e30acd3a/model.neff
2026-09-09 09:10:01.000173:  113562  [INFO]: Using a cached neff at /home/ubuntu/neuron_cache_e2e/neuronxcc-2.23.6484.0+3b612583/MODULE_11746872319423899861+e30acd3a/model.neff
2026-09-09 09:10:01.000173:  113582  [INFO]: Using a cached neff at /home/ubuntu/neuron_cache_e2e/neuronxcc-2.23.6484.0+3b612583/MODULE_11746872319423899861+e30acd3a/model.neff
/home/ubuntu/train_gpt10b_tp_families.py:497: DeprecationWarning: Use torch_xla.sync instead
  xm.mark_step()
2026-09-09 09:10:01.000176:  113564  [INFO]: Using a cached neff at /home/ubuntu/neuron_cache_e2e/neuronxcc-2.23.6484.0+3b612583/MODULE_11746872319423899861+e30acd3a/model.neff
2026-09-09 09:10:01.000177:  113577  [INFO]: Using a cached neff at /home/ubuntu/neuron_cache_e2e/neuronxcc-2.23.6484.0+3b612583/MODULE_11746872319423899861+e30acd3a/model.neff
2026-09-09 09:10:01.000179:  113555  [INFO]: Using a cached neff at /home/ubuntu/neuron_cache_e2e/neuronxcc-2.23.6484.0+3b612583/MODULE_11746872319423899861+e30acd3a/model.neff
2026-09-09 09:10:01.000179:  113553  [INFO]: Using a cached neff at /home/ubuntu/neuron_cache_e2e/neuronxcc-2.23.6484.0+3b612583/MODULE_11746872319423899861+e30acd3a/model.neff
2026-09-09 09:10:01.000181:  113560  [INFO]: Using a cached neff at /home/ubuntu/neuron_cache_e2e/neuronxcc-2.23.6484.0+3b612583/MODULE_11746872319423899861+e30acd3a/model.neff
2026-09-09 09:10:01.000183:  113563  [INFO]: Using a cached neff at /home/ubuntu/neuron_cache_e2e/neuronxcc-2.23.6484.0+3b612583/MODULE_11746872319423899861+e30acd3a/model.neff
2026-09-09 09:10:01.000184:  113568  [INFO]: Using a cached neff at /home/ubuntu/neuron_cache_e2e/neuronxcc-2.23.6484.0+3b612583/MODULE_11746872319423899861+e30acd3a/model.neff
2026-09-09 09:10:01.000184:  113578  [INFO]: Using a cached neff at /home/ubuntu/neuron_cache_e2e/neuronxcc-2.23.6484.0+3b612583/MODULE_11746872319423899861+e30acd3a/model.neff
2026-09-09 09:10:01.000186:  113567  [INFO]: Using a cached neff at /home/ubuntu/neuron_cache_e2e/neuronxcc-2.23.6484.0+3b612583/MODULE_11746872319423899861+e30acd3a/model.neff
2026-09-09 09:10:01.000186:  113576  [INFO]: Using a cached neff at /home/ubuntu/neuron_cache_e2e/neuronxcc-2.23.6484.0+3b612583/MODULE_11746872319423899861+e30acd3a/model.neff
2026-09-09 09:10:01.000371:  113560  [INFO]: Using a cached neff at /home/ubuntu/neuron_cache_e2e/neuronxcc-2.23.6484.0+3b612583/MODULE_7975248746759498216+e30acd3a/model.neff
2026-09-09 09:10:01.000371:  113575  [INFO]: Using a cached neff at /home/ubuntu/neuron_cache_e2e/neuronxcc-2.23.6484.0+3b612583/MODULE_7975248746759498216+e30acd3a/model.neff
2026-09-09 09:10:01.000371:  113568  [INFO]: Using a cached neff at /home/ubuntu/neuron_cache_e2e/neuronxcc-2.23.6484.0+3b612583/MODULE_7975248746759498216+e30acd3a/model.neff
2026-09-09 09:10:01.000371:  113552  [INFO]: Using a cached neff at /home/ubuntu/neuron_cache_e2e/neuronxcc-2.23.6484.0+3b612583/MODULE_7975248746759498216+e30acd3a/model.neff
2026-09-09 09:10:01.000371:  113551  [INFO]: Using a cached neff at /home/ubuntu/neuron_cache_e2e/neuronxcc-2.23.6484.0+3b612583/MODULE_7975248746759498216+e30acd3a/model.neff
2026-09-09 09:10:01.000371:  113561  [INFO]: Using a cached neff at /home/ubuntu/neuron_cache_e2e/neuronxcc-2.23.6484.0+3b612583/MODULE_7975248746759498216+e30acd3a/model.neff
2026-09-09 09:10:01.000371:  113578  [INFO]: Using a cached neff at /home/ubuntu/neuron_cache_e2e/neuronxcc-2.23.6484.0+3b612583/MODULE_7975248746759498216+e30acd3a/model.neff
2026-09-09 09:10:01.000372:  113557  [INFO]: Using a cached neff at /home/ubuntu/neuron_cache_e2e/neuronxcc-2.23.6484.0+3b612583/MODULE_7975248746759498216+e30acd3a/model.neff
2026-09-09 09:10:01.000372:  113570  [INFO]: Using a cached neff at /home/ubuntu/neuron_cache_e2e/neuronxcc-2.23.6484.0+3b612583/MODULE_7975248746759498216+e30acd3a/model.neff
2026-09-09 09:10:01.000372:  113554  [INFO]: Using a cached neff at /home/ubuntu/neuron_cache_e2e/neuronxcc-2.23.6484.0+3b612583/MODULE_7975248746759498216+e30acd3a/model.neff
2026-09-09 09:10:01.000372:  113572  [INFO]: Using a cached neff at /home/ubuntu/neuron_cache_e2e/neuronxcc-2.23.6484.0+3b612583/MODULE_7975248746759498216+e30acd3a/model.neff
2026-09-09 09:10:01.000372:  113558  [INFO]: Using a cached neff at /home/ubuntu/neuron_cache_e2e/neuronxcc-2.23.6484.0+3b612583/MODULE_7975248746759498216+e30acd3a/model.neff
2026-09-09 09:10:01.000372:  113556  [INFO]: Using a cached neff at /home/ubuntu/neuron_cache_e2e/neuronxcc-2.23.6484.0+3b612583/MODULE_7975248746759498216+e30acd3a/model.neff
2026-09-09 09:10:01.000372:  113576  [INFO]: Using a cached neff at /home/ubuntu/neuron_cache_e2e/neuronxcc-2.23.6484.0+3b612583/MODULE_7975248746759498216+e30acd3a/model.neff
2026-09-09 09:10:01.000372:  113571  [INFO]: Using a cached neff at /home/ubuntu/neuron_cache_e2e/neuronxcc-2.23.6484.0+3b612583/MODULE_7975248746759498216+e30acd3a/model.neff
2026-09-09 09:10:01.000372:  113577  [INFO]: Using a cached neff at /home/ubuntu/neuron_cache_e2e/neuronxcc-2.23.6484.0+3b612583/MODULE_7975248746759498216+e30acd3a/model.neff
2026-09-09 09:10:01.000372:  113573  [INFO]: Using a cached neff at /home/ubuntu/neuron_cache_e2e/neuronxcc-2.23.6484.0+3b612583/MODULE_7975248746759498216+e30acd3a/model.neff
2026-09-09 09:10:01.000373:  113579  [INFO]: Using a cached neff at /home/ubuntu/neuron_cache_e2e/neuronxcc-2.23.6484.0+3b612583/MODULE_7975248746759498216+e30acd3a/model.neff
2026-09-09 09:10:01.000373:  113563  [INFO]: Using a cached neff at /home/ubuntu/neuron_cache_e2e/neuronxcc-2.23.6484.0+3b612583/MODULE_7975248746759498216+e30acd3a/model.neff
2026-09-09 09:10:01.000375:  113562  [INFO]: Using a cached neff at /home/ubuntu/neuron_cache_e2e/neuronxcc-2.23.6484.0+3b612583/MODULE_7975248746759498216+e30acd3a/model.neff
2026-09-09 09:10:01.000375:  113553  [INFO]: Using a cached neff at /home/ubuntu/neuron_cache_e2e/neuronxcc-2.23.6484.0+3b612583/MODULE_7975248746759498216+e30acd3a/model.neff
2026-09-09 09:10:01.000375:  113582  [INFO]: Using a cached neff at /home/ubuntu/neuron_cache_e2e/neuronxcc-2.23.6484.0+3b612583/MODULE_7975248746759498216+e30acd3a/model.neff
2026-09-09 09:10:01.000376:  113559  [INFO]: Using a cached neff at /home/ubuntu/neuron_cache_e2e/neuronxcc-2.23.6484.0+3b612583/MODULE_7975248746759498216+e30acd3a/model.neff
2026-09-09 09:10:01.000377:  113565  [INFO]: Using a cached neff at /home/ubuntu/neuron_cache_e2e/neuronxcc-2.23.6484.0+3b612583/MODULE_7975248746759498216+e30acd3a/model.neff
2026-09-09 09:10:01.000378:  113569  [INFO]: Using a cached neff at /home/ubuntu/neuron_cache_e2e/neuronxcc-2.23.6484.0+3b612583/MODULE_7975248746759498216+e30acd3a/model.neff
2026-09-09 09:10:01.000379:  113566  [INFO]: Using a cached neff at /home/ubuntu/neuron_cache_e2e/neuronxcc-2.23.6484.0+3b612583/MODULE_7975248746759498216+e30acd3a/model.neff
2026-09-09 09:10:01.000380:  113574  [INFO]: Using a cached neff at /home/ubuntu/neuron_cache_e2e/neuronxcc-2.23.6484.0+3b612583/MODULE_7975248746759498216+e30acd3a/model.neff
2026-09-09 09:10:01.000381:  113580  [INFO]: Using a cached neff at /home/ubuntu/neuron_cache_e2e/neuronxcc-2.23.6484.0+3b612583/MODULE_7975248746759498216+e30acd3a/model.neff
2026-09-09 09:10:01.000382:  113564  [INFO]: Using a cached neff at /home/ubuntu/neuron_cache_e2e/neuronxcc-2.23.6484.0+3b612583/MODULE_7975248746759498216+e30acd3a/model.neff
2026-09-09 09:10:01.000385:  113567  [INFO]: Using a cached neff at /home/ubuntu/neuron_cache_e2e/neuronxcc-2.23.6484.0+3b612583/MODULE_7975248746759498216+e30acd3a/model.neff
2026-09-09 09:10:01.000387:  113555  [INFO]: Using a cached neff at /home/ubuntu/neuron_cache_e2e/neuronxcc-2.23.6484.0+3b612583/MODULE_7975248746759498216+e30acd3a/model.neff
2026-09-09 09:10:01.000387:  113581  [INFO]: Using a cached neff at /home/ubuntu/neuron_cache_e2e/neuronxcc-2.23.6484.0+3b612583/MODULE_7975248746759498216+e30acd3a/model.neff
2026-09-09 09:10:01.000420:  113573  [INFO]: Using a cached neff at /home/ubuntu/neuron_cache_e2e/neuronxcc-2.23.6484.0+3b612583/MODULE_3541718428970686010+e30acd3a/model.neff
2026-09-09 09:10:01.000420:  113571  [INFO]: Using a cached neff at /home/ubuntu/neuron_cache_e2e/neuronxcc-2.23.6484.0+3b612583/MODULE_3541718428970686010+e30acd3a/model.neff
2026-09-09 09:10:01.000421:  113575  [INFO]: Using a cached neff at /home/ubuntu/neuron_cache_e2e/neuronxcc-2.23.6484.0+3b612583/MODULE_3541718428970686010+e30acd3a/model.neff
2026-09-09 09:10:01.000422:  113556  [INFO]: Using a cached neff at /home/ubuntu/neuron_cache_e2e/neuronxcc-2.23.6484.0+3b612583/MODULE_3541718428970686010+e30acd3a/model.neff
2026-09-09 09:10:01.000422:  113554  [INFO]: Using a cached neff at /home/ubuntu/neuron_cache_e2e/neuronxcc-2.23.6484.0+3b612583/MODULE_3541718428970686010+e30acd3a/model.neff
2026-09-09 09:10:01.000423:  113553  [INFO]: Using a cached neff at /home/ubuntu/neuron_cache_e2e/neuronxcc-2.23.6484.0+3b612583/MODULE_3541718428970686010+e30acd3a/model.neff
2026-09-09 09:10:01.000423:  113560  [INFO]: Using a cached neff at /home/ubuntu/neuron_cache_e2e/neuronxcc-2.23.6484.0+3b612583/MODULE_3541718428970686010+e30acd3a/model.neff
2026-09-09 09:10:01.000424:  113552  [INFO]: Using a cached neff at /home/ubuntu/neuron_cache_e2e/neuronxcc-2.23.6484.0+3b612583/MODULE_3541718428970686010+e30acd3a/model.neff
2026-09-09 09:10:01.000425:  113577  [INFO]: Using a cached neff at /home/ubuntu/neuron_cache_e2e/neuronxcc-2.23.6484.0+3b612583/MODULE_3541718428970686010+e30acd3a/model.neff
2026-09-09 09:10:01.000426:  113558  [INFO]: Using a cached neff at /home/ubuntu/neuron_cache_e2e/neuronxcc-2.23.6484.0+3b612583/MODULE_3541718428970686010+e30acd3a/model.neff
2026-09-09 09:10:01.000426:  113563  [INFO]: Using a cached neff at /home/ubuntu/neuron_cache_e2e/neuronxcc-2.23.6484.0+3b612583/MODULE_3541718428970686010+e30acd3a/model.neff
2026-09-09 09:10:01.000427:  113551  [INFO]: Using a cached neff at /home/ubuntu/neuron_cache_e2e/neuronxcc-2.23.6484.0+3b612583/MODULE_3541718428970686010+e30acd3a/model.neff
2026-09-09 09:10:01.000429:  113557  [INFO]: Using a cached neff at /home/ubuntu/neuron_cache_e2e/neuronxcc-2.23.6484.0+3b612583/MODULE_3541718428970686010+e30acd3a/model.neff
2026-09-09 09:10:01.000431:  113579  [INFO]: Using a cached neff at /home/ubuntu/neuron_cache_e2e/neuronxcc-2.23.6484.0+3b612583/MODULE_3541718428970686010+e30acd3a/model.neff
2026-09-09 09:10:01.000432:  113570  [INFO]: Using a cached neff at /home/ubuntu/neuron_cache_e2e/neuronxcc-2.23.6484.0+3b612583/MODULE_3541718428970686010+e30acd3a/model.neff
2026-09-09 09:10:01.000433:  113561  [INFO]: Using a cached neff at /home/ubuntu/neuron_cache_e2e/neuronxcc-2.23.6484.0+3b612583/MODULE_3541718428970686010+e30acd3a/model.neff
2026-09-09 09:10:01.000434:  113568  [INFO]: Using a cached neff at /home/ubuntu/neuron_cache_e2e/neuronxcc-2.23.6484.0+3b612583/MODULE_3541718428970686010+e30acd3a/model.neff
2026-09-09 09:10:01.000435:  113582  [INFO]: Using a cached neff at /home/ubuntu/neuron_cache_e2e/neuronxcc-2.23.6484.0+3b612583/MODULE_3541718428970686010+e30acd3a/model.neff
2026-09-09 09:10:01.000436:  113572  [INFO]: Using a cached neff at /home/ubuntu/neuron_cache_e2e/neuronxcc-2.23.6484.0+3b612583/MODULE_3541718428970686010+e30acd3a/model.neff
2026-09-09 09:10:01.000436:  113578  [INFO]: Using a cached neff at /home/ubuntu/neuron_cache_e2e/neuronxcc-2.23.6484.0+3b612583/MODULE_3541718428970686010+e30acd3a/model.neff
2026-09-09 09:10:01.000437:  113562  [INFO]: Using a cached neff at /home/ubuntu/neuron_cache_e2e/neuronxcc-2.23.6484.0+3b612583/MODULE_3541718428970686010+e30acd3a/model.neff
2026-09-09 09:10:01.000439:  113565  [INFO]: Using a cached neff at /home/ubuntu/neuron_cache_e2e/neuronxcc-2.23.6484.0+3b612583/MODULE_3541718428970686010+e30acd3a/model.neff
2026-09-09 09:10:01.000441:  113576  [INFO]: Using a cached neff at /home/ubuntu/neuron_cache_e2e/neuronxcc-2.23.6484.0+3b612583/MODULE_3541718428970686010+e30acd3a/model.neff
2026-09-09 09:10:01.000442:  113569  [INFO]: Using a cached neff at /home/ubuntu/neuron_cache_e2e/neuronxcc-2.23.6484.0+3b612583/MODULE_3541718428970686010+e30acd3a/model.neff
2026-09-09 09:10:01.000442:  113566  [INFO]: Using a cached neff at /home/ubuntu/neuron_cache_e2e/neuronxcc-2.23.6484.0+3b612583/MODULE_3541718428970686010+e30acd3a/model.neff
2026-09-09 09:10:01.000444:  113559  [INFO]: Using a cached neff at /home/ubuntu/neuron_cache_e2e/neuronxcc-2.23.6484.0+3b612583/MODULE_3541718428970686010+e30acd3a/model.neff
2026-09-09 09:10:01.000445:  113580  [INFO]: Using a cached neff at /home/ubuntu/neuron_cache_e2e/neuronxcc-2.23.6484.0+3b612583/MODULE_3541718428970686010+e30acd3a/model.neff
2026-09-09 09:10:01.000446:  113574  [INFO]: Using a cached neff at /home/ubuntu/neuron_cache_e2e/neuronxcc-2.23.6484.0+3b612583/MODULE_3541718428970686010+e30acd3a/model.neff
2026-09-09 09:10:01.000447:  113564  [INFO]: Using a cached neff at /home/ubuntu/neuron_cache_e2e/neuronxcc-2.23.6484.0+3b612583/MODULE_3541718428970686010+e30acd3a/model.neff
2026-09-09 09:10:01.000447:  113567  [INFO]: Using a cached neff at /home/ubuntu/neuron_cache_e2e/neuronxcc-2.23.6484.0+3b612583/MODULE_3541718428970686010+e30acd3a/model.neff
2026-09-09 09:10:01.000449:  113555  [INFO]: Using a cached neff at /home/ubuntu/neuron_cache_e2e/neuronxcc-2.23.6484.0+3b612583/MODULE_3541718428970686010+e30acd3a/model.neff
2026-09-09 09:10:01.000450:  113581  [INFO]: Using a cached neff at /home/ubuntu/neuron_cache_e2e/neuronxcc-2.23.6484.0+3b612583/MODULE_3541718428970686010+e30acd3a/model.neff
2026-09-09 09:10:01.000722:  113571  [INFO]: Using a cached neff at /home/ubuntu/neuron_cache_e2e/neuronxcc-2.23.6484.0+3b612583/MODULE_17089791188315351658+e30acd3a/model.neff
2026-09-09 09:10:01.000722:  113553  [INFO]: Using a cached neff at /home/ubuntu/neuron_cache_e2e/neuronxcc-2.23.6484.0+3b612583/MODULE_17089791188315351658+e30acd3a/model.neff
2026-09-09 09:10:01.000722:  113565  [INFO]: Using a cached neff at /home/ubuntu/neuron_cache_e2e/neuronxcc-2.23.6484.0+3b612583/MODULE_17089791188315351658+e30acd3a/model.neff
2026-09-09 09:10:01.000722:  113563  [INFO]: Using a cached neff at /home/ubuntu/neuron_cache_e2e/neuronxcc-2.23.6484.0+3b612583/MODULE_17089791188315351658+e30acd3a/model.neff
2026-09-09 09:10:01.000723:  113582  [INFO]: Using a cached neff at /home/ubuntu/neuron_cache_e2e/neuronxcc-2.23.6484.0+3b612583/MODULE_17089791188315351658+e30acd3a/model.neff
2026-09-09 09:10:01.000723:  113580  [INFO]: Using a cached neff at /home/ubuntu/neuron_cache_e2e/neuronxcc-2.23.6484.0+3b612583/MODULE_17089791188315351658+e30acd3a/model.neff
2026-09-09 09:10:01.000723:  113567  [INFO]: Using a cached neff at /home/ubuntu/neuron_cache_e2e/neuronxcc-2.23.6484.0+3b612583/MODULE_17089791188315351658+e30acd3a/model.neff
2026-09-09 09:10:01.000724:  113569  [INFO]: Using a cached neff at /home/ubuntu/neuron_cache_e2e/neuronxcc-2.23.6484.0+3b612583/MODULE_17089791188315351658+e30acd3a/model.neff
2026-09-09 09:10:01.000725:  113562  [INFO]: Using a cached neff at /home/ubuntu/neuron_cache_e2e/neuronxcc-2.23.6484.0+3b612583/MODULE_17089791188315351658+e30acd3a/model.neff
2026-09-09 09:10:01.000727:  113581  [INFO]: Using a cached neff at /home/ubuntu/neuron_cache_e2e/neuronxcc-2.23.6484.0+3b612583/MODULE_17089791188315351658+e30acd3a/model.neff
2026-09-09 09:10:01.000728:  113576  [INFO]: Using a cached neff at /home/ubuntu/neuron_cache_e2e/neuronxcc-2.23.6484.0+3b612583/MODULE_17089791188315351658+e30acd3a/model.neff
2026-09-09 09:10:01.000728:  113558  [INFO]: Using a cached neff at /home/ubuntu/neuron_cache_e2e/neuronxcc-2.23.6484.0+3b612583/MODULE_17089791188315351658+e30acd3a/model.neff
2026-09-09 09:10:01.000729:  113577  [INFO]: Using a cached neff at /home/ubuntu/neuron_cache_e2e/neuronxcc-2.23.6484.0+3b612583/MODULE_17089791188315351658+e30acd3a/model.neff
2026-09-09 09:10:01.000730:  113554  [INFO]: Using a cached neff at /home/ubuntu/neuron_cache_e2e/neuronxcc-2.23.6484.0+3b612583/MODULE_17089791188315351658+e30acd3a/model.neff
2026-09-09 09:10:01.000730:  113574  [INFO]: Using a cached neff at /home/ubuntu/neuron_cache_e2e/neuronxcc-2.23.6484.0+3b612583/MODULE_17089791188315351658+e30acd3a/model.neff
2026-09-09 09:10:01.000732:  113572  [INFO]: Using a cached neff at /home/ubuntu/neuron_cache_e2e/neuronxcc-2.23.6484.0+3b612583/MODULE_17089791188315351658+e30acd3a/model.neff
2026-09-09 09:10:01.000733:  113551  [INFO]: Using a cached neff at /home/ubuntu/neuron_cache_e2e/neuronxcc-2.23.6484.0+3b612583/MODULE_17089791188315351658+e30acd3a/model.neff
2026-09-09 09:10:01.000735:  113568  [INFO]: Using a cached neff at /home/ubuntu/neuron_cache_e2e/neuronxcc-2.23.6484.0+3b612583/MODULE_17089791188315351658+e30acd3a/model.neff
2026-09-09 09:10:01.000737:  113570  [INFO]: Using a cached neff at /home/ubuntu/neuron_cache_e2e/neuronxcc-2.23.6484.0+3b612583/MODULE_17089791188315351658+e30acd3a/model.neff
2026-09-09 09:10:01.000737:  113557  [INFO]: Using a cached neff at /home/ubuntu/neuron_cache_e2e/neuronxcc-2.23.6484.0+3b612583/MODULE_17089791188315351658+e30acd3a/model.neff
2026-09-09 09:10:01.000740:  113561  [INFO]: Using a cached neff at /home/ubuntu/neuron_cache_e2e/neuronxcc-2.23.6484.0+3b612583/MODULE_17089791188315351658+e30acd3a/model.neff
2026-09-09 09:10:01.000740:  113573  [INFO]: Using a cached neff at /home/ubuntu/neuron_cache_e2e/neuronxcc-2.23.6484.0+3b612583/MODULE_17089791188315351658+e30acd3a/model.neff
2026-09-09 09:10:01.000742:  113582  [INFO]: Using a cached neff at /home/ubuntu/neuron_cache_e2e/neuronxcc-2.23.6484.0+3b612583/MODULE_8612601412218940330+e30acd3a/model.neff
2026-09-09 09:10:01.000742:  113555  [INFO]: Using a cached neff at /home/ubuntu/neuron_cache_e2e/neuronxcc-2.23.6484.0+3b612583/MODULE_17089791188315351658+e30acd3a/model.neff
2026-09-09 09:10:01.000742:  113578  [INFO]: Using a cached neff at /home/ubuntu/neuron_cache_e2e/neuronxcc-2.23.6484.0+3b612583/MODULE_17089791188315351658+e30acd3a/model.neff
2026-09-09 09:10:01.000745:  113564  [INFO]: Using a cached neff at /home/ubuntu/neuron_cache_e2e/neuronxcc-2.23.6484.0+3b612583/MODULE_17089791188315351658+e30acd3a/model.neff
2026-09-09 09:10:01.000745:  113560  [INFO]: Using a cached neff at /home/ubuntu/neuron_cache_e2e/neuronxcc-2.23.6484.0+3b612583/MODULE_17089791188315351658+e30acd3a/model.neff
2026-09-09 09:10:01.000746:  113566  [INFO]: Using a cached neff at /home/ubuntu/neuron_cache_e2e/neuronxcc-2.23.6484.0+3b612583/MODULE_17089791188315351658+e30acd3a/model.neff
2026-09-09 09:10:01.000747:  113556  [INFO]: Using a cached neff at /home/ubuntu/neuron_cache_e2e/neuronxcc-2.23.6484.0+3b612583/MODULE_17089791188315351658+e30acd3a/model.neff
2026-09-09 09:10:01.000747:  113575  [INFO]: Using a cached neff at /home/ubuntu/neuron_cache_e2e/neuronxcc-2.23.6484.0+3b612583/MODULE_17089791188315351658+e30acd3a/model.neff
2026-09-09 09:10:01.000748:  113552  [INFO]: Using a cached neff at /home/ubuntu/neuron_cache_e2e/neuronxcc-2.23.6484.0+3b612583/MODULE_17089791188315351658+e30acd3a/model.neff
2026-09-09 09:10:01.000748:  113571  [INFO]: Using a cached neff at /home/ubuntu/neuron_cache_e2e/neuronxcc-2.23.6484.0+3b612583/MODULE_8612601412218940330+e30acd3a/model.neff
2026-09-09 09:10:01.000749:  113579  [INFO]: Using a cached neff at /home/ubuntu/neuron_cache_e2e/neuronxcc-2.23.6484.0+3b612583/MODULE_17089791188315351658+e30acd3a/model.neff
2026-09-09 09:10:01.000749:  113577  [INFO]: Using a cached neff at /home/ubuntu/neuron_cache_e2e/neuronxcc-2.23.6484.0+3b612583/MODULE_8612601412218940330+e30acd3a/model.neff
2026-09-09 09:10:01.000749:  113554  [INFO]: Using a cached neff at /home/ubuntu/neuron_cache_e2e/neuronxcc-2.23.6484.0+3b612583/MODULE_8612601412218940330+e30acd3a/model.neff
2026-09-09 09:10:01.000750:  113565  [INFO]: Using a cached neff at /home/ubuntu/neuron_cache_e2e/neuronxcc-2.23.6484.0+3b612583/MODULE_8612601412218940330+e30acd3a/model.neff
2026-09-09 09:10:01.000750:  113574  [INFO]: Using a cached neff at /home/ubuntu/neuron_cache_e2e/neuronxcc-2.23.6484.0+3b612583/MODULE_8612601412218940330+e30acd3a/model.neff
2026-09-09 09:10:01.000751:  113563  [INFO]: Using a cached neff at /home/ubuntu/neuron_cache_e2e/neuronxcc-2.23.6484.0+3b612583/MODULE_8612601412218940330+e30acd3a/model.neff
2026-09-09 09:10:01.000752:  113559  [INFO]: Using a cached neff at /home/ubuntu/neuron_cache_e2e/neuronxcc-2.23.6484.0+3b612583/MODULE_17089791188315351658+e30acd3a/model.neff
2026-09-09 09:10:01.000752:  113580  [INFO]: Using a cached neff at /home/ubuntu/neuron_cache_e2e/neuronxcc-2.23.6484.0+3b612583/MODULE_8612601412218940330+e30acd3a/model.neff
2026-09-09 09:10:01.000754:  113569  [INFO]: Using a cached neff at /home/ubuntu/neuron_cache_e2e/neuronxcc-2.23.6484.0+3b612583/MODULE_8612601412218940330+e30acd3a/model.neff
2026-09-09 09:10:01.000754:  113553  [INFO]: Using a cached neff at /home/ubuntu/neuron_cache_e2e/neuronxcc-2.23.6484.0+3b612583/MODULE_8612601412218940330+e30acd3a/model.neff
2026-09-09 09:10:01.000755:  113562  [INFO]: Using a cached neff at /home/ubuntu/neuron_cache_e2e/neuronxcc-2.23.6484.0+3b612583/MODULE_8612601412218940330+e30acd3a/model.neff
2026-09-09 09:10:01.000756:  113570  [INFO]: Using a cached neff at /home/ubuntu/neuron_cache_e2e/neuronxcc-2.23.6484.0+3b612583/MODULE_8612601412218940330+e30acd3a/model.neff
2026-09-09 09:10:01.000757:  113581  [INFO]: Using a cached neff at /home/ubuntu/neuron_cache_e2e/neuronxcc-2.23.6484.0+3b612583/MODULE_8612601412218940330+e30acd3a/model.neff
2026-09-09 09:10:01.000759:  113558  [INFO]: Using a cached neff at /home/ubuntu/neuron_cache_e2e/neuronxcc-2.23.6484.0+3b612583/MODULE_8612601412218940330+e30acd3a/model.neff
2026-09-09 09:10:01.000760:  113576  [INFO]: Using a cached neff at /home/ubuntu/neuron_cache_e2e/neuronxcc-2.23.6484.0+3b612583/MODULE_8612601412218940330+e30acd3a/model.neff
2026-09-09 09:10:01.000761:  113572  [INFO]: Using a cached neff at /home/ubuntu/neuron_cache_e2e/neuronxcc-2.23.6484.0+3b612583/MODULE_8612601412218940330+e30acd3a/model.neff
2026-09-09 09:10:01.000762:  113551  [INFO]: Using a cached neff at /home/ubuntu/neuron_cache_e2e/neuronxcc-2.23.6484.0+3b612583/MODULE_8612601412218940330+e30acd3a/model.neff
2026-09-09 09:10:01.000763:  113568  [INFO]: Using a cached neff at /home/ubuntu/neuron_cache_e2e/neuronxcc-2.23.6484.0+3b612583/MODULE_8612601412218940330+e30acd3a/model.neff
2026-09-09 09:10:01.000764:  113557  [INFO]: Using a cached neff at /home/ubuntu/neuron_cache_e2e/neuronxcc-2.23.6484.0+3b612583/MODULE_8612601412218940330+e30acd3a/model.neff
2026-09-09 09:10:01.000765:  113567  [INFO]: Using a cached neff at /home/ubuntu/neuron_cache_e2e/neuronxcc-2.23.6484.0+3b612583/MODULE_8612601412218940330+e30acd3a/model.neff
2026-09-09 09:10:01.000765:  113573  [INFO]: Using a cached neff at /home/ubuntu/neuron_cache_e2e/neuronxcc-2.23.6484.0+3b612583/MODULE_8612601412218940330+e30acd3a/model.neff
2026-09-09 09:10:01.000766:  113561  [INFO]: Using a cached neff at /home/ubuntu/neuron_cache_e2e/neuronxcc-2.23.6484.0+3b612583/MODULE_8612601412218940330+e30acd3a/model.neff
2026-09-09 09:10:01.000767:  113564  [INFO]: Using a cached neff at /home/ubuntu/neuron_cache_e2e/neuronxcc-2.23.6484.0+3b612583/MODULE_8612601412218940330+e30acd3a/model.neff
2026-09-09 09:10:01.000767:  113578  [INFO]: Using a cached neff at /home/ubuntu/neuron_cache_e2e/neuronxcc-2.23.6484.0+3b612583/MODULE_8612601412218940330+e30acd3a/model.neff
2026-09-09 09:10:01.000768:  113566  [INFO]: Using a cached neff at /home/ubuntu/neuron_cache_e2e/neuronxcc-2.23.6484.0+3b612583/MODULE_8612601412218940330+e30acd3a/model.neff
2026-09-09 09:10:01.000768:  113555  [INFO]: Using a cached neff at /home/ubuntu/neuron_cache_e2e/neuronxcc-2.23.6484.0+3b612583/MODULE_8612601412218940330+e30acd3a/model.neff
2026-09-09 09:10:01.000769:  113575  [INFO]: Using a cached neff at /home/ubuntu/neuron_cache_e2e/neuronxcc-2.23.6484.0+3b612583/MODULE_8612601412218940330+e30acd3a/model.neff
2026-09-09 09:10:01.000769:  113556  [INFO]: Using a cached neff at /home/ubuntu/neuron_cache_e2e/neuronxcc-2.23.6484.0+3b612583/MODULE_8612601412218940330+e30acd3a/model.neff
2026-09-09 09:10:01.000770:  113552  [INFO]: Using a cached neff at /home/ubuntu/neuron_cache_e2e/neuronxcc-2.23.6484.0+3b612583/MODULE_8612601412218940330+e30acd3a/model.neff
2026-09-09 09:10:01.000770:  113560  [INFO]: Using a cached neff at /home/ubuntu/neuron_cache_e2e/neuronxcc-2.23.6484.0+3b612583/MODULE_8612601412218940330+e30acd3a/model.neff
2026-09-09 09:10:01.000771:  113579  [INFO]: Using a cached neff at /home/ubuntu/neuron_cache_e2e/neuronxcc-2.23.6484.0+3b612583/MODULE_8612601412218940330+e30acd3a/model.neff
2026-09-09 09:10:01.000774:  113559  [INFO]: Using a cached neff at /home/ubuntu/neuron_cache_e2e/neuronxcc-2.23.6484.0+3b612583/MODULE_8612601412218940330+e30acd3a/model.neff
/home/ubuntu/train_gpt10b_tp_families.py:501: DeprecationWarning: Use torch_xla.sync instead
  xm.mark_step()
/home/ubuntu/train_gpt10b_tp_families.py:501: DeprecationWarning: Use torch_xla.sync instead
  xm.mark_step()
/home/ubuntu/train_gpt10b_tp_families.py:501: DeprecationWarning: Use torch_xla.sync instead
  xm.mark_step()
/home/ubuntu/train_gpt10b_tp_families.py:501: DeprecationWarning: Use torch_xla.sync instead
  xm.mark_step()
/home/ubuntu/train_gpt10b_tp_families.py:501: DeprecationWarning: Use torch_xla.sync instead
  xm.mark_step()
/home/ubuntu/train_gpt10b_tp_families.py:501: DeprecationWarning: Use torch_xla.sync instead
  xm.mark_step()
/home/ubuntu/train_gpt10b_tp_families.py:501: DeprecationWarning: Use torch_xla.sync instead
  xm.mark_step()
/home/ubuntu/train_gpt10b_tp_families.py:501: DeprecationWarning: Use torch_xla.sync instead
  xm.mark_step()
/home/ubuntu/train_gpt10b_tp_families.py:501: DeprecationWarning: Use torch_xla.sync instead
  xm.mark_step()
/home/ubuntu/train_gpt10b_tp_families.py:501: DeprecationWarning: Use torch_xla.sync instead
  xm.mark_step()
/home/ubuntu/train_gpt10b_tp_families.py:501: DeprecationWarning: Use torch_xla.sync instead
  xm.mark_step()
/home/ubuntu/train_gpt10b_tp_families.py:501: DeprecationWarning: Use torch_xla.sync instead
  xm.mark_step()
/home/ubuntu/train_gpt10b_tp_families.py:501: DeprecationWarning: Use torch_xla.sync instead
  xm.mark_step()
/home/ubuntu/train_gpt10b_tp_families.py:501: DeprecationWarning: Use torch_xla.sync instead
  xm.mark_step()
/home/ubuntu/train_gpt10b_tp_families.py:501: DeprecationWarning: Use torch_xla.sync instead
  xm.mark_step()
/home/ubuntu/train_gpt10b_tp_families.py:501: DeprecationWarning: Use torch_xla.sync instead
  xm.mark_step()
/home/ubuntu/train_gpt10b_tp_families.py:501: DeprecationWarning: Use torch_xla.sync instead
  xm.mark_step()
/home/ubuntu/train_gpt10b_tp_families.py:501: DeprecationWarning: Use torch_xla.sync instead
  xm.mark_step()
/home/ubuntu/train_gpt10b_tp_families.py:501: DeprecationWarning: Use torch_xla.sync instead
  xm.mark_step()
/home/ubuntu/train_gpt10b_tp_families.py:501: DeprecationWarning: Use torch_xla.sync instead
  xm.mark_step()
/home/ubuntu/train_gpt10b_tp_families.py:501: DeprecationWarning: Use torch_xla.sync instead
  xm.mark_step()
/home/ubuntu/train_gpt10b_tp_families.py:501: DeprecationWarning: Use torch_xla.sync instead
  xm.mark_step()
/home/ubuntu/train_gpt10b_tp_families.py:501: DeprecationWarning: Use torch_xla.sync instead
  xm.mark_step()
/home/ubuntu/train_gpt10b_tp_families.py:501: DeprecationWarning: Use torch_xla.sync instead
  xm.mark_step()
/home/ubuntu/train_gpt10b_tp_families.py:501: DeprecationWarning: Use torch_xla.sync instead
  xm.mark_step()
/home/ubuntu/train_gpt10b_tp_families.py:501: DeprecationWarning: Use torch_xla.sync instead
  xm.mark_step()
/home/ubuntu/train_gpt10b_tp_families.py:501: DeprecationWarning: Use torch_xla.sync instead
  xm.mark_step()
/home/ubuntu/train_gpt10b_tp_families.py:501: DeprecationWarning: Use torch_xla.sync instead
  xm.mark_step()
/home/ubuntu/train_gpt10b_tp_families.py:501: DeprecationWarning: Use torch_xla.sync instead
  xm.mark_step()
/home/ubuntu/train_gpt10b_tp_families.py:501: DeprecationWarning: Use torch_xla.sync instead
  xm.mark_step()
/home/ubuntu/train_gpt10b_tp_families.py:501: DeprecationWarning: Use torch_xla.sync instead
  xm.mark_step()
/home/ubuntu/train_gpt10b_tp_families.py:501: DeprecationWarning: Use torch_xla.sync instead
  xm.mark_step()
2026-09-09 09:10:07.000406:  113555  [INFO]: Using a cached neff at /home/ubuntu/neuron_cache_e2e/neuronxcc-2.23.6484.0+3b612583/MODULE_8732584952886592803+e30acd3a/model.neff
2026-09-09 09:10:07.000406:  113562  [INFO]: Using a cached neff at /home/ubuntu/neuron_cache_e2e/neuronxcc-2.23.6484.0+3b612583/MODULE_8732584952886592803+e30acd3a/model.neff
2026-09-09 09:10:07.000406:  113563  [INFO]: Using a cached neff at /home/ubuntu/neuron_cache_e2e/neuronxcc-2.23.6484.0+3b612583/MODULE_8732584952886592803+e30acd3a/model.neff
2026-09-09 09:10:07.000407:  113554  [INFO]: Using a cached neff at /home/ubuntu/neuron_cache_e2e/neuronxcc-2.23.6484.0+3b612583/MODULE_8732584952886592803+e30acd3a/model.neff
2026-09-09 09:10:07.000408:  113577  [INFO]: Using a cached neff at /home/ubuntu/neuron_cache_e2e/neuronxcc-2.23.6484.0+3b612583/MODULE_8732584952886592803+e30acd3a/model.neff
2026-09-09 09:10:07.000408:  113580  [INFO]: Using a cached neff at /home/ubuntu/neuron_cache_e2e/neuronxcc-2.23.6484.0+3b612583/MODULE_8732584952886592803+e30acd3a/model.neff
2026-09-09 09:10:07.000410:  113571  [INFO]: Using a cached neff at /home/ubuntu/neuron_cache_e2e/neuronxcc-2.23.6484.0+3b612583/MODULE_8732584952886592803+e30acd3a/model.neff
2026-09-09 09:10:07.000411:  113565  [INFO]: Using a cached neff at /home/ubuntu/neuron_cache_e2e/neuronxcc-2.23.6484.0+3b612583/MODULE_8732584952886592803+e30acd3a/model.neff
2026-09-09 09:10:07.000412:  113578  [INFO]: Using a cached neff at /home/ubuntu/neuron_cache_e2e/neuronxcc-2.23.6484.0+3b612583/MODULE_8732584952886592803+e30acd3a/model.neff
2026-09-09 09:10:07.000412:  113553  [INFO]: Using a cached neff at /home/ubuntu/neuron_cache_e2e/neuronxcc-2.23.6484.0+3b612583/MODULE_8732584952886592803+e30acd3a/model.neff
2026-09-09 09:10:07.000412:  113582  [INFO]: Using a cached neff at /home/ubuntu/neuron_cache_e2e/neuronxcc-2.23.6484.0+3b612583/MODULE_8732584952886592803+e30acd3a/model.neff
2026-09-09 09:10:07.000415:  113581  [INFO]: Using a cached neff at /home/ubuntu/neuron_cache_e2e/neuronxcc-2.23.6484.0+3b612583/MODULE_8732584952886592803+e30acd3a/model.neff
2026-09-09 09:10:07.000417:  113570  [INFO]: Using a cached neff at /home/ubuntu/neuron_cache_e2e/neuronxcc-2.23.6484.0+3b612583/MODULE_8732584952886592803+e30acd3a/model.neff
2026-09-09 09:10:07.000417:  113560  [INFO]: Using a cached neff at /home/ubuntu/neuron_cache_e2e/neuronxcc-2.23.6484.0+3b612583/MODULE_8732584952886592803+e30acd3a/model.neff
2026-09-09 09:10:07.000417:  113559  [INFO]: Using a cached neff at /home/ubuntu/neuron_cache_e2e/neuronxcc-2.23.6484.0+3b612583/MODULE_8732584952886592803+e30acd3a/model.neff
2026-09-09 09:10:07.000419:  113566  [INFO]: Using a cached neff at /home/ubuntu/neuron_cache_e2e/neuronxcc-2.23.6484.0+3b612583/MODULE_8732584952886592803+e30acd3a/model.neff
2026-09-09 09:10:07.000420:  113572  [INFO]: Using a cached neff at /home/ubuntu/neuron_cache_e2e/neuronxcc-2.23.6484.0+3b612583/MODULE_8732584952886592803+e30acd3a/model.neff
2026-09-09 09:10:07.000423:  113573  [INFO]: Using a cached neff at /home/ubuntu/neuron_cache_e2e/neuronxcc-2.23.6484.0+3b612583/MODULE_8732584952886592803+e30acd3a/model.neff
2026-09-09 09:10:07.000423:  113575  [INFO]: Using a cached neff at /home/ubuntu/neuron_cache_e2e/neuronxcc-2.23.6484.0+3b612583/MODULE_8732584952886592803+e30acd3a/model.neff
2026-09-09 09:10:07.000425:  113561  [INFO]: Using a cached neff at /home/ubuntu/neuron_cache_e2e/neuronxcc-2.23.6484.0+3b612583/MODULE_8732584952886592803+e30acd3a/model.neff
2026-09-09 09:10:07.000425:  113568  [INFO]: Using a cached neff at /home/ubuntu/neuron_cache_e2e/neuronxcc-2.23.6484.0+3b612583/MODULE_8732584952886592803+e30acd3a/model.neff
2026-09-09 09:10:07.000425:  113579  [INFO]: Using a cached neff at /home/ubuntu/neuron_cache_e2e/neuronxcc-2.23.6484.0+3b612583/MODULE_8732584952886592803+e30acd3a/model.neff
2026-09-09 09:10:07.000425:  113551  [INFO]: Using a cached neff at /home/ubuntu/neuron_cache_e2e/neuronxcc-2.23.6484.0+3b612583/MODULE_8732584952886592803+e30acd3a/model.neff
2026-09-09 09:10:07.000426:  113557  [INFO]: Using a cached neff at /home/ubuntu/neuron_cache_e2e/neuronxcc-2.23.6484.0+3b612583/MODULE_8732584952886592803+e30acd3a/model.neff
2026-09-09 09:10:07.000426:  113552  [INFO]: Using a cached neff at /home/ubuntu/neuron_cache_e2e/neuronxcc-2.23.6484.0+3b612583/MODULE_8732584952886592803+e30acd3a/model.neff
/home/ubuntu/train_gpt10b_tp_families.py:524: DeprecationWarning: Use torch_xla.sync instead
  xm.mark_step()   # slice sync graph: norms done
/home/ubuntu/train_gpt10b_tp_families.py:524: DeprecationWarning: Use torch_xla.sync instead
  xm.mark_step()   # slice sync graph: norms done
/home/ubuntu/train_gpt10b_tp_families.py:524: DeprecationWarning: Use torch_xla.sync instead
  xm.mark_step()   # slice sync graph: norms done
/home/ubuntu/train_gpt10b_tp_families.py:524: DeprecationWarning: Use torch_xla.sync instead
  xm.mark_step()   # slice sync graph: norms done
2026-09-09 09:10:07.000429:  113558  [INFO]: Using a cached neff at /home/ubuntu/neuron_cache_e2e/neuronxcc-2.23.6484.0+3b612583/MODULE_8732584952886592803+e30acd3a/model.neff
/home/ubuntu/train_gpt10b_tp_families.py:524: DeprecationWarning: Use torch_xla.sync instead
  xm.mark_step()   # slice sync graph: norms done
2026-09-09 09:10:07.000430:  113564  [INFO]: Using a cached neff at /home/ubuntu/neuron_cache_e2e/neuronxcc-2.23.6484.0+3b612583/MODULE_8732584952886592803+e30acd3a/model.neff
2026-09-09 09:10:07.000432:  113569  [INFO]: Using a cached neff at /home/ubuntu/neuron_cache_e2e/neuronxcc-2.23.6484.0+3b612583/MODULE_8732584952886592803+e30acd3a/model.neff
2026-09-09 09:10:07.000432:  113556  [INFO]: Using a cached neff at /home/ubuntu/neuron_cache_e2e/neuronxcc-2.23.6484.0+3b612583/MODULE_8732584952886592803+e30acd3a/model.neff
/home/ubuntu/train_gpt10b_tp_families.py:524: DeprecationWarning: Use torch_xla.sync instead
  xm.mark_step()   # slice sync graph: norms done
/home/ubuntu/train_gpt10b_tp_families.py:524: DeprecationWarning: Use torch_xla.sync instead
  xm.mark_step()   # slice sync graph: norms done
/home/ubuntu/train_gpt10b_tp_families.py:524: DeprecationWarning: Use torch_xla.sync instead
  xm.mark_step()   # slice sync graph: norms done
/home/ubuntu/train_gpt10b_tp_families.py:524: DeprecationWarning: Use torch_xla.sync instead
  xm.mark_step()   # slice sync graph: norms done
/home/ubuntu/train_gpt10b_tp_families.py:524: DeprecationWarning: Use torch_xla.sync instead
  xm.mark_step()   # slice sync graph: norms done
/home/ubuntu/train_gpt10b_tp_families.py:524: DeprecationWarning: Use torch_xla.sync instead
  xm.mark_step()   # slice sync graph: norms done
2026-09-09 09:10:07.000435:  113574  [INFO]: Using a cached neff at /home/ubuntu/neuron_cache_e2e/neuronxcc-2.23.6484.0+3b612583/MODULE_8732584952886592803+e30acd3a/model.neff
2026-09-09 09:10:07.000436:  113567  [INFO]: Using a cached neff at /home/ubuntu/neuron_cache_e2e/neuronxcc-2.23.6484.0+3b612583/MODULE_8732584952886592803+e30acd3a/model.neff
2026-09-09 09:10:07.000436:  113576  [INFO]: Using a cached neff at /home/ubuntu/neuron_cache_e2e/neuronxcc-2.23.6484.0+3b612583/MODULE_8732584952886592803+e30acd3a/model.neff
/home/ubuntu/train_gpt10b_tp_families.py:524: DeprecationWarning: Use torch_xla.sync instead
  xm.mark_step()   # slice sync graph: norms done
/home/ubuntu/train_gpt10b_tp_families.py:524: DeprecationWarning: Use torch_xla.sync instead
  xm.mark_step()   # slice sync graph: norms done
/home/ubuntu/train_gpt10b_tp_families.py:524: DeprecationWarning: Use torch_xla.sync instead
  xm.mark_step()   # slice sync graph: norms done
/home/ubuntu/train_gpt10b_tp_families.py:524: DeprecationWarning: Use torch_xla.sync instead
  xm.mark_step()   # slice sync graph: norms done
/home/ubuntu/train_gpt10b_tp_families.py:524: DeprecationWarning: Use torch_xla.sync instead
  xm.mark_step()   # slice sync graph: norms done
/home/ubuntu/train_gpt10b_tp_families.py:524: DeprecationWarning: Use torch_xla.sync instead
  xm.mark_step()   # slice sync graph: norms done
/home/ubuntu/train_gpt10b_tp_families.py:524: DeprecationWarning: Use torch_xla.sync instead
  xm.mark_step()   # slice sync graph: norms done
/home/ubuntu/train_gpt10b_tp_families.py:524: DeprecationWarning: Use torch_xla.sync instead
  xm.mark_step()   # slice sync graph: norms done
/home/ubuntu/train_gpt10b_tp_families.py:524: DeprecationWarning: Use torch_xla.sync instead
  xm.mark_step()   # slice sync graph: norms done
/home/ubuntu/train_gpt10b_tp_families.py:524: DeprecationWarning: Use torch_xla.sync instead
  xm.mark_step()   # slice sync graph: norms done
/home/ubuntu/train_gpt10b_tp_families.py:524: DeprecationWarning: Use torch_xla.sync instead
  xm.mark_step()   # slice sync graph: norms done
/home/ubuntu/train_gpt10b_tp_families.py:524: DeprecationWarning: Use torch_xla.sync instead
  xm.mark_step()   # slice sync graph: norms done
/home/ubuntu/train_gpt10b_tp_families.py:524: DeprecationWarning: Use torch_xla.sync instead
  xm.mark_step()   # slice sync graph: norms done
/home/ubuntu/train_gpt10b_tp_families.py:524: DeprecationWarning: Use torch_xla.sync instead
  xm.mark_step()   # slice sync graph: norms done
/home/ubuntu/train_gpt10b_tp_families.py:524: DeprecationWarning: Use torch_xla.sync instead
  xm.mark_step()   # slice sync graph: norms done
/home/ubuntu/train_gpt10b_tp_families.py:524: DeprecationWarning: Use torch_xla.sync instead
  xm.mark_step()   # slice sync graph: norms done
/home/ubuntu/train_gpt10b_tp_families.py:524: DeprecationWarning: Use torch_xla.sync instead
  xm.mark_step()   # slice sync graph: norms done
/home/ubuntu/train_gpt10b_tp_families.py:524: DeprecationWarning: Use torch_xla.sync instead
  xm.mark_step()   # slice sync graph: norms done
/home/ubuntu/train_gpt10b_tp_families.py:524: DeprecationWarning: Use torch_xla.sync instead
  xm.mark_step()   # slice sync graph: norms done
/home/ubuntu/train_gpt10b_tp_families.py:524: DeprecationWarning: Use torch_xla.sync instead
  xm.mark_step()   # slice sync graph: norms done
/home/ubuntu/train_gpt10b_tp_families.py:524: DeprecationWarning: Use torch_xla.sync instead
  xm.mark_step()   # slice sync graph: norms done
..
Compiler status PASS
2026-09-09 09:10:41.000035:  113563  [INFO]: Compilation Successfully Completed for model.MODULE_5047950972568161369+e30acd3a.hlo_module.pb
/home/ubuntu/train_gpt10b_tp_families.py:533: DeprecationWarning: Use torch_xla.sync instead
  xm.mark_step()   # slice sync graph: F4b done
/home/ubuntu/train_gpt10b_tp_families.py:549: DeprecationWarning: Use torch_xla.sync instead
  xm.mark_step()   # slice sync graph: F6/F7 done
.2026-09-09 09:10:42.000589:  113555  [INFO]: Using a cached neff at /home/ubuntu/neuron_cache_e2e/neuronxcc-2.23.6484.0+3b612583/MODULE_5047950972568161369+e30acd3a/model.neff
2026-09-09 09:10:42.000593:  113577  [INFO]: Using a cached neff at /home/ubuntu/neuron_cache_e2e/neuronxcc-2.23.6484.0+3b612583/MODULE_5047950972568161369+e30acd3a/model.neff
2026-09-09 09:10:42.000596:  113562  [INFO]: Using a cached neff at /home/ubuntu/neuron_cache_e2e/neuronxcc-2.23.6484.0+3b612583/MODULE_5047950972568161369+e30acd3a/model.neff
2026-09-09 09:10:42.000596:  113565  [INFO]: Using a cached neff at /home/ubuntu/neuron_cache_e2e/neuronxcc-2.23.6484.0+3b612583/MODULE_5047950972568161369+e30acd3a/model.neff
2026-09-09 09:10:42.000597:  113582  [INFO]: Using a cached neff at /home/ubuntu/neuron_cache_e2e/neuronxcc-2.23.6484.0+3b612583/MODULE_5047950972568161369+e30acd3a/model.neff
2026-09-09 09:10:42.000598:  113571  [INFO]: Using a cached neff at /home/ubuntu/neuron_cache_e2e/neuronxcc-2.23.6484.0+3b612583/MODULE_5047950972568161369+e30acd3a/model.neff
2026-09-09 09:10:42.000599:  113553  [INFO]: Using a cached neff at /home/ubuntu/neuron_cache_e2e/neuronxcc-2.23.6484.0+3b612583/MODULE_5047950972568161369+e30acd3a/model.neff
2026-09-09 09:10:42.000605:  113580  [INFO]: Using a cached neff at /home/ubuntu/neuron_cache_e2e/neuronxcc-2.23.6484.0+3b612583/MODULE_5047950972568161369+e30acd3a/model.neff
2026-09-09 09:10:42.000606:  113570  [INFO]: Using a cached neff at /home/ubuntu/neuron_cache_e2e/neuronxcc-2.23.6484.0+3b612583/MODULE_5047950972568161369+e30acd3a/model.neff
2026-09-09 09:10:42.000607:  113578  [INFO]: Using a cached neff at /home/ubuntu/neuron_cache_e2e/neuronxcc-2.23.6484.0+3b612583/MODULE_5047950972568161369+e30acd3a/model.neff
2026-09-09 09:10:42.000611:  113575  [INFO]: Using a cached neff at /home/ubuntu/neuron_cache_e2e/neuronxcc-2.23.6484.0+3b612583/MODULE_5047950972568161369+e30acd3a/model.neff
2026-09-09 09:10:42.000612:  113557  [INFO]: Using a cached neff at /home/ubuntu/neuron_cache_e2e/neuronxcc-2.23.6484.0+3b612583/MODULE_5047950972568161369+e30acd3a/model.neff
2026-09-09 09:10:42.000612:  113566  [INFO]: Using a cached neff at /home/ubuntu/neuron_cache_e2e/neuronxcc-2.23.6484.0+3b612583/MODULE_5047950972568161369+e30acd3a/model.neff
2026-09-09 09:10:42.000613:  113581  [INFO]: Using a cached neff at /home/ubuntu/neuron_cache_e2e/neuronxcc-2.23.6484.0+3b612583/MODULE_5047950972568161369+e30acd3a/model.neff
2026-09-09 09:10:42.000613:  113572  [INFO]: Using a cached neff at /home/ubuntu/neuron_cache_e2e/neuronxcc-2.23.6484.0+3b612583/MODULE_5047950972568161369+e30acd3a/model.neff
2026-09-09 09:10:42.000614:  113559  [INFO]: Using a cached neff at /home/ubuntu/neuron_cache_e2e/neuronxcc-2.23.6484.0+3b612583/MODULE_5047950972568161369+e30acd3a/model.neff
2026-09-09 09:10:42.000615:  113561  [INFO]: Using a cached neff at /home/ubuntu/neuron_cache_e2e/neuronxcc-2.23.6484.0+3b612583/MODULE_5047950972568161369+e30acd3a/model.neff
2026-09-09 09:10:42.000618:  113554  [INFO]: Using a cached neff at /home/ubuntu/neuron_cache_e2e/neuronxcc-2.23.6484.0+3b612583/MODULE_5047950972568161369+e30acd3a/model.neff
2026-09-09 09:10:42.000618:  113569  [INFO]: Using a cached neff at /home/ubuntu/neuron_cache_e2e/neuronxcc-2.23.6484.0+3b612583/MODULE_5047950972568161369+e30acd3a/model.neff
2026-09-09 09:10:42.000621:  113560  [INFO]: Using a cached neff at /home/ubuntu/neuron_cache_e2e/neuronxcc-2.23.6484.0+3b612583/MODULE_5047950972568161369+e30acd3a/model.neff
2026-09-09 09:10:42.000623:  113552  [INFO]: Using a cached neff at /home/ubuntu/neuron_cache_e2e/neuronxcc-2.23.6484.0+3b612583/MODULE_5047950972568161369+e30acd3a/model.neff
2026-09-09 09:10:42.000624:  113551  [INFO]: Using a cached neff at /home/ubuntu/neuron_cache_e2e/neuronxcc-2.23.6484.0+3b612583/MODULE_5047950972568161369+e30acd3a/model.neff
2026-09-09 09:10:42.000624:  113573  [INFO]: Using a cached neff at /home/ubuntu/neuron_cache_e2e/neuronxcc-2.23.6484.0+3b612583/MODULE_5047950972568161369+e30acd3a/model.neff
2026-09-09 09:10:42.000625:  113564  [INFO]: Using a cached neff at /home/ubuntu/neuron_cache_e2e/neuronxcc-2.23.6484.0+3b612583/MODULE_5047950972568161369+e30acd3a/model.neff
2026-09-09 09:10:42.000625:  113558  [INFO]: Using a cached neff at /home/ubuntu/neuron_cache_e2e/neuronxcc-2.23.6484.0+3b612583/MODULE_5047950972568161369+e30acd3a/model.neff
2026-09-09 09:10:42.000626:  113579  [INFO]: Using a cached neff at /home/ubuntu/neuron_cache_e2e/neuronxcc-2.23.6484.0+3b612583/MODULE_5047950972568161369+e30acd3a/model.neff
2026-09-09 09:10:42.000626:  113567  [INFO]: Using a cached neff at /home/ubuntu/neuron_cache_e2e/neuronxcc-2.23.6484.0+3b612583/MODULE_5047950972568161369+e30acd3a/model.neff
2026-09-09 09:10:42.000627:  113568  [INFO]: Using a cached neff at /home/ubuntu/neuron_cache_e2e/neuronxcc-2.23.6484.0+3b612583/MODULE_5047950972568161369+e30acd3a/model.neff
2026-09-09 09:10:42.000630:  113556  [INFO]: Using a cached neff at /home/ubuntu/neuron_cache_e2e/neuronxcc-2.23.6484.0+3b612583/MODULE_5047950972568161369+e30acd3a/model.neff
2026-09-09 09:10:42.000631:  113574  [INFO]: Using a cached neff at /home/ubuntu/neuron_cache_e2e/neuronxcc-2.23.6484.0+3b612583/MODULE_5047950972568161369+e30acd3a/model.neff
2026-09-09 09:10:42.000633:  113576  [INFO]: Using a cached neff at /home/ubuntu/neuron_cache_e2e/neuronxcc-2.23.6484.0+3b612583/MODULE_5047950972568161369+e30acd3a/model.neff
/home/ubuntu/train_gpt10b_tp_families.py:533: DeprecationWarning: Use torch_xla.sync instead
  xm.mark_step()   # slice sync graph: F4b done
/home/ubuntu/train_gpt10b_tp_families.py:533: DeprecationWarning: Use torch_xla.sync instead
  xm.mark_step()   # slice sync graph: F4b done
/home/ubuntu/train_gpt10b_tp_families.py:533: DeprecationWarning: Use torch_xla.sync instead
  xm.mark_step()   # slice sync graph: F4b done
/home/ubuntu/train_gpt10b_tp_families.py:533: DeprecationWarning: Use torch_xla.sync instead
  xm.mark_step()   # slice sync graph: F4b done
/home/ubuntu/train_gpt10b_tp_families.py:549: DeprecationWarning: Use torch_xla.sync instead
  xm.mark_step()   # slice sync graph: F6/F7 done
/home/ubuntu/train_gpt10b_tp_families.py:533: DeprecationWarning: Use torch_xla.sync instead
  xm.mark_step()   # slice sync graph: F4b done
/home/ubuntu/train_gpt10b_tp_families.py:549: DeprecationWarning: Use torch_xla.sync instead
  xm.mark_step()   # slice sync graph: F6/F7 done
/home/ubuntu/train_gpt10b_tp_families.py:533: DeprecationWarning: Use torch_xla.sync instead
  xm.mark_step()   # slice sync graph: F4b done
/home/ubuntu/train_gpt10b_tp_families.py:549: DeprecationWarning: Use torch_xla.sync instead
  xm.mark_step()   # slice sync graph: F6/F7 done
/home/ubuntu/train_gpt10b_tp_families.py:549: DeprecationWarning: Use torch_xla.sync instead
  xm.mark_step()   # slice sync graph: F6/F7 done
/home/ubuntu/train_gpt10b_tp_families.py:549: DeprecationWarning: Use torch_xla.sync instead
  xm.mark_step()   # slice sync graph: F6/F7 done
/home/ubuntu/train_gpt10b_tp_families.py:533: DeprecationWarning: Use torch_xla.sync instead
  xm.mark_step()   # slice sync graph: F4b done
/home/ubuntu/train_gpt10b_tp_families.py:533: DeprecationWarning: Use torch_xla.sync instead
  xm.mark_step()   # slice sync graph: F4b done
/home/ubuntu/train_gpt10b_tp_families.py:549: DeprecationWarning: Use torch_xla.sync instead
  xm.mark_step()   # slice sync graph: F6/F7 done
/home/ubuntu/train_gpt10b_tp_families.py:533: DeprecationWarning: Use torch_xla.sync instead
  xm.mark_step()   # slice sync graph: F4b done
/home/ubuntu/train_gpt10b_tp_families.py:533: DeprecationWarning: Use torch_xla.sync instead
  xm.mark_step()   # slice sync graph: F4b done
/home/ubuntu/train_gpt10b_tp_families.py:549: DeprecationWarning: Use torch_xla.sync instead
  xm.mark_step()   # slice sync graph: F6/F7 done
/home/ubuntu/train_gpt10b_tp_families.py:549: DeprecationWarning: Use torch_xla.sync instead
  xm.mark_step()   # slice sync graph: F6/F7 done
/home/ubuntu/train_gpt10b_tp_families.py:549: DeprecationWarning: Use torch_xla.sync instead
  xm.mark_step()   # slice sync graph: F6/F7 done
/home/ubuntu/train_gpt10b_tp_families.py:533: DeprecationWarning: Use torch_xla.sync instead
  xm.mark_step()   # slice sync graph: F4b done
/home/ubuntu/train_gpt10b_tp_families.py:533: DeprecationWarning: Use torch_xla.sync instead
  xm.mark_step()   # slice sync graph: F4b done
/home/ubuntu/train_gpt10b_tp_families.py:533: DeprecationWarning: Use torch_xla.sync instead
  xm.mark_step()   # slice sync graph: F4b done
/home/ubuntu/train_gpt10b_tp_families.py:549: DeprecationWarning: Use torch_xla.sync instead
  xm.mark_step()   # slice sync graph: F6/F7 done
/home/ubuntu/train_gpt10b_tp_families.py:533: DeprecationWarning: Use torch_xla.sync instead
  xm.mark_step()   # slice sync graph: F4b done
/home/ubuntu/train_gpt10b_tp_families.py:533: DeprecationWarning: Use torch_xla.sync instead
  xm.mark_step()   # slice sync graph: F4b done
/home/ubuntu/train_gpt10b_tp_families.py:533: DeprecationWarning: Use torch_xla.sync instead
  xm.mark_step()   # slice sync graph: F4b done
/home/ubuntu/train_gpt10b_tp_families.py:533: DeprecationWarning: Use torch_xla.sync instead
  xm.mark_step()   # slice sync graph: F4b done
/home/ubuntu/train_gpt10b_tp_families.py:533: DeprecationWarning: Use torch_xla.sync instead
  xm.mark_step()   # slice sync graph: F4b done
/home/ubuntu/train_gpt10b_tp_families.py:533: DeprecationWarning: Use torch_xla.sync instead
  xm.mark_step()   # slice sync graph: F4b done
/home/ubuntu/train_gpt10b_tp_families.py:533: DeprecationWarning: Use torch_xla.sync instead
  xm.mark_step()   # slice sync graph: F4b done
/home/ubuntu/train_gpt10b_tp_families.py:549: DeprecationWarning: Use torch_xla.sync instead
  xm.mark_step()   # slice sync graph: F6/F7 done
/home/ubuntu/train_gpt10b_tp_families.py:549: DeprecationWarning: Use torch_xla.sync instead
  xm.mark_step()   # slice sync graph: F6/F7 done
/home/ubuntu/train_gpt10b_tp_families.py:533: DeprecationWarning: Use torch_xla.sync instead
  xm.mark_step()   # slice sync graph: F4b done
/home/ubuntu/train_gpt10b_tp_families.py:549: DeprecationWarning: Use torch_xla.sync instead
  xm.mark_step()   # slice sync graph: F6/F7 done
/home/ubuntu/train_gpt10b_tp_families.py:533: DeprecationWarning: Use torch_xla.sync instead
  xm.mark_step()   # slice sync graph: F4b done
/home/ubuntu/train_gpt10b_tp_families.py:549: DeprecationWarning: Use torch_xla.sync instead
  xm.mark_step()   # slice sync graph: F6/F7 done
/home/ubuntu/train_gpt10b_tp_families.py:549: DeprecationWarning: Use torch_xla.sync instead
  xm.mark_step()   # slice sync graph: F6/F7 done
/home/ubuntu/train_gpt10b_tp_families.py:549: DeprecationWarning: Use torch_xla.sync instead
  xm.mark_step()   # slice sync graph: F6/F7 done
/home/ubuntu/train_gpt10b_tp_families.py:549: DeprecationWarning: Use torch_xla.sync instead
  xm.mark_step()   # slice sync graph: F6/F7 done
/home/ubuntu/train_gpt10b_tp_families.py:549: DeprecationWarning: Use torch_xla.sync instead
  xm.mark_step()   # slice sync graph: F6/F7 done
/home/ubuntu/train_gpt10b_tp_families.py:549: DeprecationWarning: Use torch_xla.sync instead
  xm.mark_step()   # slice sync graph: F6/F7 done
/home/ubuntu/train_gpt10b_tp_families.py:549: DeprecationWarning: Use torch_xla.sync instead
  xm.mark_step()   # slice sync graph: F6/F7 done
/home/ubuntu/train_gpt10b_tp_families.py:533: DeprecationWarning: Use torch_xla.sync instead
  xm.mark_step()   # slice sync graph: F4b done
/home/ubuntu/train_gpt10b_tp_families.py:549: DeprecationWarning: Use torch_xla.sync instead
  xm.mark_step()   # slice sync graph: F6/F7 done
/home/ubuntu/train_gpt10b_tp_families.py:533: DeprecationWarning: Use torch_xla.sync instead
  xm.mark_step()   # slice sync graph: F4b done
/home/ubuntu/train_gpt10b_tp_families.py:549: DeprecationWarning: Use torch_xla.sync instead
  xm.mark_step()   # slice sync graph: F6/F7 done
/home/ubuntu/train_gpt10b_tp_families.py:533: DeprecationWarning: Use torch_xla.sync instead
  xm.mark_step()   # slice sync graph: F4b done
/home/ubuntu/train_gpt10b_tp_families.py:533: DeprecationWarning: Use torch_xla.sync instead
  xm.mark_step()   # slice sync graph: F4b done
/home/ubuntu/train_gpt10b_tp_families.py:533: DeprecationWarning: Use torch_xla.sync instead
  xm.mark_step()   # slice sync graph: F4b done
/home/ubuntu/train_gpt10b_tp_families.py:549: DeprecationWarning: Use torch_xla.sync instead
  xm.mark_step()   # slice sync graph: F6/F7 done
/home/ubuntu/train_gpt10b_tp_families.py:549: DeprecationWarning: Use torch_xla.sync instead
  xm.mark_step()   # slice sync graph: F6/F7 done
/home/ubuntu/train_gpt10b_tp_families.py:549: DeprecationWarning: Use torch_xla.sync instead
  xm.mark_step()   # slice sync graph: F6/F7 done
/home/ubuntu/train_gpt10b_tp_families.py:549: DeprecationWarning: Use torch_xla.sync instead
  xm.mark_step()   # slice sync graph: F6/F7 done
/home/ubuntu/train_gpt10b_tp_families.py:533: DeprecationWarning: Use torch_xla.sync instead
  xm.mark_step()   # slice sync graph: F4b done
/home/ubuntu/train_gpt10b_tp_families.py:533: DeprecationWarning: Use torch_xla.sync instead
  xm.mark_step()   # slice sync graph: F4b done
/home/ubuntu/train_gpt10b_tp_families.py:549: DeprecationWarning: Use torch_xla.sync instead
  xm.mark_step()   # slice sync graph: F6/F7 done
/home/ubuntu/train_gpt10b_tp_families.py:533: DeprecationWarning: Use torch_xla.sync instead
  xm.mark_step()   # slice sync graph: F4b done
/home/ubuntu/train_gpt10b_tp_families.py:533: DeprecationWarning: Use torch_xla.sync instead
  xm.mark_step()   # slice sync graph: F4b done
/home/ubuntu/train_gpt10b_tp_families.py:549: DeprecationWarning: Use torch_xla.sync instead
  xm.mark_step()   # slice sync graph: F6/F7 done
/home/ubuntu/train_gpt10b_tp_families.py:549: DeprecationWarning: Use torch_xla.sync instead
  xm.mark_step()   # slice sync graph: F6/F7 done
/home/ubuntu/train_gpt10b_tp_families.py:549: DeprecationWarning: Use torch_xla.sync instead
  xm.mark_step()   # slice sync graph: F6/F7 done
/home/ubuntu/train_gpt10b_tp_families.py:549: DeprecationWarning: Use torch_xla.sync instead
  xm.mark_step()   # slice sync graph: F6/F7 done

Compiler status PASS
2026-09-09 09:10:52.000426:  113563  [INFO]: Compilation Successfully Completed for model.MODULE_5289844287430996147+e30acd3a.hlo_module.pb
/home/ubuntu/train_gpt10b_tp_families.py:568: DeprecationWarning: Use torch_xla.sync instead
  xm.mark_step()
2026-09-09 09:10:52.000795:  113565  [INFO]: Using a cached neff at /home/ubuntu/neuron_cache_e2e/neuronxcc-2.23.6484.0+3b612583/MODULE_5289844287430996147+e30acd3a/model.neff
2026-09-09 09:10:52.000797:  113562  [INFO]: Using a cached neff at /home/ubuntu/neuron_cache_e2e/neuronxcc-2.23.6484.0+3b612583/MODULE_5289844287430996147+e30acd3a/model.neff
2026-09-09 09:10:52.000801:  113577  [INFO]: Using a cached neff at /home/ubuntu/neuron_cache_e2e/neuronxcc-2.23.6484.0+3b612583/MODULE_5289844287430996147+e30acd3a/model.neff
2026-09-09 09:10:52.000802:  113582  [INFO]: Using a cached neff at /home/ubuntu/neuron_cache_e2e/neuronxcc-2.23.6484.0+3b612583/MODULE_5289844287430996147+e30acd3a/model.neff
2026-09-09 09:10:52.000805:  113571  [INFO]: Using a cached neff at /home/ubuntu/neuron_cache_e2e/neuronxcc-2.23.6484.0+3b612583/MODULE_5289844287430996147+e30acd3a/model.neff
2026-09-09 09:10:52.000808:  113555  [INFO]: Using a cached neff at /home/ubuntu/neuron_cache_e2e/neuronxcc-2.23.6484.0+3b612583/MODULE_5289844287430996147+e30acd3a/model.neff
2026-09-09 09:10:52.000812:  113553  [INFO]: Using a cached neff at /home/ubuntu/neuron_cache_e2e/neuronxcc-2.23.6484.0+3b612583/MODULE_5289844287430996147+e30acd3a/model.neff
2026-09-09 09:10:52.000814:  113578  [INFO]: Using a cached neff at /home/ubuntu/neuron_cache_e2e/neuronxcc-2.23.6484.0+3b612583/MODULE_5289844287430996147+e30acd3a/model.neff
2026-09-09 09:10:52.000817:  113580  [INFO]: Using a cached neff at /home/ubuntu/neuron_cache_e2e/neuronxcc-2.23.6484.0+3b612583/MODULE_5289844287430996147+e30acd3a/model.neff
2026-09-09 09:10:52.000823:  113570  [INFO]: Using a cached neff at /home/ubuntu/neuron_cache_e2e/neuronxcc-2.23.6484.0+3b612583/MODULE_5289844287430996147+e30acd3a/model.neff
2026-09-09 09:10:52.000823:  113569  [INFO]: Using a cached neff at /home/ubuntu/neuron_cache_e2e/neuronxcc-2.23.6484.0+3b612583/MODULE_5289844287430996147+e30acd3a/model.neff
2026-09-09 09:10:52.000827:  113581  [INFO]: Using a cached neff at /home/ubuntu/neuron_cache_e2e/neuronxcc-2.23.6484.0+3b612583/MODULE_5289844287430996147+e30acd3a/model.neff
2026-09-09 09:10:52.000827:  113575  [INFO]: Using a cached neff at /home/ubuntu/neuron_cache_e2e/neuronxcc-2.23.6484.0+3b612583/MODULE_5289844287430996147+e30acd3a/model.neff
2026-09-09 09:10:52.000828:  113566  [INFO]: Using a cached neff at /home/ubuntu/neuron_cache_e2e/neuronxcc-2.23.6484.0+3b612583/MODULE_5289844287430996147+e30acd3a/model.neff
2026-09-09 09:10:52.000829:  113561  [INFO]: Using a cached neff at /home/ubuntu/neuron_cache_e2e/neuronxcc-2.23.6484.0+3b612583/MODULE_5289844287430996147+e30acd3a/model.neff
2026-09-09 09:10:52.000829:  113564  [INFO]: Using a cached neff at /home/ubuntu/neuron_cache_e2e/neuronxcc-2.23.6484.0+3b612583/MODULE_5289844287430996147+e30acd3a/model.neff
2026-09-09 09:10:52.000829:  113559  [INFO]: Using a cached neff at /home/ubuntu/neuron_cache_e2e/neuronxcc-2.23.6484.0+3b612583/MODULE_5289844287430996147+e30acd3a/model.neff
2026-09-09 09:10:52.000833:  113551  [INFO]: Using a cached neff at /home/ubuntu/neuron_cache_e2e/neuronxcc-2.23.6484.0+3b612583/MODULE_5289844287430996147+e30acd3a/model.neff
2026-09-09 09:10:52.000833:  113567  [INFO]: Using a cached neff at /home/ubuntu/neuron_cache_e2e/neuronxcc-2.23.6484.0+3b612583/MODULE_5289844287430996147+e30acd3a/model.neff
2026-09-09 09:10:52.000834:  113558  [INFO]: Using a cached neff at /home/ubuntu/neuron_cache_e2e/neuronxcc-2.23.6484.0+3b612583/MODULE_5289844287430996147+e30acd3a/model.neff
2026-09-09 09:10:52.000835:  113573  [INFO]: Using a cached neff at /home/ubuntu/neuron_cache_e2e/neuronxcc-2.23.6484.0+3b612583/MODULE_5289844287430996147+e30acd3a/model.neff
2026-09-09 09:10:52.000839:  113572  [INFO]: Using a cached neff at /home/ubuntu/neuron_cache_e2e/neuronxcc-2.23.6484.0+3b612583/MODULE_5289844287430996147+e30acd3a/model.neff
2026-09-09 09:10:52.000840:  113579  [INFO]: Using a cached neff at /home/ubuntu/neuron_cache_e2e/neuronxcc-2.23.6484.0+3b612583/MODULE_5289844287430996147+e30acd3a/model.neff
2026-09-09 09:10:52.000842:  113560  [INFO]: Using a cached neff at /home/ubuntu/neuron_cache_e2e/neuronxcc-2.23.6484.0+3b612583/MODULE_5289844287430996147+e30acd3a/model.neff
2026-09-09 09:10:52.000842:  113556  [INFO]: Using a cached neff at /home/ubuntu/neuron_cache_e2e/neuronxcc-2.23.6484.0+3b612583/MODULE_5289844287430996147+e30acd3a/model.neff
2026-09-09 09:10:52.000844:  113576  [INFO]: Using a cached neff at /home/ubuntu/neuron_cache_e2e/neuronxcc-2.23.6484.0+3b612583/MODULE_5289844287430996147+e30acd3a/model.neff
2026-09-09 09:10:52.000845:  113568  [INFO]: Using a cached neff at /home/ubuntu/neuron_cache_e2e/neuronxcc-2.23.6484.0+3b612583/MODULE_5289844287430996147+e30acd3a/model.neff
2026-09-09 09:10:52.000846:  113557  [INFO]: Using a cached neff at /home/ubuntu/neuron_cache_e2e/neuronxcc-2.23.6484.0+3b612583/MODULE_5289844287430996147+e30acd3a/model.neff
2026-09-09 09:10:52.000846:  113552  [INFO]: Using a cached neff at /home/ubuntu/neuron_cache_e2e/neuronxcc-2.23.6484.0+3b612583/MODULE_5289844287430996147+e30acd3a/model.neff
2026-09-09 09:10:52.000847:  113554  [INFO]: Using a cached neff at /home/ubuntu/neuron_cache_e2e/neuronxcc-2.23.6484.0+3b612583/MODULE_5289844287430996147+e30acd3a/model.neff
2026-09-09 09:10:52.000847:  113574  [INFO]: Using a cached neff at /home/ubuntu/neuron_cache_e2e/neuronxcc-2.23.6484.0+3b612583/MODULE_5289844287430996147+e30acd3a/model.neff
/home/ubuntu/train_gpt10b_tp_families.py:568: DeprecationWarning: Use torch_xla.sync instead
  xm.mark_step()
/home/ubuntu/train_gpt10b_tp_families.py:568: DeprecationWarning: Use torch_xla.sync instead
  xm.mark_step()
/home/ubuntu/train_gpt10b_tp_families.py:568: DeprecationWarning: Use torch_xla.sync instead
  xm.mark_step()
/home/ubuntu/train_gpt10b_tp_families.py:568: DeprecationWarning: Use torch_xla.sync instead
  xm.mark_step()
/home/ubuntu/train_gpt10b_tp_families.py:568: DeprecationWarning: Use torch_xla.sync instead
  xm.mark_step()
/home/ubuntu/train_gpt10b_tp_families.py:568: DeprecationWarning: Use torch_xla.sync instead
  xm.mark_step()
/home/ubuntu/train_gpt10b_tp_families.py:568: DeprecationWarning: Use torch_xla.sync instead
  xm.mark_step()
/home/ubuntu/train_gpt10b_tp_families.py:568: DeprecationWarning: Use torch_xla.sync instead
  xm.mark_step()
/home/ubuntu/train_gpt10b_tp_families.py:568: DeprecationWarning: Use torch_xla.sync instead
  xm.mark_step()
/home/ubuntu/train_gpt10b_tp_families.py:568: DeprecationWarning: Use torch_xla.sync instead
  xm.mark_step()
/home/ubuntu/train_gpt10b_tp_families.py:568: DeprecationWarning: Use torch_xla.sync instead
  xm.mark_step()
/home/ubuntu/train_gpt10b_tp_families.py:568: DeprecationWarning: Use torch_xla.sync instead
  xm.mark_step()
/home/ubuntu/train_gpt10b_tp_families.py:568: DeprecationWarning: Use torch_xla.sync instead
  xm.mark_step()
/home/ubuntu/train_gpt10b_tp_families.py:568: DeprecationWarning: Use torch_xla.sync instead
  xm.mark_step()
/home/ubuntu/train_gpt10b_tp_families.py:568: DeprecationWarning: Use torch_xla.sync instead
  xm.mark_step()
/home/ubuntu/train_gpt10b_tp_families.py:568: DeprecationWarning: Use torch_xla.sync instead
  xm.mark_step()
/home/ubuntu/train_gpt10b_tp_families.py:568: DeprecationWarning: Use torch_xla.sync instead
  xm.mark_step()
/home/ubuntu/train_gpt10b_tp_families.py:568: DeprecationWarning: Use torch_xla.sync instead
  xm.mark_step()
/home/ubuntu/train_gpt10b_tp_families.py:568: DeprecationWarning: Use torch_xla.sync instead
  xm.mark_step()
/home/ubuntu/train_gpt10b_tp_families.py:568: DeprecationWarning: Use torch_xla.sync instead
  xm.mark_step()
/home/ubuntu/train_gpt10b_tp_families.py:568: DeprecationWarning: Use torch_xla.sync instead
  xm.mark_step()
/home/ubuntu/train_gpt10b_tp_families.py:568: DeprecationWarning: Use torch_xla.sync instead
  xm.mark_step()
/home/ubuntu/train_gpt10b_tp_families.py:568: DeprecationWarning: Use torch_xla.sync instead
  xm.mark_step()
/home/ubuntu/train_gpt10b_tp_families.py:568: DeprecationWarning: Use torch_xla.sync instead
  xm.mark_step()
/home/ubuntu/train_gpt10b_tp_families.py:568: DeprecationWarning: Use torch_xla.sync instead
  xm.mark_step()
/home/ubuntu/train_gpt10b_tp_families.py:568: DeprecationWarning: Use torch_xla.sync instead
  xm.mark_step()
/home/ubuntu/train_gpt10b_tp_families.py:568: DeprecationWarning: Use torch_xla.sync instead
  xm.mark_step()
/home/ubuntu/train_gpt10b_tp_families.py:568: DeprecationWarning: Use torch_xla.sync instead
  xm.mark_step()
/home/ubuntu/train_gpt10b_tp_families.py:568: DeprecationWarning: Use torch_xla.sync instead
  xm.mark_step()
/home/ubuntu/train_gpt10b_tp_families.py:568: DeprecationWarning: Use torch_xla.sync instead
  xm.mark_step()
/home/ubuntu/train_gpt10b_tp_families.py:568: DeprecationWarning: Use torch_xla.sync instead
  xm.mark_step()
2026-09-09 09:10:53.000104:  113557  [INFO]: Using a cached neff at /home/ubuntu/neuron_cache_e2e/neuronxcc-2.23.6484.0+3b612583/MODULE_5827082468977595728+e30acd3a/model.neff
2026-09-09 09:10:53.000105:  113568  [INFO]: Using a cached neff at /home/ubuntu/neuron_cache_e2e/neuronxcc-2.23.6484.0+3b612583/MODULE_5827082468977595728+e30acd3a/model.neff
2026-09-09 09:10:53.000111:  113579  [INFO]: Using a cached neff at /home/ubuntu/neuron_cache_e2e/neuronxcc-2.23.6484.0+3b612583/MODULE_5827082468977595728+e30acd3a/model.neff
2026-09-09 09:10:53.000111:  113572  [INFO]: Using a cached neff at /home/ubuntu/neuron_cache_e2e/neuronxcc-2.23.6484.0+3b612583/MODULE_5827082468977595728+e30acd3a/model.neff
2026-09-09 09:10:53.000115:  113570  [INFO]: Using a cached neff at /home/ubuntu/neuron_cache_e2e/neuronxcc-2.23.6484.0+3b612583/MODULE_5827082468977595728+e30acd3a/model.neff
2026-09-09 09:10:53.000117:  113574  [INFO]: Using a cached neff at /home/ubuntu/neuron_cache_e2e/neuronxcc-2.23.6484.0+3b612583/MODULE_5827082468977595728+e30acd3a/model.neff
2026-09-09 09:10:53.000118:  113578  [INFO]: Using a cached neff at /home/ubuntu/neuron_cache_e2e/neuronxcc-2.23.6484.0+3b612583/MODULE_5827082468977595728+e30acd3a/model.neff
2026-09-09 09:10:53.000119:  113581  [INFO]: Using a cached neff at /home/ubuntu/neuron_cache_e2e/neuronxcc-2.23.6484.0+3b612583/MODULE_5827082468977595728+e30acd3a/model.neff
2026-09-09 09:10:53.000120:  113575  [INFO]: Using a cached neff at /home/ubuntu/neuron_cache_e2e/neuronxcc-2.23.6484.0+3b612583/MODULE_5827082468977595728+e30acd3a/model.neff
2026-09-09 09:10:53.000123:  113560  [INFO]: Using a cached neff at /home/ubuntu/neuron_cache_e2e/neuronxcc-2.23.6484.0+3b612583/MODULE_5827082468977595728+e30acd3a/model.neff
2026-09-09 09:10:53.000128:  113554  [INFO]: Using a cached neff at /home/ubuntu/neuron_cache_e2e/neuronxcc-2.23.6484.0+3b612583/MODULE_5827082468977595728+e30acd3a/model.neff
2026-09-09 09:10:53.000130:  113573  [INFO]: Using a cached neff at /home/ubuntu/neuron_cache_e2e/neuronxcc-2.23.6484.0+3b612583/MODULE_5827082468977595728+e30acd3a/model.neff
2026-09-09 09:10:53.000136:  113552  [INFO]: Using a cached neff at /home/ubuntu/neuron_cache_e2e/neuronxcc-2.23.6484.0+3b612583/MODULE_5827082468977595728+e30acd3a/model.neff
2026-09-09 09:10:53.000140:  113562  [INFO]: Using a cached neff at /home/ubuntu/neuron_cache_e2e/neuronxcc-2.23.6484.0+3b612583/MODULE_5827082468977595728+e30acd3a/model.neff
2026-09-09 09:10:53.000141:  113564  [INFO]: Using a cached neff at /home/ubuntu/neuron_cache_e2e/neuronxcc-2.23.6484.0+3b612583/MODULE_5827082468977595728+e30acd3a/model.neff
2026-09-09 09:10:53.000144:  113566  [INFO]: Using a cached neff at /home/ubuntu/neuron_cache_e2e/neuronxcc-2.23.6484.0+3b612583/MODULE_5827082468977595728+e30acd3a/model.neff
2026-09-09 09:10:53.000147:  113551  [INFO]: Using a cached neff at /home/ubuntu/neuron_cache_e2e/neuronxcc-2.23.6484.0+3b612583/MODULE_5827082468977595728+e30acd3a/model.neff
2026-09-09 09:10:53.000149:  113565  [INFO]: Using a cached neff at /home/ubuntu/neuron_cache_e2e/neuronxcc-2.23.6484.0+3b612583/MODULE_5827082468977595728+e30acd3a/model.neff
2026-09-09 09:10:53.000151:  113553  [INFO]: Using a cached neff at /home/ubuntu/neuron_cache_e2e/neuronxcc-2.23.6484.0+3b612583/MODULE_5827082468977595728+e30acd3a/model.neff
2026-09-09 09:10:53.000152:  113571  [INFO]: Using a cached neff at /home/ubuntu/neuron_cache_e2e/neuronxcc-2.23.6484.0+3b612583/MODULE_5827082468977595728+e30acd3a/model.neff
2026-09-09 09:10:53.000156:  113569  [INFO]: Using a cached neff at /home/ubuntu/neuron_cache_e2e/neuronxcc-2.23.6484.0+3b612583/MODULE_5827082468977595728+e30acd3a/model.neff
2026-09-09 09:10:53.000157:  113561  [INFO]: Using a cached neff at /home/ubuntu/neuron_cache_e2e/neuronxcc-2.23.6484.0+3b612583/MODULE_5827082468977595728+e30acd3a/model.neff
2026-09-09 09:10:53.000158:  113577  [INFO]: Using a cached neff at /home/ubuntu/neuron_cache_e2e/neuronxcc-2.23.6484.0+3b612583/MODULE_5827082468977595728+e30acd3a/model.neff
2026-09-09 09:10:53.000161:  113556  [INFO]: Using a cached neff at /home/ubuntu/neuron_cache_e2e/neuronxcc-2.23.6484.0+3b612583/MODULE_5827082468977595728+e30acd3a/model.neff
2026-09-09 09:10:53.000161:  113567  [INFO]: Using a cached neff at /home/ubuntu/neuron_cache_e2e/neuronxcc-2.23.6484.0+3b612583/MODULE_5827082468977595728+e30acd3a/model.neff
2026-09-09 09:10:53.000166:  113580  [INFO]: Using a cached neff at /home/ubuntu/neuron_cache_e2e/neuronxcc-2.23.6484.0+3b612583/MODULE_5827082468977595728+e30acd3a/model.neff
2026-09-09 09:10:53.000167:  113576  [INFO]: Using a cached neff at /home/ubuntu/neuron_cache_e2e/neuronxcc-2.23.6484.0+3b612583/MODULE_5827082468977595728+e30acd3a/model.neff
2026-09-09 09:10:53.000176:  113563  [INFO]: Using a cached neff at /home/ubuntu/neuron_cache_e2e/neuronxcc-2.23.6484.0+3b612583/MODULE_5827082468977595728+e30acd3a/model.neff
/home/ubuntu/train_gpt10b_tp_families.py:627: DeprecationWarning: Use torch_xla.sync instead
  xm.mark_step()
/home/ubuntu/train_gpt10b_tp_families.py:627: DeprecationWarning: Use torch_xla.sync instead
  xm.mark_step()
2026-09-09 09:10:53.000183:  113582  [INFO]: Using a cached neff at /home/ubuntu/neuron_cache_e2e/neuronxcc-2.23.6484.0+3b612583/MODULE_5827082468977595728+e30acd3a/model.neff
2026-09-09 09:10:53.000184:  113555  [INFO]: Using a cached neff at /home/ubuntu/neuron_cache_e2e/neuronxcc-2.23.6484.0+3b612583/MODULE_5827082468977595728+e30acd3a/model.neff
/home/ubuntu/train_gpt10b_tp_families.py:627: DeprecationWarning: Use torch_xla.sync instead
  xm.mark_step()
2026-09-09 09:10:53.000189:  113559  [INFO]: Using a cached neff at /home/ubuntu/neuron_cache_e2e/neuronxcc-2.23.6484.0+3b612583/MODULE_5827082468977595728+e30acd3a/model.neff
2026-09-09 09:10:53.000190:  113558  [INFO]: Using a cached neff at /home/ubuntu/neuron_cache_e2e/neuronxcc-2.23.6484.0+3b612583/MODULE_5827082468977595728+e30acd3a/model.neff
/home/ubuntu/train_gpt10b_tp_families.py:627: DeprecationWarning: Use torch_xla.sync instead
  xm.mark_step()
/home/ubuntu/train_gpt10b_tp_families.py:627: DeprecationWarning: Use torch_xla.sync instead
  xm.mark_step()
/home/ubuntu/train_gpt10b_tp_families.py:627: DeprecationWarning: Use torch_xla.sync instead
  xm.mark_step()
/home/ubuntu/train_gpt10b_tp_families.py:627: DeprecationWarning: Use torch_xla.sync instead
  xm.mark_step()
/home/ubuntu/train_gpt10b_tp_families.py:627: DeprecationWarning: Use torch_xla.sync instead
  xm.mark_step()
/home/ubuntu/train_gpt10b_tp_families.py:627: DeprecationWarning: Use torch_xla.sync instead
  xm.mark_step()
/home/ubuntu/train_gpt10b_tp_families.py:627: DeprecationWarning: Use torch_xla.sync instead
  xm.mark_step()
/home/ubuntu/train_gpt10b_tp_families.py:627: DeprecationWarning: Use torch_xla.sync instead
  xm.mark_step()
/home/ubuntu/train_gpt10b_tp_families.py:627: DeprecationWarning: Use torch_xla.sync instead
  xm.mark_step()
/home/ubuntu/train_gpt10b_tp_families.py:627: DeprecationWarning: Use torch_xla.sync instead
  xm.mark_step()
/home/ubuntu/train_gpt10b_tp_families.py:627: DeprecationWarning: Use torch_xla.sync instead
  xm.mark_step()
/home/ubuntu/train_gpt10b_tp_families.py:627: DeprecationWarning: Use torch_xla.sync instead
  xm.mark_step()
/home/ubuntu/train_gpt10b_tp_families.py:627: DeprecationWarning: Use torch_xla.sync instead
  xm.mark_step()
/home/ubuntu/train_gpt10b_tp_families.py:627: DeprecationWarning: Use torch_xla.sync instead
  xm.mark_step()
/home/ubuntu/train_gpt10b_tp_families.py:627: DeprecationWarning: Use torch_xla.sync instead
  xm.mark_step()
/home/ubuntu/train_gpt10b_tp_families.py:627: DeprecationWarning: Use torch_xla.sync instead
  xm.mark_step()
/home/ubuntu/train_gpt10b_tp_families.py:627: DeprecationWarning: Use torch_xla.sync instead
  xm.mark_step()
/home/ubuntu/train_gpt10b_tp_families.py:627: DeprecationWarning: Use torch_xla.sync instead
  xm.mark_step()
/home/ubuntu/train_gpt10b_tp_families.py:627: DeprecationWarning: Use torch_xla.sync instead
  xm.mark_step()
/home/ubuntu/train_gpt10b_tp_families.py:627: DeprecationWarning: Use torch_xla.sync instead
  xm.mark_step()
/home/ubuntu/train_gpt10b_tp_families.py:627: DeprecationWarning: Use torch_xla.sync instead
  xm.mark_step()
/home/ubuntu/train_gpt10b_tp_families.py:627: DeprecationWarning: Use torch_xla.sync instead
  xm.mark_step()
/home/ubuntu/train_gpt10b_tp_families.py:627: DeprecationWarning: Use torch_xla.sync instead
  xm.mark_step()
/home/ubuntu/train_gpt10b_tp_families.py:627: DeprecationWarning: Use torch_xla.sync instead
  xm.mark_step()
/home/ubuntu/train_gpt10b_tp_families.py:627: DeprecationWarning: Use torch_xla.sync instead
  xm.mark_step()
/home/ubuntu/train_gpt10b_tp_families.py:627: DeprecationWarning: Use torch_xla.sync instead
  xm.mark_step()
/home/ubuntu/train_gpt10b_tp_families.py:627: DeprecationWarning: Use torch_xla.sync instead
  xm.mark_step()
/home/ubuntu/train_gpt10b_tp_families.py:627: DeprecationWarning: Use torch_xla.sync instead
  xm.mark_step()
/home/ubuntu/train_gpt10b_tp_families.py:627: DeprecationWarning: Use torch_xla.sync instead
  xm.mark_step()
2026-09-09 09:10:57.000255:  113578  [INFO]: Using a cached neff at /home/ubuntu/neuron_cache_e2e/neuronxcc-2.23.6484.0+3b612583/MODULE_15471561942199109669+e30acd3a/model.neff
2026-09-09 09:10:58.000145:  113558  [INFO]: Using a cached neff at /home/ubuntu/neuron_cache_e2e/neuronxcc-2.23.6484.0+3b612583/MODULE_15471561942199109669+e30acd3a/model.neff
2026-09-09 09:10:58.000568:  113556  [INFO]: Using a cached neff at /home/ubuntu/neuron_cache_e2e/neuronxcc-2.23.6484.0+3b612583/MODULE_15471561942199109669+e30acd3a/model.neff
2026-09-09 09:10:58.000704:  113551  [INFO]: Using a cached neff at /home/ubuntu/neuron_cache_e2e/neuronxcc-2.23.6484.0+3b612583/MODULE_15471561942199109669+e30acd3a/model.neff
2026-09-09 09:10:59.000031:  113578  [INFO]: Using a cached neff at /home/ubuntu/neuron_cache_e2e/neuronxcc-2.23.6484.0+3b612583/MODULE_8581184631312811179+e30acd3a/model.neff
2026-09-09 09:10:59.000400:  113567  [INFO]: Using a cached neff at /home/ubuntu/neuron_cache_e2e/neuronxcc-2.23.6484.0+3b612583/MODULE_15471561942199109669+e30acd3a/model.neff
2026-09-09 09:10:59.000447:  113565  [INFO]: Using a cached neff at /home/ubuntu/neuron_cache_e2e/neuronxcc-2.23.6484.0+3b612583/MODULE_15471561942199109669+e30acd3a/model.neff
2026-09-09 09:10:59.000492:  113552  [INFO]: Using a cached neff at /home/ubuntu/neuron_cache_e2e/neuronxcc-2.23.6484.0+3b612583/MODULE_15471561942199109669+e30acd3a/model.neff
2026-09-09 09:10:59.000676:  113557  [INFO]: Using a cached neff at /home/ubuntu/neuron_cache_e2e/neuronxcc-2.23.6484.0+3b612583/MODULE_15471561942199109669+e30acd3a/model.neff
2026-09-09 09:11:00.000190:  113582  [INFO]: Using a cached neff at /home/ubuntu/neuron_cache_e2e/neuronxcc-2.23.6484.0+3b612583/MODULE_15471561942199109669+e30acd3a/model.neff
2026-09-09 09:11:00.000236:  113560  [INFO]: Using a cached neff at /home/ubuntu/neuron_cache_e2e/neuronxcc-2.23.6484.0+3b612583/MODULE_15471561942199109669+e30acd3a/model.neff
2026-09-09 09:11:00.000331:  113580  [INFO]: Using a cached neff at /home/ubuntu/neuron_cache_e2e/neuronxcc-2.23.6484.0+3b612583/MODULE_15471561942199109669+e30acd3a/model.neff
2026-09-09 09:11:00.000516:  113559  [INFO]: Using a cached neff at /home/ubuntu/neuron_cache_e2e/neuronxcc-2.23.6484.0+3b612583/MODULE_15471561942199109669+e30acd3a/model.neff
2026-09-09 09:11:00.000609:  113568  [INFO]: Using a cached neff at /home/ubuntu/neuron_cache_e2e/neuronxcc-2.23.6484.0+3b612583/MODULE_15471561942199109669+e30acd3a/model.neff
2026-09-09 09:11:00.000840:  113570  [INFO]: Using a cached neff at /home/ubuntu/neuron_cache_e2e/neuronxcc-2.23.6484.0+3b612583/MODULE_15471561942199109669+e30acd3a/model.neff
2026-09-09 09:11:01.000119:  113576  [INFO]: Using a cached neff at /home/ubuntu/neuron_cache_e2e/neuronxcc-2.23.6484.0+3b612583/MODULE_15471561942199109669+e30acd3a/model.neff
2026-09-09 09:11:01.000305:  113564  [INFO]: Using a cached neff at /home/ubuntu/neuron_cache_e2e/neuronxcc-2.23.6484.0+3b612583/MODULE_15471561942199109669+e30acd3a/model.neff
2026-09-09 09:11:01.000395:  113577  [INFO]: Using a cached neff at /home/ubuntu/neuron_cache_e2e/neuronxcc-2.23.6484.0+3b612583/MODULE_15471561942199109669+e30acd3a/model.neff
2026-09-09 09:11:01.000395:  113581  [INFO]: Using a cached neff at /home/ubuntu/neuron_cache_e2e/neuronxcc-2.23.6484.0+3b612583/MODULE_15471561942199109669+e30acd3a/model.neff
2026-09-09 09:11:01.000488:  113553  [INFO]: Using a cached neff at /home/ubuntu/neuron_cache_e2e/neuronxcc-2.23.6484.0+3b612583/MODULE_15471561942199109669+e30acd3a/model.neff
2026-09-09 09:11:01.000488:  113574  [INFO]: Using a cached neff at /home/ubuntu/neuron_cache_e2e/neuronxcc-2.23.6484.0+3b612583/MODULE_15471561942199109669+e30acd3a/model.neff
2026-09-09 09:11:01.000617:  113555  [INFO]: Using a cached neff at /home/ubuntu/neuron_cache_e2e/neuronxcc-2.23.6484.0+3b612583/MODULE_15471561942199109669+e30acd3a/model.neff
2026-09-09 09:11:03.000363:  113556  [INFO]: Using a cached neff at /home/ubuntu/neuron_cache_e2e/neuronxcc-2.23.6484.0+3b612583/MODULE_8581184631312811179+e30acd3a/model.neff
2026-09-09 09:11:03.000363:  113572  [INFO]: Using a cached neff at /home/ubuntu/neuron_cache_e2e/neuronxcc-2.23.6484.0+3b612583/MODULE_15471561942199109669+e30acd3a/model.neff
2026-09-09 09:11:04.000317:  113566  [INFO]: Using a cached neff at /home/ubuntu/neuron_cache_e2e/neuronxcc-2.23.6484.0+3b612583/MODULE_15471561942199109669+e30acd3a/model.neff
2026-09-09 09:11:04.000380:  113571  [INFO]: Using a cached neff at /home/ubuntu/neuron_cache_e2e/neuronxcc-2.23.6484.0+3b612583/MODULE_15471561942199109669+e30acd3a/model.neff
2026-09-09 09:11:04.000470:  113554  [INFO]: Using a cached neff at /home/ubuntu/neuron_cache_e2e/neuronxcc-2.23.6484.0+3b612583/MODULE_15471561942199109669+e30acd3a/model.neff
/home/ubuntu/train_gpt10b_tp_families.py:638: DeprecationWarning: Use torch_xla.sync instead
  xm.mark_step()
2026-09-09 09:11:04.000565:  113573  [INFO]: Using a cached neff at /home/ubuntu/neuron_cache_e2e/neuronxcc-2.23.6484.0+3b612583/MODULE_15471561942199109669+e30acd3a/model.neff
2026-09-09 09:11:04.000565:  113563  [INFO]: Using a cached neff at /home/ubuntu/neuron_cache_e2e/neuronxcc-2.23.6484.0+3b612583/MODULE_15471561942199109669+e30acd3a/model.neff
2026-09-09 09:11:04.000615:  113575  [INFO]: Using a cached neff at /home/ubuntu/neuron_cache_e2e/neuronxcc-2.23.6484.0+3b612583/MODULE_15471561942199109669+e30acd3a/model.neff
2026-09-09 09:11:04.000660:  113562  [INFO]: Using a cached neff at /home/ubuntu/neuron_cache_e2e/neuronxcc-2.23.6484.0+3b612583/MODULE_15471561942199109669+e30acd3a/model.neff
2026-09-09 09:11:05.000201:  113558  [INFO]: Using a cached neff at /home/ubuntu/neuron_cache_e2e/neuronxcc-2.23.6484.0+3b612583/MODULE_8581184631312811179+e30acd3a/model.neff
2026-09-09 09:11:05.000652:  113578  [INFO]: Using a cached neff at /home/ubuntu/neuron_cache_e2e/neuronxcc-2.23.6484.0+3b612583/MODULE_9715013359532217420+e30acd3a/model.neff
2026-09-09 09:11:06.000119:  113560  [INFO]: Using a cached neff at /home/ubuntu/neuron_cache_e2e/neuronxcc-2.23.6484.0+3b612583/MODULE_8581184631312811179+e30acd3a/model.neff
/home/ubuntu/train_gpt10b_tp_families.py:655: DeprecationWarning: Use torch_xla.sync instead
  xm.mark_step()
2026-09-09 09:11:06.000627:  113551  [INFO]: Using a cached neff at /home/ubuntu/neuron_cache_e2e/neuronxcc-2.23.6484.0+3b612583/MODULE_8581184631312811179+e30acd3a/model.neff
2026-09-09 09:11:06.000758:  113582  [INFO]: Using a cached neff at /home/ubuntu/neuron_cache_e2e/neuronxcc-2.23.6484.0+3b612583/MODULE_8581184631312811179+e30acd3a/model.neff
2026-09-09 09:11:06.000986:  113557  [INFO]: Using a cached neff at /home/ubuntu/neuron_cache_e2e/neuronxcc-2.23.6484.0+3b612583/MODULE_8581184631312811179+e30acd3a/model.neff
2026-09-09 09:11:07.000030:  113567  [INFO]: Using a cached neff at /home/ubuntu/neuron_cache_e2e/neuronxcc-2.23.6484.0+3b612583/MODULE_8581184631312811179+e30acd3a/model.neff
2026-09-09 09:11:07.000030:  113552  [INFO]: Using a cached neff at /home/ubuntu/neuron_cache_e2e/neuronxcc-2.23.6484.0+3b612583/MODULE_8581184631312811179+e30acd3a/model.neff
2026-09-09 09:11:07.000030:  113565  [INFO]: Using a cached neff at /home/ubuntu/neuron_cache_e2e/neuronxcc-2.23.6484.0+3b612583/MODULE_8581184631312811179+e30acd3a/model.neff
2026-09-09 09:11:07.000075:  113578  [INFO]: Using a cached neff at /home/ubuntu/neuron_cache_e2e/neuronxcc-2.23.6484.0+3b612583/MODULE_17699468275490213154+e30acd3a/model.neff
2026-09-09 09:11:07.000570:  113574  [INFO]: Using a cached neff at /home/ubuntu/neuron_cache_e2e/neuronxcc-2.23.6484.0+3b612583/MODULE_8581184631312811179+e30acd3a/model.neff
2026-09-09 09:11:07.000711:  113579  [INFO]: Using a cached neff at /home/ubuntu/neuron_cache_e2e/neuronxcc-2.23.6484.0+3b612583/MODULE_15471561942199109669+e30acd3a/model.neff
2026-09-09 09:11:07.000801:  113578  [INFO]: Using a cached neff at /home/ubuntu/neuron_cache_e2e/neuronxcc-2.23.6484.0+3b612583/MODULE_13318081029806370021+e30acd3a/model.neff
2026-09-09 09:11:07.000932:  113577  [INFO]: Using a cached neff at /home/ubuntu/neuron_cache_e2e/neuronxcc-2.23.6484.0+3b612583/MODULE_8581184631312811179+e30acd3a/model.neff
2026-09-09 09:11:07.000976:  113568  [INFO]: Using a cached neff at /home/ubuntu/neuron_cache_e2e/neuronxcc-2.23.6484.0+3b612583/MODULE_8581184631312811179+e30acd3a/model.neff
/home/ubuntu/train_gpt10b_tp_families.py:638: DeprecationWarning: Use torch_xla.sync instead
  xm.mark_step()
/home/ubuntu/train_gpt10b_tp_families.py:638: DeprecationWarning: Use torch_xla.sync instead
  xm.mark_step()
/home/ubuntu/train_gpt10b_tp_families.py:638: DeprecationWarning: Use torch_xla.sync instead
  xm.mark_step()
/home/ubuntu/train_gpt10b_tp_families.py:638: DeprecationWarning: Use torch_xla.sync instead
  xm.mark_step()
2026-09-09 09:11:08.000693:  113580  [INFO]: Using a cached neff at /home/ubuntu/neuron_cache_e2e/neuronxcc-2.23.6484.0+3b612583/MODULE_8581184631312811179+e30acd3a/model.neff
2026-09-09 09:11:08.000693:  113564  [INFO]: Using a cached neff at /home/ubuntu/neuron_cache_e2e/neuronxcc-2.23.6484.0+3b612583/MODULE_8581184631312811179+e30acd3a/model.neff
2026-09-09 09:11:08.000693:  113553  [INFO]: Using a cached neff at /home/ubuntu/neuron_cache_e2e/neuronxcc-2.23.6484.0+3b612583/MODULE_8581184631312811179+e30acd3a/model.neff
2026-09-09 09:11:08.000693:  113581  [INFO]: Using a cached neff at /home/ubuntu/neuron_cache_e2e/neuronxcc-2.23.6484.0+3b612583/MODULE_8581184631312811179+e30acd3a/model.neff
2026-09-09 09:11:08.000693:  113576  [INFO]: Using a cached neff at /home/ubuntu/neuron_cache_e2e/neuronxcc-2.23.6484.0+3b612583/MODULE_8581184631312811179+e30acd3a/model.neff
2026-09-09 09:11:08.000693:  113555  [INFO]: Using a cached neff at /home/ubuntu/neuron_cache_e2e/neuronxcc-2.23.6484.0+3b612583/MODULE_8581184631312811179+e30acd3a/model.neff
/home/ubuntu/train_gpt10b_tp_families.py:638: DeprecationWarning: Use torch_xla.sync instead
  xm.mark_step()
2026-09-09 09:11:08.000693:  113559  [INFO]: Using a cached neff at /home/ubuntu/neuron_cache_e2e/neuronxcc-2.23.6484.0+3b612583/MODULE_8581184631312811179+e30acd3a/model.neff
2026-09-09 09:11:08.000693:  113570  [INFO]: Using a cached neff at /home/ubuntu/neuron_cache_e2e/neuronxcc-2.23.6484.0+3b612583/MODULE_8581184631312811179+e30acd3a/model.neff
2026-09-09 09:11:08.000830:  113578  [INFO]: Using a cached neff at /home/ubuntu/neuron_cache_e2e/neuronxcc-2.23.6484.0+3b612583/MODULE_11129965598566482386+e30acd3a/model.neff
2026-09-09 09:11:08.000914:  113561  [INFO]: Using a cached neff at /home/ubuntu/neuron_cache_e2e/neuronxcc-2.23.6484.0+3b612583/MODULE_15471561942199109669+e30acd3a/model.neff
2026-09-09 09:11:09.000099:  113566  [INFO]: Using a cached neff at /home/ubuntu/neuron_cache_e2e/neuronxcc-2.23.6484.0+3b612583/MODULE_8581184631312811179+e30acd3a/model.neff
2026-09-09 09:11:09.000192:  113572  [INFO]: Using a cached neff at /home/ubuntu/neuron_cache_e2e/neuronxcc-2.23.6484.0+3b612583/MODULE_8581184631312811179+e30acd3a/model.neff
/home/ubuntu/train_gpt10b_tp_families.py:638: DeprecationWarning: Use torch_xla.sync instead
  xm.mark_step()
2026-09-09 09:11:09.000328:  113558  [INFO]: Using a cached neff at /home/ubuntu/neuron_cache_e2e/neuronxcc-2.23.6484.0+3b612583/MODULE_9715013359532217420+e30acd3a/model.neff
2026-09-09 09:11:09.000368:  113552  [INFO]: Using a cached neff at /home/ubuntu/neuron_cache_e2e/neuronxcc-2.23.6484.0+3b612583/MODULE_9715013359532217420+e30acd3a/model.neff
2026-09-09 09:11:09.000416:  113554  [INFO]: Using a cached neff at /home/ubuntu/neuron_cache_e2e/neuronxcc-2.23.6484.0+3b612583/MODULE_8581184631312811179+e30acd3a/model.neff
2026-09-09 09:11:09.000462:  113567  [INFO]: Using a cached neff at /home/ubuntu/neuron_cache_e2e/neuronxcc-2.23.6484.0+3b612583/MODULE_9715013359532217420+e30acd3a/model.neff
2026-09-09 09:11:09.000590:  113565  [INFO]: Using a cached neff at /home/ubuntu/neuron_cache_e2e/neuronxcc-2.23.6484.0+3b612583/MODULE_9715013359532217420+e30acd3a/model.neff
2026-09-09 09:11:09.000590:  113562  [INFO]: Using a cached neff at /home/ubuntu/neuron_cache_e2e/neuronxcc-2.23.6484.0+3b612583/MODULE_8581184631312811179+e30acd3a/model.neff
2026-09-09 09:11:09.000635:  113571  [INFO]: Using a cached neff at /home/ubuntu/neuron_cache_e2e/neuronxcc-2.23.6484.0+3b612583/MODULE_8581184631312811179+e30acd3a/model.neff
2026-09-09 09:11:09.000635:  113578  [INFO]: Using a cached neff at /home/ubuntu/neuron_cache_e2e/neuronxcc-2.23.6484.0+3b612583/MODULE_4272806645210191267+e30acd3a/model.neff
2026-09-09 09:11:09.000680:  113551  [INFO]: Using a cached neff at /home/ubuntu/neuron_cache_e2e/neuronxcc-2.23.6484.0+3b612583/MODULE_9715013359532217420+e30acd3a/model.neff
2026-09-09 09:11:09.000728:  113575  [INFO]: Using a cached neff at /home/ubuntu/neuron_cache_e2e/neuronxcc-2.23.6484.0+3b612583/MODULE_8581184631312811179+e30acd3a/model.neff
2026-09-09 09:11:09.000728:  113573  [INFO]: Using a cached neff at /home/ubuntu/neuron_cache_e2e/neuronxcc-2.23.6484.0+3b612583/MODULE_8581184631312811179+e30acd3a/model.neff
2026-09-09 09:11:09.000775:  113563  [INFO]: Using a cached neff at /home/ubuntu/neuron_cache_e2e/neuronxcc-2.23.6484.0+3b612583/MODULE_8581184631312811179+e30acd3a/model.neff
/home/ubuntu/train_gpt10b_tp_families.py:638: DeprecationWarning: Use torch_xla.sync instead
  xm.mark_step()
/home/ubuntu/train_gpt10b_tp_families.py:655: DeprecationWarning: Use torch_xla.sync instead
  xm.mark_step()
/home/ubuntu/train_gpt10b_tp_families.py:655: DeprecationWarning: Use torch_xla.sync instead
  xm.mark_step()
2026-09-09 09:11:10.000018:  113579  [INFO]: Using a cached neff at /home/ubuntu/neuron_cache_e2e/neuronxcc-2.23.6484.0+3b612583/MODULE_8581184631312811179+e30acd3a/model.neff
2026-09-09 09:11:10.000019:  113556  [INFO]: Using a cached neff at /home/ubuntu/neuron_cache_e2e/neuronxcc-2.23.6484.0+3b612583/MODULE_9715013359532217420+e30acd3a/model.neff
/home/ubuntu/train_gpt10b_tp_families.py:655: DeprecationWarning: Use torch_xla.sync instead
  xm.mark_step()
2026-09-09 09:11:10.000144:  113578  [INFO]: Using a cached neff at /home/ubuntu/neuron_cache_e2e/neuronxcc-2.23.6484.0+3b612583/MODULE_5223633225114114347+e30acd3a/model.neff
/home/ubuntu/train_gpt10b_tp_families.py:638: DeprecationWarning: Use torch_xla.sync instead
  xm.mark_step()
/home/ubuntu/train_gpt10b_tp_families.py:655: DeprecationWarning: Use torch_xla.sync instead
  xm.mark_step()
/home/ubuntu/train_gpt10b_tp_families.py:638: DeprecationWarning: Use torch_xla.sync instead
  xm.mark_step()
/home/ubuntu/train_gpt10b_tp_families.py:638: DeprecationWarning: Use torch_xla.sync instead
  xm.mark_step()
2026-09-09 09:11:10.000222:  113561  [INFO]: Using a cached neff at /home/ubuntu/neuron_cache_e2e/neuronxcc-2.23.6484.0+3b612583/MODULE_8581184631312811179+e30acd3a/model.neff
/home/ubuntu/train_gpt10b_tp_families.py:638: DeprecationWarning: Use torch_xla.sync instead
  xm.mark_step()
/home/ubuntu/train_gpt10b_tp_families.py:638: DeprecationWarning: Use torch_xla.sync instead
  xm.mark_step()
/home/ubuntu/train_gpt10b_tp_families.py:638: DeprecationWarning: Use torch_xla.sync instead
  xm.mark_step()
/home/ubuntu/train_gpt10b_tp_families.py:655: DeprecationWarning: Use torch_xla.sync instead
  xm.mark_step()
/home/ubuntu/train_gpt10b_tp_families.py:638: DeprecationWarning: Use torch_xla.sync instead
  xm.mark_step()
2026-09-09 09:11:10.000327:  113558  [INFO]: Using a cached neff at /home/ubuntu/neuron_cache_e2e/neuronxcc-2.23.6484.0+3b612583/MODULE_17699468275490213154+e30acd3a/model.neff
2026-09-09 09:11:10.000327:  113552  [INFO]: Using a cached neff at /home/ubuntu/neuron_cache_e2e/neuronxcc-2.23.6484.0+3b612583/MODULE_17699468275490213154+e30acd3a/model.neff
/home/ubuntu/train_gpt10b_tp_families.py:638: DeprecationWarning: Use torch_xla.sync instead
  xm.mark_step()
/home/ubuntu/train_gpt10b_tp_families.py:638: DeprecationWarning: Use torch_xla.sync instead
  xm.mark_step()
2026-09-09 09:11:10.000385:  113569  [INFO]: Using a cached neff at /home/ubuntu/neuron_cache_e2e/neuronxcc-2.23.6484.0+3b612583/MODULE_15471561942199109669+e30acd3a/model.neff
2026-09-09 09:11:10.000388:  113580  [INFO]: Using a cached neff at /home/ubuntu/neuron_cache_e2e/neuronxcc-2.23.6484.0+3b612583/MODULE_9715013359532217420+e30acd3a/model.neff
2026-09-09 09:11:10.000389:  113567  [INFO]: Using a cached neff at /home/ubuntu/neuron_cache_e2e/neuronxcc-2.23.6484.0+3b612583/MODULE_17699468275490213154+e30acd3a/model.neff
2026-09-09 09:11:10.000447:  113565  [INFO]: Using a cached neff at /home/ubuntu/neuron_cache_e2e/neuronxcc-2.23.6484.0+3b612583/MODULE_17699468275490213154+e30acd3a/model.neff
2026-09-09 09:11:10.000448:  113578  [INFO]: Using a cached neff at /home/ubuntu/neuron_cache_e2e/neuronxcc-2.23.6484.0+3b612583/MODULE_5699981621561527716+e30acd3a/model.neff
2026-09-09 09:11:10.000468:  113560  [INFO]: Using a cached neff at /home/ubuntu/neuron_cache_e2e/neuronxcc-2.23.6484.0+3b612583/MODULE_9715013359532217420+e30acd3a/model.neff
2026-09-09 09:11:10.000468:  113551  [INFO]: Using a cached neff at /home/ubuntu/neuron_cache_e2e/neuronxcc-2.23.6484.0+3b612583/MODULE_17699468275490213154+e30acd3a/model.neff
/home/ubuntu/train_gpt10b_tp_families.py:638: DeprecationWarning: Use torch_xla.sync instead
  xm.mark_step()
2026-09-09 09:11:10.000513:  113576  [INFO]: Using a cached neff at /home/ubuntu/neuron_cache_e2e/neuronxcc-2.23.6484.0+3b612583/MODULE_9715013359532217420+e30acd3a/model.neff
2026-09-09 09:11:10.000531:  113570  [INFO]: Using a cached neff at /home/ubuntu/neuron_cache_e2e/neuronxcc-2.23.6484.0+3b612583/MODULE_9715013359532217420+e30acd3a/model.neff
2026-09-09 09:11:10.000548:  113581  [INFO]: Using a cached neff at /home/ubuntu/neuron_cache_e2e/neuronxcc-2.23.6484.0+3b612583/MODULE_9715013359532217420+e30acd3a/model.neff
2026-09-09 09:11:10.000554:  113574  [INFO]: Using a cached neff at /home/ubuntu/neuron_cache_e2e/neuronxcc-2.23.6484.0+3b612583/MODULE_9715013359532217420+e30acd3a/model.neff
2026-09-09 09:11:10.000561:  113558  [INFO]: Using a cached neff at /home/ubuntu/neuron_cache_e2e/neuronxcc-2.23.6484.0+3b612583/MODULE_13318081029806370021+e30acd3a/model.neff
2026-09-09 09:11:10.000567:  113557  [INFO]: Using a cached neff at /home/ubuntu/neuron_cache_e2e/neuronxcc-2.23.6484.0+3b612583/MODULE_9715013359532217420+e30acd3a/model.neff
2026-09-09 09:11:10.000584:  113552  [INFO]: Using a cached neff at /home/ubuntu/neuron_cache_e2e/neuronxcc-2.23.6484.0+3b612583/MODULE_13318081029806370021+e30acd3a/model.neff
/home/ubuntu/train_gpt10b_tp_families.py:655: DeprecationWarning: Use torch_xla.sync instead
  xm.mark_step()
2026-09-09 09:11:10.000609:  113568  [INFO]: Using a cached neff at /home/ubuntu/neuron_cache_e2e/neuronxcc-2.23.6484.0+3b612583/MODULE_9715013359532217420+e30acd3a/model.neff
2026-09-09 09:11:10.000616:  113567  [INFO]: Using a cached neff at /home/ubuntu/neuron_cache_e2e/neuronxcc-2.23.6484.0+3b612583/MODULE_13318081029806370021+e30acd3a/model.neff
2026-09-09 09:11:10.000629:  113582  [INFO]: Using a cached neff at /home/ubuntu/neuron_cache_e2e/neuronxcc-2.23.6484.0+3b612583/MODULE_9715013359532217420+e30acd3a/model.neff
2026-09-09 09:11:10.000637:  113565  [INFO]: Using a cached neff at /home/ubuntu/neuron_cache_e2e/neuronxcc-2.23.6484.0+3b612583/MODULE_13318081029806370021+e30acd3a/model.neff
2026-09-09 09:11:10.000649:  113578  [INFO]: Using a cached neff at /home/ubuntu/neuron_cache_e2e/neuronxcc-2.23.6484.0+3b612583/MODULE_8575940740000655340+e30acd3a/model.neff
2026-09-09 09:11:10.000657:  113559  [INFO]: Using a cached neff at /home/ubuntu/neuron_cache_e2e/neuronxcc-2.23.6484.0+3b612583/MODULE_9715013359532217420+e30acd3a/model.neff
2026-09-09 09:11:10.000659:  113551  [INFO]: Using a cached neff at /home/ubuntu/neuron_cache_e2e/neuronxcc-2.23.6484.0+3b612583/MODULE_13318081029806370021+e30acd3a/model.neff
2026-09-09 09:11:10.000665:  113556  [INFO]: Using a cached neff at /home/ubuntu/neuron_cache_e2e/neuronxcc-2.23.6484.0+3b612583/MODULE_17699468275490213154+e30acd3a/model.neff
/home/ubuntu/train_gpt10b_tp_families.py:638: DeprecationWarning: Use torch_xla.sync instead
  xm.mark_step()
2026-09-09 09:11:10.000678:  113558  [INFO]: Using a cached neff at /home/ubuntu/neuron_cache_e2e/neuronxcc-2.23.6484.0+3b612583/MODULE_11129965598566482386+e30acd3a/model.neff
2026-09-09 09:11:10.000685:  113564  [INFO]: Using a cached neff at /home/ubuntu/neuron_cache_e2e/neuronxcc-2.23.6484.0+3b612583/MODULE_9715013359532217420+e30acd3a/model.neff
2026-09-09 09:11:10.000692:  113578  [INFO]: Using a cached neff at /home/ubuntu/neuron_cache_e2e/neuronxcc-2.23.6484.0+3b612583/MODULE_14567189089315028411+e30acd3a/model.neff
/home/ubuntu/train_gpt10b_tp_families.py:656: DeprecationWarning: Use torch_xla.sync instead
  xm.mark_step()   # slice: copy-back done
2026-09-09 09:11:10.000701:  113556  [INFO]: Using a cached neff at /home/ubuntu/neuron_cache_e2e/neuronxcc-2.23.6484.0+3b612583/MODULE_13318081029806370021+e30acd3a/model.neff
2026-09-09 09:11:10.000703:  113558  [INFO]: Using a cached neff at /home/ubuntu/neuron_cache_e2e/neuronxcc-2.23.6484.0+3b612583/MODULE_4272806645210191267+e30acd3a/model.neff
2026-09-09 09:11:10.000707:  113578  [INFO]: Using a cached neff at /home/ubuntu/neuron_cache_e2e/neuronxcc-2.23.6484.0+3b612583/MODULE_2947808046050219602+e30acd3a/model.neff
2026-09-09 09:11:10.000723:  113558  [INFO]: Using a cached neff at /home/ubuntu/neuron_cache_e2e/neuronxcc-2.23.6484.0+3b612583/MODULE_5223633225114114347+e30acd3a/model.neff
2026-09-09 09:11:10.000726:  113552  [INFO]: Using a cached neff at /home/ubuntu/neuron_cache_e2e/neuronxcc-2.23.6484.0+3b612583/MODULE_11129965598566482386+e30acd3a/model.neff
2026-09-09 09:11:10.000741:  113558  [INFO]: Using a cached neff at /home/ubuntu/neuron_cache_e2e/neuronxcc-2.23.6484.0+3b612583/MODULE_5699981621561527716+e30acd3a/model.neff
2026-09-09 09:11:10.000745:  113552  [INFO]: Using a cached neff at /home/ubuntu/neuron_cache_e2e/neuronxcc-2.23.6484.0+3b612583/MODULE_4272806645210191267+e30acd3a/model.neff
/home/ubuntu/train_gpt10b_tp_families.py:669: DeprecationWarning: Use torch_xla.sync instead
  xm.mark_step()
2026-09-09 09:11:10.000760:  113558  [INFO]: Using a cached neff at /home/ubuntu/neuron_cache_e2e/neuronxcc-2.23.6484.0+3b612583/MODULE_8575940740000655340+e30acd3a/model.neff
2026-09-09 09:11:10.000762:  113552  [INFO]: Using a cached neff at /home/ubuntu/neuron_cache_e2e/neuronxcc-2.23.6484.0+3b612583/MODULE_5223633225114114347+e30acd3a/model.neff
/home/ubuntu/train_gpt10b_tp_families.py:638: DeprecationWarning: Use torch_xla.sync instead
  xm.mark_step()
2026-09-09 09:11:10.000778:  113558  [INFO]: Using a cached neff at /home/ubuntu/neuron_cache_e2e/neuronxcc-2.23.6484.0+3b612583/MODULE_14567189089315028411+e30acd3a/model.neff
2026-09-09 09:11:10.000780:  113552  [INFO]: Using a cached neff at /home/ubuntu/neuron_cache_e2e/neuronxcc-2.23.6484.0+3b612583/MODULE_5699981621561527716+e30acd3a/model.neff
/home/ubuntu/train_gpt10b_tp_families.py:656: DeprecationWarning: Use torch_xla.sync instead
  xm.mark_step()   # slice: copy-back done
/home/ubuntu/train_gpt10b_tp_families.py:638: DeprecationWarning: Use torch_xla.sync instead
  xm.mark_step()
/home/ubuntu/train_gpt10b_tp_families.py:638: DeprecationWarning: Use torch_xla.sync instead
  xm.mark_step()
2026-09-09 09:11:10.000795:  113558  [INFO]: Using a cached neff at /home/ubuntu/neuron_cache_e2e/neuronxcc-2.23.6484.0+3b612583/MODULE_2947808046050219602+e30acd3a/model.neff
2026-09-09 09:11:10.000799:  113552  [INFO]: Using a cached neff at /home/ubuntu/neuron_cache_e2e/neuronxcc-2.23.6484.0+3b612583/MODULE_8575940740000655340+e30acd3a/model.neff
/home/ubuntu/train_gpt10b_tp_families.py:669: DeprecationWarning: Use torch_xla.sync instead
  xm.mark_step()
/home/ubuntu/train_gpt10b_tp_families.py:655: DeprecationWarning: Use torch_xla.sync instead
  xm.mark_step()
/home/ubuntu/train_gpt10b_tp_families.py:638: DeprecationWarning: Use torch_xla.sync instead
  xm.mark_step()
/home/ubuntu/train_gpt10b_tp_families.py:655: DeprecationWarning: Use torch_xla.sync instead
  xm.mark_step()
2026-09-09 09:11:10.000936:  113569  [INFO]: Using a cached neff at /home/ubuntu/neuron_cache_e2e/neuronxcc-2.23.6484.0+3b612583/MODULE_8581184631312811179+e30acd3a/model.neff
/home/ubuntu/train_gpt10b_tp_families.py:655: DeprecationWarning: Use torch_xla.sync instead
  xm.mark_step()
2026-09-09 09:11:11.000011:  113563  [INFO]: Using a cached neff at /home/ubuntu/neuron_cache_e2e/neuronxcc-2.23.6484.0+3b612583/MODULE_9715013359532217420+e30acd3a/model.neff
2026-09-09 09:11:11.000011:  113552  [INFO]: Using a cached neff at /home/ubuntu/neuron_cache_e2e/neuronxcc-2.23.6484.0+3b612583/MODULE_14567189089315028411+e30acd3a/model.neff
/home/ubuntu/train_gpt10b_tp_families.py:655: DeprecationWarning: Use torch_xla.sync instead
  xm.mark_step()
/home/ubuntu/train_gpt10b_tp_families.py:638: DeprecationWarning: Use torch_xla.sync instead
  xm.mark_step()
/home/ubuntu/train_gpt10b_tp_families.py:655: DeprecationWarning: Use torch_xla.sync instead
  xm.mark_step()
2026-09-09 09:11:11.000029:  113580  [INFO]: Using a cached neff at /home/ubuntu/neuron_cache_e2e/neuronxcc-2.23.6484.0+3b612583/MODULE_17699468275490213154+e30acd3a/model.neff
/home/ubuntu/train_gpt10b_tp_families.py:638: DeprecationWarning: Use torch_xla.sync instead
  xm.mark_step()
/home/ubuntu/train_gpt10b_tp_families.py:655: DeprecationWarning: Use torch_xla.sync instead
  xm.mark_step()
/home/ubuntu/train_gpt10b_tp_families.py:656: DeprecationWarning: Use torch_xla.sync instead
  xm.mark_step()   # slice: copy-back done
/home/ubuntu/train_gpt10b_tp_families.py:655: DeprecationWarning: Use torch_xla.sync instead
  xm.mark_step()
/home/ubuntu/train_gpt10b_tp_families.py:638: DeprecationWarning: Use torch_xla.sync instead
  xm.mark_step()
2026-09-09 09:11:11.000065:  113573  [INFO]: Using a cached neff at /home/ubuntu/neuron_cache_e2e/neuronxcc-2.23.6484.0+3b612583/MODULE_9715013359532217420+e30acd3a/model.neff
/home/ubuntu/train_gpt10b_tp_families.py:638: DeprecationWarning: Use torch_xla.sync instead
  xm.mark_step()
2026-09-09 09:11:11.000070:  113555  [INFO]: Using a cached neff at /home/ubuntu/neuron_cache_e2e/neuronxcc-2.23.6484.0+3b612583/MODULE_9715013359532217420+e30acd3a/model.neff
/home/ubuntu/train_gpt10b_tp_families.py:655: DeprecationWarning: Use torch_xla.sync instead
  xm.mark_step()
2026-09-09 09:11:11.000096:  113578  [INFO]: Using a cached neff at /home/ubuntu/neuron_cache_e2e/neuronxcc-2.23.6484.0+3b612583/MODULE_2311441365887874014+e30acd3a/model.neff
2026-09-09 09:11:11.000109:  113560  [INFO]: Using a cached neff at /home/ubuntu/neuron_cache_e2e/neuronxcc-2.23.6484.0+3b612583/MODULE_17699468275490213154+e30acd3a/model.neff
2026-09-09 09:11:11.000114:  113553  [INFO]: Using a cached neff at /home/ubuntu/neuron_cache_e2e/neuronxcc-2.23.6484.0+3b612583/MODULE_9715013359532217420+e30acd3a/model.neff
2026-09-09 09:11:11.000116:  113551  [INFO]: Using a cached neff at /home/ubuntu/neuron_cache_e2e/neuronxcc-2.23.6484.0+3b612583/MODULE_11129965598566482386+e30acd3a/model.neff
2026-09-09 09:11:11.000125:  113570  [INFO]: Using a cached neff at /home/ubuntu/neuron_cache_e2e/neuronxcc-2.23.6484.0+3b612583/MODULE_17699468275490213154+e30acd3a/model.neff
/home/ubuntu/train_gpt10b_tp_families.py:655: DeprecationWarning: Use torch_xla.sync instead
  xm.mark_step()
2026-09-09 09:11:11.000126:  113557  [INFO]: Using a cached neff at /home/ubuntu/neuron_cache_e2e/neuronxcc-2.23.6484.0+3b612583/MODULE_17699468275490213154+e30acd3a/model.neff
2026-09-09 09:11:11.000128:  113565  [INFO]: Using a cached neff at /home/ubuntu/neuron_cache_e2e/neuronxcc-2.23.6484.0+3b612583/MODULE_11129965598566482386+e30acd3a/model.neff
2026-09-09 09:11:11.000131:  113581  [INFO]: Using a cached neff at /home/ubuntu/neuron_cache_e2e/neuronxcc-2.23.6484.0+3b612583/MODULE_17699468275490213154+e30acd3a/model.neff
/home/ubuntu/train_gpt10b_tp_families.py:655: DeprecationWarning: Use torch_xla.sync instead
  xm.mark_step()
2026-09-09 09:11:11.000139:  113552  [INFO]: Using a cached neff at /home/ubuntu/neuron_cache_e2e/neuronxcc-2.23.6484.0+3b612583/MODULE_2947808046050219602+e30acd3a/model.neff
2026-09-09 09:11:11.000155:  113574  [INFO]: Using a cached neff at /home/ubuntu/neuron_cache_e2e/neuronxcc-2.23.6484.0+3b612583/MODULE_17699468275490213154+e30acd3a/model.neff
/home/ubuntu/train_gpt10b_tp_families.py:655: DeprecationWarning: Use torch_xla.sync instead
  xm.mark_step()
2026-09-09 09:11:11.000163:  113562  [INFO]: Using a cached neff at /home/ubuntu/neuron_cache_e2e/neuronxcc-2.23.6484.0+3b612583/MODULE_9715013359532217420+e30acd3a/model.neff
2026-09-09 09:11:11.000169:  113568  [INFO]: Using a cached neff at /home/ubuntu/neuron_cache_e2e/neuronxcc-2.23.6484.0+3b612583/MODULE_17699468275490213154+e30acd3a/model.neff
2026-09-09 09:11:11.000172:  113580  [INFO]: Using a cached neff at /home/ubuntu/neuron_cache_e2e/neuronxcc-2.23.6484.0+3b612583/MODULE_13318081029806370021+e30acd3a/model.neff
2026-09-09 09:11:11.000172:  113567  [INFO]: Using a cached neff at /home/ubuntu/neuron_cache_e2e/neuronxcc-2.23.6484.0+3b612583/MODULE_11129965598566482386+e30acd3a/model.neff
2026-09-09 09:11:11.000187:  113575  [INFO]: Using a cached neff at /home/ubuntu/neuron_cache_e2e/neuronxcc-2.23.6484.0+3b612583/MODULE_9715013359532217420+e30acd3a/model.neff
2026-09-09 09:11:11.000187:  113576  [INFO]: Using a cached neff at /home/ubuntu/neuron_cache_e2e/neuronxcc-2.23.6484.0+3b612583/MODULE_17699468275490213154+e30acd3a/model.neff
2026-09-09 09:11:11.000189:  113564  [INFO]: Using a cached neff at /home/ubuntu/neuron_cache_e2e/neuronxcc-2.23.6484.0+3b612583/MODULE_17699468275490213154+e30acd3a/model.neff
2026-09-09 09:11:11.000190:  113560  [INFO]: Using a cached neff at /home/ubuntu/neuron_cache_e2e/neuronxcc-2.23.6484.0+3b612583/MODULE_13318081029806370021+e30acd3a/model.neff
/home/ubuntu/train_gpt10b_tp_families.py:669: DeprecationWarning: Use torch_xla.sync instead
  xm.mark_step()
2026-09-09 09:11:11.000212:  113570  [INFO]: Using a cached neff at /home/ubuntu/neuron_cache_e2e/neuronxcc-2.23.6484.0+3b612583/MODULE_13318081029806370021+e30acd3a/model.neff
2026-09-09 09:11:11.000212:  113559  [INFO]: Using a cached neff at /home/ubuntu/neuron_cache_e2e/neuronxcc-2.23.6484.0+3b612583/MODULE_17699468275490213154+e30acd3a/model.neff
/home/ubuntu/train_gpt10b_tp_families.py:638: DeprecationWarning: Use torch_xla.sync instead
  xm.mark_step()
2026-09-09 09:11:11.000220:  113551  [INFO]: Using a cached neff at /home/ubuntu/neuron_cache_e2e/neuronxcc-2.23.6484.0+3b612583/MODULE_4272806645210191267+e30acd3a/model.neff
2026-09-09 09:11:11.000228:  113565  [INFO]: Using a cached neff at /home/ubuntu/neuron_cache_e2e/neuronxcc-2.23.6484.0+3b612583/MODULE_4272806645210191267+e30acd3a/model.neff
2026-09-09 09:11:11.000229:  113557  [INFO]: Using a cached neff at /home/ubuntu/neuron_cache_e2e/neuronxcc-2.23.6484.0+3b612583/MODULE_13318081029806370021+e30acd3a/model.neff
2026-09-09 09:11:11.000241:  113558  [INFO]: Using a cached neff at /home/ubuntu/neuron_cache_e2e/neuronxcc-2.23.6484.0+3b612583/MODULE_2311441365887874014+e30acd3a/model.neff
2026-09-09 09:11:11.000246:  113577  [INFO]: Using a cached neff at /home/ubuntu/neuron_cache_e2e/neuronxcc-2.23.6484.0+3b612583/MODULE_9715013359532217420+e30acd3a/model.neff
2026-09-09 09:11:11.000248:  113581  [INFO]: Using a cached neff at /home/ubuntu/neuron_cache_e2e/neuronxcc-2.23.6484.0+3b612583/MODULE_13318081029806370021+e30acd3a/model.neff
/home/ubuntu/train_gpt10b_tp_families.py:638: DeprecationWarning: Use torch_xla.sync instead
  xm.mark_step()
2026-09-09 09:11:11.000279:  113566  [INFO]: Using a cached neff at /home/ubuntu/neuron_cache_e2e/neuronxcc-2.23.6484.0+3b612583/MODULE_9715013359532217420+e30acd3a/model.neff
2026-09-09 09:11:11.000286:  113582  [INFO]: Using a cached neff at /home/ubuntu/neuron_cache_e2e/neuronxcc-2.23.6484.0+3b612583/MODULE_17699468275490213154+e30acd3a/model.neff
2026-09-09 09:11:11.000301:  113572  [INFO]: Using a cached neff at /home/ubuntu/neuron_cache_e2e/neuronxcc-2.23.6484.0+3b612583/MODULE_9715013359532217420+e30acd3a/model.neff
2026-09-09 09:11:11.000301:  113574  [INFO]: Using a cached neff at /home/ubuntu/neuron_cache_e2e/neuronxcc-2.23.6484.0+3b612583/MODULE_13318081029806370021+e30acd3a/model.neff
2026-09-09 09:11:11.000304:  113568  [INFO]: Using a cached neff at /home/ubuntu/neuron_cache_e2e/neuronxcc-2.23.6484.0+3b612583/MODULE_13318081029806370021+e30acd3a/model.neff
2026-09-09 09:11:11.000314:  113559  [INFO]: Using a cached neff at /home/ubuntu/neuron_cache_e2e/neuronxcc-2.23.6484.0+3b612583/MODULE_13318081029806370021+e30acd3a/model.neff
2026-09-09 09:11:11.000314:  113567  [INFO]: Using a cached neff at /home/ubuntu/neuron_cache_e2e/neuronxcc-2.23.6484.0+3b612583/MODULE_4272806645210191267+e30acd3a/model.neff
2026-09-09 09:11:11.000315:  113551  [INFO]: Using a cached neff at /home/ubuntu/neuron_cache_e2e/neuronxcc-2.23.6484.0+3b612583/MODULE_5223633225114114347+e30acd3a/model.neff
2026-09-09 09:11:11.000316:  113576  [INFO]: Using a cached neff at /home/ubuntu/neuron_cache_e2e/neuronxcc-2.23.6484.0+3b612583/MODULE_13318081029806370021+e30acd3a/model.neff
2026-09-09 09:11:11.000316:  113564  [INFO]: Using a cached neff at /home/ubuntu/neuron_cache_e2e/neuronxcc-2.23.6484.0+3b612583/MODULE_13318081029806370021+e30acd3a/model.neff
2026-09-09 09:11:11.000320:  113565  [INFO]: Using a cached neff at /home/ubuntu/neuron_cache_e2e/neuronxcc-2.23.6484.0+3b612583/MODULE_5223633225114114347+e30acd3a/model.neff
2026-09-09 09:11:11.000323:  113578  [INFO]: Using a cached neff at /home/ubuntu/neuron_cache_e2e/neuronxcc-2.23.6484.0+3b612583/MODULE_14874200043798254035+e30acd3a/model.neff
2026-09-09 09:11:11.000324:  113582  [INFO]: Using a cached neff at /home/ubuntu/neuron_cache_e2e/neuronxcc-2.23.6484.0+3b612583/MODULE_13318081029806370021+e30acd3a/model.neff
2026-09-09 09:11:11.000343:  113554  [INFO]: Using a cached neff at /home/ubuntu/neuron_cache_e2e/neuronxcc-2.23.6484.0+3b612583/MODULE_9715013359532217420+e30acd3a/model.neff
2026-09-09 09:11:11.000352:  113567  [INFO]: Using a cached neff at /home/ubuntu/neuron_cache_e2e/neuronxcc-2.23.6484.0+3b612583/MODULE_5223633225114114347+e30acd3a/model.neff
2026-09-09 09:11:11.000352:  113551  [INFO]: Using a cached neff at /home/ubuntu/neuron_cache_e2e/neuronxcc-2.23.6484.0+3b612583/MODULE_5699981621561527716+e30acd3a/model.neff
2026-09-09 09:11:11.000354:  113565  [INFO]: Using a cached neff at /home/ubuntu/neuron_cache_e2e/neuronxcc-2.23.6484.0+3b612583/MODULE_5699981621561527716+e30acd3a/model.neff
2026-09-09 09:11:11.000372:  113571  [INFO]: Using a cached neff at /home/ubuntu/neuron_cache_e2e/neuronxcc-2.23.6484.0+3b612583/MODULE_9715013359532217420+e30acd3a/model.neff
2026-09-09 09:11:11.000382:  113567  [INFO]: Using a cached neff at /home/ubuntu/neuron_cache_e2e/neuronxcc-2.23.6484.0+3b612583/MODULE_5699981621561527716+e30acd3a/model.neff
2026-09-09 09:11:11.000382:  113551  [INFO]: Using a cached neff at /home/ubuntu/neuron_cache_e2e/neuronxcc-2.23.6484.0+3b612583/MODULE_8575940740000655340+e30acd3a/model.neff
2026-09-09 09:11:11.000383:  113565  [INFO]: Using a cached neff at /home/ubuntu/neuron_cache_e2e/neuronxcc-2.23.6484.0+3b612583/MODULE_8575940740000655340+e30acd3a/model.neff
2026-09-09 09:11:11.000402:  113551  [INFO]: Using a cached neff at /home/ubuntu/neuron_cache_e2e/neuronxcc-2.23.6484.0+3b612583/MODULE_14567189089315028411+e30acd3a/model.neff
2026-09-09 09:11:11.000403:  113567  [INFO]: Using a cached neff at /home/ubuntu/neuron_cache_e2e/neuronxcc-2.23.6484.0+3b612583/MODULE_8575940740000655340+e30acd3a/model.neff
2026-09-09 09:11:11.000404:  113565  [INFO]: Using a cached neff at /home/ubuntu/neuron_cache_e2e/neuronxcc-2.23.6484.0+3b612583/MODULE_14567189089315028411+e30acd3a/model.neff
/home/ubuntu/train_gpt10b_tp_families.py:656: DeprecationWarning: Use torch_xla.sync instead
  xm.mark_step()   # slice: copy-back done
/home/ubuntu/train_gpt10b_tp_families.py:656: DeprecationWarning: Use torch_xla.sync instead
  xm.mark_step()   # slice: copy-back done
2026-09-09 09:11:11.000418:  113565  [INFO]: Using a cached neff at /home/ubuntu/neuron_cache_e2e/neuronxcc-2.23.6484.0+3b612583/MODULE_2947808046050219602+e30acd3a/model.neff
2026-09-09 09:11:11.000418:  113551  [INFO]: Using a cached neff at /home/ubuntu/neuron_cache_e2e/neuronxcc-2.23.6484.0+3b612583/MODULE_2947808046050219602+e30acd3a/model.neff
2026-09-09 09:11:11.000421:  113567  [INFO]: Using a cached neff at /home/ubuntu/neuron_cache_e2e/neuronxcc-2.23.6484.0+3b612583/MODULE_14567189089315028411+e30acd3a/model.neff
/home/ubuntu/train_gpt10b_tp_families.py:656: DeprecationWarning: Use torch_xla.sync instead
  xm.mark_step()   # slice: copy-back done
2026-09-09 09:11:11.000431:  113558  [INFO]: Using a cached neff at /home/ubuntu/neuron_cache_e2e/neuronxcc-2.23.6484.0+3b612583/MODULE_14874200043798254035+e30acd3a/model.neff
2026-09-09 09:11:11.000435:  113567  [INFO]: Using a cached neff at /home/ubuntu/neuron_cache_e2e/neuronxcc-2.23.6484.0+3b612583/MODULE_2947808046050219602+e30acd3a/model.neff
2026-09-09 09:11:11.000446:  113552  [INFO]: Using a cached neff at /home/ubuntu/neuron_cache_e2e/neuronxcc-2.23.6484.0+3b612583/MODULE_2311441365887874014+e30acd3a/model.neff
/home/ubuntu/train_gpt10b_tp_families.py:669: DeprecationWarning: Use torch_xla.sync instead
  xm.mark_step()
/home/ubuntu/train_gpt10b_tp_families.py:669: DeprecationWarning: Use torch_xla.sync instead
  xm.mark_step()
2026-09-09 09:11:11.000462:  113556  [INFO]: Using a cached neff at /home/ubuntu/neuron_cache_e2e/neuronxcc-2.23.6484.0+3b612583/MODULE_11129965598566482386+e30acd3a/model.neff
/home/ubuntu/train_gpt10b_tp_families.py:655: DeprecationWarning: Use torch_xla.sync instead
  xm.mark_step()
/home/ubuntu/train_gpt10b_tp_families.py:669: DeprecationWarning: Use torch_xla.sync instead
  xm.mark_step()
2026-09-09 09:11:11.000484:  113563  [INFO]: Using a cached neff at /home/ubuntu/neuron_cache_e2e/neuronxcc-2.23.6484.0+3b612583/MODULE_17699468275490213154+e30acd3a/model.neff
2026-09-09 09:11:11.000485:  113556  [INFO]: Using a cached neff at /home/ubuntu/neuron_cache_e2e/neuronxcc-2.23.6484.0+3b612583/MODULE_4272806645210191267+e30acd3a/model.neff
2026-09-09 09:11:11.000506:  113563  [INFO]: Using a cached neff at /home/ubuntu/neuron_cache_e2e/neuronxcc-2.23.6484.0+3b612583/MODULE_13318081029806370021+e30acd3a/model.neff
2026-09-09 09:11:11.000507:  113556  [INFO]: Using a cached neff at /home/ubuntu/neuron_cache_e2e/neuronxcc-2.23.6484.0+3b612583/MODULE_5223633225114114347+e30acd3a/model.neff
2026-09-09 09:11:11.000527:  113556  [INFO]: Using a cached neff at /home/ubuntu/neuron_cache_e2e/neuronxcc-2.23.6484.0+3b612583/MODULE_5699981621561527716+e30acd3a/model.neff
/home/ubuntu/train_gpt10b_tp_families.py:655: DeprecationWarning: Use torch_xla.sync instead
  xm.mark_step()
2026-09-09 09:11:11.000541:  113555  [INFO]: Using a cached neff at /home/ubuntu/neuron_cache_e2e/neuronxcc-2.23.6484.0+3b612583/MODULE_17699468275490213154+e30acd3a/model.neff
/home/ubuntu/train_gpt10b_tp_families.py:655: DeprecationWarning: Use torch_xla.sync instead
  xm.mark_step()
2026-09-09 09:11:11.000545:  113556  [INFO]: Using a cached neff at /home/ubuntu/neuron_cache_e2e/neuronxcc-2.23.6484.0+3b612583/MODULE_8575940740000655340+e30acd3a/model.neff
2026-09-09 09:11:11.000554:  113573  [INFO]: Using a cached neff at /home/ubuntu/neuron_cache_e2e/neuronxcc-2.23.6484.0+3b612583/MODULE_17699468275490213154+e30acd3a/model.neff
2026-09-09 09:11:11.000559:  113555  [INFO]: Using a cached neff at /home/ubuntu/neuron_cache_e2e/neuronxcc-2.23.6484.0+3b612583/MODULE_13318081029806370021+e30acd3a/model.neff
/home/ubuntu/train_gpt10b_tp_families.py:655: DeprecationWarning: Use torch_xla.sync instead
  xm.mark_step()
2026-09-09 09:11:11.000563:  113556  [INFO]: Using a cached neff at /home/ubuntu/neuron_cache_e2e/neuronxcc-2.23.6484.0+3b612583/MODULE_14567189089315028411+e30acd3a/model.neff
/home/ubuntu/train_gpt10b_tp_families.py:656: DeprecationWarning: Use torch_xla.sync instead
  xm.mark_step()   # slice: copy-back done
2026-09-09 09:11:11.000572:  113553  [INFO]: Using a cached neff at /home/ubuntu/neuron_cache_e2e/neuronxcc-2.23.6484.0+3b612583/MODULE_17699468275490213154+e30acd3a/model.neff
2026-09-09 09:11:11.000572:  113573  [INFO]: Using a cached neff at /home/ubuntu/neuron_cache_e2e/neuronxcc-2.23.6484.0+3b612583/MODULE_13318081029806370021+e30acd3a/model.neff
2026-09-09 09:11:11.000576:  113556  [INFO]: Using a cached neff at /home/ubuntu/neuron_cache_e2e/neuronxcc-2.23.6484.0+3b612583/MODULE_2947808046050219602+e30acd3a/model.neff
2026-09-09 09:11:11.000589:  113553  [INFO]: Using a cached neff at /home/ubuntu/neuron_cache_e2e/neuronxcc-2.23.6484.0+3b612583/MODULE_13318081029806370021+e30acd3a/model.neff
/home/ubuntu/train_gpt10b_tp_families.py:669: DeprecationWarning: Use torch_xla.sync instead
  xm.mark_step()
2026-09-09 09:11:11.000628:  113552  [INFO]: Using a cached neff at /home/ubuntu/neuron_cache_e2e/neuronxcc-2.23.6484.0+3b612583/MODULE_14874200043798254035+e30acd3a/model.neff
2026-09-09 09:11:11.000676:  113565  [INFO]: Using a cached neff at /home/ubuntu/neuron_cache_e2e/neuronxcc-2.23.6484.0+3b612583/MODULE_2311441365887874014+e30acd3a/model.neff
/home/ubuntu/train_gpt10b_tp_families.py:655: DeprecationWarning: Use torch_xla.sync instead
  xm.mark_step()
2026-09-09 09:11:11.000687:  113562  [INFO]: Using a cached neff at /home/ubuntu/neuron_cache_e2e/neuronxcc-2.23.6484.0+3b612583/MODULE_17699468275490213154+e30acd3a/model.neff
2026-09-09 09:11:11.000705:  113562  [INFO]: Using a cached neff at /home/ubuntu/neuron_cache_e2e/neuronxcc-2.23.6484.0+3b612583/MODULE_13318081029806370021+e30acd3a/model.neff
2026-09-09 09:11:11.000719:  113551  [INFO]: Using a cached neff at /home/ubuntu/neuron_cache_e2e/neuronxcc-2.23.6484.0+3b612583/MODULE_2311441365887874014+e30acd3a/model.neff
2026-09-09 09:11:11.000727:  113567  [INFO]: Using a cached neff at /home/ubuntu/neuron_cache_e2e/neuronxcc-2.23.6484.0+3b612583/MODULE_2311441365887874014+e30acd3a/model.neff
/home/ubuntu/train_gpt10b_tp_families.py:655: DeprecationWarning: Use torch_xla.sync instead
  xm.mark_step()
/home/ubuntu/train_gpt10b_tp_families.py:655: DeprecationWarning: Use torch_xla.sync instead
  xm.mark_step()
2026-09-09 09:11:11.000737:  113566  [INFO]: Using a cached neff at /home/ubuntu/neuron_cache_e2e/neuronxcc-2.23.6484.0+3b612583/MODULE_17699468275490213154+e30acd3a/model.neff
2026-09-09 09:11:11.000737:  113575  [INFO]: Using a cached neff at /home/ubuntu/neuron_cache_e2e/neuronxcc-2.23.6484.0+3b612583/MODULE_17699468275490213154+e30acd3a/model.neff
/home/ubuntu/train_gpt10b_tp_families.py:655: DeprecationWarning: Use torch_xla.sync instead
  xm.mark_step()
2026-09-09 09:11:11.000755:  113566  [INFO]: Using a cached neff at /home/ubuntu/neuron_cache_e2e/neuronxcc-2.23.6484.0+3b612583/MODULE_13318081029806370021+e30acd3a/model.neff
2026-09-09 09:11:11.000755:  113575  [INFO]: Using a cached neff at /home/ubuntu/neuron_cache_e2e/neuronxcc-2.23.6484.0+3b612583/MODULE_13318081029806370021+e30acd3a/model.neff
2026-09-09 09:11:11.000766:  113572  [INFO]: Using a cached neff at /home/ubuntu/neuron_cache_e2e/neuronxcc-2.23.6484.0+3b612583/MODULE_17699468275490213154+e30acd3a/model.neff
/home/ubuntu/train_gpt10b_tp_families.py:655: DeprecationWarning: Use torch_xla.sync instead
  xm.mark_step()
2026-09-09 09:11:11.000788:  113577  [INFO]: Using a cached neff at /home/ubuntu/neuron_cache_e2e/neuronxcc-2.23.6484.0+3b612583/MODULE_17699468275490213154+e30acd3a/model.neff
2026-09-09 09:11:11.000789:  113572  [INFO]: Using a cached neff at /home/ubuntu/neuron_cache_e2e/neuronxcc-2.23.6484.0+3b612583/MODULE_13318081029806370021+e30acd3a/model.neff
/home/ubuntu/train_gpt10b_tp_families.py:655: DeprecationWarning: Use torch_xla.sync instead
  xm.mark_step()
2026-09-09 09:11:11.000799:  113554  [INFO]: Using a cached neff at /home/ubuntu/neuron_cache_e2e/neuronxcc-2.23.6484.0+3b612583/MODULE_17699468275490213154+e30acd3a/model.neff
2026-09-09 09:11:11.000806:  113577  [INFO]: Using a cached neff at /home/ubuntu/neuron_cache_e2e/neuronxcc-2.23.6484.0+3b612583/MODULE_13318081029806370021+e30acd3a/model.neff
/home/ubuntu/train_gpt10b_tp_families.py:655: DeprecationWarning: Use torch_xla.sync instead
  xm.mark_step()
2026-09-09 09:11:11.000817:  113554  [INFO]: Using a cached neff at /home/ubuntu/neuron_cache_e2e/neuronxcc-2.23.6484.0+3b612583/MODULE_13318081029806370021+e30acd3a/model.neff
2026-09-09 09:11:11.000824:  113571  [INFO]: Using a cached neff at /home/ubuntu/neuron_cache_e2e/neuronxcc-2.23.6484.0+3b612583/MODULE_17699468275490213154+e30acd3a/model.neff
2026-09-09 09:11:11.000829:  113565  [INFO]: Using a cached neff at /home/ubuntu/neuron_cache_e2e/neuronxcc-2.23.6484.0+3b612583/MODULE_14874200043798254035+e30acd3a/model.neff
2026-09-09 09:11:11.000842:  113571  [INFO]: Using a cached neff at /home/ubuntu/neuron_cache_e2e/neuronxcc-2.23.6484.0+3b612583/MODULE_13318081029806370021+e30acd3a/model.neff
2026-09-09 09:11:11.000879:  113556  [INFO]: Using a cached neff at /home/ubuntu/neuron_cache_e2e/neuronxcc-2.23.6484.0+3b612583/MODULE_2311441365887874014+e30acd3a/model.neff
2026-09-09 09:11:11.000883:  113567  [INFO]: Using a cached neff at /home/ubuntu/neuron_cache_e2e/neuronxcc-2.23.6484.0+3b612583/MODULE_14874200043798254035+e30acd3a/model.neff
2026-09-09 09:11:11.000884:  113551  [INFO]: Using a cached neff at /home/ubuntu/neuron_cache_e2e/neuronxcc-2.23.6484.0+3b612583/MODULE_14874200043798254035+e30acd3a/model.neff
/home/ubuntu/train_gpt10b_tp_families.py:638: DeprecationWarning: Use torch_xla.sync instead
  xm.mark_step()
/home/ubuntu/train_gpt10b_tp_families.py:638: DeprecationWarning: Use torch_xla.sync instead
  xm.mark_step()
2026-09-09 09:11:12.000021:  113580  [INFO]: Using a cached neff at /home/ubuntu/neuron_cache_e2e/neuronxcc-2.23.6484.0+3b612583/MODULE_11129965598566482386+e30acd3a/model.neff
2026-09-09 09:11:12.000031:  113556  [INFO]: Using a cached neff at /home/ubuntu/neuron_cache_e2e/neuronxcc-2.23.6484.0+3b612583/MODULE_14874200043798254035+e30acd3a/model.neff
2026-09-09 09:11:12.000040:  113580  [INFO]: Using a cached neff at /home/ubuntu/neuron_cache_e2e/neuronxcc-2.23.6484.0+3b612583/MODULE_4272806645210191267+e30acd3a/model.neff
2026-09-09 09:11:12.000048:  113579  [INFO]: Using a cached neff at /home/ubuntu/neuron_cache_e2e/neuronxcc-2.23.6484.0+3b612583/MODULE_9715013359532217420+e30acd3a/model.neff
2026-09-09 09:11:12.000057:  113580  [INFO]: Using a cached neff at /home/ubuntu/neuron_cache_e2e/neuronxcc-2.23.6484.0+3b612583/MODULE_5223633225114114347+e30acd3a/model.neff
2026-09-09 09:11:12.000059:  113561  [INFO]: Using a cached neff at /home/ubuntu/neuron_cache_e2e/neuronxcc-2.23.6484.0+3b612583/MODULE_9715013359532217420+e30acd3a/model.neff
2026-09-09 09:11:12.000073:  113580  [INFO]: Using a cached neff at /home/ubuntu/neuron_cache_e2e/neuronxcc-2.23.6484.0+3b612583/MODULE_5699981621561527716+e30acd3a/model.neff
2026-09-09 09:11:12.000091:  113580  [INFO]: Using a cached neff at /home/ubuntu/neuron_cache_e2e/neuronxcc-2.23.6484.0+3b612583/MODULE_8575940740000655340+e30acd3a/model.neff
2026-09-09 09:11:12.000110:  113580  [INFO]: Using a cached neff at /home/ubuntu/neuron_cache_e2e/neuronxcc-2.23.6484.0+3b612583/MODULE_14567189089315028411+e30acd3a/model.neff
/home/ubuntu/train_gpt10b_tp_families.py:656: DeprecationWarning: Use torch_xla.sync instead
  xm.mark_step()   # slice: copy-back done
2026-09-09 09:11:12.000123:  113580  [INFO]: Using a cached neff at /home/ubuntu/neuron_cache_e2e/neuronxcc-2.23.6484.0+3b612583/MODULE_2947808046050219602+e30acd3a/model.neff
/home/ubuntu/train_gpt10b_tp_families.py:669: DeprecationWarning: Use torch_xla.sync instead
  xm.mark_step()
2026-09-09 09:11:12.000287:  113576  [INFO]: Using a cached neff at /home/ubuntu/neuron_cache_e2e/neuronxcc-2.23.6484.0+3b612583/MODULE_11129965598566482386+e30acd3a/model.neff
2026-09-09 09:11:12.000305:  113576  [INFO]: Using a cached neff at /home/ubuntu/neuron_cache_e2e/neuronxcc-2.23.6484.0+3b612583/MODULE_4272806645210191267+e30acd3a/model.neff
2026-09-09 09:11:12.000324:  113576  [INFO]: Using a cached neff at /home/ubuntu/neuron_cache_e2e/neuronxcc-2.23.6484.0+3b612583/MODULE_5223633225114114347+e30acd3a/model.neff
2026-09-09 09:11:12.000333:  113560  [INFO]: Using a cached neff at /home/ubuntu/neuron_cache_e2e/neuronxcc-2.23.6484.0+3b612583/MODULE_11129965598566482386+e30acd3a/model.neff
2026-09-09 09:11:12.000341:  113576  [INFO]: Using a cached neff at /home/ubuntu/neuron_cache_e2e/neuronxcc-2.23.6484.0+3b612583/MODULE_5699981621561527716+e30acd3a/model.neff
2026-09-09 09:11:12.000352:  113560  [INFO]: Using a cached neff at /home/ubuntu/neuron_cache_e2e/neuronxcc-2.23.6484.0+3b612583/MODULE_4272806645210191267+e30acd3a/model.neff
2026-09-09 09:11:12.000358:  113576  [INFO]: Using a cached neff at /home/ubuntu/neuron_cache_e2e/neuronxcc-2.23.6484.0+3b612583/MODULE_8575940740000655340+e30acd3a/model.neff
2026-09-09 09:11:12.000370:  113560  [INFO]: Using a cached neff at /home/ubuntu/neuron_cache_e2e/neuronxcc-2.23.6484.0+3b612583/MODULE_5223633225114114347+e30acd3a/model.neff
2026-09-09 09:11:12.000375:  113576  [INFO]: Using a cached neff at /home/ubuntu/neuron_cache_e2e/neuronxcc-2.23.6484.0+3b612583/MODULE_14567189089315028411+e30acd3a/model.neff
/home/ubuntu/train_gpt10b_tp_families.py:656: DeprecationWarning: Use torch_xla.sync instead
  xm.mark_step()   # slice: copy-back done
2026-09-09 09:11:12.000389:  113560  [INFO]: Using a cached neff at /home/ubuntu/neuron_cache_e2e/neuronxcc-2.23.6484.0+3b612583/MODULE_5699981621561527716+e30acd3a/model.neff
2026-09-09 09:11:12.000389:  113576  [INFO]: Using a cached neff at /home/ubuntu/neuron_cache_e2e/neuronxcc-2.23.6484.0+3b612583/MODULE_2947808046050219602+e30acd3a/model.neff
2026-09-09 09:11:12.000393:  113580  [INFO]: Using a cached neff at /home/ubuntu/neuron_cache_e2e/neuronxcc-2.23.6484.0+3b612583/MODULE_2311441365887874014+e30acd3a/model.neff
2026-09-09 09:11:12.000407:  113560  [INFO]: Using a cached neff at /home/ubuntu/neuron_cache_e2e/neuronxcc-2.23.6484.0+3b612583/MODULE_8575940740000655340+e30acd3a/model.neff
2026-09-09 09:11:12.000425:  113560  [INFO]: Using a cached neff at /home/ubuntu/neuron_cache_e2e/neuronxcc-2.23.6484.0+3b612583/MODULE_14567189089315028411+e30acd3a/model.neff
/home/ubuntu/train_gpt10b_tp_families.py:669: DeprecationWarning: Use torch_xla.sync instead
  xm.mark_step()
/home/ubuntu/train_gpt10b_tp_families.py:656: DeprecationWarning: Use torch_xla.sync instead
  xm.mark_step()   # slice: copy-back done
2026-09-09 09:11:12.000440:  113560  [INFO]: Using a cached neff at /home/ubuntu/neuron_cache_e2e/neuronxcc-2.23.6484.0+3b612583/MODULE_2947808046050219602+e30acd3a/model.neff
/home/ubuntu/train_gpt10b_tp_families.py:669: DeprecationWarning: Use torch_xla.sync instead
  xm.mark_step()
/home/ubuntu/train_gpt10b_tp_families.py:655: DeprecationWarning: Use torch_xla.sync instead
  xm.mark_step()
/home/ubuntu/train_gpt10b_tp_families.py:655: DeprecationWarning: Use torch_xla.sync instead
  xm.mark_step()
2026-09-09 09:11:12.000506:  113579  [INFO]: Using a cached neff at /home/ubuntu/neuron_cache_e2e/neuronxcc-2.23.6484.0+3b612583/MODULE_17699468275490213154+e30acd3a/model.neff
2026-09-09 09:11:12.000512:  113561  [INFO]: Using a cached neff at /home/ubuntu/neuron_cache_e2e/neuronxcc-2.23.6484.0+3b612583/MODULE_17699468275490213154+e30acd3a/model.neff
2026-09-09 09:11:12.000529:  113579  [INFO]: Using a cached neff at /home/ubuntu/neuron_cache_e2e/neuronxcc-2.23.6484.0+3b612583/MODULE_13318081029806370021+e30acd3a/model.neff
2026-09-09 09:11:12.000534:  113561  [INFO]: Using a cached neff at /home/ubuntu/neuron_cache_e2e/neuronxcc-2.23.6484.0+3b612583/MODULE_13318081029806370021+e30acd3a/model.neff
2026-09-09 09:11:12.000559:  113581  [INFO]: Using a cached neff at /home/ubuntu/neuron_cache_e2e/neuronxcc-2.23.6484.0+3b612583/MODULE_11129965598566482386+e30acd3a/model.neff
2026-09-09 09:11:12.000579:  113581  [INFO]: Using a cached neff at /home/ubuntu/neuron_cache_e2e/neuronxcc-2.23.6484.0+3b612583/MODULE_4272806645210191267+e30acd3a/model.neff
2026-09-09 09:11:12.000584:  113580  [INFO]: Using a cached neff at /home/ubuntu/neuron_cache_e2e/neuronxcc-2.23.6484.0+3b612583/MODULE_14874200043798254035+e30acd3a/model.neff
2026-09-09 09:11:12.000587:  113557  [INFO]: Using a cached neff at /home/ubuntu/neuron_cache_e2e/neuronxcc-2.23.6484.0+3b612583/MODULE_11129965598566482386+e30acd3a/model.neff
2026-09-09 09:11:12.000597:  113581  [INFO]: Using a cached neff at /home/ubuntu/neuron_cache_e2e/neuronxcc-2.23.6484.0+3b612583/MODULE_5223633225114114347+e30acd3a/model.neff
2026-09-09 09:11:12.000606:  113557  [INFO]: Using a cached neff at /home/ubuntu/neuron_cache_e2e/neuronxcc-2.23.6484.0+3b612583/MODULE_4272806645210191267+e30acd3a/model.neff
2026-09-09 09:11:12.000616:  113581  [INFO]: Using a cached neff at /home/ubuntu/neuron_cache_e2e/neuronxcc-2.23.6484.0+3b612583/MODULE_5699981621561527716+e30acd3a/model.neff
2026-09-09 09:11:12.000624:  113557  [INFO]: Using a cached neff at /home/ubuntu/neuron_cache_e2e/neuronxcc-2.23.6484.0+3b612583/MODULE_5223633225114114347+e30acd3a/model.neff
2026-09-09 09:11:12.000627:  113582  [INFO]: Using a cached neff at /home/ubuntu/neuron_cache_e2e/neuronxcc-2.23.6484.0+3b612583/MODULE_11129965598566482386+e30acd3a/model.neff
2026-09-09 09:11:12.000631:  113574  [INFO]: Using a cached neff at /home/ubuntu/neuron_cache_e2e/neuronxcc-2.23.6484.0+3b612583/MODULE_11129965598566482386+e30acd3a/model.neff
2026-09-09 09:11:12.000634:  113581  [INFO]: Using a cached neff at /home/ubuntu/neuron_cache_e2e/neuronxcc-2.23.6484.0+3b612583/MODULE_8575940740000655340+e30acd3a/model.neff
2026-09-09 09:11:12.000643:  113557  [INFO]: Using a cached neff at /home/ubuntu/neuron_cache_e2e/neuronxcc-2.23.6484.0+3b612583/MODULE_5699981621561527716+e30acd3a/model.neff
2026-09-09 09:11:12.000649:  113582  [INFO]: Using a cached neff at /home/ubuntu/neuron_cache_e2e/neuronxcc-2.23.6484.0+3b612583/MODULE_4272806645210191267+e30acd3a/model.neff
2026-09-09 09:11:12.000652:  113581  [INFO]: Using a cached neff at /home/ubuntu/neuron_cache_e2e/neuronxcc-2.23.6484.0+3b612583/MODULE_14567189089315028411+e30acd3a/model.neff
2026-09-09 09:11:12.000655:  113574  [INFO]: Using a cached neff at /home/ubuntu/neuron_cache_e2e/neuronxcc-2.23.6484.0+3b612583/MODULE_4272806645210191267+e30acd3a/model.neff
2026-09-09 09:11:12.000660:  113568  [INFO]: Using a cached neff at /home/ubuntu/neuron_cache_e2e/neuronxcc-2.23.6484.0+3b612583/MODULE_11129965598566482386+e30acd3a/model.neff
2026-09-09 09:11:12.000660:  113557  [INFO]: Using a cached neff at /home/ubuntu/neuron_cache_e2e/neuronxcc-2.23.6484.0+3b612583/MODULE_8575940740000655340+e30acd3a/model.neff
/home/ubuntu/train_gpt10b_tp_families.py:656: DeprecationWarning: Use torch_xla.sync instead
  xm.mark_step()   # slice: copy-back done
2026-09-09 09:11:12.000668:  113581  [INFO]: Using a cached neff at /home/ubuntu/neuron_cache_e2e/neuronxcc-2.23.6484.0+3b612583/MODULE_2947808046050219602+e30acd3a/model.neff
2026-09-09 09:11:12.000671:  113582  [INFO]: Using a cached neff at /home/ubuntu/neuron_cache_e2e/neuronxcc-2.23.6484.0+3b612583/MODULE_5223633225114114347+e30acd3a/model.neff
2026-09-09 09:11:12.000678:  113574  [INFO]: Using a cached neff at /home/ubuntu/neuron_cache_e2e/neuronxcc-2.23.6484.0+3b612583/MODULE_5223633225114114347+e30acd3a/model.neff
2026-09-09 09:11:12.000678:  113555  [INFO]: Using a cached neff at /home/ubuntu/neuron_cache_e2e/neuronxcc-2.23.6484.0+3b612583/MODULE_11129965598566482386+e30acd3a/model.neff
2026-09-09 09:11:12.000679:  113557  [INFO]: Using a cached neff at /home/ubuntu/neuron_cache_e2e/neuronxcc-2.23.6484.0+3b612583/MODULE_14567189089315028411+e30acd3a/model.neff
2026-09-09 09:11:12.000681:  113568  [INFO]: Using a cached neff at /home/ubuntu/neuron_cache_e2e/neuronxcc-2.23.6484.0+3b612583/MODULE_4272806645210191267+e30acd3a/model.neff
2026-09-09 09:11:12.000686:  113570  [INFO]: Using a cached neff at /home/ubuntu/neuron_cache_e2e/neuronxcc-2.23.6484.0+3b612583/MODULE_11129965598566482386+e30acd3a/model.neff
/home/ubuntu/train_gpt10b_tp_families.py:656: DeprecationWarning: Use torch_xla.sync instead
  xm.mark_step()   # slice: copy-back done
2026-09-09 09:11:12.000693:  113582  [INFO]: Using a cached neff at /home/ubuntu/neuron_cache_e2e/neuronxcc-2.23.6484.0+3b612583/MODULE_5699981621561527716+e30acd3a/model.neff
/home/ubuntu/train_gpt10b_tp_families.py:638: DeprecationWarning: Use torch_xla.sync instead
  xm.mark_step()
2026-09-09 09:11:12.000693:  113557  [INFO]: Using a cached neff at /home/ubuntu/neuron_cache_e2e/neuronxcc-2.23.6484.0+3b612583/MODULE_2947808046050219602+e30acd3a/model.neff
2026-09-09 09:11:12.000695:  113555  [INFO]: Using a cached neff at /home/ubuntu/neuron_cache_e2e/neuronxcc-2.23.6484.0+3b612583/MODULE_4272806645210191267+e30acd3a/model.neff
2026-09-09 09:11:12.000700:  113574  [INFO]: Using a cached neff at /home/ubuntu/neuron_cache_e2e/neuronxcc-2.23.6484.0+3b612583/MODULE_5699981621561527716+e30acd3a/model.neff
2026-09-09 09:11:12.000701:  113568  [INFO]: Using a cached neff at /home/ubuntu/neuron_cache_e2e/neuronxcc-2.23.6484.0+3b612583/MODULE_5223633225114114347+e30acd3a/model.neff
/home/ubuntu/train_gpt10b_tp_families.py:669: DeprecationWarning: Use torch_xla.sync instead
  xm.mark_step()
2026-09-09 09:11:12.000709:  113570  [INFO]: Using a cached neff at /home/ubuntu/neuron_cache_e2e/neuronxcc-2.23.6484.0+3b612583/MODULE_4272806645210191267+e30acd3a/model.neff
2026-09-09 09:11:12.000712:  113559  [INFO]: Using a cached neff at /home/ubuntu/neuron_cache_e2e/neuronxcc-2.23.6484.0+3b612583/MODULE_11129965598566482386+e30acd3a/model.neff
2026-09-09 09:11:12.000712:  113553  [INFO]: Using a cached neff at /home/ubuntu/neuron_cache_e2e/neuronxcc-2.23.6484.0+3b612583/MODULE_11129965598566482386+e30acd3a/model.neff
2026-09-09 09:11:12.000713:  113555  [INFO]: Using a cached neff at /home/ubuntu/neuron_cache_e2e/neuronxcc-2.23.6484.0+3b612583/MODULE_5223633225114114347+e30acd3a/model.neff
2026-09-09 09:11:12.000714:  113582  [INFO]: Using a cached neff at /home/ubuntu/neuron_cache_e2e/neuronxcc-2.23.6484.0+3b612583/MODULE_8575940740000655340+e30acd3a/model.neff
2026-09-09 09:11:12.000718:  113574  [INFO]: Using a cached neff at /home/ubuntu/neuron_cache_e2e/neuronxcc-2.23.6484.0+3b612583/MODULE_8575940740000655340+e30acd3a/model.neff
2026-09-09 09:11:12.000722:  113568  [INFO]: Using a cached neff at /home/ubuntu/neuron_cache_e2e/neuronxcc-2.23.6484.0+3b612583/MODULE_5699981621561527716+e30acd3a/model.neff
2026-09-09 09:11:12.000726:  113560  [INFO]: Using a cached neff at /home/ubuntu/neuron_cache_e2e/neuronxcc-2.23.6484.0+3b612583/MODULE_2311441365887874014+e30acd3a/model.neff
2026-09-09 09:11:12.000728:  113570  [INFO]: Using a cached neff at /home/ubuntu/neuron_cache_e2e/neuronxcc-2.23.6484.0+3b612583/MODULE_5223633225114114347+e30acd3a/model.neff
2026-09-09 09:11:12.000731:  113555  [INFO]: Using a cached neff at /home/ubuntu/neuron_cache_e2e/neuronxcc-2.23.6484.0+3b612583/MODULE_5699981621561527716+e30acd3a/model.neff
2026-09-09 09:11:12.000731:  113553  [INFO]: Using a cached neff at /home/ubuntu/neuron_cache_e2e/neuronxcc-2.23.6484.0+3b612583/MODULE_4272806645210191267+e30acd3a/model.neff
2026-09-09 09:11:12.000732:  113582  [INFO]: Using a cached neff at /home/ubuntu/neuron_cache_e2e/neuronxcc-2.23.6484.0+3b612583/MODULE_14567189089315028411+e30acd3a/model.neff
/home/ubuntu/train_gpt10b_tp_families.py:669: DeprecationWarning: Use torch_xla.sync instead
  xm.mark_step()
2026-09-09 09:11:12.000735:  113559  [INFO]: Using a cached neff at /home/ubuntu/neuron_cache_e2e/neuronxcc-2.23.6484.0+3b612583/MODULE_4272806645210191267+e30acd3a/model.neff
2026-09-09 09:11:12.000737:  113574  [INFO]: Using a cached neff at /home/ubuntu/neuron_cache_e2e/neuronxcc-2.23.6484.0+3b612583/MODULE_14567189089315028411+e30acd3a/model.neff
2026-09-09 09:11:12.000740:  113568  [INFO]: Using a cached neff at /home/ubuntu/neuron_cache_e2e/neuronxcc-2.23.6484.0+3b612583/MODULE_8575940740000655340+e30acd3a/model.neff
/home/ubuntu/train_gpt10b_tp_families.py:656: DeprecationWarning: Use torch_xla.sync instead
  xm.mark_step()   # slice: copy-back done
/home/ubuntu/train_gpt10b_tp_families.py:656: DeprecationWarning: Use torch_xla.sync instead
  xm.mark_step()   # slice: copy-back done
2026-09-09 09:11:12.000746:  113582  [INFO]: Using a cached neff at /home/ubuntu/neuron_cache_e2e/neuronxcc-2.23.6484.0+3b612583/MODULE_2947808046050219602+e30acd3a/model.neff
2026-09-09 09:11:12.000748:  113570  [INFO]: Using a cached neff at /home/ubuntu/neuron_cache_e2e/neuronxcc-2.23.6484.0+3b612583/MODULE_5699981621561527716+e30acd3a/model.neff
2026-09-09 09:11:12.000748:  113555  [INFO]: Using a cached neff at /home/ubuntu/neuron_cache_e2e/neuronxcc-2.23.6484.0+3b612583/MODULE_8575940740000655340+e30acd3a/model.neff
2026-09-09 09:11:12.000749:  113553  [INFO]: Using a cached neff at /home/ubuntu/neuron_cache_e2e/neuronxcc-2.23.6484.0+3b612583/MODULE_5223633225114114347+e30acd3a/model.neff
2026-09-09 09:11:12.000752:  113574  [INFO]: Using a cached neff at /home/ubuntu/neuron_cache_e2e/neuronxcc-2.23.6484.0+3b612583/MODULE_2947808046050219602+e30acd3a/model.neff
2026-09-09 09:11:12.000760:  113568  [INFO]: Using a cached neff at /home/ubuntu/neuron_cache_e2e/neuronxcc-2.23.6484.0+3b612583/MODULE_14567189089315028411+e30acd3a/model.neff
2026-09-09 09:11:12.000760:  113559  [INFO]: Using a cached neff at /home/ubuntu/neuron_cache_e2e/neuronxcc-2.23.6484.0+3b612583/MODULE_5223633225114114347+e30acd3a/model.neff
2026-09-09 09:11:12.000767:  113555  [INFO]: Using a cached neff at /home/ubuntu/neuron_cache_e2e/neuronxcc-2.23.6484.0+3b612583/MODULE_14567189089315028411+e30acd3a/model.neff
2026-09-09 09:11:12.000767:  113570  [INFO]: Using a cached neff at /home/ubuntu/neuron_cache_e2e/neuronxcc-2.23.6484.0+3b612583/MODULE_8575940740000655340+e30acd3a/model.neff
2026-09-09 09:11:12.000767:  113553  [INFO]: Using a cached neff at /home/ubuntu/neuron_cache_e2e/neuronxcc-2.23.6484.0+3b612583/MODULE_5699981621561527716+e30acd3a/model.neff
/home/ubuntu/train_gpt10b_tp_families.py:656: DeprecationWarning: Use torch_xla.sync instead
  xm.mark_step()   # slice: copy-back done
/home/ubuntu/train_gpt10b_tp_families.py:656: DeprecationWarning: Use torch_xla.sync instead
  xm.mark_step()   # slice: copy-back done
2026-09-09 09:11:12.000776:  113568  [INFO]: Using a cached neff at /home/ubuntu/neuron_cache_e2e/neuronxcc-2.23.6484.0+3b612583/MODULE_2947808046050219602+e30acd3a/model.neff
2026-09-09 09:11:12.000781:  113555  [INFO]: Using a cached neff at /home/ubuntu/neuron_cache_e2e/neuronxcc-2.23.6484.0+3b612583/MODULE_2947808046050219602+e30acd3a/model.neff
2026-09-09 09:11:12.000783:  113559  [INFO]: Using a cached neff at /home/ubuntu/neuron_cache_e2e/neuronxcc-2.23.6484.0+3b612583/MODULE_5699981621561527716+e30acd3a/model.neff
/home/ubuntu/train_gpt10b_tp_families.py:669: DeprecationWarning: Use torch_xla.sync instead
  xm.mark_step()
2026-09-09 09:11:12.000785:  113553  [INFO]: Using a cached neff at /home/ubuntu/neuron_cache_e2e/neuronxcc-2.23.6484.0+3b612583/MODULE_8575940740000655340+e30acd3a/model.neff
2026-09-09 09:11:12.000787:  113570  [INFO]: Using a cached neff at /home/ubuntu/neuron_cache_e2e/neuronxcc-2.23.6484.0+3b612583/MODULE_14567189089315028411+e30acd3a/model.neff
/home/ubuntu/train_gpt10b_tp_families.py:669: DeprecationWarning: Use torch_xla.sync instead
  xm.mark_step()
/home/ubuntu/train_gpt10b_tp_families.py:656: DeprecationWarning: Use torch_xla.sync instead
  xm.mark_step()   # slice: copy-back done
2026-09-09 09:11:12.000804:  113570  [INFO]: Using a cached neff at /home/ubuntu/neuron_cache_e2e/neuronxcc-2.23.6484.0+3b612583/MODULE_2947808046050219602+e30acd3a/model.neff
2026-09-09 09:11:12.000804:  113576  [INFO]: Using a cached neff at /home/ubuntu/neuron_cache_e2e/neuronxcc-2.23.6484.0+3b612583/MODULE_2311441365887874014+e30acd3a/model.neff
2026-09-09 09:11:12.000805:  113553  [INFO]: Using a cached neff at /home/ubuntu/neuron_cache_e2e/neuronxcc-2.23.6484.0+3b612583/MODULE_14567189089315028411+e30acd3a/model.neff
2026-09-09 09:11:12.000808:  113559  [INFO]: Using a cached neff at /home/ubuntu/neuron_cache_e2e/neuronxcc-2.23.6484.0+3b612583/MODULE_8575940740000655340+e30acd3a/model.neff
/home/ubuntu/train_gpt10b_tp_families.py:656: DeprecationWarning: Use torch_xla.sync instead
  xm.mark_step()   # slice: copy-back done
/home/ubuntu/train_gpt10b_tp_families.py:669: DeprecationWarning: Use torch_xla.sync instead
  xm.mark_step()
/home/ubuntu/train_gpt10b_tp_families.py:669: DeprecationWarning: Use torch_xla.sync instead
  xm.mark_step()
2026-09-09 09:11:12.000820:  113553  [INFO]: Using a cached neff at /home/ubuntu/neuron_cache_e2e/neuronxcc-2.23.6484.0+3b612583/MODULE_2947808046050219602+e30acd3a/model.neff
2026-09-09 09:11:12.000834:  113559  [INFO]: Using a cached neff at /home/ubuntu/neuron_cache_e2e/neuronxcc-2.23.6484.0+3b612583/MODULE_14567189089315028411+e30acd3a/model.neff
2026-09-09 09:11:12.000838:  113569  [INFO]: Using a cached neff at /home/ubuntu/neuron_cache_e2e/neuronxcc-2.23.6484.0+3b612583/MODULE_9715013359532217420+e30acd3a/model.neff
2026-09-09 09:11:12.000840:  113563  [INFO]: Using a cached neff at /home/ubuntu/neuron_cache_e2e/neuronxcc-2.23.6484.0+3b612583/MODULE_11129965598566482386+e30acd3a/model.neff
/home/ubuntu/train_gpt10b_tp_families.py:669: DeprecationWarning: Use torch_xla.sync instead
  xm.mark_step()
/home/ubuntu/train_gpt10b_tp_families.py:656: DeprecationWarning: Use torch_xla.sync instead
  xm.mark_step()   # slice: copy-back done
2026-09-09 09:11:12.000850:  113562  [INFO]: Using a cached neff at /home/ubuntu/neuron_cache_e2e/neuronxcc-2.23.6484.0+3b612583/MODULE_11129965598566482386+e30acd3a/model.neff
2026-09-09 09:11:12.000853:  113559  [INFO]: Using a cached neff at /home/ubuntu/neuron_cache_e2e/neuronxcc-2.23.6484.0+3b612583/MODULE_2947808046050219602+e30acd3a/model.neff
2026-09-09 09:11:12.000856:  113575  [INFO]: Using a cached neff at /home/ubuntu/neuron_cache_e2e/neuronxcc-2.23.6484.0+3b612583/MODULE_11129965598566482386+e30acd3a/model.neff
/home/ubuntu/train_gpt10b_tp_families.py:669: DeprecationWarning: Use torch_xla.sync instead
  xm.mark_step()
2026-09-09 09:11:12.000861:  113563  [INFO]: Using a cached neff at /home/ubuntu/neuron_cache_e2e/neuronxcc-2.23.6484.0+3b612583/MODULE_4272806645210191267+e30acd3a/model.neff
2026-09-09 09:11:12.000872:  113577  [INFO]: Using a cached neff at /home/ubuntu/neuron_cache_e2e/neuronxcc-2.23.6484.0+3b612583/MODULE_11129965598566482386+e30acd3a/model.neff
2026-09-09 09:11:12.000874:  113562  [INFO]: Using a cached neff at /home/ubuntu/neuron_cache_e2e/neuronxcc-2.23.6484.0+3b612583/MODULE_4272806645210191267+e30acd3a/model.neff
2026-09-09 09:11:12.000880:  113563  [INFO]: Using a cached neff at /home/ubuntu/neuron_cache_e2e/neuronxcc-2.23.6484.0+3b612583/MODULE_5223633225114114347+e30acd3a/model.neff
2026-09-09 09:11:12.000883:  113575  [INFO]: Using a cached neff at /home/ubuntu/neuron_cache_e2e/neuronxcc-2.23.6484.0+3b612583/MODULE_4272806645210191267+e30acd3a/model.neff
2026-09-09 09:11:12.000892:  113577  [INFO]: Using a cached neff at /home/ubuntu/neuron_cache_e2e/neuronxcc-2.23.6484.0+3b612583/MODULE_4272806645210191267+e30acd3a/model.neff
2026-09-09 09:11:12.000896:  113562  [INFO]: Using a cached neff at /home/ubuntu/neuron_cache_e2e/neuronxcc-2.23.6484.0+3b612583/MODULE_5223633225114114347+e30acd3a/model.neff
2026-09-09 09:11:12.000897:  113560  [INFO]: Using a cached neff at /home/ubuntu/neuron_cache_e2e/neuronxcc-2.23.6484.0+3b612583/MODULE_14874200043798254035+e30acd3a/model.neff
2026-09-09 09:11:12.000899:  113563  [INFO]: Using a cached neff at /home/ubuntu/neuron_cache_e2e/neuronxcc-2.23.6484.0+3b612583/MODULE_5699981621561527716+e30acd3a/model.neff
2026-09-09 09:11:12.000901:  113564  [INFO]: Using a cached neff at /home/ubuntu/neuron_cache_e2e/neuronxcc-2.23.6484.0+3b612583/MODULE_11129965598566482386+e30acd3a/model.neff
/home/ubuntu/train_gpt10b_tp_families.py:669: DeprecationWarning: Use torch_xla.sync instead
  xm.mark_step()
2026-09-09 09:11:12.000910:  113573  [INFO]: Using a cached neff at /home/ubuntu/neuron_cache_e2e/neuronxcc-2.23.6484.0+3b612583/MODULE_11129965598566482386+e30acd3a/model.neff
2026-09-09 09:11:12.000910:  113575  [INFO]: Using a cached neff at /home/ubuntu/neuron_cache_e2e/neuronxcc-2.23.6484.0+3b612583/MODULE_5223633225114114347+e30acd3a/model.neff
2026-09-09 09:11:12.000913:  113577  [INFO]: Using a cached neff at /home/ubuntu/neuron_cache_e2e/neuronxcc-2.23.6484.0+3b612583/MODULE_5223633225114114347+e30acd3a/model.neff
2026-09-09 09:11:12.000916:  113562  [INFO]: Using a cached neff at /home/ubuntu/neuron_cache_e2e/neuronxcc-2.23.6484.0+3b612583/MODULE_5699981621561527716+e30acd3a/model.neff
2026-09-09 09:11:12.000916:  113554  [INFO]: Using a cached neff at /home/ubuntu/neuron_cache_e2e/neuronxcc-2.23.6484.0+3b612583/MODULE_11129965598566482386+e30acd3a/model.neff
2026-09-09 09:11:12.000920:  113563  [INFO]: Using a cached neff at /home/ubuntu/neuron_cache_e2e/neuronxcc-2.23.6484.0+3b612583/MODULE_8575940740000655340+e30acd3a/model.neff
2026-09-09 09:11:12.000921:  113564  [INFO]: Using a cached neff at /home/ubuntu/neuron_cache_e2e/neuronxcc-2.23.6484.0+3b612583/MODULE_4272806645210191267+e30acd3a/model.neff
2026-09-09 09:11:12.000930:  113573  [INFO]: Using a cached neff at /home/ubuntu/neuron_cache_e2e/neuronxcc-2.23.6484.0+3b612583/MODULE_4272806645210191267+e30acd3a/model.neff
2026-09-09 09:11:12.000932:  113577  [INFO]: Using a cached neff at /home/ubuntu/neuron_cache_e2e/neuronxcc-2.23.6484.0+3b612583/MODULE_5699981621561527716+e30acd3a/model.neff
2026-09-09 09:11:12.000934:  113562  [INFO]: Using a cached neff at /home/ubuntu/neuron_cache_e2e/neuronxcc-2.23.6484.0+3b612583/MODULE_8575940740000655340+e30acd3a/model.neff
2026-09-09 09:11:12.000936:  113575  [INFO]: Using a cached neff at /home/ubuntu/neuron_cache_e2e/neuronxcc-2.23.6484.0+3b612583/MODULE_5699981621561527716+e30acd3a/model.neff
2026-09-09 09:11:12.000937:  113554  [INFO]: Using a cached neff at /home/ubuntu/neuron_cache_e2e/neuronxcc-2.23.6484.0+3b612583/MODULE_4272806645210191267+e30acd3a/model.neff
2026-09-09 09:11:12.000940:  113564  [INFO]: Using a cached neff at /home/ubuntu/neuron_cache_e2e/neuronxcc-2.23.6484.0+3b612583/MODULE_5223633225114114347+e30acd3a/model.neff
2026-09-09 09:11:12.000942:  113563  [INFO]: Using a cached neff at /home/ubuntu/neuron_cache_e2e/neuronxcc-2.23.6484.0+3b612583/MODULE_14567189089315028411+e30acd3a/model.neff
/home/ubuntu/train_gpt10b_tp_families.py:656: DeprecationWarning: Use torch_xla.sync instead
  xm.mark_step()   # slice: copy-back done
2026-09-09 09:11:12.000953:  113577  [INFO]: Using a cached neff at /home/ubuntu/neuron_cache_e2e/neuronxcc-2.23.6484.0+3b612583/MODULE_8575940740000655340+e30acd3a/model.neff
2026-09-09 09:11:12.000953:  113573  [INFO]: Using a cached neff at /home/ubuntu/neuron_cache_e2e/neuronxcc-2.23.6484.0+3b612583/MODULE_5223633225114114347+e30acd3a/model.neff
2026-09-09 09:11:12.000954:  113562  [INFO]: Using a cached neff at /home/ubuntu/neuron_cache_e2e/neuronxcc-2.23.6484.0+3b612583/MODULE_14567189089315028411+e30acd3a/model.neff
2026-09-09 09:11:12.000958:  113563  [INFO]: Using a cached neff at /home/ubuntu/neuron_cache_e2e/neuronxcc-2.23.6484.0+3b612583/MODULE_2947808046050219602+e30acd3a/model.neff
2026-09-09 09:11:12.000960:  113564  [INFO]: Using a cached neff at /home/ubuntu/neuron_cache_e2e/neuronxcc-2.23.6484.0+3b612583/MODULE_5699981621561527716+e30acd3a/model.neff
2026-09-09 09:11:12.000962:  113554  [INFO]: Using a cached neff at /home/ubuntu/neuron_cache_e2e/neuronxcc-2.23.6484.0+3b612583/MODULE_5223633225114114347+e30acd3a/model.neff
2026-09-09 09:11:12.000963:  113575  [INFO]: Using a cached neff at /home/ubuntu/neuron_cache_e2e/neuronxcc-2.23.6484.0+3b612583/MODULE_8575940740000655340+e30acd3a/model.neff
/home/ubuntu/train_gpt10b_tp_families.py:656: DeprecationWarning: Use torch_xla.sync instead
  xm.mark_step()   # slice: copy-back done
2026-09-09 09:11:12.000970:  113562  [INFO]: Using a cached neff at /home/ubuntu/neuron_cache_e2e/neuronxcc-2.23.6484.0+3b612583/MODULE_2947808046050219602+e30acd3a/model.neff
2026-09-09 09:11:12.000973:  113573  [INFO]: Using a cached neff at /home/ubuntu/neuron_cache_e2e/neuronxcc-2.23.6484.0+3b612583/MODULE_5699981621561527716+e30acd3a/model.neff
2026-09-09 09:11:12.000974:  113577  [INFO]: Using a cached neff at /home/ubuntu/neuron_cache_e2e/neuronxcc-2.23.6484.0+3b612583/MODULE_14567189089315028411+e30acd3a/model.neff
2026-09-09 09:11:12.000979:  113564  [INFO]: Using a cached neff at /home/ubuntu/neuron_cache_e2e/neuronxcc-2.23.6484.0+3b612583/MODULE_8575940740000655340+e30acd3a/model.neff
/home/ubuntu/train_gpt10b_tp_families.py:656: DeprecationWarning: Use torch_xla.sync instead
  xm.mark_step()   # slice: copy-back done
2026-09-09 09:11:12.000987:  113581  [INFO]: Using a cached neff at /home/ubuntu/neuron_cache_e2e/neuronxcc-2.23.6484.0+3b612583/MODULE_2311441365887874014+e30acd3a/model.neff
2026-09-09 09:11:12.000988:  113554  [INFO]: Using a cached neff at /home/ubuntu/neuron_cache_e2e/neuronxcc-2.23.6484.0+3b612583/MODULE_5699981621561527716+e30acd3a/model.neff
2026-09-09 09:11:12.000988:  113575  [INFO]: Using a cached neff at /home/ubuntu/neuron_cache_e2e/neuronxcc-2.23.6484.0+3b612583/MODULE_14567189089315028411+e30acd3a/model.neff
2026-09-09 09:11:12.000991:  113577  [INFO]: Using a cached neff at /home/ubuntu/neuron_cache_e2e/neuronxcc-2.23.6484.0+3b612583/MODULE_2947808046050219602+e30acd3a/model.neff
2026-09-09 09:11:12.000993:  113573  [INFO]: Using a cached neff at /home/ubuntu/neuron_cache_e2e/neuronxcc-2.23.6484.0+3b612583/MODULE_8575940740000655340+e30acd3a/model.neff
2026-09-09 09:11:12.000998:  113564  [INFO]: Using a cached neff at /home/ubuntu/neuron_cache_e2e/neuronxcc-2.23.6484.0+3b612583/MODULE_14567189089315028411+e30acd3a/model.neff
/home/ubuntu/train_gpt10b_tp_families.py:656: DeprecationWarning: Use torch_xla.sync instead
  xm.mark_step()   # slice: copy-back done
2026-09-09 09:11:13.000001:  113576  [INFO]: Using a cached neff at /home/ubuntu/neuron_cache_e2e/neuronxcc-2.23.6484.0+3b612583/MODULE_14874200043798254035+e30acd3a/model.neff
/home/ubuntu/train_gpt10b_tp_families.py:669: DeprecationWarning: Use torch_xla.sync instead
  xm.mark_step()
/home/ubuntu/train_gpt10b_tp_families.py:656: DeprecationWarning: Use torch_xla.sync instead
  xm.mark_step()   # slice: copy-back done
2026-09-09 09:11:13.000008:  113575  [INFO]: Using a cached neff at /home/ubuntu/neuron_cache_e2e/neuronxcc-2.23.6484.0+3b612583/MODULE_2947808046050219602+e30acd3a/model.neff
2026-09-09 09:11:13.000010:  113566  [INFO]: Using a cached neff at /home/ubuntu/neuron_cache_e2e/neuronxcc-2.23.6484.0+3b612583/MODULE_11129965598566482386+e30acd3a/model.neff
2026-09-09 09:11:13.000010:  113557  [INFO]: Using a cached neff at /home/ubuntu/neuron_cache_e2e/neuronxcc-2.23.6484.0+3b612583/MODULE_2311441365887874014+e30acd3a/model.neff
/home/ubuntu/train_gpt10b_tp_families.py:669: DeprecationWarning: Use torch_xla.sync instead
  xm.mark_step()
2026-09-09 09:11:13.000015:  113564  [INFO]: Using a cached neff at /home/ubuntu/neuron_cache_e2e/neuronxcc-2.23.6484.0+3b612583/MODULE_2947808046050219602+e30acd3a/model.neff
2026-09-09 09:11:13.000015:  113573  [INFO]: Using a cached neff at /home/ubuntu/neuron_cache_e2e/neuronxcc-2.23.6484.0+3b612583/MODULE_14567189089315028411+e30acd3a/model.neff
2026-09-09 09:11:13.000015:  113554  [INFO]: Using a cached neff at /home/ubuntu/neuron_cache_e2e/neuronxcc-2.23.6484.0+3b612583/MODULE_8575940740000655340+e30acd3a/model.neff
/home/ubuntu/train_gpt10b_tp_families.py:656: DeprecationWarning: Use torch_xla.sync instead
  xm.mark_step()   # slice: copy-back done
2026-09-09 09:11:13.000029:  113566  [INFO]: Using a cached neff at /home/ubuntu/neuron_cache_e2e/neuronxcc-2.23.6484.0+3b612583/MODULE_4272806645210191267+e30acd3a/model.neff
2026-09-09 09:11:13.000031:  113573  [INFO]: Using a cached neff at /home/ubuntu/neuron_cache_e2e/neuronxcc-2.23.6484.0+3b612583/MODULE_2947808046050219602+e30acd3a/model.neff
/home/ubuntu/train_gpt10b_tp_families.py:669: DeprecationWarning: Use torch_xla.sync instead
  xm.mark_step()
2026-09-09 09:11:13.000033:  113554  [INFO]: Using a cached neff at /home/ubuntu/neuron_cache_e2e/neuronxcc-2.23.6484.0+3b612583/MODULE_14567189089315028411+e30acd3a/model.neff
/home/ubuntu/train_gpt10b_tp_families.py:656: DeprecationWarning: Use torch_xla.sync instead
  xm.mark_step()   # slice: copy-back done
2026-09-09 09:11:13.000048:  113566  [INFO]: Using a cached neff at /home/ubuntu/neuron_cache_e2e/neuronxcc-2.23.6484.0+3b612583/MODULE_5223633225114114347+e30acd3a/model.neff
2026-09-09 09:11:13.000049:  113554  [INFO]: Using a cached neff at /home/ubuntu/neuron_cache_e2e/neuronxcc-2.23.6484.0+3b612583/MODULE_2947808046050219602+e30acd3a/model.neff
/home/ubuntu/train_gpt10b_tp_families.py:669: DeprecationWarning: Use torch_xla.sync instead
  xm.mark_step()
/home/ubuntu/train_gpt10b_tp_families.py:669: DeprecationWarning: Use torch_xla.sync instead
  xm.mark_step()
2026-09-09 09:11:13.000068:  113566  [INFO]: Using a cached neff at /home/ubuntu/neuron_cache_e2e/neuronxcc-2.23.6484.0+3b612583/MODULE_5699981621561527716+e30acd3a/model.neff
2026-09-09 09:11:13.000073:  113574  [INFO]: Using a cached neff at /home/ubuntu/neuron_cache_e2e/neuronxcc-2.23.6484.0+3b612583/MODULE_2311441365887874014+e30acd3a/model.neff
/home/ubuntu/train_gpt10b_tp_families.py:669: DeprecationWarning: Use torch_xla.sync instead
  xm.mark_step()
2026-09-09 09:11:13.000088:  113566  [INFO]: Using a cached neff at /home/ubuntu/neuron_cache_e2e/neuronxcc-2.23.6484.0+3b612583/MODULE_8575940740000655340+e30acd3a/model.neff
/home/ubuntu/train_gpt10b_tp_families.py:669: DeprecationWarning: Use torch_xla.sync instead
  xm.mark_step()
2026-09-09 09:11:13.000094:  113582  [INFO]: Using a cached neff at /home/ubuntu/neuron_cache_e2e/neuronxcc-2.23.6484.0+3b612583/MODULE_2311441365887874014+e30acd3a/model.neff
2026-09-09 09:11:13.000098:  113572  [INFO]: Using a cached neff at /home/ubuntu/neuron_cache_e2e/neuronxcc-2.23.6484.0+3b612583/MODULE_11129965598566482386+e30acd3a/model.neff
2026-09-09 09:11:13.000109:  113566  [INFO]: Using a cached neff at /home/ubuntu/neuron_cache_e2e/neuronxcc-2.23.6484.0+3b612583/MODULE_14567189089315028411+e30acd3a/model.neff
2026-09-09 09:11:13.000117:  113570  [INFO]: Using a cached neff at /home/ubuntu/neuron_cache_e2e/neuronxcc-2.23.6484.0+3b612583/MODULE_2311441365887874014+e30acd3a/model.neff
2026-09-09 09:11:13.000118:  113572  [INFO]: Using a cached neff at /home/ubuntu/neuron_cache_e2e/neuronxcc-2.23.6484.0+3b612583/MODULE_4272806645210191267+e30acd3a/model.neff
/home/ubuntu/train_gpt10b_tp_families.py:656: DeprecationWarning: Use torch_xla.sync instead
  xm.mark_step()   # slice: copy-back done
2026-09-09 09:11:13.000123:  113555  [INFO]: Using a cached neff at /home/ubuntu/neuron_cache_e2e/neuronxcc-2.23.6484.0+3b612583/MODULE_2311441365887874014+e30acd3a/model.neff
2026-09-09 09:11:13.000125:  113566  [INFO]: Using a cached neff at /home/ubuntu/neuron_cache_e2e/neuronxcc-2.23.6484.0+3b612583/MODULE_2947808046050219602+e30acd3a/model.neff
2026-09-09 09:11:13.000138:  113572  [INFO]: Using a cached neff at /home/ubuntu/neuron_cache_e2e/neuronxcc-2.23.6484.0+3b612583/MODULE_5223633225114114347+e30acd3a/model.neff
2026-09-09 09:11:13.000153:  113571  [INFO]: Using a cached neff at /home/ubuntu/neuron_cache_e2e/neuronxcc-2.23.6484.0+3b612583/MODULE_11129965598566482386+e30acd3a/model.neff
2026-09-09 09:11:13.000157:  113572  [INFO]: Using a cached neff at /home/ubuntu/neuron_cache_e2e/neuronxcc-2.23.6484.0+3b612583/MODULE_5699981621561527716+e30acd3a/model.neff
/home/ubuntu/train_gpt10b_tp_families.py:669: DeprecationWarning: Use torch_xla.sync instead
  xm.mark_step()
2026-09-09 09:11:13.000168:  113553  [INFO]: Using a cached neff at /home/ubuntu/neuron_cache_e2e/neuronxcc-2.23.6484.0+3b612583/MODULE_2311441365887874014+e30acd3a/model.neff
2026-09-09 09:11:13.000173:  113571  [INFO]: Using a cached neff at /home/ubuntu/neuron_cache_e2e/neuronxcc-2.23.6484.0+3b612583/MODULE_4272806645210191267+e30acd3a/model.neff
2026-09-09 09:11:13.000174:  113581  [INFO]: Using a cached neff at /home/ubuntu/neuron_cache_e2e/neuronxcc-2.23.6484.0+3b612583/MODULE_14874200043798254035+e30acd3a/model.neff
2026-09-09 09:11:13.000175:  113579  [INFO]: Using a cached neff at /home/ubuntu/neuron_cache_e2e/neuronxcc-2.23.6484.0+3b612583/MODULE_11129965598566482386+e30acd3a/model.neff
2026-09-09 09:11:13.000177:  113572  [INFO]: Using a cached neff at /home/ubuntu/neuron_cache_e2e/neuronxcc-2.23.6484.0+3b612583/MODULE_8575940740000655340+e30acd3a/model.neff
2026-09-09 09:11:13.000177:  113559  [INFO]: Using a cached neff at /home/ubuntu/neuron_cache_e2e/neuronxcc-2.23.6484.0+3b612583/MODULE_2311441365887874014+e30acd3a/model.neff
2026-09-09 09:11:13.000184:  113557  [INFO]: Using a cached neff at /home/ubuntu/neuron_cache_e2e/neuronxcc-2.23.6484.0+3b612583/MODULE_14874200043798254035+e30acd3a/model.neff
2026-09-09 09:11:13.000193:  113571  [INFO]: Using a cached neff at /home/ubuntu/neuron_cache_e2e/neuronxcc-2.23.6484.0+3b612583/MODULE_5223633225114114347+e30acd3a/model.neff
2026-09-09 09:11:13.000194:  113579  [INFO]: Using a cached neff at /home/ubuntu/neuron_cache_e2e/neuronxcc-2.23.6484.0+3b612583/MODULE_4272806645210191267+e30acd3a/model.neff
2026-09-09 09:11:13.000196:  113572  [INFO]: Using a cached neff at /home/ubuntu/neuron_cache_e2e/neuronxcc-2.23.6484.0+3b612583/MODULE_14567189089315028411+e30acd3a/model.neff
/home/ubuntu/train_gpt10b_tp_families.py:656: DeprecationWarning: Use torch_xla.sync instead
  xm.mark_step()   # slice: copy-back done
2026-09-09 09:11:13.000212:  113572  [INFO]: Using a cached neff at /home/ubuntu/neuron_cache_e2e/neuronxcc-2.23.6484.0+3b612583/MODULE_2947808046050219602+e30acd3a/model.neff
2026-09-09 09:11:13.000214:  113571  [INFO]: Using a cached neff at /home/ubuntu/neuron_cache_e2e/neuronxcc-2.23.6484.0+3b612583/MODULE_5699981621561527716+e30acd3a/model.neff
2026-09-09 09:11:13.000214:  113579  [INFO]: Using a cached neff at /home/ubuntu/neuron_cache_e2e/neuronxcc-2.23.6484.0+3b612583/MODULE_5223633225114114347+e30acd3a/model.neff
2026-09-09 09:11:13.000219:  113568  [INFO]: Using a cached neff at /home/ubuntu/neuron_cache_e2e/neuronxcc-2.23.6484.0+3b612583/MODULE_2311441365887874014+e30acd3a/model.neff
2026-09-09 09:11:13.000237:  113579  [INFO]: Using a cached neff at /home/ubuntu/neuron_cache_e2e/neuronxcc-2.23.6484.0+3b612583/MODULE_5699981621561527716+e30acd3a/model.neff
2026-09-09 09:11:13.000238:  113571  [INFO]: Using a cached neff at /home/ubuntu/neuron_cache_e2e/neuronxcc-2.23.6484.0+3b612583/MODULE_8575940740000655340+e30acd3a/model.neff
2026-09-09 09:11:13.000253:  113574  [INFO]: Using a cached neff at /home/ubuntu/neuron_cache_e2e/neuronxcc-2.23.6484.0+3b612583/MODULE_14874200043798254035+e30acd3a/model.neff
/home/ubuntu/train_gpt10b_tp_families.py:669: DeprecationWarning: Use torch_xla.sync instead
  xm.mark_step()
2026-09-09 09:11:13.000259:  113579  [INFO]: Using a cached neff at /home/ubuntu/neuron_cache_e2e/neuronxcc-2.23.6484.0+3b612583/MODULE_8575940740000655340+e30acd3a/model.neff
2026-09-09 09:11:13.000261:  113571  [INFO]: Using a cached neff at /home/ubuntu/neuron_cache_e2e/neuronxcc-2.23.6484.0+3b612583/MODULE_14567189089315028411+e30acd3a/model.neff
2026-09-09 09:11:13.000263:  113561  [INFO]: Using a cached neff at /home/ubuntu/neuron_cache_e2e/neuronxcc-2.23.6484.0+3b612583/MODULE_11129965598566482386+e30acd3a/model.neff
/home/ubuntu/train_gpt10b_tp_families.py:656: DeprecationWarning: Use torch_xla.sync instead
  xm.mark_step()   # slice: copy-back done
2026-09-09 09:11:13.000274:  113582  [INFO]: Using a cached neff at /home/ubuntu/neuron_cache_e2e/neuronxcc-2.23.6484.0+3b612583/MODULE_14874200043798254035+e30acd3a/model.neff
2026-09-09 09:11:13.000278:  113571  [INFO]: Using a cached neff at /home/ubuntu/neuron_cache_e2e/neuronxcc-2.23.6484.0+3b612583/MODULE_2947808046050219602+e30acd3a/model.neff
/home/ubuntu/train_gpt10b_tp_families.py:655: DeprecationWarning: Use torch_xla.sync instead
  xm.mark_step()
2026-09-09 09:11:13.000284:  113579  [INFO]: Using a cached neff at /home/ubuntu/neuron_cache_e2e/neuronxcc-2.23.6484.0+3b612583/MODULE_14567189089315028411+e30acd3a/model.neff
2026-09-09 09:11:13.000285:  113561  [INFO]: Using a cached neff at /home/ubuntu/neuron_cache_e2e/neuronxcc-2.23.6484.0+3b612583/MODULE_4272806645210191267+e30acd3a/model.neff
/home/ubuntu/train_gpt10b_tp_families.py:656: DeprecationWarning: Use torch_xla.sync instead
  xm.mark_step()   # slice: copy-back done
2026-09-09 09:11:13.000296:  113570  [INFO]: Using a cached neff at /home/ubuntu/neuron_cache_e2e/neuronxcc-2.23.6484.0+3b612583/MODULE_14874200043798254035+e30acd3a/model.neff
2026-09-09 09:11:13.000296:  113563  [INFO]: Using a cached neff at /home/ubuntu/neuron_cache_e2e/neuronxcc-2.23.6484.0+3b612583/MODULE_2311441365887874014+e30acd3a/model.neff
2026-09-09 09:11:13.000296:  113569  [INFO]: Using a cached neff at /home/ubuntu/neuron_cache_e2e/neuronxcc-2.23.6484.0+3b612583/MODULE_17699468275490213154+e30acd3a/model.neff
2026-09-09 09:11:13.000301:  113555  [INFO]: Using a cached neff at /home/ubuntu/neuron_cache_e2e/neuronxcc-2.23.6484.0+3b612583/MODULE_14874200043798254035+e30acd3a/model.neff
2026-09-09 09:11:13.000303:  113579  [INFO]: Using a cached neff at /home/ubuntu/neuron_cache_e2e/neuronxcc-2.23.6484.0+3b612583/MODULE_2947808046050219602+e30acd3a/model.neff
2026-09-09 09:11:13.000307:  113561  [INFO]: Using a cached neff at /home/ubuntu/neuron_cache_e2e/neuronxcc-2.23.6484.0+3b612583/MODULE_5223633225114114347+e30acd3a/model.neff
2026-09-09 09:11:13.000310:  113562  [INFO]: Using a cached neff at /home/ubuntu/neuron_cache_e2e/neuronxcc-2.23.6484.0+3b612583/MODULE_2311441365887874014+e30acd3a/model.neff
2026-09-09 09:11:13.000320:  113569  [INFO]: Using a cached neff at /home/ubuntu/neuron_cache_e2e/neuronxcc-2.23.6484.0+3b612583/MODULE_13318081029806370021+e30acd3a/model.neff
/home/ubuntu/train_gpt10b_tp_families.py:669: DeprecationWarning: Use torch_xla.sync instead
  xm.mark_step()
2026-09-09 09:11:13.000330:  113561  [INFO]: Using a cached neff at /home/ubuntu/neuron_cache_e2e/neuronxcc-2.23.6484.0+3b612583/MODULE_5699981621561527716+e30acd3a/model.neff
2026-09-09 09:11:13.000346:  113577  [INFO]: Using a cached neff at /home/ubuntu/neuron_cache_e2e/neuronxcc-2.23.6484.0+3b612583/MODULE_2311441365887874014+e30acd3a/model.neff
/home/ubuntu/train_gpt10b_tp_families.py:669: DeprecationWarning: Use torch_xla.sync instead
  xm.mark_step()
2026-09-09 09:11:13.000348:  113553  [INFO]: Using a cached neff at /home/ubuntu/neuron_cache_e2e/neuronxcc-2.23.6484.0+3b612583/MODULE_14874200043798254035+e30acd3a/model.neff
2026-09-09 09:11:13.000351:  113559  [INFO]: Using a cached neff at /home/ubuntu/neuron_cache_e2e/neuronxcc-2.23.6484.0+3b612583/MODULE_14874200043798254035+e30acd3a/model.neff
2026-09-09 09:11:13.000354:  113561  [INFO]: Using a cached neff at /home/ubuntu/neuron_cache_e2e/neuronxcc-2.23.6484.0+3b612583/MODULE_8575940740000655340+e30acd3a/model.neff
2026-09-09 09:11:13.000356:  113573  [INFO]: Using a cached neff at /home/ubuntu/neuron_cache_e2e/neuronxcc-2.23.6484.0+3b612583/MODULE_2311441365887874014+e30acd3a/model.neff
2026-09-09 09:11:13.000360:  113564  [INFO]: Using a cached neff at /home/ubuntu/neuron_cache_e2e/neuronxcc-2.23.6484.0+3b612583/MODULE_2311441365887874014+e30acd3a/model.neff
2026-09-09 09:11:13.000378:  113561  [INFO]: Using a cached neff at /home/ubuntu/neuron_cache_e2e/neuronxcc-2.23.6484.0+3b612583/MODULE_14567189089315028411+e30acd3a/model.neff
2026-09-09 09:11:13.000384:  113575  [INFO]: Using a cached neff at /home/ubuntu/neuron_cache_e2e/neuronxcc-2.23.6484.0+3b612583/MODULE_2311441365887874014+e30acd3a/model.neff
/home/ubuntu/train_gpt10b_tp_families.py:656: DeprecationWarning: Use torch_xla.sync instead
  xm.mark_step()   # slice: copy-back done
2026-09-09 09:11:13.000397:  113561  [INFO]: Using a cached neff at /home/ubuntu/neuron_cache_e2e/neuronxcc-2.23.6484.0+3b612583/MODULE_2947808046050219602+e30acd3a/model.neff
2026-09-09 09:11:13.000435:  113554  [INFO]: Using a cached neff at /home/ubuntu/neuron_cache_e2e/neuronxcc-2.23.6484.0+3b612583/MODULE_2311441365887874014+e30acd3a/model.neff
2026-09-09 09:11:13.000437:  113568  [INFO]: Using a cached neff at /home/ubuntu/neuron_cache_e2e/neuronxcc-2.23.6484.0+3b612583/MODULE_14874200043798254035+e30acd3a/model.neff
/home/ubuntu/train_gpt10b_tp_families.py:669: DeprecationWarning: Use torch_xla.sync instead
  xm.mark_step()
2026-09-09 09:11:13.000465:  113566  [INFO]: Using a cached neff at /home/ubuntu/neuron_cache_e2e/neuronxcc-2.23.6484.0+3b612583/MODULE_2311441365887874014+e30acd3a/model.neff
2026-09-09 09:11:13.000486:  113563  [INFO]: Using a cached neff at /home/ubuntu/neuron_cache_e2e/neuronxcc-2.23.6484.0+3b612583/MODULE_14874200043798254035+e30acd3a/model.neff
2026-09-09 09:11:13.000491:  113562  [INFO]: Using a cached neff at /home/ubuntu/neuron_cache_e2e/neuronxcc-2.23.6484.0+3b612583/MODULE_14874200043798254035+e30acd3a/model.neff
2026-09-09 09:11:13.000522:  113577  [INFO]: Using a cached neff at /home/ubuntu/neuron_cache_e2e/neuronxcc-2.23.6484.0+3b612583/MODULE_14874200043798254035+e30acd3a/model.neff
2026-09-09 09:11:13.000530:  113564  [INFO]: Using a cached neff at /home/ubuntu/neuron_cache_e2e/neuronxcc-2.23.6484.0+3b612583/MODULE_14874200043798254035+e30acd3a/model.neff
2026-09-09 09:11:13.000532:  113572  [INFO]: Using a cached neff at /home/ubuntu/neuron_cache_e2e/neuronxcc-2.23.6484.0+3b612583/MODULE_2311441365887874014+e30acd3a/model.neff
2026-09-09 09:11:13.000532:  113573  [INFO]: Using a cached neff at /home/ubuntu/neuron_cache_e2e/neuronxcc-2.23.6484.0+3b612583/MODULE_14874200043798254035+e30acd3a/model.neff
2026-09-09 09:11:13.000563:  113575  [INFO]: Using a cached neff at /home/ubuntu/neuron_cache_e2e/neuronxcc-2.23.6484.0+3b612583/MODULE_14874200043798254035+e30acd3a/model.neff
2026-09-09 09:11:13.000604:  113571  [INFO]: Using a cached neff at /home/ubuntu/neuron_cache_e2e/neuronxcc-2.23.6484.0+3b612583/MODULE_2311441365887874014+e30acd3a/model.neff
2026-09-09 09:11:13.000608:  113579  [INFO]: Using a cached neff at /home/ubuntu/neuron_cache_e2e/neuronxcc-2.23.6484.0+3b612583/MODULE_2311441365887874014+e30acd3a/model.neff
2026-09-09 09:11:13.000632:  113554  [INFO]: Using a cached neff at /home/ubuntu/neuron_cache_e2e/neuronxcc-2.23.6484.0+3b612583/MODULE_14874200043798254035+e30acd3a/model.neff
2026-09-09 09:11:13.000637:  113566  [INFO]: Using a cached neff at /home/ubuntu/neuron_cache_e2e/neuronxcc-2.23.6484.0+3b612583/MODULE_14874200043798254035+e30acd3a/model.neff
2026-09-09 09:11:13.000694:  113572  [INFO]: Using a cached neff at /home/ubuntu/neuron_cache_e2e/neuronxcc-2.23.6484.0+3b612583/MODULE_14874200043798254035+e30acd3a/model.neff
2026-09-09 09:11:13.000699:  113561  [INFO]: Using a cached neff at /home/ubuntu/neuron_cache_e2e/neuronxcc-2.23.6484.0+3b612583/MODULE_2311441365887874014+e30acd3a/model.neff
2026-09-09 09:11:13.000762:  113571  [INFO]: Using a cached neff at /home/ubuntu/neuron_cache_e2e/neuronxcc-2.23.6484.0+3b612583/MODULE_14874200043798254035+e30acd3a/model.neff
2026-09-09 09:11:13.000765:  113579  [INFO]: Using a cached neff at /home/ubuntu/neuron_cache_e2e/neuronxcc-2.23.6484.0+3b612583/MODULE_14874200043798254035+e30acd3a/model.neff
2026-09-09 09:11:13.000863:  113561  [INFO]: Using a cached neff at /home/ubuntu/neuron_cache_e2e/neuronxcc-2.23.6484.0+3b612583/MODULE_14874200043798254035+e30acd3a/model.neff
2026-09-09 09:11:13.000979:  113569  [INFO]: Using a cached neff at /home/ubuntu/neuron_cache_e2e/neuronxcc-2.23.6484.0+3b612583/MODULE_11129965598566482386+e30acd3a/model.neff
2026-09-09 09:11:14.000000:  113569  [INFO]: Using a cached neff at /home/ubuntu/neuron_cache_e2e/neuronxcc-2.23.6484.0+3b612583/MODULE_4272806645210191267+e30acd3a/model.neff
2026-09-09 09:11:14.000020:  113569  [INFO]: Using a cached neff at /home/ubuntu/neuron_cache_e2e/neuronxcc-2.23.6484.0+3b612583/MODULE_5223633225114114347+e30acd3a/model.neff
2026-09-09 09:11:14.000041:  113569  [INFO]: Using a cached neff at /home/ubuntu/neuron_cache_e2e/neuronxcc-2.23.6484.0+3b612583/MODULE_5699981621561527716+e30acd3a/model.neff
2026-09-09 09:11:14.000061:  113569  [INFO]: Using a cached neff at /home/ubuntu/neuron_cache_e2e/neuronxcc-2.23.6484.0+3b612583/MODULE_8575940740000655340+e30acd3a/model.neff
2026-09-09 09:11:14.000081:  113569  [INFO]: Using a cached neff at /home/ubuntu/neuron_cache_e2e/neuronxcc-2.23.6484.0+3b612583/MODULE_14567189089315028411+e30acd3a/model.neff
/home/ubuntu/train_gpt10b_tp_families.py:656: DeprecationWarning: Use torch_xla.sync instead
  xm.mark_step()   # slice: copy-back done
2026-09-09 09:11:14.000097:  113569  [INFO]: Using a cached neff at /home/ubuntu/neuron_cache_e2e/neuronxcc-2.23.6484.0+3b612583/MODULE_2947808046050219602+e30acd3a/model.neff
/home/ubuntu/train_gpt10b_tp_families.py:669: DeprecationWarning: Use torch_xla.sync instead
  xm.mark_step()
2026-09-09 09:11:14.000350:  113569  [INFO]: Using a cached neff at /home/ubuntu/neuron_cache_e2e/neuronxcc-2.23.6484.0+3b612583/MODULE_2311441365887874014+e30acd3a/model.neff
2026-09-09 09:11:14.000507:  113569  [INFO]: Using a cached neff at /home/ubuntu/neuron_cache_e2e/neuronxcc-2.23.6484.0+3b612583/MODULE_14874200043798254035+e30acd3a/model.neff
/home/ubuntu/train_gpt10b_tp_families.py:447: DeprecationWarning: Use torch_xla.sync instead
  xm.mark_step()
/home/ubuntu/train_gpt10b_tp_families.py:454: DeprecationWarning: Use torch_xla.sync instead
  xm.mark_step()
/home/ubuntu/train_gpt10b_tp_families.py:460: DeprecationWarning: Use torch_xla.sync instead
  xm.mark_step()
/home/ubuntu/train_gpt10b_tp_families.py:466: DeprecationWarning: Use torch_xla.sync instead
  xm.mark_step()
/home/ubuntu/train_gpt10b_tp_families.py:470: DeprecationWarning: Use torch_xla.sync instead
  xm.mark_step()
/home/ubuntu/train_gpt10b_tp_families.py:497: DeprecationWarning: Use torch_xla.sync instead
  xm.mark_step()
/home/ubuntu/train_gpt10b_tp_families.py:501: DeprecationWarning: Use torch_xla.sync instead
  xm.mark_step()
/home/ubuntu/train_gpt10b_tp_families.py:524: DeprecationWarning: Use torch_xla.sync instead
  xm.mark_step()   # slice sync graph: norms done
/home/ubuntu/train_gpt10b_tp_families.py:533: DeprecationWarning: Use torch_xla.sync instead
  xm.mark_step()   # slice sync graph: F4b done
/home/ubuntu/train_gpt10b_tp_families.py:549: DeprecationWarning: Use torch_xla.sync instead
  xm.mark_step()   # slice sync graph: F6/F7 done
2026-09-09 09:11:27.000752:  113572  [INFO]: Using a cached neff at /home/ubuntu/neuron_cache_e2e/neuronxcc-2.23.6484.0+3b612583/MODULE_16335475570970202006+e30acd3a/model.neff
2026-09-09 09:11:28.000037:  113570  [INFO]: Using a cached neff at /home/ubuntu/neuron_cache_e2e/neuronxcc-2.23.6484.0+3b612583/MODULE_16335475570970202006+e30acd3a/model.neff
2026-09-09 09:11:28.000323:  113569  [INFO]: Using a cached neff at /home/ubuntu/neuron_cache_e2e/neuronxcc-2.23.6484.0+3b612583/MODULE_16335475570970202006+e30acd3a/model.neff
2026-09-09 09:11:29.000565:  113559  [INFO]: Using a cached neff at /home/ubuntu/neuron_cache_e2e/neuronxcc-2.23.6484.0+3b612583/MODULE_16335475570970202006+e30acd3a/model.neff
2026-09-09 09:11:29.000565:  113568  [INFO]: Using a cached neff at /home/ubuntu/neuron_cache_e2e/neuronxcc-2.23.6484.0+3b612583/MODULE_16335475570970202006+e30acd3a/model.neff
2026-09-09 09:11:29.000610:  113556  [INFO]: Using a cached neff at /home/ubuntu/neuron_cache_e2e/neuronxcc-2.23.6484.0+3b612583/MODULE_16335475570970202006+e30acd3a/model.neff
2026-09-09 09:11:29.000657:  113553  [INFO]: Using a cached neff at /home/ubuntu/neuron_cache_e2e/neuronxcc-2.23.6484.0+3b612583/MODULE_16335475570970202006+e30acd3a/model.neff
2026-09-09 09:11:29.000657:  113582  [INFO]: Using a cached neff at /home/ubuntu/neuron_cache_e2e/neuronxcc-2.23.6484.0+3b612583/MODULE_16335475570970202006+e30acd3a/model.neff
2026-09-09 09:11:29.000657:  113575  [INFO]: Using a cached neff at /home/ubuntu/neuron_cache_e2e/neuronxcc-2.23.6484.0+3b612583/MODULE_16335475570970202006+e30acd3a/model.neff
2026-09-09 09:11:29.000657:  113576  [INFO]: Using a cached neff at /home/ubuntu/neuron_cache_e2e/neuronxcc-2.23.6484.0+3b612583/MODULE_16335475570970202006+e30acd3a/model.neff
2026-09-09 09:11:29.000657:  113579  [INFO]: Using a cached neff at /home/ubuntu/neuron_cache_e2e/neuronxcc-2.23.6484.0+3b612583/MODULE_16335475570970202006+e30acd3a/model.neff
2026-09-09 09:11:29.000657:  113562  [INFO]: Using a cached neff at /home/ubuntu/neuron_cache_e2e/neuronxcc-2.23.6484.0+3b612583/MODULE_16335475570970202006+e30acd3a/model.neff
2026-09-09 09:11:29.000706:  113563  [INFO]: Using a cached neff at /home/ubuntu/neuron_cache_e2e/neuronxcc-2.23.6484.0+3b612583/MODULE_16335475570970202006+e30acd3a/model.neff
2026-09-09 09:11:29.000747:  113554  [INFO]: Using a cached neff at /home/ubuntu/neuron_cache_e2e/neuronxcc-2.23.6484.0+3b612583/MODULE_16335475570970202006+e30acd3a/model.neff
2026-09-09 09:11:29.000747:  113565  [INFO]: Using a cached neff at /home/ubuntu/neuron_cache_e2e/neuronxcc-2.23.6484.0+3b612583/MODULE_16335475570970202006+e30acd3a/model.neff
2026-09-09 09:11:29.000747:  113573  [INFO]: Using a cached neff at /home/ubuntu/neuron_cache_e2e/neuronxcc-2.23.6484.0+3b612583/MODULE_16335475570970202006+e30acd3a/model.neff
2026-09-09 09:11:29.000790:  113577  [INFO]: Using a cached neff at /home/ubuntu/neuron_cache_e2e/neuronxcc-2.23.6484.0+3b612583/MODULE_16335475570970202006+e30acd3a/model.neff
2026-09-09 09:11:29.000790:  113578  [INFO]: Using a cached neff at /home/ubuntu/neuron_cache_e2e/neuronxcc-2.23.6484.0+3b612583/MODULE_16335475570970202006+e30acd3a/model.neff
2026-09-09 09:11:29.000790:  113552  [INFO]: Using a cached neff at /home/ubuntu/neuron_cache_e2e/neuronxcc-2.23.6484.0+3b612583/MODULE_16335475570970202006+e30acd3a/model.neff
2026-09-09 09:11:29.000790:  113574  [INFO]: Using a cached neff at /home/ubuntu/neuron_cache_e2e/neuronxcc-2.23.6484.0+3b612583/MODULE_16335475570970202006+e30acd3a/model.neff
2026-09-09 09:11:29.000826:  113580  [INFO]: Using a cached neff at /home/ubuntu/neuron_cache_e2e/neuronxcc-2.23.6484.0+3b612583/MODULE_16335475570970202006+e30acd3a/model.neff
2026-09-09 09:11:29.000826:  113551  [INFO]: Using a cached neff at /home/ubuntu/neuron_cache_e2e/neuronxcc-2.23.6484.0+3b612583/MODULE_16335475570970202006+e30acd3a/model.neff
2026-09-09 09:11:29.000826:  113560  [INFO]: Using a cached neff at /home/ubuntu/neuron_cache_e2e/neuronxcc-2.23.6484.0+3b612583/MODULE_16335475570970202006+e30acd3a/model.neff
2026-09-09 09:11:29.000826:  113555  [INFO]: Using a cached neff at /home/ubuntu/neuron_cache_e2e/neuronxcc-2.23.6484.0+3b612583/MODULE_16335475570970202006+e30acd3a/model.neff
2026-09-09 09:11:29.000826:  113571  [INFO]: Using a cached neff at /home/ubuntu/neuron_cache_e2e/neuronxcc-2.23.6484.0+3b612583/MODULE_16335475570970202006+e30acd3a/model.neff
2026-09-09 09:11:29.000826:  113581  [INFO]: Using a cached neff at /home/ubuntu/neuron_cache_e2e/neuronxcc-2.23.6484.0+3b612583/MODULE_16335475570970202006+e30acd3a/model.neff
2026-09-09 09:11:29.000826:  113558  [INFO]: Using a cached neff at /home/ubuntu/neuron_cache_e2e/neuronxcc-2.23.6484.0+3b612583/MODULE_16335475570970202006+e30acd3a/model.neff
2026-09-09 09:11:29.000866:  113566  [INFO]: Using a cached neff at /home/ubuntu/neuron_cache_e2e/neuronxcc-2.23.6484.0+3b612583/MODULE_16335475570970202006+e30acd3a/model.neff
2026-09-09 09:11:29.000866:  113561  [INFO]: Using a cached neff at /home/ubuntu/neuron_cache_e2e/neuronxcc-2.23.6484.0+3b612583/MODULE_16335475570970202006+e30acd3a/model.neff
2026-09-09 09:11:29.000866:  113557  [INFO]: Using a cached neff at /home/ubuntu/neuron_cache_e2e/neuronxcc-2.23.6484.0+3b612583/MODULE_16335475570970202006+e30acd3a/model.neff
2026-09-09 09:11:29.000866:  113564  [INFO]: Using a cached neff at /home/ubuntu/neuron_cache_e2e/neuronxcc-2.23.6484.0+3b612583/MODULE_16335475570970202006+e30acd3a/model.neff
2026-09-09 09:11:29.000866:  113567  [INFO]: Using a cached neff at /home/ubuntu/neuron_cache_e2e/neuronxcc-2.23.6484.0+3b612583/MODULE_16335475570970202006+e30acd3a/model.neff
2026-09-09 09:11:30.000770:  113578  [INFO]: Using a cached neff at /home/ubuntu/neuron_cache_e2e/neuronxcc-2.23.6484.0+3b612583/MODULE_4624717319235165006+e30acd3a/model.neff
2026-09-09 09:11:30.000779:  113563  [INFO]: Using a cached neff at /home/ubuntu/neuron_cache_e2e/neuronxcc-2.23.6484.0+3b612583/MODULE_4624717319235165006+e30acd3a/model.neff
2026-09-09 09:11:30.000840:  113574  [INFO]: Using a cached neff at /home/ubuntu/neuron_cache_e2e/neuronxcc-2.23.6484.0+3b612583/MODULE_4624717319235165006+e30acd3a/model.neff
2026-09-09 09:11:30.000883:  113569  [INFO]: Using a cached neff at /home/ubuntu/neuron_cache_e2e/neuronxcc-2.23.6484.0+3b612583/MODULE_4624717319235165006+e30acd3a/model.neff
2026-09-09 09:11:30.000888:  113554  [INFO]: Using a cached neff at /home/ubuntu/neuron_cache_e2e/neuronxcc-2.23.6484.0+3b612583/MODULE_4624717319235165006+e30acd3a/model.neff
2026-09-09 09:11:30.000893:  113561  [INFO]: Using a cached neff at /home/ubuntu/neuron_cache_e2e/neuronxcc-2.23.6484.0+3b612583/MODULE_4624717319235165006+e30acd3a/model.neff
2026-09-09 09:11:30.000899:  113582  [INFO]: Using a cached neff at /home/ubuntu/neuron_cache_e2e/neuronxcc-2.23.6484.0+3b612583/MODULE_4624717319235165006+e30acd3a/model.neff
2026-09-09 09:11:30.000919:  113576  [INFO]: Using a cached neff at /home/ubuntu/neuron_cache_e2e/neuronxcc-2.23.6484.0+3b612583/MODULE_4624717319235165006+e30acd3a/model.neff
2026-09-09 09:11:30.000950:  113553  [INFO]: Using a cached neff at /home/ubuntu/neuron_cache_e2e/neuronxcc-2.23.6484.0+3b612583/MODULE_4624717319235165006+e30acd3a/model.neff
2026-09-09 09:11:30.000965:  113559  [INFO]: Using a cached neff at /home/ubuntu/neuron_cache_e2e/neuronxcc-2.23.6484.0+3b612583/MODULE_4624717319235165006+e30acd3a/model.neff
2026-09-09 09:11:30.000976:  113552  [INFO]: Using a cached neff at /home/ubuntu/neuron_cache_e2e/neuronxcc-2.23.6484.0+3b612583/MODULE_4624717319235165006+e30acd3a/model.neff
2026-09-09 09:11:30.000994:  113572  [INFO]: Using a cached neff at /home/ubuntu/neuron_cache_e2e/neuronxcc-2.23.6484.0+3b612583/MODULE_4624717319235165006+e30acd3a/model.neff
2026-09-09 09:11:31.000006:  113562  [INFO]: Using a cached neff at /home/ubuntu/neuron_cache_e2e/neuronxcc-2.23.6484.0+3b612583/MODULE_4624717319235165006+e30acd3a/model.neff
2026-09-09 09:11:31.000010:  113571  [INFO]: Using a cached neff at /home/ubuntu/neuron_cache_e2e/neuronxcc-2.23.6484.0+3b612583/MODULE_4624717319235165006+e30acd3a/model.neff
2026-09-09 09:11:31.000024:  113577  [INFO]: Using a cached neff at /home/ubuntu/neuron_cache_e2e/neuronxcc-2.23.6484.0+3b612583/MODULE_4624717319235165006+e30acd3a/model.neff
2026-09-09 09:11:31.000034:  113557  [INFO]: Using a cached neff at /home/ubuntu/neuron_cache_e2e/neuronxcc-2.23.6484.0+3b612583/MODULE_4624717319235165006+e30acd3a/model.neff
2026-09-09 09:11:31.000035:  113570  [INFO]: Using a cached neff at /home/ubuntu/neuron_cache_e2e/neuronxcc-2.23.6484.0+3b612583/MODULE_4624717319235165006+e30acd3a/model.neff
2026-09-09 09:11:31.000036:  113567  [INFO]: Using a cached neff at /home/ubuntu/neuron_cache_e2e/neuronxcc-2.23.6484.0+3b612583/MODULE_4624717319235165006+e30acd3a/model.neff
2026-09-09 09:11:31.000038:  113551  [INFO]: Using a cached neff at /home/ubuntu/neuron_cache_e2e/neuronxcc-2.23.6484.0+3b612583/MODULE_4624717319235165006+e30acd3a/model.neff
2026-09-09 09:11:31.000042:  113581  [INFO]: Using a cached neff at /home/ubuntu/neuron_cache_e2e/neuronxcc-2.23.6484.0+3b612583/MODULE_4624717319235165006+e30acd3a/model.neff
2026-09-09 09:11:31.000069:  113560  [INFO]: Using a cached neff at /home/ubuntu/neuron_cache_e2e/neuronxcc-2.23.6484.0+3b612583/MODULE_4624717319235165006+e30acd3a/model.neff
2026-09-09 09:11:31.000080:  113555  [INFO]: Using a cached neff at /home/ubuntu/neuron_cache_e2e/neuronxcc-2.23.6484.0+3b612583/MODULE_4624717319235165006+e30acd3a/model.neff
2026-09-09 09:11:31.000101:  113568  [INFO]: Using a cached neff at /home/ubuntu/neuron_cache_e2e/neuronxcc-2.23.6484.0+3b612583/MODULE_4624717319235165006+e30acd3a/model.neff
2026-09-09 09:11:31.000112:  113566  [INFO]: Using a cached neff at /home/ubuntu/neuron_cache_e2e/neuronxcc-2.23.6484.0+3b612583/MODULE_4624717319235165006+e30acd3a/model.neff
2026-09-09 09:11:31.000114:  113558  [INFO]: Using a cached neff at /home/ubuntu/neuron_cache_e2e/neuronxcc-2.23.6484.0+3b612583/MODULE_4624717319235165006+e30acd3a/model.neff
2026-09-09 09:11:31.000116:  113565  [INFO]: Using a cached neff at /home/ubuntu/neuron_cache_e2e/neuronxcc-2.23.6484.0+3b612583/MODULE_4624717319235165006+e30acd3a/model.neff
2026-09-09 09:11:31.000119:  113579  [INFO]: Using a cached neff at /home/ubuntu/neuron_cache_e2e/neuronxcc-2.23.6484.0+3b612583/MODULE_4624717319235165006+e30acd3a/model.neff
2026-09-09 09:11:31.000121:  113573  [INFO]: Using a cached neff at /home/ubuntu/neuron_cache_e2e/neuronxcc-2.23.6484.0+3b612583/MODULE_4624717319235165006+e30acd3a/model.neff
2026-09-09 09:11:31.000123:  113564  [INFO]: Using a cached neff at /home/ubuntu/neuron_cache_e2e/neuronxcc-2.23.6484.0+3b612583/MODULE_4624717319235165006+e30acd3a/model.neff
2026-09-09 09:11:31.000128:  113580  [INFO]: Using a cached neff at /home/ubuntu/neuron_cache_e2e/neuronxcc-2.23.6484.0+3b612583/MODULE_4624717319235165006+e30acd3a/model.neff
2026-09-09 09:11:31.000130:  113556  [INFO]: Using a cached neff at /home/ubuntu/neuron_cache_e2e/neuronxcc-2.23.6484.0+3b612583/MODULE_4624717319235165006+e30acd3a/model.neff
2026-09-09 09:11:31.000132:  113575  [INFO]: Using a cached neff at /home/ubuntu/neuron_cache_e2e/neuronxcc-2.23.6484.0+3b612583/MODULE_4624717319235165006+e30acd3a/model.neff
2026-09-09 09:11:32.000570:  113563  [INFO]: Using a cached neff at /home/ubuntu/neuron_cache_e2e/neuronxcc-2.23.6484.0+3b612583/MODULE_9873161558079543617+e30acd3a/model.neff
2026-09-09 09:11:32.000819:  113578  [INFO]: Using a cached neff at /home/ubuntu/neuron_cache_e2e/neuronxcc-2.23.6484.0+3b612583/MODULE_9873161558079543617+e30acd3a/model.neff
2026-09-09 09:11:32.000914:  113582  [INFO]: Using a cached neff at /home/ubuntu/neuron_cache_e2e/neuronxcc-2.23.6484.0+3b612583/MODULE_9873161558079543617+e30acd3a/model.neff
2026-09-09 09:11:32.000946:  113581  [INFO]: Using a cached neff at /home/ubuntu/neuron_cache_e2e/neuronxcc-2.23.6484.0+3b612583/MODULE_9873161558079543617+e30acd3a/model.neff
2026-09-09 09:11:32.000952:  113569  [INFO]: Using a cached neff at /home/ubuntu/neuron_cache_e2e/neuronxcc-2.23.6484.0+3b612583/MODULE_9873161558079543617+e30acd3a/model.neff
2026-09-09 09:11:32.000964:  113561  [INFO]: Using a cached neff at /home/ubuntu/neuron_cache_e2e/neuronxcc-2.23.6484.0+3b612583/MODULE_9873161558079543617+e30acd3a/model.neff
2026-09-09 09:11:33.000082:  113570  [INFO]: Using a cached neff at /home/ubuntu/neuron_cache_e2e/neuronxcc-2.23.6484.0+3b612583/MODULE_9873161558079543617+e30acd3a/model.neff
2026-09-09 09:11:33.000173:  113559  [INFO]: Using a cached neff at /home/ubuntu/neuron_cache_e2e/neuronxcc-2.23.6484.0+3b612583/MODULE_9873161558079543617+e30acd3a/model.neff
2026-09-09 09:11:33.000215:  113577  [INFO]: Using a cached neff at /home/ubuntu/neuron_cache_e2e/neuronxcc-2.23.6484.0+3b612583/MODULE_9873161558079543617+e30acd3a/model.neff
2026-09-09 09:11:33.000254:  113557  [INFO]: Using a cached neff at /home/ubuntu/neuron_cache_e2e/neuronxcc-2.23.6484.0+3b612583/MODULE_9873161558079543617+e30acd3a/model.neff
2026-09-09 09:11:33.000331:  113574  [INFO]: Using a cached neff at /home/ubuntu/neuron_cache_e2e/neuronxcc-2.23.6484.0+3b612583/MODULE_9873161558079543617+e30acd3a/model.neff
2026-09-09 09:11:33.000331:  113571  [INFO]: Using a cached neff at /home/ubuntu/neuron_cache_e2e/neuronxcc-2.23.6484.0+3b612583/MODULE_9873161558079543617+e30acd3a/model.neff
2026-09-09 09:11:33.000332:  113572  [INFO]: Using a cached neff at /home/ubuntu/neuron_cache_e2e/neuronxcc-2.23.6484.0+3b612583/MODULE_9873161558079543617+e30acd3a/model.neff
2026-09-09 09:11:33.000345:  113567  [INFO]: Using a cached neff at /home/ubuntu/neuron_cache_e2e/neuronxcc-2.23.6484.0+3b612583/MODULE_9873161558079543617+e30acd3a/model.neff
2026-09-09 09:11:33.000351:  113553  [INFO]: Using a cached neff at /home/ubuntu/neuron_cache_e2e/neuronxcc-2.23.6484.0+3b612583/MODULE_9873161558079543617+e30acd3a/model.neff
2026-09-09 09:11:33.000364:  113576  [INFO]: Using a cached neff at /home/ubuntu/neuron_cache_e2e/neuronxcc-2.23.6484.0+3b612583/MODULE_9873161558079543617+e30acd3a/model.neff
2026-09-09 09:11:33.000370:  113551  [INFO]: Using a cached neff at /home/ubuntu/neuron_cache_e2e/neuronxcc-2.23.6484.0+3b612583/MODULE_9873161558079543617+e30acd3a/model.neff
2026-09-09 09:11:33.000382:  113552  [INFO]: Using a cached neff at /home/ubuntu/neuron_cache_e2e/neuronxcc-2.23.6484.0+3b612583/MODULE_9873161558079543617+e30acd3a/model.neff
2026-09-09 09:11:33.000385:  113560  [INFO]: Using a cached neff at /home/ubuntu/neuron_cache_e2e/neuronxcc-2.23.6484.0+3b612583/MODULE_9873161558079543617+e30acd3a/model.neff
2026-09-09 09:11:33.000388:  113564  [INFO]: Using a cached neff at /home/ubuntu/neuron_cache_e2e/neuronxcc-2.23.6484.0+3b612583/MODULE_9873161558079543617+e30acd3a/model.neff
2026-09-09 09:11:33.000403:  113562  [INFO]: Using a cached neff at /home/ubuntu/neuron_cache_e2e/neuronxcc-2.23.6484.0+3b612583/MODULE_9873161558079543617+e30acd3a/model.neff
2026-09-09 09:11:33.000408:  113554  [INFO]: Using a cached neff at /home/ubuntu/neuron_cache_e2e/neuronxcc-2.23.6484.0+3b612583/MODULE_9873161558079543617+e30acd3a/model.neff
2026-09-09 09:11:33.000412:  113566  [INFO]: Using a cached neff at /home/ubuntu/neuron_cache_e2e/neuronxcc-2.23.6484.0+3b612583/MODULE_9873161558079543617+e30acd3a/model.neff
2026-09-09 09:11:33.000425:  113565  [INFO]: Using a cached neff at /home/ubuntu/neuron_cache_e2e/neuronxcc-2.23.6484.0+3b612583/MODULE_9873161558079543617+e30acd3a/model.neff
2026-09-09 09:11:33.000426:  113555  [INFO]: Using a cached neff at /home/ubuntu/neuron_cache_e2e/neuronxcc-2.23.6484.0+3b612583/MODULE_9873161558079543617+e30acd3a/model.neff
2026-09-09 09:11:33.000439:  113575  [INFO]: Using a cached neff at /home/ubuntu/neuron_cache_e2e/neuronxcc-2.23.6484.0+3b612583/MODULE_9873161558079543617+e30acd3a/model.neff
2026-09-09 09:11:33.000444:  113579  [INFO]: Using a cached neff at /home/ubuntu/neuron_cache_e2e/neuronxcc-2.23.6484.0+3b612583/MODULE_9873161558079543617+e30acd3a/model.neff
2026-09-09 09:11:33.000444:  113568  [INFO]: Using a cached neff at /home/ubuntu/neuron_cache_e2e/neuronxcc-2.23.6484.0+3b612583/MODULE_9873161558079543617+e30acd3a/model.neff
2026-09-09 09:11:33.000451:  113580  [INFO]: Using a cached neff at /home/ubuntu/neuron_cache_e2e/neuronxcc-2.23.6484.0+3b612583/MODULE_9873161558079543617+e30acd3a/model.neff
2026-09-09 09:11:33.000453:  113573  [INFO]: Using a cached neff at /home/ubuntu/neuron_cache_e2e/neuronxcc-2.23.6484.0+3b612583/MODULE_9873161558079543617+e30acd3a/model.neff
2026-09-09 09:11:33.000461:  113556  [INFO]: Using a cached neff at /home/ubuntu/neuron_cache_e2e/neuronxcc-2.23.6484.0+3b612583/MODULE_9873161558079543617+e30acd3a/model.neff
2026-09-09 09:11:33.000464:  113558  [INFO]: Using a cached neff at /home/ubuntu/neuron_cache_e2e/neuronxcc-2.23.6484.0+3b612583/MODULE_9873161558079543617+e30acd3a/model.neff
