2026-09-09 08:57:25.137305: W neuron/pjrt-api/neuronpjrt.cc:1781] Use PJRT C-API 0.79 as client did not specify a PJRT C-API version
2026-09-09 08:57:25.416829: W neuron/pjrt-api/neuronpjrt.cc:1781] Use PJRT C-API 0.79 as client did not specify a PJRT C-API version
2026-09-09 08:57:25.417240: W neuron/pjrt-api/neuronpjrt.cc:1781] Use PJRT C-API 0.79 as client did not specify a PJRT C-API version
2026-09-09 08:57:25.426043: W neuron/pjrt-api/neuronpjrt.cc:1781] Use PJRT C-API 0.79 as client did not specify a PJRT C-API version
2026-09-09 08:57:25.427409: W neuron/pjrt-api/neuronpjrt.cc:1781] Use PJRT C-API 0.79 as client did not specify a PJRT C-API version
2026-09-09 08:57:25.435934: W neuron/pjrt-api/neuronpjrt.cc:1781] Use PJRT C-API 0.79 as client did not specify a PJRT C-API version
2026-09-09 08:57:25.447425: W neuron/pjrt-api/neuronpjrt.cc:1781] Use PJRT C-API 0.79 as client did not specify a PJRT C-API version
2026-09-09 08:57:25.450557: W neuron/pjrt-api/neuronpjrt.cc:1781] Use PJRT C-API 0.79 as client did not specify a PJRT C-API version
2026-09-09 08:57:25.458301: W neuron/pjrt-api/neuronpjrt.cc:1781] Use PJRT C-API 0.79 as client did not specify a PJRT C-API version
2026-09-09 08:57:25.466591: W neuron/pjrt-api/neuronpjrt.cc:1781] Use PJRT C-API 0.79 as client did not specify a PJRT C-API version
2026-09-09 08:57:25.477222: W neuron/pjrt-api/neuronpjrt.cc:1781] Use PJRT C-API 0.79 as client did not specify a PJRT C-API version
2026-09-09 08:57:25.489866: W neuron/pjrt-api/neuronpjrt.cc:1781] Use PJRT C-API 0.79 as client did not specify a PJRT C-API version
2026-09-09 08:57:25.501061: W neuron/pjrt-api/neuronpjrt.cc:1781] Use PJRT C-API 0.79 as client did not specify a PJRT C-API version
2026-09-09 08:57:25.519571: W neuron/pjrt-api/neuronpjrt.cc:1781] Use PJRT C-API 0.79 as client did not specify a PJRT C-API version
2026-09-09 08:57:25.522378: W neuron/pjrt-api/neuronpjrt.cc:1781] Use PJRT C-API 0.79 as client did not specify a PJRT C-API version
2026-09-09 08:57:25.526211: W neuron/pjrt-api/neuronpjrt.cc:1781] Use PJRT C-API 0.79 as client did not specify a PJRT C-API version
2026-09-09 08:57:25.527820: W neuron/pjrt-api/neuronpjrt.cc:1781] Use PJRT C-API 0.79 as client did not specify a PJRT C-API version
2026-09-09 08:57:25.546214: W neuron/pjrt-api/neuronpjrt.cc:1781] Use PJRT C-API 0.79 as client did not specify a PJRT C-API version
2026-09-09 08:57:25.546261: W neuron/pjrt-api/neuronpjrt.cc:1781] Use PJRT C-API 0.79 as client did not specify a PJRT C-API version
2026-09-09 08:57:25.547619: W neuron/pjrt-api/neuronpjrt.cc:1781] Use PJRT C-API 0.79 as client did not specify a PJRT C-API version
2026-09-09 08:57:25.549823: W neuron/pjrt-api/neuronpjrt.cc:1781] Use PJRT C-API 0.79 as client did not specify a PJRT C-API version
2026-09-09 08:57:25.550623: W neuron/pjrt-api/neuronpjrt.cc:1781] Use PJRT C-API 0.79 as client did not specify a PJRT C-API version
2026-09-09 08:57:25.556736: W neuron/pjrt-api/neuronpjrt.cc:1781] Use PJRT C-API 0.79 as client did not specify a PJRT C-API version
2026-09-09 08:57:25.565306: W neuron/pjrt-api/neuronpjrt.cc:1781] Use PJRT C-API 0.79 as client did not specify a PJRT C-API version
2026-09-09 08:57:25.581721: W neuron/pjrt-api/neuronpjrt.cc:1781] Use PJRT C-API 0.79 as client did not specify a PJRT C-API version
2026-09-09 08:57:25.584827: W neuron/pjrt-api/neuronpjrt.cc:1781] Use PJRT C-API 0.79 as client did not specify a PJRT C-API version
2026-09-09 08:57:25.585008: W neuron/pjrt-api/neuronpjrt.cc:1781] Use PJRT C-API 0.79 as client did not specify a PJRT C-API version
2026-09-09 08:57:25.587147: W neuron/pjrt-api/neuronpjrt.cc:1781] Use PJRT C-API 0.79 as client did not specify a PJRT C-API version
2026-09-09 08:57:25.599289: W neuron/pjrt-api/neuronpjrt.cc:1781] Use PJRT C-API 0.79 as client did not specify a PJRT C-API version
2026-09-09 08:57:25.622581: W neuron/pjrt-api/neuronpjrt.cc:1781] Use PJRT C-API 0.79 as client did not specify a PJRT C-API version
2026-09-09 08:57:25.627380: W neuron/pjrt-api/neuronpjrt.cc:1781] Use PJRT C-API 0.79 as client did not specify a PJRT C-API version
2026-09-09 08:57:25.660047: W neuron/pjrt-api/neuronpjrt.cc:1781] Use PJRT C-API 0.79 as client did not specify a PJRT C-API version
/home/ubuntu/train_gpt10b_tp_families.py:365: DeprecationWarning: Use torch_xla.sync instead
  xm.mark_step()
/home/ubuntu/train_gpt10b_tp_families.py:365: DeprecationWarning: Use torch_xla.sync instead
  xm.mark_step()
/home/ubuntu/train_gpt10b_tp_families.py:365: DeprecationWarning: Use torch_xla.sync instead
  xm.mark_step()
/home/ubuntu/train_gpt10b_tp_families.py:365: DeprecationWarning: Use torch_xla.sync instead
  xm.mark_step()
/home/ubuntu/train_gpt10b_tp_families.py:365: DeprecationWarning: Use torch_xla.sync instead
  xm.mark_step()
/home/ubuntu/train_gpt10b_tp_families.py:365: DeprecationWarning: Use torch_xla.sync instead
  xm.mark_step()
/home/ubuntu/train_gpt10b_tp_families.py:365: DeprecationWarning: Use torch_xla.sync instead
  xm.mark_step()
/home/ubuntu/train_gpt10b_tp_families.py:365: DeprecationWarning: Use torch_xla.sync instead
  xm.mark_step()
/home/ubuntu/train_gpt10b_tp_families.py:365: DeprecationWarning: Use torch_xla.sync instead
  xm.mark_step()
/home/ubuntu/train_gpt10b_tp_families.py:365: DeprecationWarning: Use torch_xla.sync instead
  xm.mark_step()
/home/ubuntu/train_gpt10b_tp_families.py:365: DeprecationWarning: Use torch_xla.sync instead
  xm.mark_step()
/home/ubuntu/train_gpt10b_tp_families.py:365: DeprecationWarning: Use torch_xla.sync instead
  xm.mark_step()
/home/ubuntu/train_gpt10b_tp_families.py:365: DeprecationWarning: Use torch_xla.sync instead
  xm.mark_step()
/home/ubuntu/train_gpt10b_tp_families.py:365: DeprecationWarning: Use torch_xla.sync instead
  xm.mark_step()
/home/ubuntu/train_gpt10b_tp_families.py:365: DeprecationWarning: Use torch_xla.sync instead
  xm.mark_step()
/home/ubuntu/train_gpt10b_tp_families.py:365: DeprecationWarning: Use torch_xla.sync instead
  xm.mark_step()
/home/ubuntu/train_gpt10b_tp_families.py:365: DeprecationWarning: Use torch_xla.sync instead
  xm.mark_step()
/home/ubuntu/train_gpt10b_tp_families.py:365: DeprecationWarning: Use torch_xla.sync instead
  xm.mark_step()
/home/ubuntu/train_gpt10b_tp_families.py:365: DeprecationWarning: Use torch_xla.sync instead
  xm.mark_step()
/home/ubuntu/train_gpt10b_tp_families.py:365: DeprecationWarning: Use torch_xla.sync instead
  xm.mark_step()
/home/ubuntu/train_gpt10b_tp_families.py:365: DeprecationWarning: Use torch_xla.sync instead
  xm.mark_step()
/home/ubuntu/train_gpt10b_tp_families.py:365: DeprecationWarning: Use torch_xla.sync instead
  xm.mark_step()
/home/ubuntu/train_gpt10b_tp_families.py:365: DeprecationWarning: Use torch_xla.sync instead
  xm.mark_step()
/home/ubuntu/train_gpt10b_tp_families.py:365: DeprecationWarning: Use torch_xla.sync instead
  xm.mark_step()
/home/ubuntu/train_gpt10b_tp_families.py:365: DeprecationWarning: Use torch_xla.sync instead
  xm.mark_step()
/home/ubuntu/train_gpt10b_tp_families.py:365: DeprecationWarning: Use torch_xla.sync instead
  xm.mark_step()
/home/ubuntu/train_gpt10b_tp_families.py:365: DeprecationWarning: Use torch_xla.sync instead
  xm.mark_step()
/home/ubuntu/train_gpt10b_tp_families.py:365: DeprecationWarning: Use torch_xla.sync instead
  xm.mark_step()
/home/ubuntu/train_gpt10b_tp_families.py:365: DeprecationWarning: Use torch_xla.sync instead
  xm.mark_step()
/home/ubuntu/train_gpt10b_tp_families.py:365: DeprecationWarning: Use torch_xla.sync instead
  xm.mark_step()
/home/ubuntu/train_gpt10b_tp_families.py:365: DeprecationWarning: Use torch_xla.sync instead
  xm.mark_step()
/home/ubuntu/train_gpt10b_tp_families.py:365: DeprecationWarning: Use torch_xla.sync instead
  xm.mark_step()
/home/ubuntu/train_gpt10b_tp_families.py:423: DeprecationWarning: Use torch_xla.sync instead
  xm.mark_step()
/home/ubuntu/train_gpt10b_tp_families.py:423: DeprecationWarning: Use torch_xla.sync instead
  xm.mark_step()
/home/ubuntu/train_gpt10b_tp_families.py:423: DeprecationWarning: Use torch_xla.sync instead
  xm.mark_step()
/home/ubuntu/train_gpt10b_tp_families.py:423: DeprecationWarning: Use torch_xla.sync instead
  xm.mark_step()
/home/ubuntu/train_gpt10b_tp_families.py:423: DeprecationWarning: Use torch_xla.sync instead
  xm.mark_step()
./home/ubuntu/train_gpt10b_tp_families.py:423: DeprecationWarning: Use torch_xla.sync instead
  xm.mark_step()
/home/ubuntu/train_gpt10b_tp_families.py:423: DeprecationWarning: Use torch_xla.sync instead
  xm.mark_step()
/home/ubuntu/train_gpt10b_tp_families.py:423: DeprecationWarning: Use torch_xla.sync instead
  xm.mark_step()
/home/ubuntu/train_gpt10b_tp_families.py:423: DeprecationWarning: Use torch_xla.sync instead
  xm.mark_step()
/home/ubuntu/train_gpt10b_tp_families.py:423: DeprecationWarning: Use torch_xla.sync instead
  xm.mark_step()
/home/ubuntu/train_gpt10b_tp_families.py:423: DeprecationWarning: Use torch_xla.sync instead
  xm.mark_step()
/home/ubuntu/train_gpt10b_tp_families.py:423: DeprecationWarning: Use torch_xla.sync instead
  xm.mark_step()
/home/ubuntu/train_gpt10b_tp_families.py:423: DeprecationWarning: Use torch_xla.sync instead
  xm.mark_step()
/home/ubuntu/train_gpt10b_tp_families.py:423: DeprecationWarning: Use torch_xla.sync instead
  xm.mark_step()
/home/ubuntu/train_gpt10b_tp_families.py:423: DeprecationWarning: Use torch_xla.sync instead
  xm.mark_step()
/home/ubuntu/train_gpt10b_tp_families.py:423: DeprecationWarning: Use torch_xla.sync instead
  xm.mark_step()
/home/ubuntu/train_gpt10b_tp_families.py:423: DeprecationWarning: Use torch_xla.sync instead
  xm.mark_step()
/home/ubuntu/train_gpt10b_tp_families.py:423: DeprecationWarning: Use torch_xla.sync instead
  xm.mark_step()
/home/ubuntu/train_gpt10b_tp_families.py:423: DeprecationWarning: Use torch_xla.sync instead
  xm.mark_step()
/home/ubuntu/train_gpt10b_tp_families.py:423: DeprecationWarning: Use torch_xla.sync instead
  xm.mark_step()
/home/ubuntu/train_gpt10b_tp_families.py:423: DeprecationWarning: Use torch_xla.sync instead
  xm.mark_step()
/home/ubuntu/train_gpt10b_tp_families.py:423: DeprecationWarning: Use torch_xla.sync instead
  xm.mark_step()
/home/ubuntu/train_gpt10b_tp_families.py:423: DeprecationWarning: Use torch_xla.sync instead
  xm.mark_step()
/home/ubuntu/train_gpt10b_tp_families.py:423: DeprecationWarning: Use torch_xla.sync instead
  xm.mark_step()
/home/ubuntu/train_gpt10b_tp_families.py:423: DeprecationWarning: Use torch_xla.sync instead
  xm.mark_step()
/home/ubuntu/train_gpt10b_tp_families.py:423: DeprecationWarning: Use torch_xla.sync instead
  xm.mark_step()
/home/ubuntu/train_gpt10b_tp_families.py:423: DeprecationWarning: Use torch_xla.sync instead
  xm.mark_step()
/home/ubuntu/train_gpt10b_tp_families.py:423: DeprecationWarning: Use torch_xla.sync instead
  xm.mark_step()
/home/ubuntu/train_gpt10b_tp_families.py:423: DeprecationWarning: Use torch_xla.sync instead
  xm.mark_step()
/home/ubuntu/train_gpt10b_tp_families.py:423: DeprecationWarning: Use torch_xla.sync instead
  xm.mark_step()
/home/ubuntu/train_gpt10b_tp_families.py:423: DeprecationWarning: Use torch_xla.sync instead
  xm.mark_step()
/home/ubuntu/train_gpt10b_tp_families.py:423: DeprecationWarning: Use torch_xla.sync instead
  xm.mark_step()

Compiler status PASS
2026-09-09 08:58:10.000547:  89814  [INFO]: Compilation Successfully Completed for model.MODULE_15499462365376141814+e30acd3a.hlo_module.pb
/home/ubuntu/train_gpt10b_tp_families.py:447: DeprecationWarning: Use torch_xla.sync instead
  xm.mark_step()
.
Compiler status PASS
2026-09-09 08:58:12.000141:  89814  [INFO]: Compilation Successfully Completed for model.MODULE_7709512231245278626+e30acd3a.hlo_module.pb
/home/ubuntu/train_gpt10b_tp_families.py:454: DeprecationWarning: Use torch_xla.sync instead
  xm.mark_step()
.2026-09-09 08:58:13.000582:  89804  [INFO]: Using a cached neff at /home/ubuntu/neuron_cache_e2e/neuronxcc-2.23.6484.0+3b612583/MODULE_15499462365376141814+e30acd3a/model.neff
2026-09-09 08:58:13.000700:  89808  [INFO]: Using a cached neff at /home/ubuntu/neuron_cache_e2e/neuronxcc-2.23.6484.0+3b612583/MODULE_15499462365376141814+e30acd3a/model.neff
/home/ubuntu/train_gpt10b_tp_families.py:447: DeprecationWarning: Use torch_xla.sync instead
  xm.mark_step()
2026-09-09 08:58:13.000824:  89804  [INFO]: Using a cached neff at /home/ubuntu/neuron_cache_e2e/neuronxcc-2.23.6484.0+3b612583/MODULE_7709512231245278626+e30acd3a/model.neff
/home/ubuntu/train_gpt10b_tp_families.py:454: DeprecationWarning: Use torch_xla.sync instead
  xm.mark_step()
2026-09-09 08:58:13.000847:  89802  [INFO]: Using a cached neff at /home/ubuntu/neuron_cache_e2e/neuronxcc-2.23.6484.0+3b612583/MODULE_15499462365376141814+e30acd3a/model.neff
2026-09-09 08:58:13.000872:  89801  [INFO]: Using a cached neff at /home/ubuntu/neuron_cache_e2e/neuronxcc-2.23.6484.0+3b612583/MODULE_15499462365376141814+e30acd3a/model.neff
/home/ubuntu/train_gpt10b_tp_families.py:447: DeprecationWarning: Use torch_xla.sync instead
  xm.mark_step()
2026-09-09 08:58:13.000929:  89808  [INFO]: Using a cached neff at /home/ubuntu/neuron_cache_e2e/neuronxcc-2.23.6484.0+3b612583/MODULE_7709512231245278626+e30acd3a/model.neff
/home/ubuntu/train_gpt10b_tp_families.py:454: DeprecationWarning: Use torch_xla.sync instead
  xm.mark_step()
2026-09-09 08:58:14.000033:  89818  [INFO]: Using a cached neff at /home/ubuntu/neuron_cache_e2e/neuronxcc-2.23.6484.0+3b612583/MODULE_15499462365376141814+e30acd3a/model.neff
2026-09-09 08:58:14.000045:  89823  [INFO]: Using a cached neff at /home/ubuntu/neuron_cache_e2e/neuronxcc-2.23.6484.0+3b612583/MODULE_15499462365376141814+e30acd3a/model.neff
/home/ubuntu/train_gpt10b_tp_families.py:447: DeprecationWarning: Use torch_xla.sync instead
  xm.mark_step()
2026-09-09 08:58:14.000077:  89802  [INFO]: Using a cached neff at /home/ubuntu/neuron_cache_e2e/neuronxcc-2.23.6484.0+3b612583/MODULE_7709512231245278626+e30acd3a/model.neff
/home/ubuntu/train_gpt10b_tp_families.py:454: DeprecationWarning: Use torch_xla.sync instead
  xm.mark_step()
/home/ubuntu/train_gpt10b_tp_families.py:447: DeprecationWarning: Use torch_xla.sync instead
  xm.mark_step()
2026-09-09 08:58:14.000109:  89801  [INFO]: Using a cached neff at /home/ubuntu/neuron_cache_e2e/neuronxcc-2.23.6484.0+3b612583/MODULE_7709512231245278626+e30acd3a/model.neff
/home/ubuntu/train_gpt10b_tp_families.py:454: DeprecationWarning: Use torch_xla.sync instead
  xm.mark_step()
2026-09-09 08:58:14.000141:  89813  [INFO]: Using a cached neff at /home/ubuntu/neuron_cache_e2e/neuronxcc-2.23.6484.0+3b612583/MODULE_15499462365376141814+e30acd3a/model.neff
/home/ubuntu/train_gpt10b_tp_families.py:447: DeprecationWarning: Use torch_xla.sync instead
  xm.mark_step()
/home/ubuntu/train_gpt10b_tp_families.py:447: DeprecationWarning: Use torch_xla.sync instead
  xm.mark_step()
2026-09-09 08:58:14.000271:  89818  [INFO]: Using a cached neff at /home/ubuntu/neuron_cache_e2e/neuronxcc-2.23.6484.0+3b612583/MODULE_7709512231245278626+e30acd3a/model.neff
2026-09-09 08:58:14.000272:  89823  [INFO]: Using a cached neff at /home/ubuntu/neuron_cache_e2e/neuronxcc-2.23.6484.0+3b612583/MODULE_7709512231245278626+e30acd3a/model.neff
2026-09-09 08:58:14.000278:  89828  [INFO]: Using a cached neff at /home/ubuntu/neuron_cache_e2e/neuronxcc-2.23.6484.0+3b612583/MODULE_15499462365376141814+e30acd3a/model.neff
/home/ubuntu/train_gpt10b_tp_families.py:454: DeprecationWarning: Use torch_xla.sync instead
  xm.mark_step()
/home/ubuntu/train_gpt10b_tp_families.py:454: DeprecationWarning: Use torch_xla.sync instead
  xm.mark_step()
/home/ubuntu/train_gpt10b_tp_families.py:447: DeprecationWarning: Use torch_xla.sync instead
  xm.mark_step()
2026-09-09 08:58:14.000372:  89813  [INFO]: Using a cached neff at /home/ubuntu/neuron_cache_e2e/neuronxcc-2.23.6484.0+3b612583/MODULE_7709512231245278626+e30acd3a/model.neff
2026-09-09 08:58:14.000379:  89812  [INFO]: Using a cached neff at /home/ubuntu/neuron_cache_e2e/neuronxcc-2.23.6484.0+3b612583/MODULE_15499462365376141814+e30acd3a/model.neff
2026-09-09 08:58:14.000382:  89830  [INFO]: Using a cached neff at /home/ubuntu/neuron_cache_e2e/neuronxcc-2.23.6484.0+3b612583/MODULE_15499462365376141814+e30acd3a/model.neff
/home/ubuntu/train_gpt10b_tp_families.py:454: DeprecationWarning: Use torch_xla.sync instead
  xm.mark_step()
2026-09-09 08:58:14.000453:  89816  [INFO]: Using a cached neff at /home/ubuntu/neuron_cache_e2e/neuronxcc-2.23.6484.0+3b612583/MODULE_15499462365376141814+e30acd3a/model.neff
2026-09-09 08:58:14.000459:  89824  [INFO]: Using a cached neff at /home/ubuntu/neuron_cache_e2e/neuronxcc-2.23.6484.0+3b612583/MODULE_15499462365376141814+e30acd3a/model.neff
2026-09-09 08:58:14.000466:  89826  [INFO]: Using a cached neff at /home/ubuntu/neuron_cache_e2e/neuronxcc-2.23.6484.0+3b612583/MODULE_15499462365376141814+e30acd3a/model.neff
2026-09-09 08:58:14.000477:  89832  [INFO]: Using a cached neff at /home/ubuntu/neuron_cache_e2e/neuronxcc-2.23.6484.0+3b612583/MODULE_15499462365376141814+e30acd3a/model.neff
2026-09-09 08:58:14.000486:  89806  [INFO]: Using a cached neff at /home/ubuntu/neuron_cache_e2e/neuronxcc-2.23.6484.0+3b612583/MODULE_15499462365376141814+e30acd3a/model.neff
/home/ubuntu/train_gpt10b_tp_families.py:447: DeprecationWarning: Use torch_xla.sync instead
  xm.mark_step()
2026-09-09 08:58:14.000522:  89828  [INFO]: Using a cached neff at /home/ubuntu/neuron_cache_e2e/neuronxcc-2.23.6484.0+3b612583/MODULE_7709512231245278626+e30acd3a/model.neff
2026-09-09 08:58:14.000532:  89822  [INFO]: Using a cached neff at /home/ubuntu/neuron_cache_e2e/neuronxcc-2.23.6484.0+3b612583/MODULE_15499462365376141814+e30acd3a/model.neff
/home/ubuntu/train_gpt10b_tp_families.py:454: DeprecationWarning: Use torch_xla.sync instead
  xm.mark_step()
2026-09-09 08:58:14.000603:  89820  [INFO]: Using a cached neff at /home/ubuntu/neuron_cache_e2e/neuronxcc-2.23.6484.0+3b612583/MODULE_15499462365376141814+e30acd3a/model.neff
/home/ubuntu/train_gpt10b_tp_families.py:447: DeprecationWarning: Use torch_xla.sync instead
  xm.mark_step()
2026-09-09 08:58:14.000611:  89817  [INFO]: Using a cached neff at /home/ubuntu/neuron_cache_e2e/neuronxcc-2.23.6484.0+3b612583/MODULE_15499462365376141814+e30acd3a/model.neff
2026-09-09 08:58:14.000616:  89830  [INFO]: Using a cached neff at /home/ubuntu/neuron_cache_e2e/neuronxcc-2.23.6484.0+3b612583/MODULE_7709512231245278626+e30acd3a/model.neff
/home/ubuntu/train_gpt10b_tp_families.py:447: DeprecationWarning: Use torch_xla.sync instead
  xm.mark_step()
2026-09-09 08:58:14.000632:  89812  [INFO]: Using a cached neff at /home/ubuntu/neuron_cache_e2e/neuronxcc-2.23.6484.0+3b612583/MODULE_7709512231245278626+e30acd3a/model.neff
/home/ubuntu/train_gpt10b_tp_families.py:454: DeprecationWarning: Use torch_xla.sync instead
  xm.mark_step()
2026-09-09 08:58:14.000643:  89810  [INFO]: Using a cached neff at /home/ubuntu/neuron_cache_e2e/neuronxcc-2.23.6484.0+3b612583/MODULE_15499462365376141814+e30acd3a/model.neff
/home/ubuntu/train_gpt10b_tp_families.py:454: DeprecationWarning: Use torch_xla.sync instead
  xm.mark_step()
2026-09-09 08:58:14.000661:  89811  [INFO]: Using a cached neff at /home/ubuntu/neuron_cache_e2e/neuronxcc-2.23.6484.0+3b612583/MODULE_15499462365376141814+e30acd3a/model.neff
/home/ubuntu/train_gpt10b_tp_families.py:447: DeprecationWarning: Use torch_xla.sync instead
  xm.mark_step()
/home/ubuntu/train_gpt10b_tp_families.py:447: DeprecationWarning: Use torch_xla.sync instead
  xm.mark_step()
2026-09-09 08:58:14.000689:  89816  [INFO]: Using a cached neff at /home/ubuntu/neuron_cache_e2e/neuronxcc-2.23.6484.0+3b612583/MODULE_7709512231245278626+e30acd3a/model.neff
2026-09-09 08:58:14.000690:  89824  [INFO]: Using a cached neff at /home/ubuntu/neuron_cache_e2e/neuronxcc-2.23.6484.0+3b612583/MODULE_7709512231245278626+e30acd3a/model.neff
/home/ubuntu/train_gpt10b_tp_families.py:447: DeprecationWarning: Use torch_xla.sync instead
  xm.mark_step()
/home/ubuntu/train_gpt10b_tp_families.py:447: DeprecationWarning: Use torch_xla.sync instead
  xm.mark_step()
/home/ubuntu/train_gpt10b_tp_families.py:454: DeprecationWarning: Use torch_xla.sync instead
  xm.mark_step()
/home/ubuntu/train_gpt10b_tp_families.py:454: DeprecationWarning: Use torch_xla.sync instead
  xm.mark_step()
2026-09-09 08:58:14.000707:  89826  [INFO]: Using a cached neff at /home/ubuntu/neuron_cache_e2e/neuronxcc-2.23.6484.0+3b612583/MODULE_7709512231245278626+e30acd3a/model.neff
2026-09-09 08:58:14.000710:  89832  [INFO]: Using a cached neff at /home/ubuntu/neuron_cache_e2e/neuronxcc-2.23.6484.0+3b612583/MODULE_7709512231245278626+e30acd3a/model.neff
/home/ubuntu/train_gpt10b_tp_families.py:447: DeprecationWarning: Use torch_xla.sync instead
  xm.mark_step()
2026-09-09 08:58:14.000717:  89806  [INFO]: Using a cached neff at /home/ubuntu/neuron_cache_e2e/neuronxcc-2.23.6484.0+3b612583/MODULE_7709512231245278626+e30acd3a/model.neff
2026-09-09 08:58:14.000718:  89829  [INFO]: Using a cached neff at /home/ubuntu/neuron_cache_e2e/neuronxcc-2.23.6484.0+3b612583/MODULE_15499462365376141814+e30acd3a/model.neff
/home/ubuntu/train_gpt10b_tp_families.py:454: DeprecationWarning: Use torch_xla.sync instead
  xm.mark_step()
/home/ubuntu/train_gpt10b_tp_families.py:454: DeprecationWarning: Use torch_xla.sync instead
  xm.mark_step()
/home/ubuntu/train_gpt10b_tp_families.py:454: DeprecationWarning: Use torch_xla.sync instead
  xm.mark_step()
/home/ubuntu/train_gpt10b_tp_families.py:447: DeprecationWarning: Use torch_xla.sync instead
  xm.mark_step()
2026-09-09 08:58:14.000763:  89822  [INFO]: Using a cached neff at /home/ubuntu/neuron_cache_e2e/neuronxcc-2.23.6484.0+3b612583/MODULE_7709512231245278626+e30acd3a/model.neff
/home/ubuntu/train_gpt10b_tp_families.py:454: DeprecationWarning: Use torch_xla.sync instead
  xm.mark_step()
2026-09-09 08:58:14.000815:  89815  [INFO]: Using a cached neff at /home/ubuntu/neuron_cache_e2e/neuronxcc-2.23.6484.0+3b612583/MODULE_15499462365376141814+e30acd3a/model.neff
2026-09-09 08:58:14.000822:  89803  [INFO]: Using a cached neff at /home/ubuntu/neuron_cache_e2e/neuronxcc-2.23.6484.0+3b612583/MODULE_15499462365376141814+e30acd3a/model.neff
/home/ubuntu/train_gpt10b_tp_families.py:447: DeprecationWarning: Use torch_xla.sync instead
  xm.mark_step()
2026-09-09 08:58:14.000841:  89820  [INFO]: Using a cached neff at /home/ubuntu/neuron_cache_e2e/neuronxcc-2.23.6484.0+3b612583/MODULE_7709512231245278626+e30acd3a/model.neff
/home/ubuntu/train_gpt10b_tp_families.py:447: DeprecationWarning: Use torch_xla.sync instead
  xm.mark_step()
2026-09-09 08:58:14.000851:  89817  [INFO]: Using a cached neff at /home/ubuntu/neuron_cache_e2e/neuronxcc-2.23.6484.0+3b612583/MODULE_7709512231245278626+e30acd3a/model.neff
/home/ubuntu/train_gpt10b_tp_families.py:454: DeprecationWarning: Use torch_xla.sync instead
  xm.mark_step()
2026-09-09 08:58:14.000864:  89827  [INFO]: Using a cached neff at /home/ubuntu/neuron_cache_e2e/neuronxcc-2.23.6484.0+3b612583/MODULE_15499462365376141814+e30acd3a/model.neff
/home/ubuntu/train_gpt10b_tp_families.py:454: DeprecationWarning: Use torch_xla.sync instead
  xm.mark_step()
/home/ubuntu/train_gpt10b_tp_families.py:447: DeprecationWarning: Use torch_xla.sync instead
  xm.mark_step()
2026-09-09 08:58:14.000876:  89831  [INFO]: Using a cached neff at /home/ubuntu/neuron_cache_e2e/neuronxcc-2.23.6484.0+3b612583/MODULE_15499462365376141814+e30acd3a/model.neff
2026-09-09 08:58:14.000878:  89809  [INFO]: Using a cached neff at /home/ubuntu/neuron_cache_e2e/neuronxcc-2.23.6484.0+3b612583/MODULE_15499462365376141814+e30acd3a/model.neff
2026-09-09 08:58:14.000879:  89810  [INFO]: Using a cached neff at /home/ubuntu/neuron_cache_e2e/neuronxcc-2.23.6484.0+3b612583/MODULE_7709512231245278626+e30acd3a/model.neff
/home/ubuntu/train_gpt10b_tp_families.py:447: DeprecationWarning: Use torch_xla.sync instead
  xm.mark_step()
2026-09-09 08:58:14.000892:  89811  [INFO]: Using a cached neff at /home/ubuntu/neuron_cache_e2e/neuronxcc-2.23.6484.0+3b612583/MODULE_7709512231245278626+e30acd3a/model.neff
/home/ubuntu/train_gpt10b_tp_families.py:454: DeprecationWarning: Use torch_xla.sync instead
  xm.mark_step()
/home/ubuntu/train_gpt10b_tp_families.py:454: DeprecationWarning: Use torch_xla.sync instead
  xm.mark_step()
2026-09-09 08:58:14.000908:  89807  [INFO]: Using a cached neff at /home/ubuntu/neuron_cache_e2e/neuronxcc-2.23.6484.0+3b612583/MODULE_15499462365376141814+e30acd3a/model.neff
2026-09-09 08:58:14.000929:  89821  [INFO]: Using a cached neff at /home/ubuntu/neuron_cache_e2e/neuronxcc-2.23.6484.0+3b612583/MODULE_15499462365376141814+e30acd3a/model.neff
/home/ubuntu/train_gpt10b_tp_families.py:447: DeprecationWarning: Use torch_xla.sync instead
  xm.mark_step()
2026-09-09 08:58:14.000943:  89825  [INFO]: Using a cached neff at /home/ubuntu/neuron_cache_e2e/neuronxcc-2.23.6484.0+3b612583/MODULE_15499462365376141814+e30acd3a/model.neff
2026-09-09 08:58:14.000950:  89829  [INFO]: Using a cached neff at /home/ubuntu/neuron_cache_e2e/neuronxcc-2.23.6484.0+3b612583/MODULE_7709512231245278626+e30acd3a/model.neff
/home/ubuntu/train_gpt10b_tp_families.py:454: DeprecationWarning: Use torch_xla.sync instead
  xm.mark_step()
2026-09-09 08:58:15.000004:  89805  [INFO]: Using a cached neff at /home/ubuntu/neuron_cache_e2e/neuronxcc-2.23.6484.0+3b612583/MODULE_15499462365376141814+e30acd3a/model.neff
2026-09-09 08:58:15.000007:  89819  [INFO]: Using a cached neff at /home/ubuntu/neuron_cache_e2e/neuronxcc-2.23.6484.0+3b612583/MODULE_15499462365376141814+e30acd3a/model.neff
/home/ubuntu/train_gpt10b_tp_families.py:447: DeprecationWarning: Use torch_xla.sync instead
  xm.mark_step()
/home/ubuntu/train_gpt10b_tp_families.py:447: DeprecationWarning: Use torch_xla.sync instead
  xm.mark_step()
2026-09-09 08:58:15.000048:  89815  [INFO]: Using a cached neff at /home/ubuntu/neuron_cache_e2e/neuronxcc-2.23.6484.0+3b612583/MODULE_7709512231245278626+e30acd3a/model.neff
2026-09-09 08:58:15.000054:  89803  [INFO]: Using a cached neff at /home/ubuntu/neuron_cache_e2e/neuronxcc-2.23.6484.0+3b612583/MODULE_7709512231245278626+e30acd3a/model.neff
/home/ubuntu/train_gpt10b_tp_families.py:454: DeprecationWarning: Use torch_xla.sync instead
  xm.mark_step()
/home/ubuntu/train_gpt10b_tp_families.py:454: DeprecationWarning: Use torch_xla.sync instead
  xm.mark_step()
/home/ubuntu/train_gpt10b_tp_families.py:447: DeprecationWarning: Use torch_xla.sync instead
  xm.mark_step()
2026-09-09 08:58:15.000096:  89827  [INFO]: Using a cached neff at /home/ubuntu/neuron_cache_e2e/neuronxcc-2.23.6484.0+3b612583/MODULE_7709512231245278626+e30acd3a/model.neff
/home/ubuntu/train_gpt10b_tp_families.py:447: DeprecationWarning: Use torch_xla.sync instead
  xm.mark_step()
/home/ubuntu/train_gpt10b_tp_families.py:447: DeprecationWarning: Use torch_xla.sync instead
  xm.mark_step()
2026-09-09 08:58:15.000108:  89809  [INFO]: Using a cached neff at /home/ubuntu/neuron_cache_e2e/neuronxcc-2.23.6484.0+3b612583/MODULE_7709512231245278626+e30acd3a/model.neff
/home/ubuntu/train_gpt10b_tp_families.py:454: DeprecationWarning: Use torch_xla.sync instead
  xm.mark_step()
2026-09-09 08:58:15.000116:  89831  [INFO]: Using a cached neff at /home/ubuntu/neuron_cache_e2e/neuronxcc-2.23.6484.0+3b612583/MODULE_7709512231245278626+e30acd3a/model.neff
/home/ubuntu/train_gpt10b_tp_families.py:454: DeprecationWarning: Use torch_xla.sync instead
  xm.mark_step()
/home/ubuntu/train_gpt10b_tp_families.py:447: DeprecationWarning: Use torch_xla.sync instead
  xm.mark_step()
/home/ubuntu/train_gpt10b_tp_families.py:454: DeprecationWarning: Use torch_xla.sync instead
  xm.mark_step()
2026-09-09 08:58:15.000138:  89807  [INFO]: Using a cached neff at /home/ubuntu/neuron_cache_e2e/neuronxcc-2.23.6484.0+3b612583/MODULE_7709512231245278626+e30acd3a/model.neff
/home/ubuntu/train_gpt10b_tp_families.py:447: DeprecationWarning: Use torch_xla.sync instead
  xm.mark_step()
/home/ubuntu/train_gpt10b_tp_families.py:454: DeprecationWarning: Use torch_xla.sync instead
  xm.mark_step()
2026-09-09 08:58:15.000157:  89821  [INFO]: Using a cached neff at /home/ubuntu/neuron_cache_e2e/neuronxcc-2.23.6484.0+3b612583/MODULE_7709512231245278626+e30acd3a/model.neff
/home/ubuntu/train_gpt10b_tp_families.py:447: DeprecationWarning: Use torch_xla.sync instead
  xm.mark_step()
/home/ubuntu/train_gpt10b_tp_families.py:454: DeprecationWarning: Use torch_xla.sync instead
  xm.mark_step()
2026-09-09 08:58:15.000174:  89825  [INFO]: Using a cached neff at /home/ubuntu/neuron_cache_e2e/neuronxcc-2.23.6484.0+3b612583/MODULE_7709512231245278626+e30acd3a/model.neff
/home/ubuntu/train_gpt10b_tp_families.py:454: DeprecationWarning: Use torch_xla.sync instead
  xm.mark_step()
/home/ubuntu/train_gpt10b_tp_families.py:447: DeprecationWarning: Use torch_xla.sync instead
  xm.mark_step()
/home/ubuntu/train_gpt10b_tp_families.py:447: DeprecationWarning: Use torch_xla.sync instead
  xm.mark_step()
2026-09-09 08:58:15.000234:  89805  [INFO]: Using a cached neff at /home/ubuntu/neuron_cache_e2e/neuronxcc-2.23.6484.0+3b612583/MODULE_7709512231245278626+e30acd3a/model.neff
2026-09-09 08:58:15.000239:  89819  [INFO]: Using a cached neff at /home/ubuntu/neuron_cache_e2e/neuronxcc-2.23.6484.0+3b612583/MODULE_7709512231245278626+e30acd3a/model.neff
/home/ubuntu/train_gpt10b_tp_families.py:454: DeprecationWarning: Use torch_xla.sync instead
  xm.mark_step()
/home/ubuntu/train_gpt10b_tp_families.py:454: DeprecationWarning: Use torch_xla.sync instead
  xm.mark_step()
Roundtrip constructed a transpose sequence [rounds: 1; efficiency: 54]:
  tiled_pf_transpose: Fix prefix () and permute (0,) with (1,) / latency=49,575; shape=(384, 4096); dtype_size=2

Roundtrip constructed a transpose sequence [rounds: 1; efficiency: 60]:
  tiled_pf_transpose: Fix prefix () and permute (0,) with (1,) / latency=17,842; shape=(4096, 128); dtype_size=2

Roundtrip constructed a transpose sequence [rounds: 1; efficiency: 53]:
  tiled_pf_transpose: Fix prefix () and permute (0,) with (1,) / latency=66,100; shape=(512, 4096); dtype_size=2

Roundtrip constructed a transpose sequence [rounds: 1; efficiency: 49]:
  tiled_pf_transpose: Fix prefix () and permute (0,) with (1,) / latency=71,368; shape=(4096, 512); dtype_size=2

Neuron NKI - Kernel call: tiled_pf_transpose(in_tensor = Tensor(shape: (384, 4096), dtype: bfloat16), in_shape = [384, 4096], permutation = [1, 0])
Neuron NKI - Kernel call: tiled_pf_transpose(in_tensor = Tensor(shape: (4096, 128), dtype: bfloat16), in_shape = [4096, 128], permutation = [1, 0])
Neuron NKI - Kernel call: tiled_pf_transpose(in_tensor = Tensor(shape: (512, 4096), dtype: bfloat16), in_shape = [512, 4096], permutation = [1, 0])
Neuron NKI - Kernel call: tiled_pf_transpose(in_tensor = Tensor(shape: (4096, 512), dtype: bfloat16), in_shape = [4096, 512], permutation = [1, 0])

Compiler status PASS
2026-09-09 08:58:18.000647:  89814  [INFO]: Compilation Successfully Completed for model.MODULE_11581410531984556362+e30acd3a.hlo_module.pb
/home/ubuntu/train_gpt10b_tp_families.py:454: DeprecationWarning: Use torch_xla.sync instead
  xm.mark_step()
2026-09-09 08:58:18.000891:  89804  [INFO]: Using a cached neff at /home/ubuntu/neuron_cache_e2e/neuronxcc-2.23.6484.0+3b612583/MODULE_11581410531984556362+e30acd3a/model.neff
2026-09-09 08:58:18.000996:  89808  [INFO]: Using a cached neff at /home/ubuntu/neuron_cache_e2e/neuronxcc-2.23.6484.0+3b612583/MODULE_11581410531984556362+e30acd3a/model.neff
2026-09-09 08:58:19.000144:  89802  [INFO]: Using a cached neff at /home/ubuntu/neuron_cache_e2e/neuronxcc-2.23.6484.0+3b612583/MODULE_11581410531984556362+e30acd3a/model.neff
2026-09-09 08:58:19.000175:  89801  [INFO]: Using a cached neff at /home/ubuntu/neuron_cache_e2e/neuronxcc-2.23.6484.0+3b612583/MODULE_11581410531984556362+e30acd3a/model.neff
2026-09-09 08:58:19.000337:  89818  [INFO]: Using a cached neff at /home/ubuntu/neuron_cache_e2e/neuronxcc-2.23.6484.0+3b612583/MODULE_11581410531984556362+e30acd3a/model.neff
2026-09-09 08:58:19.000337:  89823  [INFO]: Using a cached neff at /home/ubuntu/neuron_cache_e2e/neuronxcc-2.23.6484.0+3b612583/MODULE_11581410531984556362+e30acd3a/model.neff
2026-09-09 08:58:19.000439:  89813  [INFO]: Using a cached neff at /home/ubuntu/neuron_cache_e2e/neuronxcc-2.23.6484.0+3b612583/MODULE_11581410531984556362+e30acd3a/model.neff
2026-09-09 08:58:19.000591:  89828  [INFO]: Using a cached neff at /home/ubuntu/neuron_cache_e2e/neuronxcc-2.23.6484.0+3b612583/MODULE_11581410531984556362+e30acd3a/model.neff
2026-09-09 08:58:19.000685:  89830  [INFO]: Using a cached neff at /home/ubuntu/neuron_cache_e2e/neuronxcc-2.23.6484.0+3b612583/MODULE_11581410531984556362+e30acd3a/model.neff
2026-09-09 08:58:19.000704:  89812  [INFO]: Using a cached neff at /home/ubuntu/neuron_cache_e2e/neuronxcc-2.23.6484.0+3b612583/MODULE_11581410531984556362+e30acd3a/model.neff
2026-09-09 08:58:19.000758:  89824  [INFO]: Using a cached neff at /home/ubuntu/neuron_cache_e2e/neuronxcc-2.23.6484.0+3b612583/MODULE_11581410531984556362+e30acd3a/model.neff
2026-09-09 08:58:19.000758:  89816  [INFO]: Using a cached neff at /home/ubuntu/neuron_cache_e2e/neuronxcc-2.23.6484.0+3b612583/MODULE_11581410531984556362+e30acd3a/model.neff
2026-09-09 08:58:19.000775:  89826  [INFO]: Using a cached neff at /home/ubuntu/neuron_cache_e2e/neuronxcc-2.23.6484.0+3b612583/MODULE_11581410531984556362+e30acd3a/model.neff
2026-09-09 08:58:19.000776:  89832  [INFO]: Using a cached neff at /home/ubuntu/neuron_cache_e2e/neuronxcc-2.23.6484.0+3b612583/MODULE_11581410531984556362+e30acd3a/model.neff
2026-09-09 08:58:19.000785:  89806  [INFO]: Using a cached neff at /home/ubuntu/neuron_cache_e2e/neuronxcc-2.23.6484.0+3b612583/MODULE_11581410531984556362+e30acd3a/model.neff
2026-09-09 08:58:19.000828:  89822  [INFO]: Using a cached neff at /home/ubuntu/neuron_cache_e2e/neuronxcc-2.23.6484.0+3b612583/MODULE_11581410531984556362+e30acd3a/model.neff
2026-09-09 08:58:19.000910:  89820  [INFO]: Using a cached neff at /home/ubuntu/neuron_cache_e2e/neuronxcc-2.23.6484.0+3b612583/MODULE_11581410531984556362+e30acd3a/model.neff
2026-09-09 08:58:19.000918:  89817  [INFO]: Using a cached neff at /home/ubuntu/neuron_cache_e2e/neuronxcc-2.23.6484.0+3b612583/MODULE_11581410531984556362+e30acd3a/model.neff
2026-09-09 08:58:19.000949:  89810  [INFO]: Using a cached neff at /home/ubuntu/neuron_cache_e2e/neuronxcc-2.23.6484.0+3b612583/MODULE_11581410531984556362+e30acd3a/model.neff
2026-09-09 08:58:19.000959:  89811  [INFO]: Using a cached neff at /home/ubuntu/neuron_cache_e2e/neuronxcc-2.23.6484.0+3b612583/MODULE_11581410531984556362+e30acd3a/model.neff
2026-09-09 08:58:20.000015:  89829  [INFO]: Using a cached neff at /home/ubuntu/neuron_cache_e2e/neuronxcc-2.23.6484.0+3b612583/MODULE_11581410531984556362+e30acd3a/model.neff
2026-09-09 08:58:20.000123:  89803  [INFO]: Using a cached neff at /home/ubuntu/neuron_cache_e2e/neuronxcc-2.23.6484.0+3b612583/MODULE_11581410531984556362+e30acd3a/model.neff
2026-09-09 08:58:20.000127:  89815  [INFO]: Using a cached neff at /home/ubuntu/neuron_cache_e2e/neuronxcc-2.23.6484.0+3b612583/MODULE_11581410531984556362+e30acd3a/model.neff
2026-09-09 08:58:20.000162:  89827  [INFO]: Using a cached neff at /home/ubuntu/neuron_cache_e2e/neuronxcc-2.23.6484.0+3b612583/MODULE_11581410531984556362+e30acd3a/model.neff
2026-09-09 08:58:20.000174:  89809  [INFO]: Using a cached neff at /home/ubuntu/neuron_cache_e2e/neuronxcc-2.23.6484.0+3b612583/MODULE_11581410531984556362+e30acd3a/model.neff
2026-09-09 08:58:20.000182:  89831  [INFO]: Using a cached neff at /home/ubuntu/neuron_cache_e2e/neuronxcc-2.23.6484.0+3b612583/MODULE_11581410531984556362+e30acd3a/model.neff
2026-09-09 08:58:20.000204:  89807  [INFO]: Using a cached neff at /home/ubuntu/neuron_cache_e2e/neuronxcc-2.23.6484.0+3b612583/MODULE_11581410531984556362+e30acd3a/model.neff
2026-09-09 08:58:20.000223:  89821  [INFO]: Using a cached neff at /home/ubuntu/neuron_cache_e2e/neuronxcc-2.23.6484.0+3b612583/MODULE_11581410531984556362+e30acd3a/model.neff
2026-09-09 08:58:20.000239:  89825  [INFO]: Using a cached neff at /home/ubuntu/neuron_cache_e2e/neuronxcc-2.23.6484.0+3b612583/MODULE_11581410531984556362+e30acd3a/model.neff
2026-09-09 08:58:20.000301:  89805  [INFO]: Using a cached neff at /home/ubuntu/neuron_cache_e2e/neuronxcc-2.23.6484.0+3b612583/MODULE_11581410531984556362+e30acd3a/model.neff
2026-09-09 08:58:20.000304:  89819  [INFO]: Using a cached neff at /home/ubuntu/neuron_cache_e2e/neuronxcc-2.23.6484.0+3b612583/MODULE_11581410531984556362+e30acd3a/model.neff
/home/ubuntu/train_gpt10b_tp_families.py:460: DeprecationWarning: Use torch_xla.sync instead
  xm.mark_step()
/home/ubuntu/train_gpt10b_tp_families.py:460: DeprecationWarning: Use torch_xla.sync instead
  xm.mark_step()
/home/ubuntu/train_gpt10b_tp_families.py:460: DeprecationWarning: Use torch_xla.sync instead
  xm.mark_step()
/home/ubuntu/train_gpt10b_tp_families.py:460: DeprecationWarning: Use torch_xla.sync instead
  xm.mark_step()
/home/ubuntu/train_gpt10b_tp_families.py:460: DeprecationWarning: Use torch_xla.sync instead
  xm.mark_step()
/home/ubuntu/train_gpt10b_tp_families.py:460: DeprecationWarning: Use torch_xla.sync instead
  xm.mark_step()
/home/ubuntu/train_gpt10b_tp_families.py:460: DeprecationWarning: Use torch_xla.sync instead
  xm.mark_step()
/home/ubuntu/train_gpt10b_tp_families.py:460: DeprecationWarning: Use torch_xla.sync instead
  xm.mark_step()
/home/ubuntu/train_gpt10b_tp_families.py:460: DeprecationWarning: Use torch_xla.sync instead
  xm.mark_step()
/home/ubuntu/train_gpt10b_tp_families.py:460: DeprecationWarning: Use torch_xla.sync instead
  xm.mark_step()
/home/ubuntu/train_gpt10b_tp_families.py:460: DeprecationWarning: Use torch_xla.sync instead
  xm.mark_step()
/home/ubuntu/train_gpt10b_tp_families.py:460: DeprecationWarning: Use torch_xla.sync instead
  xm.mark_step()
/home/ubuntu/train_gpt10b_tp_families.py:460: DeprecationWarning: Use torch_xla.sync instead
  xm.mark_step()
/home/ubuntu/train_gpt10b_tp_families.py:460: DeprecationWarning: Use torch_xla.sync instead
  xm.mark_step()
/home/ubuntu/train_gpt10b_tp_families.py:460: DeprecationWarning: Use torch_xla.sync instead
  xm.mark_step()
/home/ubuntu/train_gpt10b_tp_families.py:460: DeprecationWarning: Use torch_xla.sync instead
  xm.mark_step()
/home/ubuntu/train_gpt10b_tp_families.py:460: DeprecationWarning: Use torch_xla.sync instead
  xm.mark_step()
/home/ubuntu/train_gpt10b_tp_families.py:460: DeprecationWarning: Use torch_xla.sync instead
  xm.mark_step()
/home/ubuntu/train_gpt10b_tp_families.py:460: DeprecationWarning: Use torch_xla.sync instead
  xm.mark_step()
/home/ubuntu/train_gpt10b_tp_families.py:460: DeprecationWarning: Use torch_xla.sync instead
  xm.mark_step()
/home/ubuntu/train_gpt10b_tp_families.py:460: DeprecationWarning: Use torch_xla.sync instead
  xm.mark_step()
/home/ubuntu/train_gpt10b_tp_families.py:460: DeprecationWarning: Use torch_xla.sync instead
  xm.mark_step()
/home/ubuntu/train_gpt10b_tp_families.py:460: DeprecationWarning: Use torch_xla.sync instead
  xm.mark_step()
/home/ubuntu/train_gpt10b_tp_families.py:460: DeprecationWarning: Use torch_xla.sync instead
  xm.mark_step()
/home/ubuntu/train_gpt10b_tp_families.py:460: DeprecationWarning: Use torch_xla.sync instead
  xm.mark_step()
/home/ubuntu/train_gpt10b_tp_families.py:460: DeprecationWarning: Use torch_xla.sync instead
  xm.mark_step()
/home/ubuntu/train_gpt10b_tp_families.py:460: DeprecationWarning: Use torch_xla.sync instead
  xm.mark_step()
/home/ubuntu/train_gpt10b_tp_families.py:460: DeprecationWarning: Use torch_xla.sync instead
  xm.mark_step()
/home/ubuntu/train_gpt10b_tp_families.py:460: DeprecationWarning: Use torch_xla.sync instead
  xm.mark_step()
/home/ubuntu/train_gpt10b_tp_families.py:460: DeprecationWarning: Use torch_xla.sync instead
  xm.mark_step()
/home/ubuntu/train_gpt10b_tp_families.py:460: DeprecationWarning: Use torch_xla.sync instead
  xm.mark_step()
/home/ubuntu/train_gpt10b_tp_families.py:460: DeprecationWarning: Use torch_xla.sync instead
  xm.mark_step()
.
Compiler status PASS
2026-09-09 08:58:24.000112:  89823  [INFO]: Compilation Successfully Completed for model.MODULE_8628471563315418426+e30acd3a.hlo_module.pb
/home/ubuntu/train_gpt10b_tp_families.py:466: DeprecationWarning: Use torch_xla.sync instead
  xm.mark_step()
.2026-09-09 08:58:26.000781:  89815  [INFO]: Using a cached neff at /home/ubuntu/neuron_cache_e2e/neuronxcc-2.23.6484.0+3b612583/MODULE_8628471563315418426+e30acd3a/model.neff
2026-09-09 08:58:26.000781:  89802  [INFO]: Using a cached neff at /home/ubuntu/neuron_cache_e2e/neuronxcc-2.23.6484.0+3b612583/MODULE_8628471563315418426+e30acd3a/model.neff
2026-09-09 08:58:26.000783:  89808  [INFO]: Using a cached neff at /home/ubuntu/neuron_cache_e2e/neuronxcc-2.23.6484.0+3b612583/MODULE_8628471563315418426+e30acd3a/model.neff
2026-09-09 08:58:26.000784:  89813  [INFO]: Using a cached neff at /home/ubuntu/neuron_cache_e2e/neuronxcc-2.23.6484.0+3b612583/MODULE_8628471563315418426+e30acd3a/model.neff
2026-09-09 08:58:26.000785:  89821  [INFO]: Using a cached neff at /home/ubuntu/neuron_cache_e2e/neuronxcc-2.23.6484.0+3b612583/MODULE_8628471563315418426+e30acd3a/model.neff
2026-09-09 08:58:26.000788:  89814  [INFO]: Using a cached neff at /home/ubuntu/neuron_cache_e2e/neuronxcc-2.23.6484.0+3b612583/MODULE_8628471563315418426+e30acd3a/model.neff
2026-09-09 08:58:26.000789:  89818  [INFO]: Using a cached neff at /home/ubuntu/neuron_cache_e2e/neuronxcc-2.23.6484.0+3b612583/MODULE_8628471563315418426+e30acd3a/model.neff
2026-09-09 08:58:26.000791:  89830  [INFO]: Using a cached neff at /home/ubuntu/neuron_cache_e2e/neuronxcc-2.23.6484.0+3b612583/MODULE_8628471563315418426+e30acd3a/model.neff
2026-09-09 08:58:26.000793:  89826  [INFO]: Using a cached neff at /home/ubuntu/neuron_cache_e2e/neuronxcc-2.23.6484.0+3b612583/MODULE_8628471563315418426+e30acd3a/model.neff
2026-09-09 08:58:26.000795:  89812  [INFO]: Using a cached neff at /home/ubuntu/neuron_cache_e2e/neuronxcc-2.23.6484.0+3b612583/MODULE_8628471563315418426+e30acd3a/model.neff
2026-09-09 08:58:26.000797:  89828  [INFO]: Using a cached neff at /home/ubuntu/neuron_cache_e2e/neuronxcc-2.23.6484.0+3b612583/MODULE_8628471563315418426+e30acd3a/model.neff
2026-09-09 08:58:26.000798:  89822  [INFO]: Using a cached neff at /home/ubuntu/neuron_cache_e2e/neuronxcc-2.23.6484.0+3b612583/MODULE_8628471563315418426+e30acd3a/model.neff
2026-09-09 08:58:26.000799:  89825  [INFO]: Using a cached neff at /home/ubuntu/neuron_cache_e2e/neuronxcc-2.23.6484.0+3b612583/MODULE_8628471563315418426+e30acd3a/model.neff
/home/ubuntu/train_gpt10b_tp_families.py:466: DeprecationWarning: Use torch_xla.sync instead
  xm.mark_step()
2026-09-09 08:58:26.000801:  89817  [INFO]: Using a cached neff at /home/ubuntu/neuron_cache_e2e/neuronxcc-2.23.6484.0+3b612583/MODULE_8628471563315418426+e30acd3a/model.neff
/home/ubuntu/train_gpt10b_tp_families.py:466: DeprecationWarning: Use torch_xla.sync instead
  xm.mark_step()
2026-09-09 08:58:26.000801:  89804  [INFO]: Using a cached neff at /home/ubuntu/neuron_cache_e2e/neuronxcc-2.23.6484.0+3b612583/MODULE_8628471563315418426+e30acd3a/model.neff
/home/ubuntu/train_gpt10b_tp_families.py:466: DeprecationWarning: Use torch_xla.sync instead
  xm.mark_step()
/home/ubuntu/train_gpt10b_tp_families.py:466: DeprecationWarning: Use torch_xla.sync instead
  xm.mark_step()
/home/ubuntu/train_gpt10b_tp_families.py:466: DeprecationWarning: Use torch_xla.sync instead
  xm.mark_step()
2026-09-09 08:58:26.000803:  89816  [INFO]: Using a cached neff at /home/ubuntu/neuron_cache_e2e/neuronxcc-2.23.6484.0+3b612583/MODULE_8628471563315418426+e30acd3a/model.neff
2026-09-09 08:58:26.000804:  89810  [INFO]: Using a cached neff at /home/ubuntu/neuron_cache_e2e/neuronxcc-2.23.6484.0+3b612583/MODULE_8628471563315418426+e30acd3a/model.neff
2026-09-09 08:58:26.000805:  89803  [INFO]: Using a cached neff at /home/ubuntu/neuron_cache_e2e/neuronxcc-2.23.6484.0+3b612583/MODULE_8628471563315418426+e30acd3a/model.neff
/home/ubuntu/train_gpt10b_tp_families.py:466: DeprecationWarning: Use torch_xla.sync instead
  xm.mark_step()
2026-09-09 08:58:26.000806:  89819  [INFO]: Using a cached neff at /home/ubuntu/neuron_cache_e2e/neuronxcc-2.23.6484.0+3b612583/MODULE_8628471563315418426+e30acd3a/model.neff
2026-09-09 08:58:26.000808:  89827  [INFO]: Using a cached neff at /home/ubuntu/neuron_cache_e2e/neuronxcc-2.23.6484.0+3b612583/MODULE_8628471563315418426+e30acd3a/model.neff
/home/ubuntu/train_gpt10b_tp_families.py:466: DeprecationWarning: Use torch_xla.sync instead
  xm.mark_step()
2026-09-09 08:58:26.000810:  89809  [INFO]: Using a cached neff at /home/ubuntu/neuron_cache_e2e/neuronxcc-2.23.6484.0+3b612583/MODULE_8628471563315418426+e30acd3a/model.neff
/home/ubuntu/train_gpt10b_tp_families.py:466: DeprecationWarning: Use torch_xla.sync instead
  xm.mark_step()
2026-09-09 08:58:26.000810:  89829  [INFO]: Using a cached neff at /home/ubuntu/neuron_cache_e2e/neuronxcc-2.23.6484.0+3b612583/MODULE_8628471563315418426+e30acd3a/model.neff
2026-09-09 08:58:26.000812:  89832  [INFO]: Using a cached neff at /home/ubuntu/neuron_cache_e2e/neuronxcc-2.23.6484.0+3b612583/MODULE_8628471563315418426+e30acd3a/model.neff
/home/ubuntu/train_gpt10b_tp_families.py:466: DeprecationWarning: Use torch_xla.sync instead
  xm.mark_step()
2026-09-09 08:58:26.000814:  89820  [INFO]: Using a cached neff at /home/ubuntu/neuron_cache_e2e/neuronxcc-2.23.6484.0+3b612583/MODULE_8628471563315418426+e30acd3a/model.neff
2026-09-09 08:58:26.000815:  89806  [INFO]: Using a cached neff at /home/ubuntu/neuron_cache_e2e/neuronxcc-2.23.6484.0+3b612583/MODULE_8628471563315418426+e30acd3a/model.neff
/home/ubuntu/train_gpt10b_tp_families.py:466: DeprecationWarning: Use torch_xla.sync instead
  xm.mark_step()
2026-09-09 08:58:26.000817:  89831  [INFO]: Using a cached neff at /home/ubuntu/neuron_cache_e2e/neuronxcc-2.23.6484.0+3b612583/MODULE_8628471563315418426+e30acd3a/model.neff
/home/ubuntu/train_gpt10b_tp_families.py:466: DeprecationWarning: Use torch_xla.sync instead
  xm.mark_step()
2026-09-09 08:58:26.000818:  89801  [INFO]: Using a cached neff at /home/ubuntu/neuron_cache_e2e/neuronxcc-2.23.6484.0+3b612583/MODULE_8628471563315418426+e30acd3a/model.neff
/home/ubuntu/train_gpt10b_tp_families.py:466: DeprecationWarning: Use torch_xla.sync instead
  xm.mark_step()
/home/ubuntu/train_gpt10b_tp_families.py:466: DeprecationWarning: Use torch_xla.sync instead
  xm.mark_step()
2026-09-09 08:58:26.000820:  89811  [INFO]: Using a cached neff at /home/ubuntu/neuron_cache_e2e/neuronxcc-2.23.6484.0+3b612583/MODULE_8628471563315418426+e30acd3a/model.neff
/home/ubuntu/train_gpt10b_tp_families.py:466: DeprecationWarning: Use torch_xla.sync instead
  xm.mark_step()
/home/ubuntu/train_gpt10b_tp_families.py:466: DeprecationWarning: Use torch_xla.sync instead
  xm.mark_step()
/home/ubuntu/train_gpt10b_tp_families.py:466: DeprecationWarning: Use torch_xla.sync instead
  xm.mark_step()
/home/ubuntu/train_gpt10b_tp_families.py:466: DeprecationWarning: Use torch_xla.sync instead
  xm.mark_step()
/home/ubuntu/train_gpt10b_tp_families.py:466: DeprecationWarning: Use torch_xla.sync instead
  xm.mark_step()
/home/ubuntu/train_gpt10b_tp_families.py:466: DeprecationWarning: Use torch_xla.sync instead
  xm.mark_step()
/home/ubuntu/train_gpt10b_tp_families.py:466: DeprecationWarning: Use torch_xla.sync instead
  xm.mark_step()
/home/ubuntu/train_gpt10b_tp_families.py:466: DeprecationWarning: Use torch_xla.sync instead
  xm.mark_step()
/home/ubuntu/train_gpt10b_tp_families.py:466: DeprecationWarning: Use torch_xla.sync instead
  xm.mark_step()
/home/ubuntu/train_gpt10b_tp_families.py:466: DeprecationWarning: Use torch_xla.sync instead
  xm.mark_step()
/home/ubuntu/train_gpt10b_tp_families.py:466: DeprecationWarning: Use torch_xla.sync instead
  xm.mark_step()
/home/ubuntu/train_gpt10b_tp_families.py:466: DeprecationWarning: Use torch_xla.sync instead
  xm.mark_step()
/home/ubuntu/train_gpt10b_tp_families.py:466: DeprecationWarning: Use torch_xla.sync instead
  xm.mark_step()
/home/ubuntu/train_gpt10b_tp_families.py:466: DeprecationWarning: Use torch_xla.sync instead
  xm.mark_step()
/home/ubuntu/train_gpt10b_tp_families.py:466: DeprecationWarning: Use torch_xla.sync instead
  xm.mark_step()

Compiler status PASS
2026-09-09 08:58:30.000188:  89823  [INFO]: Compilation Successfully Completed for model.MODULE_5081436077720620070+e30acd3a.hlo_module.pb
/home/ubuntu/train_gpt10b_tp_families.py:466: DeprecationWarning: Use torch_xla.sync instead
  xm.mark_step()
2026-09-09 08:58:31.000787:  89807  [INFO]: Using a cached neff at /home/ubuntu/neuron_cache_e2e/neuronxcc-2.23.6484.0+3b612583/MODULE_8628471563315418426+e30acd3a/model.neff
2026-09-09 08:58:31.000794:  89824  [INFO]: Using a cached neff at /home/ubuntu/neuron_cache_e2e/neuronxcc-2.23.6484.0+3b612583/MODULE_8628471563315418426+e30acd3a/model.neff
2026-09-09 08:58:31.000806:  89805  [INFO]: Using a cached neff at /home/ubuntu/neuron_cache_e2e/neuronxcc-2.23.6484.0+3b612583/MODULE_8628471563315418426+e30acd3a/model.neff
/home/ubuntu/train_gpt10b_tp_families.py:466: DeprecationWarning: Use torch_xla.sync instead
  xm.mark_step()
/home/ubuntu/train_gpt10b_tp_families.py:466: DeprecationWarning: Use torch_xla.sync instead
  xm.mark_step()
/home/ubuntu/train_gpt10b_tp_families.py:466: DeprecationWarning: Use torch_xla.sync instead
  xm.mark_step()
2026-09-09 08:58:31.000827:  89815  [INFO]: Using a cached neff at /home/ubuntu/neuron_cache_e2e/neuronxcc-2.23.6484.0+3b612583/MODULE_5081436077720620070+e30acd3a/model.neff
2026-09-09 08:58:31.000833:  89807  [INFO]: Using a cached neff at /home/ubuntu/neuron_cache_e2e/neuronxcc-2.23.6484.0+3b612583/MODULE_5081436077720620070+e30acd3a/model.neff
2026-09-09 08:58:31.000835:  89813  [INFO]: Using a cached neff at /home/ubuntu/neuron_cache_e2e/neuronxcc-2.23.6484.0+3b612583/MODULE_5081436077720620070+e30acd3a/model.neff
2026-09-09 08:58:31.000835:  89802  [INFO]: Using a cached neff at /home/ubuntu/neuron_cache_e2e/neuronxcc-2.23.6484.0+3b612583/MODULE_5081436077720620070+e30acd3a/model.neff
2026-09-09 08:58:31.000837:  89808  [INFO]: Using a cached neff at /home/ubuntu/neuron_cache_e2e/neuronxcc-2.23.6484.0+3b612583/MODULE_5081436077720620070+e30acd3a/model.neff
2026-09-09 08:58:31.000838:  89821  [INFO]: Using a cached neff at /home/ubuntu/neuron_cache_e2e/neuronxcc-2.23.6484.0+3b612583/MODULE_5081436077720620070+e30acd3a/model.neff
2026-09-09 08:58:31.000840:  89814  [INFO]: Using a cached neff at /home/ubuntu/neuron_cache_e2e/neuronxcc-2.23.6484.0+3b612583/MODULE_5081436077720620070+e30acd3a/model.neff
2026-09-09 08:58:31.000842:  89824  [INFO]: Using a cached neff at /home/ubuntu/neuron_cache_e2e/neuronxcc-2.23.6484.0+3b612583/MODULE_5081436077720620070+e30acd3a/model.neff
2026-09-09 08:58:31.000844:  89818  [INFO]: Using a cached neff at /home/ubuntu/neuron_cache_e2e/neuronxcc-2.23.6484.0+3b612583/MODULE_5081436077720620070+e30acd3a/model.neff
2026-09-09 08:58:31.000845:  89830  [INFO]: Using a cached neff at /home/ubuntu/neuron_cache_e2e/neuronxcc-2.23.6484.0+3b612583/MODULE_5081436077720620070+e30acd3a/model.neff
2026-09-09 08:58:31.000851:  89805  [INFO]: Using a cached neff at /home/ubuntu/neuron_cache_e2e/neuronxcc-2.23.6484.0+3b612583/MODULE_5081436077720620070+e30acd3a/model.neff
2026-09-09 08:58:31.000852:  89812  [INFO]: Using a cached neff at /home/ubuntu/neuron_cache_e2e/neuronxcc-2.23.6484.0+3b612583/MODULE_5081436077720620070+e30acd3a/model.neff
2026-09-09 08:58:31.000854:  89828  [INFO]: Using a cached neff at /home/ubuntu/neuron_cache_e2e/neuronxcc-2.23.6484.0+3b612583/MODULE_5081436077720620070+e30acd3a/model.neff
2026-09-09 08:58:31.000856:  89817  [INFO]: Using a cached neff at /home/ubuntu/neuron_cache_e2e/neuronxcc-2.23.6484.0+3b612583/MODULE_5081436077720620070+e30acd3a/model.neff
2026-09-09 08:58:31.000857:  89804  [INFO]: Using a cached neff at /home/ubuntu/neuron_cache_e2e/neuronxcc-2.23.6484.0+3b612583/MODULE_5081436077720620070+e30acd3a/model.neff
2026-09-09 08:58:31.000857:  89822  [INFO]: Using a cached neff at /home/ubuntu/neuron_cache_e2e/neuronxcc-2.23.6484.0+3b612583/MODULE_5081436077720620070+e30acd3a/model.neff
2026-09-09 08:58:31.000858:  89825  [INFO]: Using a cached neff at /home/ubuntu/neuron_cache_e2e/neuronxcc-2.23.6484.0+3b612583/MODULE_5081436077720620070+e30acd3a/model.neff
2026-09-09 08:58:31.000860:  89810  [INFO]: Using a cached neff at /home/ubuntu/neuron_cache_e2e/neuronxcc-2.23.6484.0+3b612583/MODULE_5081436077720620070+e30acd3a/model.neff
2026-09-09 08:58:31.000861:  89816  [INFO]: Using a cached neff at /home/ubuntu/neuron_cache_e2e/neuronxcc-2.23.6484.0+3b612583/MODULE_5081436077720620070+e30acd3a/model.neff
2026-09-09 08:58:31.000861:  89819  [INFO]: Using a cached neff at /home/ubuntu/neuron_cache_e2e/neuronxcc-2.23.6484.0+3b612583/MODULE_5081436077720620070+e30acd3a/model.neff
2026-09-09 08:58:31.000863:  89809  [INFO]: Using a cached neff at /home/ubuntu/neuron_cache_e2e/neuronxcc-2.23.6484.0+3b612583/MODULE_5081436077720620070+e30acd3a/model.neff
2026-09-09 08:58:31.000865:  89829  [INFO]: Using a cached neff at /home/ubuntu/neuron_cache_e2e/neuronxcc-2.23.6484.0+3b612583/MODULE_5081436077720620070+e30acd3a/model.neff
2026-09-09 08:58:31.000869:  89820  [INFO]: Using a cached neff at /home/ubuntu/neuron_cache_e2e/neuronxcc-2.23.6484.0+3b612583/MODULE_5081436077720620070+e30acd3a/model.neff
2026-09-09 08:58:31.000871:  89831  [INFO]: Using a cached neff at /home/ubuntu/neuron_cache_e2e/neuronxcc-2.23.6484.0+3b612583/MODULE_5081436077720620070+e30acd3a/model.neff
2026-09-09 08:58:31.000873:  89806  [INFO]: Using a cached neff at /home/ubuntu/neuron_cache_e2e/neuronxcc-2.23.6484.0+3b612583/MODULE_5081436077720620070+e30acd3a/model.neff
2026-09-09 08:58:31.000876:  89832  [INFO]: Using a cached neff at /home/ubuntu/neuron_cache_e2e/neuronxcc-2.23.6484.0+3b612583/MODULE_5081436077720620070+e30acd3a/model.neff
2026-09-09 08:58:31.000876:  89811  [INFO]: Using a cached neff at /home/ubuntu/neuron_cache_e2e/neuronxcc-2.23.6484.0+3b612583/MODULE_5081436077720620070+e30acd3a/model.neff
2026-09-09 08:58:31.000882:  89801  [INFO]: Using a cached neff at /home/ubuntu/neuron_cache_e2e/neuronxcc-2.23.6484.0+3b612583/MODULE_5081436077720620070+e30acd3a/model.neff
2026-09-09 08:58:36.000859:  89826  [INFO]: Using a cached neff at /home/ubuntu/neuron_cache_e2e/neuronxcc-2.23.6484.0+3b612583/MODULE_5081436077720620070+e30acd3a/model.neff
2026-09-09 08:58:36.000867:  89827  [INFO]: Using a cached neff at /home/ubuntu/neuron_cache_e2e/neuronxcc-2.23.6484.0+3b612583/MODULE_5081436077720620070+e30acd3a/model.neff
2026-09-09 08:58:41.000873:  89803  [INFO]: Using a cached neff at /home/ubuntu/neuron_cache_e2e/neuronxcc-2.23.6484.0+3b612583/MODULE_5081436077720620070+e30acd3a/model.neff
/home/ubuntu/train_gpt10b_tp_families.py:470: DeprecationWarning: Use torch_xla.sync instead
  xm.mark_step()
/home/ubuntu/train_gpt10b_tp_families.py:470: DeprecationWarning: Use torch_xla.sync instead
  xm.mark_step()
/home/ubuntu/train_gpt10b_tp_families.py:470: DeprecationWarning: Use torch_xla.sync instead
  xm.mark_step()
/home/ubuntu/train_gpt10b_tp_families.py:470: DeprecationWarning: Use torch_xla.sync instead
  xm.mark_step()
/home/ubuntu/train_gpt10b_tp_families.py:470: DeprecationWarning: Use torch_xla.sync instead
  xm.mark_step()
/home/ubuntu/train_gpt10b_tp_families.py:470: DeprecationWarning: Use torch_xla.sync instead
  xm.mark_step()
/home/ubuntu/train_gpt10b_tp_families.py:470: DeprecationWarning: Use torch_xla.sync instead
  xm.mark_step()
/home/ubuntu/train_gpt10b_tp_families.py:470: DeprecationWarning: Use torch_xla.sync instead
  xm.mark_step()
/home/ubuntu/train_gpt10b_tp_families.py:470: DeprecationWarning: Use torch_xla.sync instead
  xm.mark_step()
/home/ubuntu/train_gpt10b_tp_families.py:470: DeprecationWarning: Use torch_xla.sync instead
  xm.mark_step()
/home/ubuntu/train_gpt10b_tp_families.py:470: DeprecationWarning: Use torch_xla.sync instead
  xm.mark_step()
/home/ubuntu/train_gpt10b_tp_families.py:470: DeprecationWarning: Use torch_xla.sync instead
  xm.mark_step()
/home/ubuntu/train_gpt10b_tp_families.py:470: DeprecationWarning: Use torch_xla.sync instead
  xm.mark_step()
/home/ubuntu/train_gpt10b_tp_families.py:470: DeprecationWarning: Use torch_xla.sync instead
  xm.mark_step()
/home/ubuntu/train_gpt10b_tp_families.py:470: DeprecationWarning: Use torch_xla.sync instead
  xm.mark_step()
/home/ubuntu/train_gpt10b_tp_families.py:470: DeprecationWarning: Use torch_xla.sync instead
  xm.mark_step()
/home/ubuntu/train_gpt10b_tp_families.py:470: DeprecationWarning: Use torch_xla.sync instead
  xm.mark_step()
/home/ubuntu/train_gpt10b_tp_families.py:470: DeprecationWarning: Use torch_xla.sync instead
  xm.mark_step()
/home/ubuntu/train_gpt10b_tp_families.py:470: DeprecationWarning: Use torch_xla.sync instead
  xm.mark_step()
/home/ubuntu/train_gpt10b_tp_families.py:470: DeprecationWarning: Use torch_xla.sync instead
  xm.mark_step()
/home/ubuntu/train_gpt10b_tp_families.py:470: DeprecationWarning: Use torch_xla.sync instead
  xm.mark_step()
/home/ubuntu/train_gpt10b_tp_families.py:470: DeprecationWarning: Use torch_xla.sync instead
  xm.mark_step()
/home/ubuntu/train_gpt10b_tp_families.py:470: DeprecationWarning: Use torch_xla.sync instead
  xm.mark_step()
/home/ubuntu/train_gpt10b_tp_families.py:470: DeprecationWarning: Use torch_xla.sync instead
  xm.mark_step()
/home/ubuntu/train_gpt10b_tp_families.py:470: DeprecationWarning: Use torch_xla.sync instead
  xm.mark_step()
/home/ubuntu/train_gpt10b_tp_families.py:470: DeprecationWarning: Use torch_xla.sync instead
  xm.mark_step()
/home/ubuntu/train_gpt10b_tp_families.py:470: DeprecationWarning: Use torch_xla.sync instead
  xm.mark_step()
/home/ubuntu/train_gpt10b_tp_families.py:470: DeprecationWarning: Use torch_xla.sync instead
  xm.mark_step()
/home/ubuntu/train_gpt10b_tp_families.py:470: DeprecationWarning: Use torch_xla.sync instead
  xm.mark_step()
/home/ubuntu/train_gpt10b_tp_families.py:470: DeprecationWarning: Use torch_xla.sync instead
  xm.mark_step()
/home/ubuntu/train_gpt10b_tp_families.py:470: DeprecationWarning: Use torch_xla.sync instead
  xm.mark_step()
/home/ubuntu/train_gpt10b_tp_families.py:470: DeprecationWarning: Use torch_xla.sync instead
  xm.mark_step()
.
Compiler status PASS
2026-09-09 08:58:43.000397:  89821  [INFO]: Compilation Successfully Completed for model.MODULE_3998928090034575772+e30acd3a.hlo_module.pb
/home/ubuntu/train_gpt10b_tp_families.py:482: DeprecationWarning: Use torch_xla.sync instead
  xm.mark_step()
2026-09-09 08:58:43.000416:  89821  [INFO]: Using a cached neff at /home/ubuntu/neuron_cache_e2e/neuronxcc-2.23.6484.0+3b612583/MODULE_323656846986923474+e30acd3a/model.neff
/home/ubuntu/train_gpt10b_tp_families.py:491: DeprecationWarning: Use torch_xla.sync instead
  xm.mark_step()
.2026-09-09 08:58:47.000132:  89812  [INFO]: Using a cached neff at /home/ubuntu/neuron_cache_e2e/neuronxcc-2.23.6484.0+3b612583/MODULE_3998928090034575772+e30acd3a/model.neff
2026-09-09 08:58:47.000132:  89803  [INFO]: Using a cached neff at /home/ubuntu/neuron_cache_e2e/neuronxcc-2.23.6484.0+3b612583/MODULE_3998928090034575772+e30acd3a/model.neff
2026-09-09 08:58:47.000133:  89817  [INFO]: Using a cached neff at /home/ubuntu/neuron_cache_e2e/neuronxcc-2.23.6484.0+3b612583/MODULE_3998928090034575772+e30acd3a/model.neff
2026-09-09 08:58:47.000133:  89826  [INFO]: Using a cached neff at /home/ubuntu/neuron_cache_e2e/neuronxcc-2.23.6484.0+3b612583/MODULE_3998928090034575772+e30acd3a/model.neff
2026-09-09 08:58:47.000135:  89816  [INFO]: Using a cached neff at /home/ubuntu/neuron_cache_e2e/neuronxcc-2.23.6484.0+3b612583/MODULE_3998928090034575772+e30acd3a/model.neff
2026-09-09 08:58:47.000136:  89814  [INFO]: Using a cached neff at /home/ubuntu/neuron_cache_e2e/neuronxcc-2.23.6484.0+3b612583/MODULE_3998928090034575772+e30acd3a/model.neff
2026-09-09 08:58:47.000138:  89813  [INFO]: Using a cached neff at /home/ubuntu/neuron_cache_e2e/neuronxcc-2.23.6484.0+3b612583/MODULE_3998928090034575772+e30acd3a/model.neff
2026-09-09 08:58:47.000138:  89818  [INFO]: Using a cached neff at /home/ubuntu/neuron_cache_e2e/neuronxcc-2.23.6484.0+3b612583/MODULE_3998928090034575772+e30acd3a/model.neff
2026-09-09 08:58:47.000139:  89802  [INFO]: Using a cached neff at /home/ubuntu/neuron_cache_e2e/neuronxcc-2.23.6484.0+3b612583/MODULE_3998928090034575772+e30acd3a/model.neff
2026-09-09 08:58:47.000141:  89825  [INFO]: Using a cached neff at /home/ubuntu/neuron_cache_e2e/neuronxcc-2.23.6484.0+3b612583/MODULE_3998928090034575772+e30acd3a/model.neff
/home/ubuntu/train_gpt10b_tp_families.py:482: DeprecationWarning: Use torch_xla.sync instead
  xm.mark_step()
2026-09-09 08:58:47.000143:  89829  [INFO]: Using a cached neff at /home/ubuntu/neuron_cache_e2e/neuronxcc-2.23.6484.0+3b612583/MODULE_3998928090034575772+e30acd3a/model.neff
/home/ubuntu/train_gpt10b_tp_families.py:482: DeprecationWarning: Use torch_xla.sync instead
  xm.mark_step()
/home/ubuntu/train_gpt10b_tp_families.py:482: DeprecationWarning: Use torch_xla.sync instead
  xm.mark_step()
/home/ubuntu/train_gpt10b_tp_families.py:482: DeprecationWarning: Use torch_xla.sync instead
  xm.mark_step()
2026-09-09 08:58:47.000145:  89824  [INFO]: Using a cached neff at /home/ubuntu/neuron_cache_e2e/neuronxcc-2.23.6484.0+3b612583/MODULE_3998928090034575772+e30acd3a/model.neff
2026-09-09 08:58:47.000145:  89827  [INFO]: Using a cached neff at /home/ubuntu/neuron_cache_e2e/neuronxcc-2.23.6484.0+3b612583/MODULE_3998928090034575772+e30acd3a/model.neff
/home/ubuntu/train_gpt10b_tp_families.py:482: DeprecationWarning: Use torch_xla.sync instead
  xm.mark_step()
2026-09-09 08:58:47.000146:  89819  [INFO]: Using a cached neff at /home/ubuntu/neuron_cache_e2e/neuronxcc-2.23.6484.0+3b612583/MODULE_3998928090034575772+e30acd3a/model.neff
/home/ubuntu/train_gpt10b_tp_families.py:482: DeprecationWarning: Use torch_xla.sync instead
  xm.mark_step()
/home/ubuntu/train_gpt10b_tp_families.py:482: DeprecationWarning: Use torch_xla.sync instead
  xm.mark_step()
/home/ubuntu/train_gpt10b_tp_families.py:482: DeprecationWarning: Use torch_xla.sync instead
  xm.mark_step()
/home/ubuntu/train_gpt10b_tp_families.py:482: DeprecationWarning: Use torch_xla.sync instead
  xm.mark_step()
2026-09-09 08:58:47.000149:  89820  [INFO]: Using a cached neff at /home/ubuntu/neuron_cache_e2e/neuronxcc-2.23.6484.0+3b612583/MODULE_3998928090034575772+e30acd3a/model.neff
2026-09-09 08:58:47.000150:  89822  [INFO]: Using a cached neff at /home/ubuntu/neuron_cache_e2e/neuronxcc-2.23.6484.0+3b612583/MODULE_3998928090034575772+e30acd3a/model.neff
2026-09-09 08:58:47.000150:  89832  [INFO]: Using a cached neff at /home/ubuntu/neuron_cache_e2e/neuronxcc-2.23.6484.0+3b612583/MODULE_3998928090034575772+e30acd3a/model.neff
2026-09-09 08:58:47.000152:  89812  [INFO]: Using a cached neff at /home/ubuntu/neuron_cache_e2e/neuronxcc-2.23.6484.0+3b612583/MODULE_323656846986923474+e30acd3a/model.neff
/home/ubuntu/train_gpt10b_tp_families.py:482: DeprecationWarning: Use torch_xla.sync instead
  xm.mark_step()
2026-09-09 08:58:47.000152:  89804  [INFO]: Using a cached neff at /home/ubuntu/neuron_cache_e2e/neuronxcc-2.23.6484.0+3b612583/MODULE_3998928090034575772+e30acd3a/model.neff
2026-09-09 08:58:47.000154:  89826  [INFO]: Using a cached neff at /home/ubuntu/neuron_cache_e2e/neuronxcc-2.23.6484.0+3b612583/MODULE_323656846986923474+e30acd3a/model.neff
/home/ubuntu/train_gpt10b_tp_families.py:482: DeprecationWarning: Use torch_xla.sync instead
  xm.mark_step()
2026-09-09 08:58:47.000155:  89803  [INFO]: Using a cached neff at /home/ubuntu/neuron_cache_e2e/neuronxcc-2.23.6484.0+3b612583/MODULE_323656846986923474+e30acd3a/model.neff
2026-09-09 08:58:47.000156:  89817  [INFO]: Using a cached neff at /home/ubuntu/neuron_cache_e2e/neuronxcc-2.23.6484.0+3b612583/MODULE_323656846986923474+e30acd3a/model.neff
/home/ubuntu/train_gpt10b_tp_families.py:482: DeprecationWarning: Use torch_xla.sync instead
  xm.mark_step()
2026-09-09 08:58:47.000157:  89823  [INFO]: Using a cached neff at /home/ubuntu/neuron_cache_e2e/neuronxcc-2.23.6484.0+3b612583/MODULE_3998928090034575772+e30acd3a/model.neff
2026-09-09 08:58:47.000157:  89816  [INFO]: Using a cached neff at /home/ubuntu/neuron_cache_e2e/neuronxcc-2.23.6484.0+3b612583/MODULE_323656846986923474+e30acd3a/model.neff
/home/ubuntu/train_gpt10b_tp_families.py:482: DeprecationWarning: Use torch_xla.sync instead
  xm.mark_step()
/home/ubuntu/train_gpt10b_tp_families.py:482: DeprecationWarning: Use torch_xla.sync instead
  xm.mark_step()
2026-09-09 08:58:47.000159:  89814  [INFO]: Using a cached neff at /home/ubuntu/neuron_cache_e2e/neuronxcc-2.23.6484.0+3b612583/MODULE_323656846986923474+e30acd3a/model.neff
2026-09-09 08:58:47.000159:  89815  [INFO]: Using a cached neff at /home/ubuntu/neuron_cache_e2e/neuronxcc-2.23.6484.0+3b612583/MODULE_3998928090034575772+e30acd3a/model.neff
2026-09-09 08:58:47.000160:  89805  [INFO]: Using a cached neff at /home/ubuntu/neuron_cache_e2e/neuronxcc-2.23.6484.0+3b612583/MODULE_3998928090034575772+e30acd3a/model.neff
2026-09-09 08:58:47.000160:  89828  [INFO]: Using a cached neff at /home/ubuntu/neuron_cache_e2e/neuronxcc-2.23.6484.0+3b612583/MODULE_3998928090034575772+e30acd3a/model.neff
2026-09-09 08:58:47.000161:  89810  [INFO]: Using a cached neff at /home/ubuntu/neuron_cache_e2e/neuronxcc-2.23.6484.0+3b612583/MODULE_3998928090034575772+e30acd3a/model.neff
/home/ubuntu/train_gpt10b_tp_families.py:482: DeprecationWarning: Use torch_xla.sync instead
  xm.mark_step()
2026-09-09 08:58:47.000161:  89813  [INFO]: Using a cached neff at /home/ubuntu/neuron_cache_e2e/neuronxcc-2.23.6484.0+3b612583/MODULE_323656846986923474+e30acd3a/model.neff
2026-09-09 08:58:47.000161:  89807  [INFO]: Using a cached neff at /home/ubuntu/neuron_cache_e2e/neuronxcc-2.23.6484.0+3b612583/MODULE_3998928090034575772+e30acd3a/model.neff
/home/ubuntu/train_gpt10b_tp_families.py:482: DeprecationWarning: Use torch_xla.sync instead
  xm.mark_step()
2026-09-09 08:58:47.000163:  89818  [INFO]: Using a cached neff at /home/ubuntu/neuron_cache_e2e/neuronxcc-2.23.6484.0+3b612583/MODULE_323656846986923474+e30acd3a/model.neff
2026-09-09 08:58:47.000163:  89802  [INFO]: Using a cached neff at /home/ubuntu/neuron_cache_e2e/neuronxcc-2.23.6484.0+3b612583/MODULE_323656846986923474+e30acd3a/model.neff
2026-09-09 08:58:47.000163:  89801  [INFO]: Using a cached neff at /home/ubuntu/neuron_cache_e2e/neuronxcc-2.23.6484.0+3b612583/MODULE_3998928090034575772+e30acd3a/model.neff
2026-09-09 08:58:47.000163:  89831  [INFO]: Using a cached neff at /home/ubuntu/neuron_cache_e2e/neuronxcc-2.23.6484.0+3b612583/MODULE_3998928090034575772+e30acd3a/model.neff
2026-09-09 08:58:47.000163:  89809  [INFO]: Using a cached neff at /home/ubuntu/neuron_cache_e2e/neuronxcc-2.23.6484.0+3b612583/MODULE_3998928090034575772+e30acd3a/model.neff
2026-09-09 08:58:47.000164:  89825  [INFO]: Using a cached neff at /home/ubuntu/neuron_cache_e2e/neuronxcc-2.23.6484.0+3b612583/MODULE_323656846986923474+e30acd3a/model.neff
/home/ubuntu/train_gpt10b_tp_families.py:482: DeprecationWarning: Use torch_xla.sync instead
  xm.mark_step()
/home/ubuntu/train_gpt10b_tp_families.py:482: DeprecationWarning: Use torch_xla.sync instead
  xm.mark_step()
2026-09-09 08:58:47.000165:  89829  [INFO]: Using a cached neff at /home/ubuntu/neuron_cache_e2e/neuronxcc-2.23.6484.0+3b612583/MODULE_323656846986923474+e30acd3a/model.neff
2026-09-09 08:58:47.000166:  89824  [INFO]: Using a cached neff at /home/ubuntu/neuron_cache_e2e/neuronxcc-2.23.6484.0+3b612583/MODULE_323656846986923474+e30acd3a/model.neff
/home/ubuntu/train_gpt10b_tp_families.py:482: DeprecationWarning: Use torch_xla.sync instead
  xm.mark_step()
2026-09-09 08:58:47.000169:  89819  [INFO]: Using a cached neff at /home/ubuntu/neuron_cache_e2e/neuronxcc-2.23.6484.0+3b612583/MODULE_323656846986923474+e30acd3a/model.neff
2026-09-09 08:58:47.000169:  89827  [INFO]: Using a cached neff at /home/ubuntu/neuron_cache_e2e/neuronxcc-2.23.6484.0+3b612583/MODULE_323656846986923474+e30acd3a/model.neff
2026-09-09 08:58:47.000169:  89820  [INFO]: Using a cached neff at /home/ubuntu/neuron_cache_e2e/neuronxcc-2.23.6484.0+3b612583/MODULE_323656846986923474+e30acd3a/model.neff
/home/ubuntu/train_gpt10b_tp_families.py:482: DeprecationWarning: Use torch_xla.sync instead
  xm.mark_step()
/home/ubuntu/train_gpt10b_tp_families.py:482: DeprecationWarning: Use torch_xla.sync instead
  xm.mark_step()
2026-09-09 08:58:47.000171:  89822  [INFO]: Using a cached neff at /home/ubuntu/neuron_cache_e2e/neuronxcc-2.23.6484.0+3b612583/MODULE_323656846986923474+e30acd3a/model.neff
/home/ubuntu/train_gpt10b_tp_families.py:482: DeprecationWarning: Use torch_xla.sync instead
  xm.mark_step()
/home/ubuntu/train_gpt10b_tp_families.py:482: DeprecationWarning: Use torch_xla.sync instead
  xm.mark_step()
/home/ubuntu/train_gpt10b_tp_families.py:482: DeprecationWarning: Use torch_xla.sync instead
  xm.mark_step()
2026-09-09 08:58:47.000173:  89804  [INFO]: Using a cached neff at /home/ubuntu/neuron_cache_e2e/neuronxcc-2.23.6484.0+3b612583/MODULE_323656846986923474+e30acd3a/model.neff
/home/ubuntu/train_gpt10b_tp_families.py:482: DeprecationWarning: Use torch_xla.sync instead
  xm.mark_step()
/home/ubuntu/train_gpt10b_tp_families.py:482: DeprecationWarning: Use torch_xla.sync instead
  xm.mark_step()
2026-09-09 08:58:47.000176:  89832  [INFO]: Using a cached neff at /home/ubuntu/neuron_cache_e2e/neuronxcc-2.23.6484.0+3b612583/MODULE_323656846986923474+e30acd3a/model.neff
/home/ubuntu/train_gpt10b_tp_families.py:482: DeprecationWarning: Use torch_xla.sync instead
  xm.mark_step()
2026-09-09 08:58:47.000178:  89823  [INFO]: Using a cached neff at /home/ubuntu/neuron_cache_e2e/neuronxcc-2.23.6484.0+3b612583/MODULE_323656846986923474+e30acd3a/model.neff
2026-09-09 08:58:47.000179:  89815  [INFO]: Using a cached neff at /home/ubuntu/neuron_cache_e2e/neuronxcc-2.23.6484.0+3b612583/MODULE_323656846986923474+e30acd3a/model.neff
2026-09-09 08:58:47.000181:  89810  [INFO]: Using a cached neff at /home/ubuntu/neuron_cache_e2e/neuronxcc-2.23.6484.0+3b612583/MODULE_323656846986923474+e30acd3a/model.neff
2026-09-09 08:58:47.000181:  89828  [INFO]: Using a cached neff at /home/ubuntu/neuron_cache_e2e/neuronxcc-2.23.6484.0+3b612583/MODULE_323656846986923474+e30acd3a/model.neff
2026-09-09 08:58:47.000181:  89805  [INFO]: Using a cached neff at /home/ubuntu/neuron_cache_e2e/neuronxcc-2.23.6484.0+3b612583/MODULE_323656846986923474+e30acd3a/model.neff
2026-09-09 08:58:47.000183:  89807  [INFO]: Using a cached neff at /home/ubuntu/neuron_cache_e2e/neuronxcc-2.23.6484.0+3b612583/MODULE_323656846986923474+e30acd3a/model.neff
2026-09-09 08:58:47.000186:  89809  [INFO]: Using a cached neff at /home/ubuntu/neuron_cache_e2e/neuronxcc-2.23.6484.0+3b612583/MODULE_323656846986923474+e30acd3a/model.neff
2026-09-09 08:58:47.000186:  89801  [INFO]: Using a cached neff at /home/ubuntu/neuron_cache_e2e/neuronxcc-2.23.6484.0+3b612583/MODULE_323656846986923474+e30acd3a/model.neff
2026-09-09 08:58:47.000187:  89831  [INFO]: Using a cached neff at /home/ubuntu/neuron_cache_e2e/neuronxcc-2.23.6484.0+3b612583/MODULE_323656846986923474+e30acd3a/model.neff
/home/ubuntu/train_gpt10b_tp_families.py:491: DeprecationWarning: Use torch_xla.sync instead
  xm.mark_step()
/home/ubuntu/train_gpt10b_tp_families.py:491: DeprecationWarning: Use torch_xla.sync instead
  xm.mark_step()
/home/ubuntu/train_gpt10b_tp_families.py:491: DeprecationWarning: Use torch_xla.sync instead
  xm.mark_step()
/home/ubuntu/train_gpt10b_tp_families.py:491: DeprecationWarning: Use torch_xla.sync instead
  xm.mark_step()
/home/ubuntu/train_gpt10b_tp_families.py:491: DeprecationWarning: Use torch_xla.sync instead
  xm.mark_step()
/home/ubuntu/train_gpt10b_tp_families.py:491: DeprecationWarning: Use torch_xla.sync instead
  xm.mark_step()
/home/ubuntu/train_gpt10b_tp_families.py:491: DeprecationWarning: Use torch_xla.sync instead
  xm.mark_step()
/home/ubuntu/train_gpt10b_tp_families.py:491: DeprecationWarning: Use torch_xla.sync instead
  xm.mark_step()
/home/ubuntu/train_gpt10b_tp_families.py:491: DeprecationWarning: Use torch_xla.sync instead
  xm.mark_step()
/home/ubuntu/train_gpt10b_tp_families.py:491: DeprecationWarning: Use torch_xla.sync instead
  xm.mark_step()
/home/ubuntu/train_gpt10b_tp_families.py:491: DeprecationWarning: Use torch_xla.sync instead
  xm.mark_step()
/home/ubuntu/train_gpt10b_tp_families.py:491: DeprecationWarning: Use torch_xla.sync instead
  xm.mark_step()
/home/ubuntu/train_gpt10b_tp_families.py:491: DeprecationWarning: Use torch_xla.sync instead
  xm.mark_step()
/home/ubuntu/train_gpt10b_tp_families.py:491: DeprecationWarning: Use torch_xla.sync instead
  xm.mark_step()
/home/ubuntu/train_gpt10b_tp_families.py:491: DeprecationWarning: Use torch_xla.sync instead
  xm.mark_step()
/home/ubuntu/train_gpt10b_tp_families.py:491: DeprecationWarning: Use torch_xla.sync instead
  xm.mark_step()
/home/ubuntu/train_gpt10b_tp_families.py:491: DeprecationWarning: Use torch_xla.sync instead
  xm.mark_step()
/home/ubuntu/train_gpt10b_tp_families.py:491: DeprecationWarning: Use torch_xla.sync instead
  xm.mark_step()
/home/ubuntu/train_gpt10b_tp_families.py:491: DeprecationWarning: Use torch_xla.sync instead
  xm.mark_step()
/home/ubuntu/train_gpt10b_tp_families.py:491: DeprecationWarning: Use torch_xla.sync instead
  xm.mark_step()
/home/ubuntu/train_gpt10b_tp_families.py:491: DeprecationWarning: Use torch_xla.sync instead
  xm.mark_step()
/home/ubuntu/train_gpt10b_tp_families.py:491: DeprecationWarning: Use torch_xla.sync instead
  xm.mark_step()
/home/ubuntu/train_gpt10b_tp_families.py:491: DeprecationWarning: Use torch_xla.sync instead
  xm.mark_step()
/home/ubuntu/train_gpt10b_tp_families.py:491: DeprecationWarning: Use torch_xla.sync instead
  xm.mark_step()
/home/ubuntu/train_gpt10b_tp_families.py:491: DeprecationWarning: Use torch_xla.sync instead
  xm.mark_step()
/home/ubuntu/train_gpt10b_tp_families.py:491: DeprecationWarning: Use torch_xla.sync instead
  xm.mark_step()
/home/ubuntu/train_gpt10b_tp_families.py:491: DeprecationWarning: Use torch_xla.sync instead
  xm.mark_step()
2026-09-09 08:58:52.000139:  89830  [INFO]: Using a cached neff at /home/ubuntu/neuron_cache_e2e/neuronxcc-2.23.6484.0+3b612583/MODULE_3998928090034575772+e30acd3a/model.neff
2026-09-09 08:58:52.000145:  89808  [INFO]: Using a cached neff at /home/ubuntu/neuron_cache_e2e/neuronxcc-2.23.6484.0+3b612583/MODULE_3998928090034575772+e30acd3a/model.neff
/home/ubuntu/train_gpt10b_tp_families.py:482: DeprecationWarning: Use torch_xla.sync instead
  xm.mark_step()
2026-09-09 08:58:52.000158:  89830  [INFO]: Using a cached neff at /home/ubuntu/neuron_cache_e2e/neuronxcc-2.23.6484.0+3b612583/MODULE_323656846986923474+e30acd3a/model.neff
2026-09-09 08:58:52.000159:  89806  [INFO]: Using a cached neff at /home/ubuntu/neuron_cache_e2e/neuronxcc-2.23.6484.0+3b612583/MODULE_3998928090034575772+e30acd3a/model.neff
/home/ubuntu/train_gpt10b_tp_families.py:482: DeprecationWarning: Use torch_xla.sync instead
  xm.mark_step()
2026-09-09 08:58:52.000164:  89811  [INFO]: Using a cached neff at /home/ubuntu/neuron_cache_e2e/neuronxcc-2.23.6484.0+3b612583/MODULE_3998928090034575772+e30acd3a/model.neff
/home/ubuntu/train_gpt10b_tp_families.py:482: DeprecationWarning: Use torch_xla.sync instead
  xm.mark_step()
2026-09-09 08:58:52.000169:  89808  [INFO]: Using a cached neff at /home/ubuntu/neuron_cache_e2e/neuronxcc-2.23.6484.0+3b612583/MODULE_323656846986923474+e30acd3a/model.neff
/home/ubuntu/train_gpt10b_tp_families.py:482: DeprecationWarning: Use torch_xla.sync instead
  xm.mark_step()
2026-09-09 08:58:52.000178:  89806  [INFO]: Using a cached neff at /home/ubuntu/neuron_cache_e2e/neuronxcc-2.23.6484.0+3b612583/MODULE_323656846986923474+e30acd3a/model.neff
2026-09-09 08:58:52.000182:  89811  [INFO]: Using a cached neff at /home/ubuntu/neuron_cache_e2e/neuronxcc-2.23.6484.0+3b612583/MODULE_323656846986923474+e30acd3a/model.neff
/home/ubuntu/train_gpt10b_tp_families.py:491: DeprecationWarning: Use torch_xla.sync instead
  xm.mark_step()
/home/ubuntu/train_gpt10b_tp_families.py:491: DeprecationWarning: Use torch_xla.sync instead
  xm.mark_step()
/home/ubuntu/train_gpt10b_tp_families.py:491: DeprecationWarning: Use torch_xla.sync instead
  xm.mark_step()
/home/ubuntu/train_gpt10b_tp_families.py:491: DeprecationWarning: Use torch_xla.sync instead
  xm.mark_step()

Compiler status PASS
2026-09-09 08:59:04.000061:  89821  [INFO]: Compilation Successfully Completed for model.MODULE_15960904845896928137+e30acd3a.hlo_module.pb
/home/ubuntu/train_gpt10b_tp_families.py:497: DeprecationWarning: Use torch_xla.sync instead
  xm.mark_step()
/home/ubuntu/train_gpt10b_tp_families.py:447: DeprecationWarning: Use torch_xla.sync instead
  xm.mark_step()
.
Compiler status PASS
2026-09-09 08:59:05.000548:  89821  [INFO]: Compilation Successfully Completed for model.MODULE_11746872319423899861+e30acd3a.hlo_module.pb
/home/ubuntu/train_gpt10b_tp_families.py:454: DeprecationWarning: Use torch_xla.sync instead
  xm.mark_step()
2026-09-09 08:59:07.000497:  89830  [INFO]: Using a cached neff at /home/ubuntu/neuron_cache_e2e/neuronxcc-2.23.6484.0+3b612583/MODULE_15960904845896928137+e30acd3a/model.neff
2026-09-09 08:59:07.000505:  89808  [INFO]: Using a cached neff at /home/ubuntu/neuron_cache_e2e/neuronxcc-2.23.6484.0+3b612583/MODULE_15960904845896928137+e30acd3a/model.neff
2026-09-09 08:59:07.000516:  89811  [INFO]: Using a cached neff at /home/ubuntu/neuron_cache_e2e/neuronxcc-2.23.6484.0+3b612583/MODULE_15960904845896928137+e30acd3a/model.neff
2026-09-09 08:59:07.000521:  89806  [INFO]: Using a cached neff at /home/ubuntu/neuron_cache_e2e/neuronxcc-2.23.6484.0+3b612583/MODULE_15960904845896928137+e30acd3a/model.neff
2026-09-09 08:59:07.000543:  89818  [INFO]: Using a cached neff at /home/ubuntu/neuron_cache_e2e/neuronxcc-2.23.6484.0+3b612583/MODULE_15960904845896928137+e30acd3a/model.neff
2026-09-09 08:59:07.000550:  89814  [INFO]: Using a cached neff at /home/ubuntu/neuron_cache_e2e/neuronxcc-2.23.6484.0+3b612583/MODULE_15960904845896928137+e30acd3a/model.neff
2026-09-09 08:59:07.000550:  89813  [INFO]: Using a cached neff at /home/ubuntu/neuron_cache_e2e/neuronxcc-2.23.6484.0+3b612583/MODULE_15960904845896928137+e30acd3a/model.neff
2026-09-09 08:59:07.000561:  89804  [INFO]: Using a cached neff at /home/ubuntu/neuron_cache_e2e/neuronxcc-2.23.6484.0+3b612583/MODULE_15960904845896928137+e30acd3a/model.neff
2026-09-09 08:59:07.000562:  89823  [INFO]: Using a cached neff at /home/ubuntu/neuron_cache_e2e/neuronxcc-2.23.6484.0+3b612583/MODULE_15960904845896928137+e30acd3a/model.neff
2026-09-09 08:59:07.000564:  89829  [INFO]: Using a cached neff at /home/ubuntu/neuron_cache_e2e/neuronxcc-2.23.6484.0+3b612583/MODULE_15960904845896928137+e30acd3a/model.neff
2026-09-09 08:59:07.000564:  89802  [INFO]: Using a cached neff at /home/ubuntu/neuron_cache_e2e/neuronxcc-2.23.6484.0+3b612583/MODULE_15960904845896928137+e30acd3a/model.neff
2026-09-09 08:59:07.000571:  89825  [INFO]: Using a cached neff at /home/ubuntu/neuron_cache_e2e/neuronxcc-2.23.6484.0+3b612583/MODULE_15960904845896928137+e30acd3a/model.neff
2026-09-09 08:59:07.000572:  89816  [INFO]: Using a cached neff at /home/ubuntu/neuron_cache_e2e/neuronxcc-2.23.6484.0+3b612583/MODULE_15960904845896928137+e30acd3a/model.neff
2026-09-09 08:59:07.000576:  89817  [INFO]: Using a cached neff at /home/ubuntu/neuron_cache_e2e/neuronxcc-2.23.6484.0+3b612583/MODULE_15960904845896928137+e30acd3a/model.neff
2026-09-09 08:59:07.000581:  89828  [INFO]: Using a cached neff at /home/ubuntu/neuron_cache_e2e/neuronxcc-2.23.6484.0+3b612583/MODULE_15960904845896928137+e30acd3a/model.neff
2026-09-09 08:59:07.000593:  89822  [INFO]: Using a cached neff at /home/ubuntu/neuron_cache_e2e/neuronxcc-2.23.6484.0+3b612583/MODULE_15960904845896928137+e30acd3a/model.neff
2026-09-09 08:59:07.000595:  89815  [INFO]: Using a cached neff at /home/ubuntu/neuron_cache_e2e/neuronxcc-2.23.6484.0+3b612583/MODULE_15960904845896928137+e30acd3a/model.neff
2026-09-09 08:59:07.000597:  89824  [INFO]: Using a cached neff at /home/ubuntu/neuron_cache_e2e/neuronxcc-2.23.6484.0+3b612583/MODULE_15960904845896928137+e30acd3a/model.neff
2026-09-09 08:59:07.000599:  89820  [INFO]: Using a cached neff at /home/ubuntu/neuron_cache_e2e/neuronxcc-2.23.6484.0+3b612583/MODULE_15960904845896928137+e30acd3a/model.neff
2026-09-09 08:59:07.000602:  89819  [INFO]: Using a cached neff at /home/ubuntu/neuron_cache_e2e/neuronxcc-2.23.6484.0+3b612583/MODULE_15960904845896928137+e30acd3a/model.neff
2026-09-09 08:59:07.000605:  89810  [INFO]: Using a cached neff at /home/ubuntu/neuron_cache_e2e/neuronxcc-2.23.6484.0+3b612583/MODULE_15960904845896928137+e30acd3a/model.neff
2026-09-09 08:59:07.000606:  89809  [INFO]: Using a cached neff at /home/ubuntu/neuron_cache_e2e/neuronxcc-2.23.6484.0+3b612583/MODULE_15960904845896928137+e30acd3a/model.neff
2026-09-09 08:59:07.000607:  89831  [INFO]: Using a cached neff at /home/ubuntu/neuron_cache_e2e/neuronxcc-2.23.6484.0+3b612583/MODULE_15960904845896928137+e30acd3a/model.neff
2026-09-09 08:59:07.000614:  89805  [INFO]: Using a cached neff at /home/ubuntu/neuron_cache_e2e/neuronxcc-2.23.6484.0+3b612583/MODULE_15960904845896928137+e30acd3a/model.neff
2026-09-09 08:59:07.000616:  89832  [INFO]: Using a cached neff at /home/ubuntu/neuron_cache_e2e/neuronxcc-2.23.6484.0+3b612583/MODULE_15960904845896928137+e30acd3a/model.neff
2026-09-09 08:59:07.000620:  89812  [INFO]: Using a cached neff at /home/ubuntu/neuron_cache_e2e/neuronxcc-2.23.6484.0+3b612583/MODULE_15960904845896928137+e30acd3a/model.neff
2026-09-09 08:59:07.000621:  89803  [INFO]: Using a cached neff at /home/ubuntu/neuron_cache_e2e/neuronxcc-2.23.6484.0+3b612583/MODULE_15960904845896928137+e30acd3a/model.neff
2026-09-09 08:59:07.000633:  89827  [INFO]: Using a cached neff at /home/ubuntu/neuron_cache_e2e/neuronxcc-2.23.6484.0+3b612583/MODULE_15960904845896928137+e30acd3a/model.neff
2026-09-09 08:59:07.000636:  89807  [INFO]: Using a cached neff at /home/ubuntu/neuron_cache_e2e/neuronxcc-2.23.6484.0+3b612583/MODULE_15960904845896928137+e30acd3a/model.neff
2026-09-09 08:59:07.000638:  89801  [INFO]: Using a cached neff at /home/ubuntu/neuron_cache_e2e/neuronxcc-2.23.6484.0+3b612583/MODULE_15960904845896928137+e30acd3a/model.neff
/home/ubuntu/train_gpt10b_tp_families.py:497: DeprecationWarning: Use torch_xla.sync instead
  xm.mark_step()
2026-09-09 08:59:07.000756:  89830  [INFO]: Using a cached neff at /home/ubuntu/neuron_cache_e2e/neuronxcc-2.23.6484.0+3b612583/MODULE_11746872319423899861+e30acd3a/model.neff
/home/ubuntu/train_gpt10b_tp_families.py:497: DeprecationWarning: Use torch_xla.sync instead
  xm.mark_step()
/home/ubuntu/train_gpt10b_tp_families.py:497: DeprecationWarning: Use torch_xla.sync instead
  xm.mark_step()
2026-09-09 08:59:07.000781:  89806  [INFO]: Using a cached neff at /home/ubuntu/neuron_cache_e2e/neuronxcc-2.23.6484.0+3b612583/MODULE_11746872319423899861+e30acd3a/model.neff
2026-09-09 08:59:07.000793:  89808  [INFO]: Using a cached neff at /home/ubuntu/neuron_cache_e2e/neuronxcc-2.23.6484.0+3b612583/MODULE_11746872319423899861+e30acd3a/model.neff
/home/ubuntu/train_gpt10b_tp_families.py:497: DeprecationWarning: Use torch_xla.sync instead
  xm.mark_step()
/home/ubuntu/train_gpt10b_tp_families.py:497: DeprecationWarning: Use torch_xla.sync instead
  xm.mark_step()
/home/ubuntu/train_gpt10b_tp_families.py:497: DeprecationWarning: Use torch_xla.sync instead
  xm.mark_step()
2026-09-09 08:59:07.000808:  89813  [INFO]: Using a cached neff at /home/ubuntu/neuron_cache_e2e/neuronxcc-2.23.6484.0+3b612583/MODULE_11746872319423899861+e30acd3a/model.neff
2026-09-09 08:59:07.000816:  89811  [INFO]: Using a cached neff at /home/ubuntu/neuron_cache_e2e/neuronxcc-2.23.6484.0+3b612583/MODULE_11746872319423899861+e30acd3a/model.neff
2026-09-09 08:59:07.000818:  89818  [INFO]: Using a cached neff at /home/ubuntu/neuron_cache_e2e/neuronxcc-2.23.6484.0+3b612583/MODULE_11746872319423899861+e30acd3a/model.neff
/home/ubuntu/train_gpt10b_tp_families.py:497: DeprecationWarning: Use torch_xla.sync instead
  xm.mark_step()
/home/ubuntu/train_gpt10b_tp_families.py:497: DeprecationWarning: Use torch_xla.sync instead
  xm.mark_step()
2026-09-09 08:59:07.000829:  89804  [INFO]: Using a cached neff at /home/ubuntu/neuron_cache_e2e/neuronxcc-2.23.6484.0+3b612583/MODULE_11746872319423899861+e30acd3a/model.neff
/home/ubuntu/train_gpt10b_tp_families.py:497: DeprecationWarning: Use torch_xla.sync instead
  xm.mark_step()
/home/ubuntu/train_gpt10b_tp_families.py:497: DeprecationWarning: Use torch_xla.sync instead
  xm.mark_step()
2026-09-09 08:59:07.000838:  89829  [INFO]: Using a cached neff at /home/ubuntu/neuron_cache_e2e/neuronxcc-2.23.6484.0+3b612583/MODULE_11746872319423899861+e30acd3a/model.neff
/home/ubuntu/train_gpt10b_tp_families.py:447: DeprecationWarning: Use torch_xla.sync instead
  xm.mark_step()
/home/ubuntu/train_gpt10b_tp_families.py:497: DeprecationWarning: Use torch_xla.sync instead
  xm.mark_step()
2026-09-09 08:59:07.000847:  89814  [INFO]: Using a cached neff at /home/ubuntu/neuron_cache_e2e/neuronxcc-2.23.6484.0+3b612583/MODULE_11746872319423899861+e30acd3a/model.neff
2026-09-09 08:59:07.000849:  89817  [INFO]: Using a cached neff at /home/ubuntu/neuron_cache_e2e/neuronxcc-2.23.6484.0+3b612583/MODULE_11746872319423899861+e30acd3a/model.neff
2026-09-09 08:59:07.000851:  89802  [INFO]: Using a cached neff at /home/ubuntu/neuron_cache_e2e/neuronxcc-2.23.6484.0+3b612583/MODULE_11746872319423899861+e30acd3a/model.neff
/home/ubuntu/train_gpt10b_tp_families.py:497: DeprecationWarning: Use torch_xla.sync instead
  xm.mark_step()
/home/ubuntu/train_gpt10b_tp_families.py:497: DeprecationWarning: Use torch_xla.sync instead
  xm.mark_step()
2026-09-09 08:59:07.000871:  89815  [INFO]: Using a cached neff at /home/ubuntu/neuron_cache_e2e/neuronxcc-2.23.6484.0+3b612583/MODULE_11746872319423899861+e30acd3a/model.neff
/home/ubuntu/train_gpt10b_tp_families.py:497: DeprecationWarning: Use torch_xla.sync instead
  xm.mark_step()
/home/ubuntu/train_gpt10b_tp_families.py:497: DeprecationWarning: Use torch_xla.sync instead
  xm.mark_step()
/home/ubuntu/train_gpt10b_tp_families.py:497: DeprecationWarning: Use torch_xla.sync instead
  xm.mark_step()
/home/ubuntu/train_gpt10b_tp_families.py:497: DeprecationWarning: Use torch_xla.sync instead
  xm.mark_step()
/home/ubuntu/train_gpt10b_tp_families.py:497: DeprecationWarning: Use torch_xla.sync instead
  xm.mark_step()
2026-09-09 08:59:07.000883:  89828  [INFO]: Using a cached neff at /home/ubuntu/neuron_cache_e2e/neuronxcc-2.23.6484.0+3b612583/MODULE_11746872319423899861+e30acd3a/model.neff
/home/ubuntu/train_gpt10b_tp_families.py:497: DeprecationWarning: Use torch_xla.sync instead
  xm.mark_step()
/home/ubuntu/train_gpt10b_tp_families.py:497: DeprecationWarning: Use torch_xla.sync instead
  xm.mark_step()
2026-09-09 08:59:07.000887:  89824  [INFO]: Using a cached neff at /home/ubuntu/neuron_cache_e2e/neuronxcc-2.23.6484.0+3b612583/MODULE_11746872319423899861+e30acd3a/model.neff
/home/ubuntu/train_gpt10b_tp_families.py:497: DeprecationWarning: Use torch_xla.sync instead
  xm.mark_step()
2026-09-09 08:59:07.000889:  89810  [INFO]: Using a cached neff at /home/ubuntu/neuron_cache_e2e/neuronxcc-2.23.6484.0+3b612583/MODULE_11746872319423899861+e30acd3a/model.neff
/home/ubuntu/train_gpt10b_tp_families.py:497: DeprecationWarning: Use torch_xla.sync instead
  xm.mark_step()
2026-09-09 08:59:07.000892:  89805  [INFO]: Using a cached neff at /home/ubuntu/neuron_cache_e2e/neuronxcc-2.23.6484.0+3b612583/MODULE_11746872319423899861+e30acd3a/model.neff
2026-09-09 08:59:07.000892:  89803  [INFO]: Using a cached neff at /home/ubuntu/neuron_cache_e2e/neuronxcc-2.23.6484.0+3b612583/MODULE_11746872319423899861+e30acd3a/model.neff
/home/ubuntu/train_gpt10b_tp_families.py:497: DeprecationWarning: Use torch_xla.sync instead
  xm.mark_step()
/home/ubuntu/train_gpt10b_tp_families.py:497: DeprecationWarning: Use torch_xla.sync instead
  xm.mark_step()
2026-09-09 08:59:07.000894:  89831  [INFO]: Using a cached neff at /home/ubuntu/neuron_cache_e2e/neuronxcc-2.23.6484.0+3b612583/MODULE_11746872319423899861+e30acd3a/model.neff
/home/ubuntu/train_gpt10b_tp_families.py:497: DeprecationWarning: Use torch_xla.sync instead
  xm.mark_step()
2026-09-09 08:59:07.000895:  89819  [INFO]: Using a cached neff at /home/ubuntu/neuron_cache_e2e/neuronxcc-2.23.6484.0+3b612583/MODULE_11746872319423899861+e30acd3a/model.neff
2026-09-09 08:59:07.000898:  89822  [INFO]: Using a cached neff at /home/ubuntu/neuron_cache_e2e/neuronxcc-2.23.6484.0+3b612583/MODULE_11746872319423899861+e30acd3a/model.neff
/home/ubuntu/train_gpt10b_tp_families.py:447: DeprecationWarning: Use torch_xla.sync instead
  xm.mark_step()
2026-09-09 08:59:07.000900:  89820  [INFO]: Using a cached neff at /home/ubuntu/neuron_cache_e2e/neuronxcc-2.23.6484.0+3b612583/MODULE_11746872319423899861+e30acd3a/model.neff
2026-09-09 08:59:07.000901:  89809  [INFO]: Using a cached neff at /home/ubuntu/neuron_cache_e2e/neuronxcc-2.23.6484.0+3b612583/MODULE_11746872319423899861+e30acd3a/model.neff
2026-09-09 08:59:07.000904:  89823  [INFO]: Using a cached neff at /home/ubuntu/neuron_cache_e2e/neuronxcc-2.23.6484.0+3b612583/MODULE_11746872319423899861+e30acd3a/model.neff
2026-09-09 08:59:07.000905:  89832  [INFO]: Using a cached neff at /home/ubuntu/neuron_cache_e2e/neuronxcc-2.23.6484.0+3b612583/MODULE_11746872319423899861+e30acd3a/model.neff
2026-09-09 08:59:07.000905:  89827  [INFO]: Using a cached neff at /home/ubuntu/neuron_cache_e2e/neuronxcc-2.23.6484.0+3b612583/MODULE_11746872319423899861+e30acd3a/model.neff
/home/ubuntu/train_gpt10b_tp_families.py:497: DeprecationWarning: Use torch_xla.sync instead
  xm.mark_step()
/home/ubuntu/train_gpt10b_tp_families.py:454: DeprecationWarning: Use torch_xla.sync instead
  xm.mark_step()
/home/ubuntu/train_gpt10b_tp_families.py:497: DeprecationWarning: Use torch_xla.sync instead
  xm.mark_step()
2026-09-09 08:59:07.000924:  89816  [INFO]: Using a cached neff at /home/ubuntu/neuron_cache_e2e/neuronxcc-2.23.6484.0+3b612583/MODULE_11746872319423899861+e30acd3a/model.neff
2026-09-09 08:59:07.000925:  89825  [INFO]: Using a cached neff at /home/ubuntu/neuron_cache_e2e/neuronxcc-2.23.6484.0+3b612583/MODULE_11746872319423899861+e30acd3a/model.neff
/home/ubuntu/train_gpt10b_tp_families.py:497: DeprecationWarning: Use torch_xla.sync instead
  xm.mark_step()
/home/ubuntu/train_gpt10b_tp_families.py:497: DeprecationWarning: Use torch_xla.sync instead
  xm.mark_step()
2026-09-09 08:59:07.000949:  89807  [INFO]: Using a cached neff at /home/ubuntu/neuron_cache_e2e/neuronxcc-2.23.6484.0+3b612583/MODULE_11746872319423899861+e30acd3a/model.neff
2026-09-09 08:59:07.000950:  89812  [INFO]: Using a cached neff at /home/ubuntu/neuron_cache_e2e/neuronxcc-2.23.6484.0+3b612583/MODULE_11746872319423899861+e30acd3a/model.neff
/home/ubuntu/train_gpt10b_tp_families.py:497: DeprecationWarning: Use torch_xla.sync instead
  xm.mark_step()
2026-09-09 08:59:07.000990:  89801  [INFO]: Using a cached neff at /home/ubuntu/neuron_cache_e2e/neuronxcc-2.23.6484.0+3b612583/MODULE_11746872319423899861+e30acd3a/model.neff
2026-09-09 08:59:12.000551:  89826  [INFO]: Using a cached neff at /home/ubuntu/neuron_cache_e2e/neuronxcc-2.23.6484.0+3b612583/MODULE_15960904845896928137+e30acd3a/model.neff
/home/ubuntu/train_gpt10b_tp_families.py:497: DeprecationWarning: Use torch_xla.sync instead
  xm.mark_step()
2026-09-09 08:59:12.000815:  89826  [INFO]: Using a cached neff at /home/ubuntu/neuron_cache_e2e/neuronxcc-2.23.6484.0+3b612583/MODULE_11746872319423899861+e30acd3a/model.neff
/home/ubuntu/train_gpt10b_tp_families.py:460: DeprecationWarning: Use torch_xla.sync instead
  xm.mark_step()
/home/ubuntu/train_gpt10b_tp_families.py:460: DeprecationWarning: Use torch_xla.sync instead
  xm.mark_step()
.
Compiler status PASS
2026-09-09 08:59:16.000324:  89832  [INFO]: Compilation Successfully Completed for model.MODULE_7975248746759498216+e30acd3a.hlo_module.pb
/home/ubuntu/train_gpt10b_tp_families.py:466: DeprecationWarning: Use torch_xla.sync instead
  xm.mark_step()
.2026-09-09 08:59:18.000996:  89815  [INFO]: Using a cached neff at /home/ubuntu/neuron_cache_e2e/neuronxcc-2.23.6484.0+3b612583/MODULE_7975248746759498216+e30acd3a/model.neff
2026-09-09 08:59:18.000997:  89820  [INFO]: Using a cached neff at /home/ubuntu/neuron_cache_e2e/neuronxcc-2.23.6484.0+3b612583/MODULE_7975248746759498216+e30acd3a/model.neff
2026-09-09 08:59:18.000997:  89818  [INFO]: Using a cached neff at /home/ubuntu/neuron_cache_e2e/neuronxcc-2.23.6484.0+3b612583/MODULE_7975248746759498216+e30acd3a/model.neff
2026-09-09 08:59:18.000997:  89812  [INFO]: Using a cached neff at /home/ubuntu/neuron_cache_e2e/neuronxcc-2.23.6484.0+3b612583/MODULE_7975248746759498216+e30acd3a/model.neff
2026-09-09 08:59:18.000998:  89802  [INFO]: Using a cached neff at /home/ubuntu/neuron_cache_e2e/neuronxcc-2.23.6484.0+3b612583/MODULE_7975248746759498216+e30acd3a/model.neff
2026-09-09 08:59:18.000999:  89805  [INFO]: Using a cached neff at /home/ubuntu/neuron_cache_e2e/neuronxcc-2.23.6484.0+3b612583/MODULE_7975248746759498216+e30acd3a/model.neff
2026-09-09 08:59:18.000999:  89827  [INFO]: Using a cached neff at /home/ubuntu/neuron_cache_e2e/neuronxcc-2.23.6484.0+3b612583/MODULE_7975248746759498216+e30acd3a/model.neff
2026-09-09 08:59:19.000001:  89826  [INFO]: Using a cached neff at /home/ubuntu/neuron_cache_e2e/neuronxcc-2.23.6484.0+3b612583/MODULE_7975248746759498216+e30acd3a/model.neff
2026-09-09 08:59:19.000002:  89808  [INFO]: Using a cached neff at /home/ubuntu/neuron_cache_e2e/neuronxcc-2.23.6484.0+3b612583/MODULE_7975248746759498216+e30acd3a/model.neff
2026-09-09 08:59:19.000002:  89813  [INFO]: Using a cached neff at /home/ubuntu/neuron_cache_e2e/neuronxcc-2.23.6484.0+3b612583/MODULE_7975248746759498216+e30acd3a/model.neff
2026-09-09 08:59:19.000003:  89810  [INFO]: Using a cached neff at /home/ubuntu/neuron_cache_e2e/neuronxcc-2.23.6484.0+3b612583/MODULE_7975248746759498216+e30acd3a/model.neff
2026-09-09 08:59:19.000004:  89801  [INFO]: Using a cached neff at /home/ubuntu/neuron_cache_e2e/neuronxcc-2.23.6484.0+3b612583/MODULE_7975248746759498216+e30acd3a/model.neff
2026-09-09 08:59:19.000004:  89811  [INFO]: Using a cached neff at /home/ubuntu/neuron_cache_e2e/neuronxcc-2.23.6484.0+3b612583/MODULE_7975248746759498216+e30acd3a/model.neff
2026-09-09 08:59:19.000005:  89824  [INFO]: Using a cached neff at /home/ubuntu/neuron_cache_e2e/neuronxcc-2.23.6484.0+3b612583/MODULE_7975248746759498216+e30acd3a/model.neff
2026-09-09 08:59:19.000006:  89806  [INFO]: Using a cached neff at /home/ubuntu/neuron_cache_e2e/neuronxcc-2.23.6484.0+3b612583/MODULE_7975248746759498216+e30acd3a/model.neff
2026-09-09 08:59:19.000007:  89828  [INFO]: Using a cached neff at /home/ubuntu/neuron_cache_e2e/neuronxcc-2.23.6484.0+3b612583/MODULE_7975248746759498216+e30acd3a/model.neff
2026-09-09 08:59:19.000008:  89822  [INFO]: Using a cached neff at /home/ubuntu/neuron_cache_e2e/neuronxcc-2.23.6484.0+3b612583/MODULE_7975248746759498216+e30acd3a/model.neff
2026-09-09 08:59:19.000008:  89831  [INFO]: Using a cached neff at /home/ubuntu/neuron_cache_e2e/neuronxcc-2.23.6484.0+3b612583/MODULE_7975248746759498216+e30acd3a/model.neff
2026-09-09 08:59:19.000008:  89807  [INFO]: Using a cached neff at /home/ubuntu/neuron_cache_e2e/neuronxcc-2.23.6484.0+3b612583/MODULE_7975248746759498216+e30acd3a/model.neff
2026-09-09 08:59:19.000009:  89821  [INFO]: Using a cached neff at /home/ubuntu/neuron_cache_e2e/neuronxcc-2.23.6484.0+3b612583/MODULE_7975248746759498216+e30acd3a/model.neff
2026-09-09 08:59:19.000009:  89803  [INFO]: Using a cached neff at /home/ubuntu/neuron_cache_e2e/neuronxcc-2.23.6484.0+3b612583/MODULE_7975248746759498216+e30acd3a/model.neff
2026-09-09 08:59:19.000011:  89804  [INFO]: Using a cached neff at /home/ubuntu/neuron_cache_e2e/neuronxcc-2.23.6484.0+3b612583/MODULE_7975248746759498216+e30acd3a/model.neff
2026-09-09 08:59:19.000011:  89817  [INFO]: Using a cached neff at /home/ubuntu/neuron_cache_e2e/neuronxcc-2.23.6484.0+3b612583/MODULE_7975248746759498216+e30acd3a/model.neff
2026-09-09 08:59:19.000012:  89829  [INFO]: Using a cached neff at /home/ubuntu/neuron_cache_e2e/neuronxcc-2.23.6484.0+3b612583/MODULE_7975248746759498216+e30acd3a/model.neff
2026-09-09 08:59:19.000012:  89819  [INFO]: Using a cached neff at /home/ubuntu/neuron_cache_e2e/neuronxcc-2.23.6484.0+3b612583/MODULE_7975248746759498216+e30acd3a/model.neff
2026-09-09 08:59:19.000013:  89825  [INFO]: Using a cached neff at /home/ubuntu/neuron_cache_e2e/neuronxcc-2.23.6484.0+3b612583/MODULE_7975248746759498216+e30acd3a/model.neff
2026-09-09 08:59:19.000016:  89830  [INFO]: Using a cached neff at /home/ubuntu/neuron_cache_e2e/neuronxcc-2.23.6484.0+3b612583/MODULE_7975248746759498216+e30acd3a/model.neff
/home/ubuntu/train_gpt10b_tp_families.py:466: DeprecationWarning: Use torch_xla.sync instead
  xm.mark_step()

Compiler status PASS
2026-09-09 08:59:22.000303:  89832  [INFO]: Compilation Successfully Completed for model.MODULE_3541718428970686010+e30acd3a.hlo_module.pb
/home/ubuntu/train_gpt10b_tp_families.py:466: DeprecationWarning: Use torch_xla.sync instead
  xm.mark_step()
2026-09-09 08:59:24.000002:  89823  [INFO]: Using a cached neff at /home/ubuntu/neuron_cache_e2e/neuronxcc-2.23.6484.0+3b612583/MODULE_7975248746759498216+e30acd3a/model.neff
2026-09-09 08:59:24.000003:  89816  [INFO]: Using a cached neff at /home/ubuntu/neuron_cache_e2e/neuronxcc-2.23.6484.0+3b612583/MODULE_7975248746759498216+e30acd3a/model.neff
2026-09-09 08:59:24.000004:  89814  [INFO]: Using a cached neff at /home/ubuntu/neuron_cache_e2e/neuronxcc-2.23.6484.0+3b612583/MODULE_7975248746759498216+e30acd3a/model.neff
2026-09-09 08:59:24.000006:  89809  [INFO]: Using a cached neff at /home/ubuntu/neuron_cache_e2e/neuronxcc-2.23.6484.0+3b612583/MODULE_7975248746759498216+e30acd3a/model.neff
2026-09-09 08:59:24.000045:  89823  [INFO]: Using a cached neff at /home/ubuntu/neuron_cache_e2e/neuronxcc-2.23.6484.0+3b612583/MODULE_3541718428970686010+e30acd3a/model.neff
2026-09-09 08:59:24.000047:  89816  [INFO]: Using a cached neff at /home/ubuntu/neuron_cache_e2e/neuronxcc-2.23.6484.0+3b612583/MODULE_3541718428970686010+e30acd3a/model.neff
2026-09-09 08:59:24.000047:  89818  [INFO]: Using a cached neff at /home/ubuntu/neuron_cache_e2e/neuronxcc-2.23.6484.0+3b612583/MODULE_3541718428970686010+e30acd3a/model.neff
2026-09-09 08:59:24.000048:  89814  [INFO]: Using a cached neff at /home/ubuntu/neuron_cache_e2e/neuronxcc-2.23.6484.0+3b612583/MODULE_3541718428970686010+e30acd3a/model.neff
2026-09-09 08:59:24.000049:  89809  [INFO]: Using a cached neff at /home/ubuntu/neuron_cache_e2e/neuronxcc-2.23.6484.0+3b612583/MODULE_3541718428970686010+e30acd3a/model.neff
2026-09-09 08:59:24.000049:  89815  [INFO]: Using a cached neff at /home/ubuntu/neuron_cache_e2e/neuronxcc-2.23.6484.0+3b612583/MODULE_3541718428970686010+e30acd3a/model.neff
2026-09-09 08:59:24.000050:  89802  [INFO]: Using a cached neff at /home/ubuntu/neuron_cache_e2e/neuronxcc-2.23.6484.0+3b612583/MODULE_3541718428970686010+e30acd3a/model.neff
2026-09-09 08:59:24.000052:  89812  [INFO]: Using a cached neff at /home/ubuntu/neuron_cache_e2e/neuronxcc-2.23.6484.0+3b612583/MODULE_3541718428970686010+e30acd3a/model.neff
2026-09-09 08:59:24.000052:  89820  [INFO]: Using a cached neff at /home/ubuntu/neuron_cache_e2e/neuronxcc-2.23.6484.0+3b612583/MODULE_3541718428970686010+e30acd3a/model.neff
2026-09-09 08:59:24.000053:  89805  [INFO]: Using a cached neff at /home/ubuntu/neuron_cache_e2e/neuronxcc-2.23.6484.0+3b612583/MODULE_3541718428970686010+e30acd3a/model.neff
2026-09-09 08:59:24.000054:  89813  [INFO]: Using a cached neff at /home/ubuntu/neuron_cache_e2e/neuronxcc-2.23.6484.0+3b612583/MODULE_3541718428970686010+e30acd3a/model.neff
2026-09-09 08:59:24.000055:  89810  [INFO]: Using a cached neff at /home/ubuntu/neuron_cache_e2e/neuronxcc-2.23.6484.0+3b612583/MODULE_3541718428970686010+e30acd3a/model.neff
2026-09-09 08:59:24.000055:  89826  [INFO]: Using a cached neff at /home/ubuntu/neuron_cache_e2e/neuronxcc-2.23.6484.0+3b612583/MODULE_3541718428970686010+e30acd3a/model.neff
2026-09-09 08:59:24.000056:  89808  [INFO]: Using a cached neff at /home/ubuntu/neuron_cache_e2e/neuronxcc-2.23.6484.0+3b612583/MODULE_3541718428970686010+e30acd3a/model.neff
2026-09-09 08:59:24.000057:  89801  [INFO]: Using a cached neff at /home/ubuntu/neuron_cache_e2e/neuronxcc-2.23.6484.0+3b612583/MODULE_3541718428970686010+e30acd3a/model.neff
2026-09-09 08:59:24.000058:  89827  [INFO]: Using a cached neff at /home/ubuntu/neuron_cache_e2e/neuronxcc-2.23.6484.0+3b612583/MODULE_3541718428970686010+e30acd3a/model.neff
2026-09-09 08:59:24.000059:  89806  [INFO]: Using a cached neff at /home/ubuntu/neuron_cache_e2e/neuronxcc-2.23.6484.0+3b612583/MODULE_3541718428970686010+e30acd3a/model.neff
2026-09-09 08:59:24.000059:  89828  [INFO]: Using a cached neff at /home/ubuntu/neuron_cache_e2e/neuronxcc-2.23.6484.0+3b612583/MODULE_3541718428970686010+e30acd3a/model.neff
2026-09-09 08:59:24.000061:  89807  [INFO]: Using a cached neff at /home/ubuntu/neuron_cache_e2e/neuronxcc-2.23.6484.0+3b612583/MODULE_3541718428970686010+e30acd3a/model.neff
2026-09-09 08:59:24.000062:  89804  [INFO]: Using a cached neff at /home/ubuntu/neuron_cache_e2e/neuronxcc-2.23.6484.0+3b612583/MODULE_3541718428970686010+e30acd3a/model.neff
2026-09-09 08:59:24.000062:  89822  [INFO]: Using a cached neff at /home/ubuntu/neuron_cache_e2e/neuronxcc-2.23.6484.0+3b612583/MODULE_3541718428970686010+e30acd3a/model.neff
2026-09-09 08:59:24.000063:  89829  [INFO]: Using a cached neff at /home/ubuntu/neuron_cache_e2e/neuronxcc-2.23.6484.0+3b612583/MODULE_3541718428970686010+e30acd3a/model.neff
2026-09-09 08:59:24.000063:  89831  [INFO]: Using a cached neff at /home/ubuntu/neuron_cache_e2e/neuronxcc-2.23.6484.0+3b612583/MODULE_3541718428970686010+e30acd3a/model.neff
2026-09-09 08:59:24.000064:  89821  [INFO]: Using a cached neff at /home/ubuntu/neuron_cache_e2e/neuronxcc-2.23.6484.0+3b612583/MODULE_3541718428970686010+e30acd3a/model.neff
2026-09-09 08:59:24.000065:  89811  [INFO]: Using a cached neff at /home/ubuntu/neuron_cache_e2e/neuronxcc-2.23.6484.0+3b612583/MODULE_3541718428970686010+e30acd3a/model.neff
2026-09-09 08:59:24.000067:  89803  [INFO]: Using a cached neff at /home/ubuntu/neuron_cache_e2e/neuronxcc-2.23.6484.0+3b612583/MODULE_3541718428970686010+e30acd3a/model.neff
2026-09-09 08:59:24.000067:  89825  [INFO]: Using a cached neff at /home/ubuntu/neuron_cache_e2e/neuronxcc-2.23.6484.0+3b612583/MODULE_3541718428970686010+e30acd3a/model.neff
2026-09-09 08:59:24.000067:  89817  [INFO]: Using a cached neff at /home/ubuntu/neuron_cache_e2e/neuronxcc-2.23.6484.0+3b612583/MODULE_3541718428970686010+e30acd3a/model.neff
2026-09-09 08:59:24.000069:  89819  [INFO]: Using a cached neff at /home/ubuntu/neuron_cache_e2e/neuronxcc-2.23.6484.0+3b612583/MODULE_3541718428970686010+e30acd3a/model.neff
2026-09-09 08:59:24.000069:  89830  [INFO]: Using a cached neff at /home/ubuntu/neuron_cache_e2e/neuronxcc-2.23.6484.0+3b612583/MODULE_3541718428970686010+e30acd3a/model.neff
2026-09-09 08:59:29.000064:  89824  [INFO]: Using a cached neff at /home/ubuntu/neuron_cache_e2e/neuronxcc-2.23.6484.0+3b612583/MODULE_3541718428970686010+e30acd3a/model.neff
/home/ubuntu/train_gpt10b_tp_families.py:470: DeprecationWarning: Use torch_xla.sync instead
  xm.mark_step()
/home/ubuntu/train_gpt10b_tp_families.py:470: DeprecationWarning: Use torch_xla.sync instead
  xm.mark_step()
.
Compiler status PASS
2026-09-09 08:59:30.000575:  89804  [INFO]: Compilation Successfully Completed for model.MODULE_17089791188315351658+e30acd3a.hlo_module.pb
/home/ubuntu/train_gpt10b_tp_families.py:482: DeprecationWarning: Use torch_xla.sync instead
  xm.mark_step()
/home/ubuntu/train_gpt10b_tp_families.py:491: DeprecationWarning: Use torch_xla.sync instead
  xm.mark_step()
/home/ubuntu/train_gpt10b_tp_families.py:497: DeprecationWarning: Use torch_xla.sync instead
  xm.mark_step()
2026-09-09 08:59:30.000608:  89804  [INFO]: Using a cached neff at /home/ubuntu/neuron_cache_e2e/neuronxcc-2.23.6484.0+3b612583/MODULE_8612601412218940330+e30acd3a/model.neff
2026-09-09 08:59:34.000356:  89823  [INFO]: Using a cached neff at /home/ubuntu/neuron_cache_e2e/neuronxcc-2.23.6484.0+3b612583/MODULE_17089791188315351658+e30acd3a/model.neff
2026-09-09 08:59:34.000357:  89809  [INFO]: Using a cached neff at /home/ubuntu/neuron_cache_e2e/neuronxcc-2.23.6484.0+3b612583/MODULE_17089791188315351658+e30acd3a/model.neff
2026-09-09 08:59:34.000357:  89829  [INFO]: Using a cached neff at /home/ubuntu/neuron_cache_e2e/neuronxcc-2.23.6484.0+3b612583/MODULE_17089791188315351658+e30acd3a/model.neff
2026-09-09 08:59:34.000358:  89826  [INFO]: Using a cached neff at /home/ubuntu/neuron_cache_e2e/neuronxcc-2.23.6484.0+3b612583/MODULE_17089791188315351658+e30acd3a/model.neff
2026-09-09 08:59:34.000358:  89830  [INFO]: Using a cached neff at /home/ubuntu/neuron_cache_e2e/neuronxcc-2.23.6484.0+3b612583/MODULE_17089791188315351658+e30acd3a/model.neff
2026-09-09 08:59:34.000359:  89805  [INFO]: Using a cached neff at /home/ubuntu/neuron_cache_e2e/neuronxcc-2.23.6484.0+3b612583/MODULE_17089791188315351658+e30acd3a/model.neff
2026-09-09 08:59:34.000359:  89807  [INFO]: Using a cached neff at /home/ubuntu/neuron_cache_e2e/neuronxcc-2.23.6484.0+3b612583/MODULE_17089791188315351658+e30acd3a/model.neff
2026-09-09 08:59:34.000359:  89803  [INFO]: Using a cached neff at /home/ubuntu/neuron_cache_e2e/neuronxcc-2.23.6484.0+3b612583/MODULE_17089791188315351658+e30acd3a/model.neff
2026-09-09 08:59:34.000359:  89821  [INFO]: Using a cached neff at /home/ubuntu/neuron_cache_e2e/neuronxcc-2.23.6484.0+3b612583/MODULE_17089791188315351658+e30acd3a/model.neff
2026-09-09 08:59:34.000360:  89808  [INFO]: Using a cached neff at /home/ubuntu/neuron_cache_e2e/neuronxcc-2.23.6484.0+3b612583/MODULE_17089791188315351658+e30acd3a/model.neff
2026-09-09 08:59:34.000360:  89817  [INFO]: Using a cached neff at /home/ubuntu/neuron_cache_e2e/neuronxcc-2.23.6484.0+3b612583/MODULE_17089791188315351658+e30acd3a/model.neff
2026-09-09 08:59:34.000360:  89822  [INFO]: Using a cached neff at /home/ubuntu/neuron_cache_e2e/neuronxcc-2.23.6484.0+3b612583/MODULE_17089791188315351658+e30acd3a/model.neff
2026-09-09 08:59:34.000361:  89806  [INFO]: Using a cached neff at /home/ubuntu/neuron_cache_e2e/neuronxcc-2.23.6484.0+3b612583/MODULE_17089791188315351658+e30acd3a/model.neff
2026-09-09 08:59:34.000361:  89825  [INFO]: Using a cached neff at /home/ubuntu/neuron_cache_e2e/neuronxcc-2.23.6484.0+3b612583/MODULE_17089791188315351658+e30acd3a/model.neff
2026-09-09 08:59:34.000362:  89816  [INFO]: Using a cached neff at /home/ubuntu/neuron_cache_e2e/neuronxcc-2.23.6484.0+3b612583/MODULE_17089791188315351658+e30acd3a/model.neff
2026-09-09 08:59:34.000362:  89827  [INFO]: Using a cached neff at /home/ubuntu/neuron_cache_e2e/neuronxcc-2.23.6484.0+3b612583/MODULE_17089791188315351658+e30acd3a/model.neff
2026-09-09 08:59:34.000362:  89801  [INFO]: Using a cached neff at /home/ubuntu/neuron_cache_e2e/neuronxcc-2.23.6484.0+3b612583/MODULE_17089791188315351658+e30acd3a/model.neff
2026-09-09 08:59:34.000362:  89819  [INFO]: Using a cached neff at /home/ubuntu/neuron_cache_e2e/neuronxcc-2.23.6484.0+3b612583/MODULE_17089791188315351658+e30acd3a/model.neff
2026-09-09 08:59:34.000364:  89820  [INFO]: Using a cached neff at /home/ubuntu/neuron_cache_e2e/neuronxcc-2.23.6484.0+3b612583/MODULE_17089791188315351658+e30acd3a/model.neff
2026-09-09 08:59:34.000364:  89813  [INFO]: Using a cached neff at /home/ubuntu/neuron_cache_e2e/neuronxcc-2.23.6484.0+3b612583/MODULE_17089791188315351658+e30acd3a/model.neff
2026-09-09 08:59:34.000364:  89815  [INFO]: Using a cached neff at /home/ubuntu/neuron_cache_e2e/neuronxcc-2.23.6484.0+3b612583/MODULE_17089791188315351658+e30acd3a/model.neff
2026-09-09 08:59:34.000365:  89831  [INFO]: Using a cached neff at /home/ubuntu/neuron_cache_e2e/neuronxcc-2.23.6484.0+3b612583/MODULE_17089791188315351658+e30acd3a/model.neff
2026-09-09 08:59:34.000366:  89832  [INFO]: Using a cached neff at /home/ubuntu/neuron_cache_e2e/neuronxcc-2.23.6484.0+3b612583/MODULE_17089791188315351658+e30acd3a/model.neff
2026-09-09 08:59:34.000366:  89824  [INFO]: Using a cached neff at /home/ubuntu/neuron_cache_e2e/neuronxcc-2.23.6484.0+3b612583/MODULE_17089791188315351658+e30acd3a/model.neff
2026-09-09 08:59:34.000368:  89812  [INFO]: Using a cached neff at /home/ubuntu/neuron_cache_e2e/neuronxcc-2.23.6484.0+3b612583/MODULE_17089791188315351658+e30acd3a/model.neff
2026-09-09 08:59:34.000368:  89810  [INFO]: Using a cached neff at /home/ubuntu/neuron_cache_e2e/neuronxcc-2.23.6484.0+3b612583/MODULE_17089791188315351658+e30acd3a/model.neff
2026-09-09 08:59:34.000368:  89828  [INFO]: Using a cached neff at /home/ubuntu/neuron_cache_e2e/neuronxcc-2.23.6484.0+3b612583/MODULE_17089791188315351658+e30acd3a/model.neff
2026-09-09 08:59:34.000368:  89814  [INFO]: Using a cached neff at /home/ubuntu/neuron_cache_e2e/neuronxcc-2.23.6484.0+3b612583/MODULE_17089791188315351658+e30acd3a/model.neff
2026-09-09 08:59:34.000370:  89811  [INFO]: Using a cached neff at /home/ubuntu/neuron_cache_e2e/neuronxcc-2.23.6484.0+3b612583/MODULE_17089791188315351658+e30acd3a/model.neff
/home/ubuntu/train_gpt10b_tp_families.py:482: DeprecationWarning: Use torch_xla.sync instead
  xm.mark_step()
/home/ubuntu/train_gpt10b_tp_families.py:482: DeprecationWarning: Use torch_xla.sync instead
  xm.mark_step()
/home/ubuntu/train_gpt10b_tp_families.py:491: DeprecationWarning: Use torch_xla.sync instead
  xm.mark_step()
/home/ubuntu/train_gpt10b_tp_families.py:497: DeprecationWarning: Use torch_xla.sync instead
  xm.mark_step()
2026-09-09 08:59:34.000390:  89823  [INFO]: Using a cached neff at /home/ubuntu/neuron_cache_e2e/neuronxcc-2.23.6484.0+3b612583/MODULE_8612601412218940330+e30acd3a/model.neff
/home/ubuntu/train_gpt10b_tp_families.py:491: DeprecationWarning: Use torch_xla.sync instead
  xm.mark_step()
2026-09-09 08:59:34.000392:  89826  [INFO]: Using a cached neff at /home/ubuntu/neuron_cache_e2e/neuronxcc-2.23.6484.0+3b612583/MODULE_8612601412218940330+e30acd3a/model.neff
2026-09-09 08:59:34.000392:  89829  [INFO]: Using a cached neff at /home/ubuntu/neuron_cache_e2e/neuronxcc-2.23.6484.0+3b612583/MODULE_8612601412218940330+e30acd3a/model.neff
2026-09-09 08:59:34.000393:  89830  [INFO]: Using a cached neff at /home/ubuntu/neuron_cache_e2e/neuronxcc-2.23.6484.0+3b612583/MODULE_8612601412218940330+e30acd3a/model.neff
2026-09-09 08:59:34.000394:  89805  [INFO]: Using a cached neff at /home/ubuntu/neuron_cache_e2e/neuronxcc-2.23.6484.0+3b612583/MODULE_8612601412218940330+e30acd3a/model.neff
2026-09-09 08:59:34.000394:  89807  [INFO]: Using a cached neff at /home/ubuntu/neuron_cache_e2e/neuronxcc-2.23.6484.0+3b612583/MODULE_8612601412218940330+e30acd3a/model.neff
2026-09-09 08:59:34.000395:  89817  [INFO]: Using a cached neff at /home/ubuntu/neuron_cache_e2e/neuronxcc-2.23.6484.0+3b612583/MODULE_8612601412218940330+e30acd3a/model.neff
2026-09-09 08:59:34.000395:  89821  [INFO]: Using a cached neff at /home/ubuntu/neuron_cache_e2e/neuronxcc-2.23.6484.0+3b612583/MODULE_8612601412218940330+e30acd3a/model.neff
2026-09-09 08:59:34.000395:  89822  [INFO]: Using a cached neff at /home/ubuntu/neuron_cache_e2e/neuronxcc-2.23.6484.0+3b612583/MODULE_8612601412218940330+e30acd3a/model.neff
/home/ubuntu/train_gpt10b_tp_families.py:497: DeprecationWarning: Use torch_xla.sync instead
  xm.mark_step()
2026-09-09 08:59:34.000395:  89808  [INFO]: Using a cached neff at /home/ubuntu/neuron_cache_e2e/neuronxcc-2.23.6484.0+3b612583/MODULE_8612601412218940330+e30acd3a/model.neff
2026-09-09 08:59:34.000397:  89816  [INFO]: Using a cached neff at /home/ubuntu/neuron_cache_e2e/neuronxcc-2.23.6484.0+3b612583/MODULE_8612601412218940330+e30acd3a/model.neff
2026-09-09 08:59:34.000398:  89825  [INFO]: Using a cached neff at /home/ubuntu/neuron_cache_e2e/neuronxcc-2.23.6484.0+3b612583/MODULE_8612601412218940330+e30acd3a/model.neff
2026-09-09 08:59:34.000399:  89806  [INFO]: Using a cached neff at /home/ubuntu/neuron_cache_e2e/neuronxcc-2.23.6484.0+3b612583/MODULE_8612601412218940330+e30acd3a/model.neff
2026-09-09 08:59:34.000400:  89815  [INFO]: Using a cached neff at /home/ubuntu/neuron_cache_e2e/neuronxcc-2.23.6484.0+3b612583/MODULE_8612601412218940330+e30acd3a/model.neff
2026-09-09 08:59:34.000401:  89820  [INFO]: Using a cached neff at /home/ubuntu/neuron_cache_e2e/neuronxcc-2.23.6484.0+3b612583/MODULE_8612601412218940330+e30acd3a/model.neff
2026-09-09 08:59:34.000401:  89831  [INFO]: Using a cached neff at /home/ubuntu/neuron_cache_e2e/neuronxcc-2.23.6484.0+3b612583/MODULE_8612601412218940330+e30acd3a/model.neff
2026-09-09 08:59:34.000401:  89813  [INFO]: Using a cached neff at /home/ubuntu/neuron_cache_e2e/neuronxcc-2.23.6484.0+3b612583/MODULE_8612601412218940330+e30acd3a/model.neff
2026-09-09 08:59:34.000402:  89814  [INFO]: Using a cached neff at /home/ubuntu/neuron_cache_e2e/neuronxcc-2.23.6484.0+3b612583/MODULE_8612601412218940330+e30acd3a/model.neff
2026-09-09 08:59:34.000402:  89832  [INFO]: Using a cached neff at /home/ubuntu/neuron_cache_e2e/neuronxcc-2.23.6484.0+3b612583/MODULE_8612601412218940330+e30acd3a/model.neff
2026-09-09 08:59:34.000403:  89828  [INFO]: Using a cached neff at /home/ubuntu/neuron_cache_e2e/neuronxcc-2.23.6484.0+3b612583/MODULE_8612601412218940330+e30acd3a/model.neff
2026-09-09 08:59:34.000404:  89801  [INFO]: Using a cached neff at /home/ubuntu/neuron_cache_e2e/neuronxcc-2.23.6484.0+3b612583/MODULE_8612601412218940330+e30acd3a/model.neff
2026-09-09 08:59:34.000404:  89809  [INFO]: Using a cached neff at /home/ubuntu/neuron_cache_e2e/neuronxcc-2.23.6484.0+3b612583/MODULE_8612601412218940330+e30acd3a/model.neff
2026-09-09 08:59:34.000405:  89810  [INFO]: Using a cached neff at /home/ubuntu/neuron_cache_e2e/neuronxcc-2.23.6484.0+3b612583/MODULE_8612601412218940330+e30acd3a/model.neff
2026-09-09 08:59:34.000405:  89827  [INFO]: Using a cached neff at /home/ubuntu/neuron_cache_e2e/neuronxcc-2.23.6484.0+3b612583/MODULE_8612601412218940330+e30acd3a/model.neff
2026-09-09 08:59:34.000405:  89812  [INFO]: Using a cached neff at /home/ubuntu/neuron_cache_e2e/neuronxcc-2.23.6484.0+3b612583/MODULE_8612601412218940330+e30acd3a/model.neff
2026-09-09 08:59:34.000409:  89819  [INFO]: Using a cached neff at /home/ubuntu/neuron_cache_e2e/neuronxcc-2.23.6484.0+3b612583/MODULE_8612601412218940330+e30acd3a/model.neff
2026-09-09 08:59:34.000415:  89803  [INFO]: Using a cached neff at /home/ubuntu/neuron_cache_e2e/neuronxcc-2.23.6484.0+3b612583/MODULE_8612601412218940330+e30acd3a/model.neff
2026-09-09 08:59:34.000416:  89811  [INFO]: Using a cached neff at /home/ubuntu/neuron_cache_e2e/neuronxcc-2.23.6484.0+3b612583/MODULE_8612601412218940330+e30acd3a/model.neff
2026-09-09 08:59:34.000416:  89824  [INFO]: Using a cached neff at /home/ubuntu/neuron_cache_e2e/neuronxcc-2.23.6484.0+3b612583/MODULE_8612601412218940330+e30acd3a/model.neff
/home/ubuntu/train_gpt10b_tp_families.py:447: DeprecationWarning: Use torch_xla.sync instead
  xm.mark_step()
2026-09-09 08:59:39.000363:  89802  [INFO]: Using a cached neff at /home/ubuntu/neuron_cache_e2e/neuronxcc-2.23.6484.0+3b612583/MODULE_17089791188315351658+e30acd3a/model.neff
2026-09-09 08:59:39.000364:  89818  [INFO]: Using a cached neff at /home/ubuntu/neuron_cache_e2e/neuronxcc-2.23.6484.0+3b612583/MODULE_17089791188315351658+e30acd3a/model.neff
/home/ubuntu/train_gpt10b_tp_families.py:447: DeprecationWarning: Use torch_xla.sync instead
  xm.mark_step()
2026-09-09 08:59:39.000396:  89802  [INFO]: Using a cached neff at /home/ubuntu/neuron_cache_e2e/neuronxcc-2.23.6484.0+3b612583/MODULE_8612601412218940330+e30acd3a/model.neff
2026-09-09 08:59:39.000398:  89818  [INFO]: Using a cached neff at /home/ubuntu/neuron_cache_e2e/neuronxcc-2.23.6484.0+3b612583/MODULE_8612601412218940330+e30acd3a/model.neff
/home/ubuntu/train_gpt10b_tp_families.py:454: DeprecationWarning: Use torch_xla.sync instead
  xm.mark_step()
/home/ubuntu/train_gpt10b_tp_families.py:447: DeprecationWarning: Use torch_xla.sync instead
  xm.mark_step()
/home/ubuntu/train_gpt10b_tp_families.py:454: DeprecationWarning: Use torch_xla.sync instead
  xm.mark_step()
/home/ubuntu/train_gpt10b_tp_families.py:460: DeprecationWarning: Use torch_xla.sync instead
  xm.mark_step()
/home/ubuntu/train_gpt10b_tp_families.py:460: DeprecationWarning: Use torch_xla.sync instead
  xm.mark_step()
/home/ubuntu/train_gpt10b_tp_families.py:466: DeprecationWarning: Use torch_xla.sync instead
  xm.mark_step()
/home/ubuntu/train_gpt10b_tp_families.py:470: DeprecationWarning: Use torch_xla.sync instead
  xm.mark_step()
/home/ubuntu/train_gpt10b_tp_families.py:501: DeprecationWarning: Use torch_xla.sync instead
  xm.mark_step()
/home/ubuntu/train_gpt10b_tp_families.py:501: DeprecationWarning: Use torch_xla.sync instead
  xm.mark_step()
/home/ubuntu/train_gpt10b_tp_families.py:501: DeprecationWarning: Use torch_xla.sync instead
  xm.mark_step()
/home/ubuntu/train_gpt10b_tp_families.py:501: DeprecationWarning: Use torch_xla.sync instead
  xm.mark_step()
/home/ubuntu/train_gpt10b_tp_families.py:501: DeprecationWarning: Use torch_xla.sync instead
  xm.mark_step()
/home/ubuntu/train_gpt10b_tp_families.py:501: DeprecationWarning: Use torch_xla.sync instead
  xm.mark_step()
/home/ubuntu/train_gpt10b_tp_families.py:501: DeprecationWarning: Use torch_xla.sync instead
  xm.mark_step()
/home/ubuntu/train_gpt10b_tp_families.py:501: DeprecationWarning: Use torch_xla.sync instead
  xm.mark_step()
/home/ubuntu/train_gpt10b_tp_families.py:501: DeprecationWarning: Use torch_xla.sync instead
  xm.mark_step()
/home/ubuntu/train_gpt10b_tp_families.py:501: DeprecationWarning: Use torch_xla.sync instead
  xm.mark_step()
/home/ubuntu/train_gpt10b_tp_families.py:501: DeprecationWarning: Use torch_xla.sync instead
  xm.mark_step()
/home/ubuntu/train_gpt10b_tp_families.py:501: DeprecationWarning: Use torch_xla.sync instead
  xm.mark_step()
/home/ubuntu/train_gpt10b_tp_families.py:501: DeprecationWarning: Use torch_xla.sync instead
  xm.mark_step()
/home/ubuntu/train_gpt10b_tp_families.py:501: DeprecationWarning: Use torch_xla.sync instead
  xm.mark_step()
/home/ubuntu/train_gpt10b_tp_families.py:501: DeprecationWarning: Use torch_xla.sync instead
  xm.mark_step()
/home/ubuntu/train_gpt10b_tp_families.py:501: DeprecationWarning: Use torch_xla.sync instead
  xm.mark_step()
/home/ubuntu/train_gpt10b_tp_families.py:501: DeprecationWarning: Use torch_xla.sync instead
  xm.mark_step()
/home/ubuntu/train_gpt10b_tp_families.py:501: DeprecationWarning: Use torch_xla.sync instead
  xm.mark_step()
/home/ubuntu/train_gpt10b_tp_families.py:501: DeprecationWarning: Use torch_xla.sync instead
  xm.mark_step()
/home/ubuntu/train_gpt10b_tp_families.py:501: DeprecationWarning: Use torch_xla.sync instead
  xm.mark_step()
/home/ubuntu/train_gpt10b_tp_families.py:501: DeprecationWarning: Use torch_xla.sync instead
  xm.mark_step()
/home/ubuntu/train_gpt10b_tp_families.py:501: DeprecationWarning: Use torch_xla.sync instead
  xm.mark_step()
/home/ubuntu/train_gpt10b_tp_families.py:501: DeprecationWarning: Use torch_xla.sync instead
  xm.mark_step()
/home/ubuntu/train_gpt10b_tp_families.py:501: DeprecationWarning: Use torch_xla.sync instead
  xm.mark_step()
/home/ubuntu/train_gpt10b_tp_families.py:501: DeprecationWarning: Use torch_xla.sync instead
  xm.mark_step()
/home/ubuntu/train_gpt10b_tp_families.py:501: DeprecationWarning: Use torch_xla.sync instead
  xm.mark_step()
/home/ubuntu/train_gpt10b_tp_families.py:501: DeprecationWarning: Use torch_xla.sync instead
  xm.mark_step()
/home/ubuntu/train_gpt10b_tp_families.py:501: DeprecationWarning: Use torch_xla.sync instead
  xm.mark_step()
/home/ubuntu/train_gpt10b_tp_families.py:501: DeprecationWarning: Use torch_xla.sync instead
  xm.mark_step()
/home/ubuntu/train_gpt10b_tp_families.py:501: DeprecationWarning: Use torch_xla.sync instead
  xm.mark_step()
/home/ubuntu/train_gpt10b_tp_families.py:501: DeprecationWarning: Use torch_xla.sync instead
  xm.mark_step()
/home/ubuntu/train_gpt10b_tp_families.py:501: DeprecationWarning: Use torch_xla.sync instead
  xm.mark_step()
2026-09-09 09:00:05.000622:  89832  [INFO]: Using a cached neff at /home/ubuntu/neuron_cache_e2e/neuronxcc-2.23.6484.0+3b612583/MODULE_8732584952886592803+e30acd3a/model.neff
2026-09-09 09:00:05.000623:  89816  [INFO]: Using a cached neff at /home/ubuntu/neuron_cache_e2e/neuronxcc-2.23.6484.0+3b612583/MODULE_8732584952886592803+e30acd3a/model.neff
2026-09-09 09:00:05.000626:  89831  [INFO]: Using a cached neff at /home/ubuntu/neuron_cache_e2e/neuronxcc-2.23.6484.0+3b612583/MODULE_8732584952886592803+e30acd3a/model.neff
2026-09-09 09:00:05.000631:  89814  [INFO]: Using a cached neff at /home/ubuntu/neuron_cache_e2e/neuronxcc-2.23.6484.0+3b612583/MODULE_8732584952886592803+e30acd3a/model.neff
2026-09-09 09:00:05.000632:  89815  [INFO]: Using a cached neff at /home/ubuntu/neuron_cache_e2e/neuronxcc-2.23.6484.0+3b612583/MODULE_8732584952886592803+e30acd3a/model.neff
2026-09-09 09:00:05.000634:  89801  [INFO]: Using a cached neff at /home/ubuntu/neuron_cache_e2e/neuronxcc-2.23.6484.0+3b612583/MODULE_8732584952886592803+e30acd3a/model.neff
2026-09-09 09:00:05.000634:  89817  [INFO]: Using a cached neff at /home/ubuntu/neuron_cache_e2e/neuronxcc-2.23.6484.0+3b612583/MODULE_8732584952886592803+e30acd3a/model.neff
2026-09-09 09:00:05.000637:  89822  [INFO]: Using a cached neff at /home/ubuntu/neuron_cache_e2e/neuronxcc-2.23.6484.0+3b612583/MODULE_8732584952886592803+e30acd3a/model.neff
2026-09-09 09:00:05.000638:  89827  [INFO]: Using a cached neff at /home/ubuntu/neuron_cache_e2e/neuronxcc-2.23.6484.0+3b612583/MODULE_8732584952886592803+e30acd3a/model.neff
2026-09-09 09:00:05.000639:  89804  [INFO]: Using a cached neff at /home/ubuntu/neuron_cache_e2e/neuronxcc-2.23.6484.0+3b612583/MODULE_8732584952886592803+e30acd3a/model.neff
2026-09-09 09:00:05.000644:  89819  [INFO]: Using a cached neff at /home/ubuntu/neuron_cache_e2e/neuronxcc-2.23.6484.0+3b612583/MODULE_8732584952886592803+e30acd3a/model.neff
/home/ubuntu/train_gpt10b_tp_families.py:524: DeprecationWarning: Use torch_xla.sync instead
  xm.mark_step()   # slice sync graph: norms done
2026-09-09 09:00:05.000648:  89812  [INFO]: Using a cached neff at /home/ubuntu/neuron_cache_e2e/neuronxcc-2.23.6484.0+3b612583/MODULE_8732584952886592803+e30acd3a/model.neff
2026-09-09 09:00:05.000650:  89810  [INFO]: Using a cached neff at /home/ubuntu/neuron_cache_e2e/neuronxcc-2.23.6484.0+3b612583/MODULE_8732584952886592803+e30acd3a/model.neff
2026-09-09 09:00:05.000650:  89808  [INFO]: Using a cached neff at /home/ubuntu/neuron_cache_e2e/neuronxcc-2.23.6484.0+3b612583/MODULE_8732584952886592803+e30acd3a/model.neff
/home/ubuntu/train_gpt10b_tp_families.py:524: DeprecationWarning: Use torch_xla.sync instead
  xm.mark_step()   # slice sync graph: norms done
2026-09-09 09:00:05.000654:  89825  [INFO]: Using a cached neff at /home/ubuntu/neuron_cache_e2e/neuronxcc-2.23.6484.0+3b612583/MODULE_8732584952886592803+e30acd3a/model.neff
2026-09-09 09:00:05.000654:  89806  [INFO]: Using a cached neff at /home/ubuntu/neuron_cache_e2e/neuronxcc-2.23.6484.0+3b612583/MODULE_8732584952886592803+e30acd3a/model.neff
2026-09-09 09:00:05.000656:  89829  [INFO]: Using a cached neff at /home/ubuntu/neuron_cache_e2e/neuronxcc-2.23.6484.0+3b612583/MODULE_8732584952886592803+e30acd3a/model.neff
/home/ubuntu/train_gpt10b_tp_families.py:524: DeprecationWarning: Use torch_xla.sync instead
  xm.mark_step()   # slice sync graph: norms done
/home/ubuntu/train_gpt10b_tp_families.py:524: DeprecationWarning: Use torch_xla.sync instead
  xm.mark_step()   # slice sync graph: norms done
2026-09-09 09:00:05.000662:  89830  [INFO]: Using a cached neff at /home/ubuntu/neuron_cache_e2e/neuronxcc-2.23.6484.0+3b612583/MODULE_8732584952886592803+e30acd3a/model.neff
/home/ubuntu/train_gpt10b_tp_families.py:524: DeprecationWarning: Use torch_xla.sync instead
  xm.mark_step()   # slice sync graph: norms done
/home/ubuntu/train_gpt10b_tp_families.py:524: DeprecationWarning: Use torch_xla.sync instead
  xm.mark_step()   # slice sync graph: norms done
/home/ubuntu/train_gpt10b_tp_families.py:524: DeprecationWarning: Use torch_xla.sync instead
  xm.mark_step()   # slice sync graph: norms done
/home/ubuntu/train_gpt10b_tp_families.py:524: DeprecationWarning: Use torch_xla.sync instead
  xm.mark_step()   # slice sync graph: norms done
/home/ubuntu/train_gpt10b_tp_families.py:524: DeprecationWarning: Use torch_xla.sync instead
  xm.mark_step()   # slice sync graph: norms done
/home/ubuntu/train_gpt10b_tp_families.py:524: DeprecationWarning: Use torch_xla.sync instead
  xm.mark_step()   # slice sync graph: norms done
2026-09-09 09:00:05.000665:  89813  [INFO]: Using a cached neff at /home/ubuntu/neuron_cache_e2e/neuronxcc-2.23.6484.0+3b612583/MODULE_8732584952886592803+e30acd3a/model.neff
2026-09-09 09:00:05.000666:  89821  [INFO]: Using a cached neff at /home/ubuntu/neuron_cache_e2e/neuronxcc-2.23.6484.0+3b612583/MODULE_8732584952886592803+e30acd3a/model.neff
2026-09-09 09:00:05.000669:  89824  [INFO]: Using a cached neff at /home/ubuntu/neuron_cache_e2e/neuronxcc-2.23.6484.0+3b612583/MODULE_8732584952886592803+e30acd3a/model.neff
2026-09-09 09:00:05.000669:  89818  [INFO]: Using a cached neff at /home/ubuntu/neuron_cache_e2e/neuronxcc-2.23.6484.0+3b612583/MODULE_8732584952886592803+e30acd3a/model.neff
2026-09-09 09:00:05.000672:  89802  [INFO]: Using a cached neff at /home/ubuntu/neuron_cache_e2e/neuronxcc-2.23.6484.0+3b612583/MODULE_8732584952886592803+e30acd3a/model.neff
2026-09-09 09:00:05.000672:  89823  [INFO]: Using a cached neff at /home/ubuntu/neuron_cache_e2e/neuronxcc-2.23.6484.0+3b612583/MODULE_8732584952886592803+e30acd3a/model.neff
/home/ubuntu/train_gpt10b_tp_families.py:524: DeprecationWarning: Use torch_xla.sync instead
  xm.mark_step()   # slice sync graph: norms done
2026-09-09 09:00:05.000673:  89820  [INFO]: Using a cached neff at /home/ubuntu/neuron_cache_e2e/neuronxcc-2.23.6484.0+3b612583/MODULE_8732584952886592803+e30acd3a/model.neff
2026-09-09 09:00:05.000674:  89803  [INFO]: Using a cached neff at /home/ubuntu/neuron_cache_e2e/neuronxcc-2.23.6484.0+3b612583/MODULE_8732584952886592803+e30acd3a/model.neff
/home/ubuntu/train_gpt10b_tp_families.py:524: DeprecationWarning: Use torch_xla.sync instead
  xm.mark_step()   # slice sync graph: norms done
2026-09-09 09:00:05.000676:  89811  [INFO]: Using a cached neff at /home/ubuntu/neuron_cache_e2e/neuronxcc-2.23.6484.0+3b612583/MODULE_8732584952886592803+e30acd3a/model.neff
2026-09-09 09:00:05.000677:  89805  [INFO]: Using a cached neff at /home/ubuntu/neuron_cache_e2e/neuronxcc-2.23.6484.0+3b612583/MODULE_8732584952886592803+e30acd3a/model.neff
2026-09-09 09:00:05.000677:  89807  [INFO]: Using a cached neff at /home/ubuntu/neuron_cache_e2e/neuronxcc-2.23.6484.0+3b612583/MODULE_8732584952886592803+e30acd3a/model.neff
2026-09-09 09:00:05.000677:  89828  [INFO]: Using a cached neff at /home/ubuntu/neuron_cache_e2e/neuronxcc-2.23.6484.0+3b612583/MODULE_8732584952886592803+e30acd3a/model.neff
/home/ubuntu/train_gpt10b_tp_families.py:524: DeprecationWarning: Use torch_xla.sync instead
  xm.mark_step()   # slice sync graph: norms done
/home/ubuntu/train_gpt10b_tp_families.py:524: DeprecationWarning: Use torch_xla.sync instead
  xm.mark_step()   # slice sync graph: norms done
2026-09-09 09:00:05.000682:  89809  [INFO]: Using a cached neff at /home/ubuntu/neuron_cache_e2e/neuronxcc-2.23.6484.0+3b612583/MODULE_8732584952886592803+e30acd3a/model.neff
/home/ubuntu/train_gpt10b_tp_families.py:524: DeprecationWarning: Use torch_xla.sync instead
  xm.mark_step()   # slice sync graph: norms done
2026-09-09 09:00:05.000684:  89826  [INFO]: Using a cached neff at /home/ubuntu/neuron_cache_e2e/neuronxcc-2.23.6484.0+3b612583/MODULE_8732584952886592803+e30acd3a/model.neff
/home/ubuntu/train_gpt10b_tp_families.py:524: DeprecationWarning: Use torch_xla.sync instead
  xm.mark_step()   # slice sync graph: norms done
/home/ubuntu/train_gpt10b_tp_families.py:524: DeprecationWarning: Use torch_xla.sync instead
  xm.mark_step()   # slice sync graph: norms done
/home/ubuntu/train_gpt10b_tp_families.py:524: DeprecationWarning: Use torch_xla.sync instead
  xm.mark_step()   # slice sync graph: norms done
/home/ubuntu/train_gpt10b_tp_families.py:524: DeprecationWarning: Use torch_xla.sync instead
  xm.mark_step()   # slice sync graph: norms done
/home/ubuntu/train_gpt10b_tp_families.py:524: DeprecationWarning: Use torch_xla.sync instead
  xm.mark_step()   # slice sync graph: norms done
/home/ubuntu/train_gpt10b_tp_families.py:524: DeprecationWarning: Use torch_xla.sync instead
  xm.mark_step()   # slice sync graph: norms done
/home/ubuntu/train_gpt10b_tp_families.py:524: DeprecationWarning: Use torch_xla.sync instead
  xm.mark_step()   # slice sync graph: norms done
/home/ubuntu/train_gpt10b_tp_families.py:524: DeprecationWarning: Use torch_xla.sync instead
  xm.mark_step()   # slice sync graph: norms done
/home/ubuntu/train_gpt10b_tp_families.py:524: DeprecationWarning: Use torch_xla.sync instead
  xm.mark_step()   # slice sync graph: norms done
/home/ubuntu/train_gpt10b_tp_families.py:524: DeprecationWarning: Use torch_xla.sync instead
  xm.mark_step()   # slice sync graph: norms done
/home/ubuntu/train_gpt10b_tp_families.py:524: DeprecationWarning: Use torch_xla.sync instead
  xm.mark_step()   # slice sync graph: norms done
/home/ubuntu/train_gpt10b_tp_families.py:524: DeprecationWarning: Use torch_xla.sync instead
  xm.mark_step()   # slice sync graph: norms done
/home/ubuntu/train_gpt10b_tp_families.py:524: DeprecationWarning: Use torch_xla.sync instead
  xm.mark_step()   # slice sync graph: norms done
/home/ubuntu/train_gpt10b_tp_families.py:524: DeprecationWarning: Use torch_xla.sync instead
  xm.mark_step()   # slice sync graph: norms done
/home/ubuntu/train_gpt10b_tp_families.py:524: DeprecationWarning: Use torch_xla.sync instead
  xm.mark_step()   # slice sync graph: norms done
/home/ubuntu/train_gpt10b_tp_families.py:524: DeprecationWarning: Use torch_xla.sync instead
  xm.mark_step()   # slice sync graph: norms done
/home/ubuntu/train_gpt10b_tp_families.py:524: DeprecationWarning: Use torch_xla.sync instead
  xm.mark_step()   # slice sync graph: norms done
..
Compiler status PASS
2026-09-09 09:00:32.000727:  89804  [INFO]: Compilation Successfully Completed for model.MODULE_9794514909964512172+e30acd3a.hlo_module.pb
/home/ubuntu/train_gpt10b_tp_families.py:533: DeprecationWarning: Use torch_xla.sync instead
  xm.mark_step()   # slice sync graph: F4b done
.2026-09-09 09:00:35.000897:  89814  [INFO]: Using a cached neff at /home/ubuntu/neuron_cache_e2e/neuronxcc-2.23.6484.0+3b612583/MODULE_9794514909964512172+e30acd3a/model.neff
2026-09-09 09:00:35.000915:  89808  [INFO]: Using a cached neff at /home/ubuntu/neuron_cache_e2e/neuronxcc-2.23.6484.0+3b612583/MODULE_9794514909964512172+e30acd3a/model.neff
2026-09-09 09:00:36.000030:  89816  [INFO]: Using a cached neff at /home/ubuntu/neuron_cache_e2e/neuronxcc-2.23.6484.0+3b612583/MODULE_9794514909964512172+e30acd3a/model.neff
/home/ubuntu/train_gpt10b_tp_families.py:533: DeprecationWarning: Use torch_xla.sync instead
  xm.mark_step()   # slice sync graph: F4b done
2026-09-09 09:00:36.000079:  89832  [INFO]: Using a cached neff at /home/ubuntu/neuron_cache_e2e/neuronxcc-2.23.6484.0+3b612583/MODULE_9794514909964512172+e30acd3a/model.neff
2026-09-09 09:00:36.000079:  89831  [INFO]: Using a cached neff at /home/ubuntu/neuron_cache_e2e/neuronxcc-2.23.6484.0+3b612583/MODULE_9794514909964512172+e30acd3a/model.neff
/home/ubuntu/train_gpt10b_tp_families.py:533: DeprecationWarning: Use torch_xla.sync instead
  xm.mark_step()   # slice sync graph: F4b done
2026-09-09 09:00:36.000097:  89827  [INFO]: Using a cached neff at /home/ubuntu/neuron_cache_e2e/neuronxcc-2.23.6484.0+3b612583/MODULE_9794514909964512172+e30acd3a/model.neff
2026-09-09 09:00:36.000111:  89815  [INFO]: Using a cached neff at /home/ubuntu/neuron_cache_e2e/neuronxcc-2.23.6484.0+3b612583/MODULE_9794514909964512172+e30acd3a/model.neff
2026-09-09 09:00:36.000140:  89812  [INFO]: Using a cached neff at /home/ubuntu/neuron_cache_e2e/neuronxcc-2.23.6484.0+3b612583/MODULE_9794514909964512172+e30acd3a/model.neff
2026-09-09 09:00:36.000140:  89817  [INFO]: Using a cached neff at /home/ubuntu/neuron_cache_e2e/neuronxcc-2.23.6484.0+3b612583/MODULE_9794514909964512172+e30acd3a/model.neff
2026-09-09 09:00:36.000140:  89822  [INFO]: Using a cached neff at /home/ubuntu/neuron_cache_e2e/neuronxcc-2.23.6484.0+3b612583/MODULE_9794514909964512172+e30acd3a/model.neff
2026-09-09 09:00:36.000140:  89801  [INFO]: Using a cached neff at /home/ubuntu/neuron_cache_e2e/neuronxcc-2.23.6484.0+3b612583/MODULE_9794514909964512172+e30acd3a/model.neff
2026-09-09 09:00:36.000193:  89825  [INFO]: Using a cached neff at /home/ubuntu/neuron_cache_e2e/neuronxcc-2.23.6484.0+3b612583/MODULE_9794514909964512172+e30acd3a/model.neff
2026-09-09 09:00:36.000193:  89819  [INFO]: Using a cached neff at /home/ubuntu/neuron_cache_e2e/neuronxcc-2.23.6484.0+3b612583/MODULE_9794514909964512172+e30acd3a/model.neff
2026-09-09 09:00:36.000193:  89818  [INFO]: Using a cached neff at /home/ubuntu/neuron_cache_e2e/neuronxcc-2.23.6484.0+3b612583/MODULE_9794514909964512172+e30acd3a/model.neff
2026-09-09 09:00:36.000193:  89828  [INFO]: Using a cached neff at /home/ubuntu/neuron_cache_e2e/neuronxcc-2.23.6484.0+3b612583/MODULE_9794514909964512172+e30acd3a/model.neff
2026-09-09 09:00:36.000193:  89802  [INFO]: Using a cached neff at /home/ubuntu/neuron_cache_e2e/neuronxcc-2.23.6484.0+3b612583/MODULE_9794514909964512172+e30acd3a/model.neff
2026-09-09 09:00:36.000201:  89826  [INFO]: Using a cached neff at /home/ubuntu/neuron_cache_e2e/neuronxcc-2.23.6484.0+3b612583/MODULE_9794514909964512172+e30acd3a/model.neff
2026-09-09 09:00:36.000201:  89813  [INFO]: Using a cached neff at /home/ubuntu/neuron_cache_e2e/neuronxcc-2.23.6484.0+3b612583/MODULE_9794514909964512172+e30acd3a/model.neff
2026-09-09 09:00:36.000201:  89810  [INFO]: Using a cached neff at /home/ubuntu/neuron_cache_e2e/neuronxcc-2.23.6484.0+3b612583/MODULE_9794514909964512172+e30acd3a/model.neff
2026-09-09 09:00:36.000201:  89824  [INFO]: Using a cached neff at /home/ubuntu/neuron_cache_e2e/neuronxcc-2.23.6484.0+3b612583/MODULE_9794514909964512172+e30acd3a/model.neff
2026-09-09 09:00:36.000201:  89830  [INFO]: Using a cached neff at /home/ubuntu/neuron_cache_e2e/neuronxcc-2.23.6484.0+3b612583/MODULE_9794514909964512172+e30acd3a/model.neff
2026-09-09 09:00:36.000206:  89803  [INFO]: Using a cached neff at /home/ubuntu/neuron_cache_e2e/neuronxcc-2.23.6484.0+3b612583/MODULE_9794514909964512172+e30acd3a/model.neff
/home/ubuntu/train_gpt10b_tp_families.py:533: DeprecationWarning: Use torch_xla.sync instead
  xm.mark_step()   # slice sync graph: F4b done
2026-09-09 09:00:36.000209:  89806  [INFO]: Using a cached neff at /home/ubuntu/neuron_cache_e2e/neuronxcc-2.23.6484.0+3b612583/MODULE_9794514909964512172+e30acd3a/model.neff
2026-09-09 09:00:36.000211:  89809  [INFO]: Using a cached neff at /home/ubuntu/neuron_cache_e2e/neuronxcc-2.23.6484.0+3b612583/MODULE_9794514909964512172+e30acd3a/model.neff
2026-09-09 09:00:36.000221:  89805  [INFO]: Using a cached neff at /home/ubuntu/neuron_cache_e2e/neuronxcc-2.23.6484.0+3b612583/MODULE_9794514909964512172+e30acd3a/model.neff
2026-09-09 09:00:36.000221:  89821  [INFO]: Using a cached neff at /home/ubuntu/neuron_cache_e2e/neuronxcc-2.23.6484.0+3b612583/MODULE_9794514909964512172+e30acd3a/model.neff
2026-09-09 09:00:36.000243:  89811  [INFO]: Using a cached neff at /home/ubuntu/neuron_cache_e2e/neuronxcc-2.23.6484.0+3b612583/MODULE_9794514909964512172+e30acd3a/model.neff
/home/ubuntu/train_gpt10b_tp_families.py:533: DeprecationWarning: Use torch_xla.sync instead
  xm.mark_step()   # slice sync graph: F4b done
/home/ubuntu/train_gpt10b_tp_families.py:533: DeprecationWarning: Use torch_xla.sync instead
  xm.mark_step()   # slice sync graph: F4b done
/home/ubuntu/train_gpt10b_tp_families.py:533: DeprecationWarning: Use torch_xla.sync instead
  xm.mark_step()   # slice sync graph: F4b done
/home/ubuntu/train_gpt10b_tp_families.py:533: DeprecationWarning: Use torch_xla.sync instead
  xm.mark_step()   # slice sync graph: F4b done
/home/ubuntu/train_gpt10b_tp_families.py:533: DeprecationWarning: Use torch_xla.sync instead
  xm.mark_step()   # slice sync graph: F4b done
/home/ubuntu/train_gpt10b_tp_families.py:533: DeprecationWarning: Use torch_xla.sync instead
  xm.mark_step()   # slice sync graph: F4b done
/home/ubuntu/train_gpt10b_tp_families.py:533: DeprecationWarning: Use torch_xla.sync instead
  xm.mark_step()   # slice sync graph: F4b done
/home/ubuntu/train_gpt10b_tp_families.py:533: DeprecationWarning: Use torch_xla.sync instead
  xm.mark_step()   # slice sync graph: F4b done
/home/ubuntu/train_gpt10b_tp_families.py:533: DeprecationWarning: Use torch_xla.sync instead
  xm.mark_step()   # slice sync graph: F4b done
/home/ubuntu/train_gpt10b_tp_families.py:533: DeprecationWarning: Use torch_xla.sync instead
  xm.mark_step()   # slice sync graph: F4b done
/home/ubuntu/train_gpt10b_tp_families.py:533: DeprecationWarning: Use torch_xla.sync instead
  xm.mark_step()   # slice sync graph: F4b done
/home/ubuntu/train_gpt10b_tp_families.py:533: DeprecationWarning: Use torch_xla.sync instead
  xm.mark_step()   # slice sync graph: F4b done
/home/ubuntu/train_gpt10b_tp_families.py:533: DeprecationWarning: Use torch_xla.sync instead
  xm.mark_step()   # slice sync graph: F4b done
/home/ubuntu/train_gpt10b_tp_families.py:533: DeprecationWarning: Use torch_xla.sync instead
  xm.mark_step()   # slice sync graph: F4b done
/home/ubuntu/train_gpt10b_tp_families.py:533: DeprecationWarning: Use torch_xla.sync instead
  xm.mark_step()   # slice sync graph: F4b done
/home/ubuntu/train_gpt10b_tp_families.py:533: DeprecationWarning: Use torch_xla.sync instead
  xm.mark_step()   # slice sync graph: F4b done
/home/ubuntu/train_gpt10b_tp_families.py:533: DeprecationWarning: Use torch_xla.sync instead
  xm.mark_step()   # slice sync graph: F4b done
/home/ubuntu/train_gpt10b_tp_families.py:533: DeprecationWarning: Use torch_xla.sync instead
  xm.mark_step()   # slice sync graph: F4b done
/home/ubuntu/train_gpt10b_tp_families.py:533: DeprecationWarning: Use torch_xla.sync instead
  xm.mark_step()   # slice sync graph: F4b done
/home/ubuntu/train_gpt10b_tp_families.py:533: DeprecationWarning: Use torch_xla.sync instead
  xm.mark_step()   # slice sync graph: F4b done
/home/ubuntu/train_gpt10b_tp_families.py:533: DeprecationWarning: Use torch_xla.sync instead
  xm.mark_step()   # slice sync graph: F4b done
/home/ubuntu/train_gpt10b_tp_families.py:533: DeprecationWarning: Use torch_xla.sync instead
  xm.mark_step()   # slice sync graph: F4b done
/home/ubuntu/train_gpt10b_tp_families.py:533: DeprecationWarning: Use torch_xla.sync instead
  xm.mark_step()   # slice sync graph: F4b done
/home/ubuntu/train_gpt10b_tp_families.py:533: DeprecationWarning: Use torch_xla.sync instead
  xm.mark_step()   # slice sync graph: F4b done
2026-09-09 09:00:40.000925:  89823  [INFO]: Using a cached neff at /home/ubuntu/neuron_cache_e2e/neuronxcc-2.23.6484.0+3b612583/MODULE_9794514909964512172+e30acd3a/model.neff
2026-09-09 09:00:40.000947:  89829  [INFO]: Using a cached neff at /home/ubuntu/neuron_cache_e2e/neuronxcc-2.23.6484.0+3b612583/MODULE_9794514909964512172+e30acd3a/model.neff
2026-09-09 09:00:40.000966:  89820  [INFO]: Using a cached neff at /home/ubuntu/neuron_cache_e2e/neuronxcc-2.23.6484.0+3b612583/MODULE_9794514909964512172+e30acd3a/model.neff
2026-09-09 09:00:40.000968:  89807  [INFO]: Using a cached neff at /home/ubuntu/neuron_cache_e2e/neuronxcc-2.23.6484.0+3b612583/MODULE_9794514909964512172+e30acd3a/model.neff
/home/ubuntu/train_gpt10b_tp_families.py:533: DeprecationWarning: Use torch_xla.sync instead
  xm.mark_step()   # slice sync graph: F4b done
/home/ubuntu/train_gpt10b_tp_families.py:533: DeprecationWarning: Use torch_xla.sync instead
  xm.mark_step()   # slice sync graph: F4b done
/home/ubuntu/train_gpt10b_tp_families.py:533: DeprecationWarning: Use torch_xla.sync instead
  xm.mark_step()   # slice sync graph: F4b done
/home/ubuntu/train_gpt10b_tp_families.py:533: DeprecationWarning: Use torch_xla.sync instead
  xm.mark_step()   # slice sync graph: F4b done
.
Compiler status PASS
2026-09-09 09:00:58.000151:  89804  [INFO]: Compilation Successfully Completed for model.MODULE_10351941693924015316+e30acd3a.hlo_module.pb
/home/ubuntu/train_gpt10b_tp_families.py:549: DeprecationWarning: Use torch_xla.sync instead
  xm.mark_step()   # slice sync graph: F6/F7 done
.2026-09-09 09:01:01.000165:  89823  [INFO]: Using a cached neff at /home/ubuntu/neuron_cache_e2e/neuronxcc-2.23.6484.0+3b612583/MODULE_10351941693924015316+e30acd3a/model.neff
2026-09-09 09:01:01.000170:  89814  [INFO]: Using a cached neff at /home/ubuntu/neuron_cache_e2e/neuronxcc-2.23.6484.0+3b612583/MODULE_10351941693924015316+e30acd3a/model.neff
2026-09-09 09:01:01.000207:  89829  [INFO]: Using a cached neff at /home/ubuntu/neuron_cache_e2e/neuronxcc-2.23.6484.0+3b612583/MODULE_10351941693924015316+e30acd3a/model.neff
2026-09-09 09:01:01.000218:  89820  [INFO]: Using a cached neff at /home/ubuntu/neuron_cache_e2e/neuronxcc-2.23.6484.0+3b612583/MODULE_10351941693924015316+e30acd3a/model.neff
2026-09-09 09:01:01.000225:  89807  [INFO]: Using a cached neff at /home/ubuntu/neuron_cache_e2e/neuronxcc-2.23.6484.0+3b612583/MODULE_10351941693924015316+e30acd3a/model.neff
2026-09-09 09:01:01.000235:  89808  [INFO]: Using a cached neff at /home/ubuntu/neuron_cache_e2e/neuronxcc-2.23.6484.0+3b612583/MODULE_10351941693924015316+e30acd3a/model.neff
2026-09-09 09:01:01.000334:  89816  [INFO]: Using a cached neff at /home/ubuntu/neuron_cache_e2e/neuronxcc-2.23.6484.0+3b612583/MODULE_10351941693924015316+e30acd3a/model.neff
/home/ubuntu/train_gpt10b_tp_families.py:549: DeprecationWarning: Use torch_xla.sync instead
  xm.mark_step()   # slice sync graph: F6/F7 done
2026-09-09 09:01:01.000404:  89831  [INFO]: Using a cached neff at /home/ubuntu/neuron_cache_e2e/neuronxcc-2.23.6484.0+3b612583/MODULE_10351941693924015316+e30acd3a/model.neff
/home/ubuntu/train_gpt10b_tp_families.py:549: DeprecationWarning: Use torch_xla.sync instead
  xm.mark_step()   # slice sync graph: F6/F7 done
2026-09-09 09:01:01.000430:  89827  [INFO]: Using a cached neff at /home/ubuntu/neuron_cache_e2e/neuronxcc-2.23.6484.0+3b612583/MODULE_10351941693924015316+e30acd3a/model.neff
/home/ubuntu/train_gpt10b_tp_families.py:549: DeprecationWarning: Use torch_xla.sync instead
  xm.mark_step()   # slice sync graph: F6/F7 done
/home/ubuntu/train_gpt10b_tp_families.py:549: DeprecationWarning: Use torch_xla.sync instead
  xm.mark_step()   # slice sync graph: F6/F7 done
2026-09-09 09:01:01.000456:  89832  [INFO]: Using a cached neff at /home/ubuntu/neuron_cache_e2e/neuronxcc-2.23.6484.0+3b612583/MODULE_10351941693924015316+e30acd3a/model.neff
/home/ubuntu/train_gpt10b_tp_families.py:549: DeprecationWarning: Use torch_xla.sync instead
  xm.mark_step()   # slice sync graph: F6/F7 done
2026-09-09 09:01:01.000469:  89815  [INFO]: Using a cached neff at /home/ubuntu/neuron_cache_e2e/neuronxcc-2.23.6484.0+3b612583/MODULE_10351941693924015316+e30acd3a/model.neff
2026-09-09 09:01:01.000502:  89822  [INFO]: Using a cached neff at /home/ubuntu/neuron_cache_e2e/neuronxcc-2.23.6484.0+3b612583/MODULE_10351941693924015316+e30acd3a/model.neff
/home/ubuntu/train_gpt10b_tp_families.py:549: DeprecationWarning: Use torch_xla.sync instead
  xm.mark_step()   # slice sync graph: F6/F7 done
2026-09-09 09:01:01.000516:  89812  [INFO]: Using a cached neff at /home/ubuntu/neuron_cache_e2e/neuronxcc-2.23.6484.0+3b612583/MODULE_10351941693924015316+e30acd3a/model.neff
2026-09-09 09:01:01.000527:  89817  [INFO]: Using a cached neff at /home/ubuntu/neuron_cache_e2e/neuronxcc-2.23.6484.0+3b612583/MODULE_10351941693924015316+e30acd3a/model.neff
2026-09-09 09:01:01.000537:  89802  [INFO]: Using a cached neff at /home/ubuntu/neuron_cache_e2e/neuronxcc-2.23.6484.0+3b612583/MODULE_10351941693924015316+e30acd3a/model.neff
2026-09-09 09:01:01.000550:  89813  [INFO]: Using a cached neff at /home/ubuntu/neuron_cache_e2e/neuronxcc-2.23.6484.0+3b612583/MODULE_10351941693924015316+e30acd3a/model.neff
2026-09-09 09:01:01.000550:  89825  [INFO]: Using a cached neff at /home/ubuntu/neuron_cache_e2e/neuronxcc-2.23.6484.0+3b612583/MODULE_10351941693924015316+e30acd3a/model.neff
2026-09-09 09:01:01.000562:  89801  [INFO]: Using a cached neff at /home/ubuntu/neuron_cache_e2e/neuronxcc-2.23.6484.0+3b612583/MODULE_10351941693924015316+e30acd3a/model.neff
2026-09-09 09:01:01.000570:  89818  [INFO]: Using a cached neff at /home/ubuntu/neuron_cache_e2e/neuronxcc-2.23.6484.0+3b612583/MODULE_10351941693924015316+e30acd3a/model.neff
2026-09-09 09:01:01.000572:  89810  [INFO]: Using a cached neff at /home/ubuntu/neuron_cache_e2e/neuronxcc-2.23.6484.0+3b612583/MODULE_10351941693924015316+e30acd3a/model.neff
2026-09-09 09:01:01.000573:  89828  [INFO]: Using a cached neff at /home/ubuntu/neuron_cache_e2e/neuronxcc-2.23.6484.0+3b612583/MODULE_10351941693924015316+e30acd3a/model.neff
2026-09-09 09:01:01.000576:  89826  [INFO]: Using a cached neff at /home/ubuntu/neuron_cache_e2e/neuronxcc-2.23.6484.0+3b612583/MODULE_10351941693924015316+e30acd3a/model.neff
2026-09-09 09:01:01.000577:  89819  [INFO]: Using a cached neff at /home/ubuntu/neuron_cache_e2e/neuronxcc-2.23.6484.0+3b612583/MODULE_10351941693924015316+e30acd3a/model.neff
2026-09-09 09:01:01.000581:  89809  [INFO]: Using a cached neff at /home/ubuntu/neuron_cache_e2e/neuronxcc-2.23.6484.0+3b612583/MODULE_10351941693924015316+e30acd3a/model.neff
/home/ubuntu/train_gpt10b_tp_families.py:549: DeprecationWarning: Use torch_xla.sync instead
  xm.mark_step()   # slice sync graph: F6/F7 done
2026-09-09 09:01:01.000592:  89805  [INFO]: Using a cached neff at /home/ubuntu/neuron_cache_e2e/neuronxcc-2.23.6484.0+3b612583/MODULE_10351941693924015316+e30acd3a/model.neff
2026-09-09 09:01:01.000595:  89824  [INFO]: Using a cached neff at /home/ubuntu/neuron_cache_e2e/neuronxcc-2.23.6484.0+3b612583/MODULE_10351941693924015316+e30acd3a/model.neff
2026-09-09 09:01:01.000596:  89803  [INFO]: Using a cached neff at /home/ubuntu/neuron_cache_e2e/neuronxcc-2.23.6484.0+3b612583/MODULE_10351941693924015316+e30acd3a/model.neff
2026-09-09 09:01:01.000597:  89821  [INFO]: Using a cached neff at /home/ubuntu/neuron_cache_e2e/neuronxcc-2.23.6484.0+3b612583/MODULE_10351941693924015316+e30acd3a/model.neff
2026-09-09 09:01:01.000601:  89811  [INFO]: Using a cached neff at /home/ubuntu/neuron_cache_e2e/neuronxcc-2.23.6484.0+3b612583/MODULE_10351941693924015316+e30acd3a/model.neff
2026-09-09 09:01:01.000606:  89806  [INFO]: Using a cached neff at /home/ubuntu/neuron_cache_e2e/neuronxcc-2.23.6484.0+3b612583/MODULE_10351941693924015316+e30acd3a/model.neff
2026-09-09 09:01:01.000611:  89830  [INFO]: Using a cached neff at /home/ubuntu/neuron_cache_e2e/neuronxcc-2.23.6484.0+3b612583/MODULE_10351941693924015316+e30acd3a/model.neff
/home/ubuntu/train_gpt10b_tp_families.py:549: DeprecationWarning: Use torch_xla.sync instead
  xm.mark_step()   # slice sync graph: F6/F7 done
/home/ubuntu/train_gpt10b_tp_families.py:549: DeprecationWarning: Use torch_xla.sync instead
  xm.mark_step()   # slice sync graph: F6/F7 done
/home/ubuntu/train_gpt10b_tp_families.py:549: DeprecationWarning: Use torch_xla.sync instead
  xm.mark_step()   # slice sync graph: F6/F7 done
/home/ubuntu/train_gpt10b_tp_families.py:549: DeprecationWarning: Use torch_xla.sync instead
  xm.mark_step()   # slice sync graph: F6/F7 done
/home/ubuntu/train_gpt10b_tp_families.py:549: DeprecationWarning: Use torch_xla.sync instead
  xm.mark_step()   # slice sync graph: F6/F7 done
/home/ubuntu/train_gpt10b_tp_families.py:549: DeprecationWarning: Use torch_xla.sync instead
  xm.mark_step()   # slice sync graph: F6/F7 done
/home/ubuntu/train_gpt10b_tp_families.py:549: DeprecationWarning: Use torch_xla.sync instead
  xm.mark_step()   # slice sync graph: F6/F7 done
/home/ubuntu/train_gpt10b_tp_families.py:549: DeprecationWarning: Use torch_xla.sync instead
  xm.mark_step()   # slice sync graph: F6/F7 done
/home/ubuntu/train_gpt10b_tp_families.py:549: DeprecationWarning: Use torch_xla.sync instead
  xm.mark_step()   # slice sync graph: F6/F7 done
/home/ubuntu/train_gpt10b_tp_families.py:549: DeprecationWarning: Use torch_xla.sync instead
  xm.mark_step()   # slice sync graph: F6/F7 done
/home/ubuntu/train_gpt10b_tp_families.py:549: DeprecationWarning: Use torch_xla.sync instead
  xm.mark_step()   # slice sync graph: F6/F7 done
/home/ubuntu/train_gpt10b_tp_families.py:549: DeprecationWarning: Use torch_xla.sync instead
  xm.mark_step()   # slice sync graph: F6/F7 done
/home/ubuntu/train_gpt10b_tp_families.py:549: DeprecationWarning: Use torch_xla.sync instead
  xm.mark_step()   # slice sync graph: F6/F7 done
/home/ubuntu/train_gpt10b_tp_families.py:549: DeprecationWarning: Use torch_xla.sync instead
  xm.mark_step()   # slice sync graph: F6/F7 done
/home/ubuntu/train_gpt10b_tp_families.py:549: DeprecationWarning: Use torch_xla.sync instead
  xm.mark_step()   # slice sync graph: F6/F7 done
/home/ubuntu/train_gpt10b_tp_families.py:549: DeprecationWarning: Use torch_xla.sync instead
  xm.mark_step()   # slice sync graph: F6/F7 done
/home/ubuntu/train_gpt10b_tp_families.py:549: DeprecationWarning: Use torch_xla.sync instead
  xm.mark_step()   # slice sync graph: F6/F7 done
/home/ubuntu/train_gpt10b_tp_families.py:549: DeprecationWarning: Use torch_xla.sync instead
  xm.mark_step()   # slice sync graph: F6/F7 done
/home/ubuntu/train_gpt10b_tp_families.py:549: DeprecationWarning: Use torch_xla.sync instead
  xm.mark_step()   # slice sync graph: F6/F7 done
/home/ubuntu/train_gpt10b_tp_families.py:549: DeprecationWarning: Use torch_xla.sync instead
  xm.mark_step()   # slice sync graph: F6/F7 done
/home/ubuntu/train_gpt10b_tp_families.py:549: DeprecationWarning: Use torch_xla.sync instead
  xm.mark_step()   # slice sync graph: F6/F7 done
/home/ubuntu/train_gpt10b_tp_families.py:549: DeprecationWarning: Use torch_xla.sync instead
  xm.mark_step()   # slice sync graph: F6/F7 done
/home/ubuntu/train_gpt10b_tp_families.py:549: DeprecationWarning: Use torch_xla.sync instead
  xm.mark_step()   # slice sync graph: F6/F7 done
/home/ubuntu/train_gpt10b_tp_families.py:549: DeprecationWarning: Use torch_xla.sync instead
  xm.mark_step()   # slice sync graph: F6/F7 done
.
Compiler status PASS
2026-09-09 09:01:22.000646:  89804  [INFO]: Compilation Successfully Completed for model.MODULE_17990348838804218852+e30acd3a.hlo_module.pb
/home/ubuntu/train_gpt10b_tp_families.py:568: DeprecationWarning: Use torch_xla.sync instead
  xm.mark_step()
.2026-09-09 09:01:26.000622:  89823  [INFO]: Using a cached neff at /home/ubuntu/neuron_cache_e2e/neuronxcc-2.23.6484.0+3b612583/MODULE_17990348838804218852+e30acd3a/model.neff
2026-09-09 09:01:26.000658:  89814  [INFO]: Using a cached neff at /home/ubuntu/neuron_cache_e2e/neuronxcc-2.23.6484.0+3b612583/MODULE_17990348838804218852+e30acd3a/model.neff
2026-09-09 09:01:26.000703:  89829  [INFO]: Using a cached neff at /home/ubuntu/neuron_cache_e2e/neuronxcc-2.23.6484.0+3b612583/MODULE_17990348838804218852+e30acd3a/model.neff
2026-09-09 09:01:26.000728:  89807  [INFO]: Using a cached neff at /home/ubuntu/neuron_cache_e2e/neuronxcc-2.23.6484.0+3b612583/MODULE_17990348838804218852+e30acd3a/model.neff
2026-09-09 09:01:26.000729:  89820  [INFO]: Using a cached neff at /home/ubuntu/neuron_cache_e2e/neuronxcc-2.23.6484.0+3b612583/MODULE_17990348838804218852+e30acd3a/model.neff
/home/ubuntu/train_gpt10b_tp_families.py:568: DeprecationWarning: Use torch_xla.sync instead
  xm.mark_step()
2026-09-09 09:01:26.000785:  89808  [INFO]: Using a cached neff at /home/ubuntu/neuron_cache_e2e/neuronxcc-2.23.6484.0+3b612583/MODULE_17990348838804218852+e30acd3a/model.neff
/home/ubuntu/train_gpt10b_tp_families.py:568: DeprecationWarning: Use torch_xla.sync instead
  xm.mark_step()
/home/ubuntu/train_gpt10b_tp_families.py:568: DeprecationWarning: Use torch_xla.sync instead
  xm.mark_step()
2026-09-09 09:01:26.000877:  89816  [INFO]: Using a cached neff at /home/ubuntu/neuron_cache_e2e/neuronxcc-2.23.6484.0+3b612583/MODULE_17990348838804218852+e30acd3a/model.neff
/home/ubuntu/train_gpt10b_tp_families.py:568: DeprecationWarning: Use torch_xla.sync instead
  xm.mark_step()
/home/ubuntu/train_gpt10b_tp_families.py:568: DeprecationWarning: Use torch_xla.sync instead
  xm.mark_step()
2026-09-09 09:01:26.000917:  89831  [INFO]: Using a cached neff at /home/ubuntu/neuron_cache_e2e/neuronxcc-2.23.6484.0+3b612583/MODULE_17990348838804218852+e30acd3a/model.neff
2026-09-09 09:01:26.000956:  89827  [INFO]: Using a cached neff at /home/ubuntu/neuron_cache_e2e/neuronxcc-2.23.6484.0+3b612583/MODULE_17990348838804218852+e30acd3a/model.neff
/home/ubuntu/train_gpt10b_tp_families.py:568: DeprecationWarning: Use torch_xla.sync instead
  xm.mark_step()
2026-09-09 09:01:27.000027:  89815  [INFO]: Using a cached neff at /home/ubuntu/neuron_cache_e2e/neuronxcc-2.23.6484.0+3b612583/MODULE_17990348838804218852+e30acd3a/model.neff
2026-09-09 09:01:27.000029:  89832  [INFO]: Using a cached neff at /home/ubuntu/neuron_cache_e2e/neuronxcc-2.23.6484.0+3b612583/MODULE_17990348838804218852+e30acd3a/model.neff
/home/ubuntu/train_gpt10b_tp_families.py:568: DeprecationWarning: Use torch_xla.sync instead
  xm.mark_step()
/home/ubuntu/train_gpt10b_tp_families.py:568: DeprecationWarning: Use torch_xla.sync instead
  xm.mark_step()
2026-09-09 09:01:27.000067:  89813  [INFO]: Using a cached neff at /home/ubuntu/neuron_cache_e2e/neuronxcc-2.23.6484.0+3b612583/MODULE_17990348838804218852+e30acd3a/model.neff
2026-09-09 09:01:27.000098:  89825  [INFO]: Using a cached neff at /home/ubuntu/neuron_cache_e2e/neuronxcc-2.23.6484.0+3b612583/MODULE_17990348838804218852+e30acd3a/model.neff
2026-09-09 09:01:27.000099:  89812  [INFO]: Using a cached neff at /home/ubuntu/neuron_cache_e2e/neuronxcc-2.23.6484.0+3b612583/MODULE_17990348838804218852+e30acd3a/model.neff
/home/ubuntu/train_gpt10b_tp_families.py:568: DeprecationWarning: Use torch_xla.sync instead
  xm.mark_step()
2026-09-09 09:01:27.000111:  89822  [INFO]: Using a cached neff at /home/ubuntu/neuron_cache_e2e/neuronxcc-2.23.6484.0+3b612583/MODULE_17990348838804218852+e30acd3a/model.neff
2026-09-09 09:01:27.000128:  89802  [INFO]: Using a cached neff at /home/ubuntu/neuron_cache_e2e/neuronxcc-2.23.6484.0+3b612583/MODULE_17990348838804218852+e30acd3a/model.neff
2026-09-09 09:01:27.000130:  89818  [INFO]: Using a cached neff at /home/ubuntu/neuron_cache_e2e/neuronxcc-2.23.6484.0+3b612583/MODULE_17990348838804218852+e30acd3a/model.neff
2026-09-09 09:01:27.000132:  89809  [INFO]: Using a cached neff at /home/ubuntu/neuron_cache_e2e/neuronxcc-2.23.6484.0+3b612583/MODULE_17990348838804218852+e30acd3a/model.neff
2026-09-09 09:01:27.000145:  89810  [INFO]: Using a cached neff at /home/ubuntu/neuron_cache_e2e/neuronxcc-2.23.6484.0+3b612583/MODULE_17990348838804218852+e30acd3a/model.neff
2026-09-09 09:01:27.000146:  89803  [INFO]: Using a cached neff at /home/ubuntu/neuron_cache_e2e/neuronxcc-2.23.6484.0+3b612583/MODULE_17990348838804218852+e30acd3a/model.neff
2026-09-09 09:01:27.000148:  89805  [INFO]: Using a cached neff at /home/ubuntu/neuron_cache_e2e/neuronxcc-2.23.6484.0+3b612583/MODULE_17990348838804218852+e30acd3a/model.neff
2026-09-09 09:01:27.000152:  89821  [INFO]: Using a cached neff at /home/ubuntu/neuron_cache_e2e/neuronxcc-2.23.6484.0+3b612583/MODULE_17990348838804218852+e30acd3a/model.neff
2026-09-09 09:01:27.000153:  89824  [INFO]: Using a cached neff at /home/ubuntu/neuron_cache_e2e/neuronxcc-2.23.6484.0+3b612583/MODULE_17990348838804218852+e30acd3a/model.neff
2026-09-09 09:01:27.000159:  89811  [INFO]: Using a cached neff at /home/ubuntu/neuron_cache_e2e/neuronxcc-2.23.6484.0+3b612583/MODULE_17990348838804218852+e30acd3a/model.neff
2026-09-09 09:01:27.000160:  89828  [INFO]: Using a cached neff at /home/ubuntu/neuron_cache_e2e/neuronxcc-2.23.6484.0+3b612583/MODULE_17990348838804218852+e30acd3a/model.neff
2026-09-09 09:01:27.000182:  89817  [INFO]: Using a cached neff at /home/ubuntu/neuron_cache_e2e/neuronxcc-2.23.6484.0+3b612583/MODULE_17990348838804218852+e30acd3a/model.neff
2026-09-09 09:01:27.000194:  89826  [INFO]: Using a cached neff at /home/ubuntu/neuron_cache_e2e/neuronxcc-2.23.6484.0+3b612583/MODULE_17990348838804218852+e30acd3a/model.neff
2026-09-09 09:01:27.000195:  89819  [INFO]: Using a cached neff at /home/ubuntu/neuron_cache_e2e/neuronxcc-2.23.6484.0+3b612583/MODULE_17990348838804218852+e30acd3a/model.neff
/home/ubuntu/train_gpt10b_tp_families.py:568: DeprecationWarning: Use torch_xla.sync instead
  xm.mark_step()
/home/ubuntu/train_gpt10b_tp_families.py:568: DeprecationWarning: Use torch_xla.sync instead
  xm.mark_step()
2026-09-09 09:01:27.000215:  89806  [INFO]: Using a cached neff at /home/ubuntu/neuron_cache_e2e/neuronxcc-2.23.6484.0+3b612583/MODULE_17990348838804218852+e30acd3a/model.neff
/home/ubuntu/train_gpt10b_tp_families.py:568: DeprecationWarning: Use torch_xla.sync instead
  xm.mark_step()
2026-09-09 09:01:27.000249:  89801  [INFO]: Using a cached neff at /home/ubuntu/neuron_cache_e2e/neuronxcc-2.23.6484.0+3b612583/MODULE_17990348838804218852+e30acd3a/model.neff
2026-09-09 09:01:27.000258:  89830  [INFO]: Using a cached neff at /home/ubuntu/neuron_cache_e2e/neuronxcc-2.23.6484.0+3b612583/MODULE_17990348838804218852+e30acd3a/model.neff
/home/ubuntu/train_gpt10b_tp_families.py:568: DeprecationWarning: Use torch_xla.sync instead
  xm.mark_step()
/home/ubuntu/train_gpt10b_tp_families.py:568: DeprecationWarning: Use torch_xla.sync instead
  xm.mark_step()
/home/ubuntu/train_gpt10b_tp_families.py:568: DeprecationWarning: Use torch_xla.sync instead
  xm.mark_step()
/home/ubuntu/train_gpt10b_tp_families.py:568: DeprecationWarning: Use torch_xla.sync instead
  xm.mark_step()
/home/ubuntu/train_gpt10b_tp_families.py:568: DeprecationWarning: Use torch_xla.sync instead
  xm.mark_step()
/home/ubuntu/train_gpt10b_tp_families.py:568: DeprecationWarning: Use torch_xla.sync instead
  xm.mark_step()
/home/ubuntu/train_gpt10b_tp_families.py:568: DeprecationWarning: Use torch_xla.sync instead
  xm.mark_step()
/home/ubuntu/train_gpt10b_tp_families.py:568: DeprecationWarning: Use torch_xla.sync instead
  xm.mark_step()
/home/ubuntu/train_gpt10b_tp_families.py:568: DeprecationWarning: Use torch_xla.sync instead
  xm.mark_step()
/home/ubuntu/train_gpt10b_tp_families.py:568: DeprecationWarning: Use torch_xla.sync instead
  xm.mark_step()
/home/ubuntu/train_gpt10b_tp_families.py:568: DeprecationWarning: Use torch_xla.sync instead
  xm.mark_step()
/home/ubuntu/train_gpt10b_tp_families.py:568: DeprecationWarning: Use torch_xla.sync instead
  xm.mark_step()
/home/ubuntu/train_gpt10b_tp_families.py:568: DeprecationWarning: Use torch_xla.sync instead
  xm.mark_step()
/home/ubuntu/train_gpt10b_tp_families.py:568: DeprecationWarning: Use torch_xla.sync instead
  xm.mark_step()
/home/ubuntu/train_gpt10b_tp_families.py:568: DeprecationWarning: Use torch_xla.sync instead
  xm.mark_step()
/home/ubuntu/train_gpt10b_tp_families.py:568: DeprecationWarning: Use torch_xla.sync instead
  xm.mark_step()
/home/ubuntu/train_gpt10b_tp_families.py:568: DeprecationWarning: Use torch_xla.sync instead
  xm.mark_step()
/home/ubuntu/train_gpt10b_tp_families.py:568: DeprecationWarning: Use torch_xla.sync instead
  xm.mark_step()
/home/ubuntu/train_gpt10b_tp_families.py:568: DeprecationWarning: Use torch_xla.sync instead
  xm.mark_step()

Compiler status PASS
2026-09-09 09:01:30.000190:  89804  [INFO]: Compilation Successfully Completed for model.MODULE_5827082468977595728+e30acd3a.hlo_module.pb
/home/ubuntu/train_gpt10b_tp_families.py:627: DeprecationWarning: Use torch_xla.sync instead
  xm.mark_step()
2026-09-09 09:01:30.000267:  89804  [INFO]: Using a cached neff at /home/ubuntu/neuron_cache_e2e/neuronxcc-2.23.6484.0+3b612583/MODULE_5297984159468587655+e30acd3a/model.neff
2026-09-09 09:01:30.000355:  89804  [INFO]: Using a cached neff at /home/ubuntu/neuron_cache_e2e/neuronxcc-2.23.6484.0+3b612583/MODULE_1982581477933138385+e30acd3a/model.neff
/home/ubuntu/train_gpt10b_tp_families.py:638: DeprecationWarning: Use torch_xla.sync instead
  xm.mark_step()
2026-09-09 09:01:30.000402:  89804  [INFO]: Using a cached neff at /home/ubuntu/neuron_cache_e2e/neuronxcc-2.23.6484.0+3b612583/MODULE_9111549282147898643+e30acd3a/model.neff
/home/ubuntu/train_gpt10b_tp_families.py:655: DeprecationWarning: Use torch_xla.sync instead
  xm.mark_step()
.2026-09-09 09:01:31.000817:  89823  [INFO]: Using a cached neff at /home/ubuntu/neuron_cache_e2e/neuronxcc-2.23.6484.0+3b612583/MODULE_5827082468977595728+e30acd3a/model.neff
2026-09-09 09:01:31.000869:  89814  [INFO]: Using a cached neff at /home/ubuntu/neuron_cache_e2e/neuronxcc-2.23.6484.0+3b612583/MODULE_5827082468977595728+e30acd3a/model.neff
/home/ubuntu/train_gpt10b_tp_families.py:627: DeprecationWarning: Use torch_xla.sync instead
  xm.mark_step()
2026-09-09 09:01:31.000900:  89823  [INFO]: Using a cached neff at /home/ubuntu/neuron_cache_e2e/neuronxcc-2.23.6484.0+3b612583/MODULE_5297984159468587655+e30acd3a/model.neff
2026-09-09 09:01:31.000926:  89829  [INFO]: Using a cached neff at /home/ubuntu/neuron_cache_e2e/neuronxcc-2.23.6484.0+3b612583/MODULE_5827082468977595728+e30acd3a/model.neff
/home/ubuntu/train_gpt10b_tp_families.py:627: DeprecationWarning: Use torch_xla.sync instead
  xm.mark_step()
2026-09-09 09:01:31.000971:  89820  [INFO]: Using a cached neff at /home/ubuntu/neuron_cache_e2e/neuronxcc-2.23.6484.0+3b612583/MODULE_5827082468977595728+e30acd3a/model.neff
2026-09-09 09:01:31.000986:  89807  [INFO]: Using a cached neff at /home/ubuntu/neuron_cache_e2e/neuronxcc-2.23.6484.0+3b612583/MODULE_5827082468977595728+e30acd3a/model.neff
/home/ubuntu/train_gpt10b_tp_families.py:627: DeprecationWarning: Use torch_xla.sync instead
  xm.mark_step()
2026-09-09 09:01:32.000008:  89814  [INFO]: Using a cached neff at /home/ubuntu/neuron_cache_e2e/neuronxcc-2.23.6484.0+3b612583/MODULE_5297984159468587655+e30acd3a/model.neff
/home/ubuntu/train_gpt10b_tp_families.py:627: DeprecationWarning: Use torch_xla.sync instead
  xm.mark_step()
2026-09-09 09:01:32.000059:  89823  [INFO]: Using a cached neff at /home/ubuntu/neuron_cache_e2e/neuronxcc-2.23.6484.0+3b612583/MODULE_1982581477933138385+e30acd3a/model.neff
2026-09-09 09:01:32.000074:  89808  [INFO]: Using a cached neff at /home/ubuntu/neuron_cache_e2e/neuronxcc-2.23.6484.0+3b612583/MODULE_5827082468977595728+e30acd3a/model.neff
/home/ubuntu/train_gpt10b_tp_families.py:627: DeprecationWarning: Use torch_xla.sync instead
  xm.mark_step()
2026-09-09 09:01:32.000095:  89829  [INFO]: Using a cached neff at /home/ubuntu/neuron_cache_e2e/neuronxcc-2.23.6484.0+3b612583/MODULE_5297984159468587655+e30acd3a/model.neff
/home/ubuntu/train_gpt10b_tp_families.py:638: DeprecationWarning: Use torch_xla.sync instead
  xm.mark_step()
2026-09-09 09:01:32.000159:  89820  [INFO]: Using a cached neff at /home/ubuntu/neuron_cache_e2e/neuronxcc-2.23.6484.0+3b612583/MODULE_5297984159468587655+e30acd3a/model.neff
/home/ubuntu/train_gpt10b_tp_families.py:627: DeprecationWarning: Use torch_xla.sync instead
  xm.mark_step()
2026-09-09 09:01:32.000171:  89816  [INFO]: Using a cached neff at /home/ubuntu/neuron_cache_e2e/neuronxcc-2.23.6484.0+3b612583/MODULE_5827082468977595728+e30acd3a/model.neff
2026-09-09 09:01:32.000178:  89807  [INFO]: Using a cached neff at /home/ubuntu/neuron_cache_e2e/neuronxcc-2.23.6484.0+3b612583/MODULE_5297984159468587655+e30acd3a/model.neff
2026-09-09 09:01:32.000207:  89831  [INFO]: Using a cached neff at /home/ubuntu/neuron_cache_e2e/neuronxcc-2.23.6484.0+3b612583/MODULE_5827082468977595728+e30acd3a/model.neff
2026-09-09 09:01:32.000234:  89823  [INFO]: Using a cached neff at /home/ubuntu/neuron_cache_e2e/neuronxcc-2.23.6484.0+3b612583/MODULE_9111549282147898643+e30acd3a/model.neff
2026-09-09 09:01:32.000238:  89827  [INFO]: Using a cached neff at /home/ubuntu/neuron_cache_e2e/neuronxcc-2.23.6484.0+3b612583/MODULE_5827082468977595728+e30acd3a/model.neff
2026-09-09 09:01:32.000242:  89808  [INFO]: Using a cached neff at /home/ubuntu/neuron_cache_e2e/neuronxcc-2.23.6484.0+3b612583/MODULE_5297984159468587655+e30acd3a/model.neff
/home/ubuntu/train_gpt10b_tp_families.py:655: DeprecationWarning: Use torch_xla.sync instead
  xm.mark_step()
2026-09-09 09:01:32.000252:  89814  [INFO]: Using a cached neff at /home/ubuntu/neuron_cache_e2e/neuronxcc-2.23.6484.0+3b612583/MODULE_1982581477933138385+e30acd3a/model.neff
/home/ubuntu/train_gpt10b_tp_families.py:627: DeprecationWarning: Use torch_xla.sync instead
  xm.mark_step()
2026-09-09 09:01:32.000274:  89829  [INFO]: Using a cached neff at /home/ubuntu/neuron_cache_e2e/neuronxcc-2.23.6484.0+3b612583/MODULE_1982581477933138385+e30acd3a/model.neff
2026-09-09 09:01:32.000279:  89815  [INFO]: Using a cached neff at /home/ubuntu/neuron_cache_e2e/neuronxcc-2.23.6484.0+3b612583/MODULE_5827082468977595728+e30acd3a/model.neff
2026-09-09 09:01:32.000287:  89832  [INFO]: Using a cached neff at /home/ubuntu/neuron_cache_e2e/neuronxcc-2.23.6484.0+3b612583/MODULE_5827082468977595728+e30acd3a/model.neff
/home/ubuntu/train_gpt10b_tp_families.py:638: DeprecationWarning: Use torch_xla.sync instead
  xm.mark_step()
/home/ubuntu/train_gpt10b_tp_families.py:627: DeprecationWarning: Use torch_xla.sync instead
  xm.mark_step()
/home/ubuntu/train_gpt10b_tp_families.py:627: DeprecationWarning: Use torch_xla.sync instead
  xm.mark_step()
/home/ubuntu/train_gpt10b_tp_families.py:638: DeprecationWarning: Use torch_xla.sync instead
  xm.mark_step()
2026-09-09 09:01:32.000330:  89820  [INFO]: Using a cached neff at /home/ubuntu/neuron_cache_e2e/neuronxcc-2.23.6484.0+3b612583/MODULE_1982581477933138385+e30acd3a/model.neff
2026-09-09 09:01:32.000334:  89813  [INFO]: Using a cached neff at /home/ubuntu/neuron_cache_e2e/neuronxcc-2.23.6484.0+3b612583/MODULE_5827082468977595728+e30acd3a/model.neff
2026-09-09 09:01:32.000343:  89816  [INFO]: Using a cached neff at /home/ubuntu/neuron_cache_e2e/neuronxcc-2.23.6484.0+3b612583/MODULE_5297984159468587655+e30acd3a/model.neff
2026-09-09 09:01:32.000348:  89814  [INFO]: Using a cached neff at /home/ubuntu/neuron_cache_e2e/neuronxcc-2.23.6484.0+3b612583/MODULE_9111549282147898643+e30acd3a/model.neff
/home/ubuntu/train_gpt10b_tp_families.py:627: DeprecationWarning: Use torch_xla.sync instead
  xm.mark_step()
/home/ubuntu/train_gpt10b_tp_families.py:627: DeprecationWarning: Use torch_xla.sync instead
  xm.mark_step()
2026-09-09 09:01:32.000368:  89807  [INFO]: Using a cached neff at /home/ubuntu/neuron_cache_e2e/neuronxcc-2.23.6484.0+3b612583/MODULE_1982581477933138385+e30acd3a/model.neff
/home/ubuntu/train_gpt10b_tp_families.py:638: DeprecationWarning: Use torch_xla.sync instead
  xm.mark_step()
/home/ubuntu/train_gpt10b_tp_families.py:655: DeprecationWarning: Use torch_xla.sync instead
  xm.mark_step()
/home/ubuntu/train_gpt10b_tp_families.py:627: DeprecationWarning: Use torch_xla.sync instead
  xm.mark_step()
2026-09-09 09:01:32.000434:  89825  [INFO]: Using a cached neff at /home/ubuntu/neuron_cache_e2e/neuronxcc-2.23.6484.0+3b612583/MODULE_5827082468977595728+e30acd3a/model.neff
/home/ubuntu/train_gpt10b_tp_families.py:638: DeprecationWarning: Use torch_xla.sync instead
  xm.mark_step()
2026-09-09 09:01:32.000446:  89827  [INFO]: Using a cached neff at /home/ubuntu/neuron_cache_e2e/neuronxcc-2.23.6484.0+3b612583/MODULE_5297984159468587655+e30acd3a/model.neff
2026-09-09 09:01:32.000461:  89831  [INFO]: Using a cached neff at /home/ubuntu/neuron_cache_e2e/neuronxcc-2.23.6484.0+3b612583/MODULE_5297984159468587655+e30acd3a/model.neff
2026-09-09 09:01:32.000477:  89822  [INFO]: Using a cached neff at /home/ubuntu/neuron_cache_e2e/neuronxcc-2.23.6484.0+3b612583/MODULE_5827082468977595728+e30acd3a/model.neff
2026-09-09 09:01:32.000504:  89808  [INFO]: Using a cached neff at /home/ubuntu/neuron_cache_e2e/neuronxcc-2.23.6484.0+3b612583/MODULE_1982581477933138385+e30acd3a/model.neff
2026-09-09 09:01:32.000521:  89812  [INFO]: Using a cached neff at /home/ubuntu/neuron_cache_e2e/neuronxcc-2.23.6484.0+3b612583/MODULE_5827082468977595728+e30acd3a/model.neff
2026-09-09 09:01:32.000525:  89802  [INFO]: Using a cached neff at /home/ubuntu/neuron_cache_e2e/neuronxcc-2.23.6484.0+3b612583/MODULE_5827082468977595728+e30acd3a/model.neff
2026-09-09 09:01:32.000537:  89809  [INFO]: Using a cached neff at /home/ubuntu/neuron_cache_e2e/neuronxcc-2.23.6484.0+3b612583/MODULE_5827082468977595728+e30acd3a/model.neff
2026-09-09 09:01:32.000541:  89805  [INFO]: Using a cached neff at /home/ubuntu/neuron_cache_e2e/neuronxcc-2.23.6484.0+3b612583/MODULE_5827082468977595728+e30acd3a/model.neff
2026-09-09 09:01:32.000559:  89818  [INFO]: Using a cached neff at /home/ubuntu/neuron_cache_e2e/neuronxcc-2.23.6484.0+3b612583/MODULE_5827082468977595728+e30acd3a/model.neff
2026-09-09 09:01:32.000559:  89829  [INFO]: Using a cached neff at /home/ubuntu/neuron_cache_e2e/neuronxcc-2.23.6484.0+3b612583/MODULE_9111549282147898643+e30acd3a/model.neff
/home/ubuntu/train_gpt10b_tp_families.py:627: DeprecationWarning: Use torch_xla.sync instead
  xm.mark_step()
2026-09-09 09:01:32.000575:  89803  [INFO]: Using a cached neff at /home/ubuntu/neuron_cache_e2e/neuronxcc-2.23.6484.0+3b612583/MODULE_5827082468977595728+e30acd3a/model.neff
2026-09-09 09:01:32.000576:  89821  [INFO]: Using a cached neff at /home/ubuntu/neuron_cache_e2e/neuronxcc-2.23.6484.0+3b612583/MODULE_5827082468977595728+e30acd3a/model.neff
2026-09-09 09:01:32.000577:  89824  [INFO]: Using a cached neff at /home/ubuntu/neuron_cache_e2e/neuronxcc-2.23.6484.0+3b612583/MODULE_5827082468977595728+e30acd3a/model.neff
2026-09-09 09:01:32.000581:  89810  [INFO]: Using a cached neff at /home/ubuntu/neuron_cache_e2e/neuronxcc-2.23.6484.0+3b612583/MODULE_5827082468977595728+e30acd3a/model.neff
2026-09-09 09:01:32.000585:  89811  [INFO]: Using a cached neff at /home/ubuntu/neuron_cache_e2e/neuronxcc-2.23.6484.0+3b612583/MODULE_5827082468977595728+e30acd3a/model.neff
2026-09-09 09:01:32.000594:  89828  [INFO]: Using a cached neff at /home/ubuntu/neuron_cache_e2e/neuronxcc-2.23.6484.0+3b612583/MODULE_5827082468977595728+e30acd3a/model.neff
2026-09-09 09:01:32.000601:  89817  [INFO]: Using a cached neff at /home/ubuntu/neuron_cache_e2e/neuronxcc-2.23.6484.0+3b612583/MODULE_5827082468977595728+e30acd3a/model.neff
2026-09-09 09:01:32.000605:  89815  [INFO]: Using a cached neff at /home/ubuntu/neuron_cache_e2e/neuronxcc-2.23.6484.0+3b612583/MODULE_5297984159468587655+e30acd3a/model.neff
/home/ubuntu/train_gpt10b_tp_families.py:655: DeprecationWarning: Use torch_xla.sync instead
  xm.mark_step()
/home/ubuntu/train_gpt10b_tp_families.py:638: DeprecationWarning: Use torch_xla.sync instead
  xm.mark_step()
/home/ubuntu/train_gpt10b_tp_families.py:627: DeprecationWarning: Use torch_xla.sync instead
  xm.mark_step()
2026-09-09 09:01:32.000616:  89819  [INFO]: Using a cached neff at /home/ubuntu/neuron_cache_e2e/neuronxcc-2.23.6484.0+3b612583/MODULE_5827082468977595728+e30acd3a/model.neff
2026-09-09 09:01:32.000619:  89820  [INFO]: Using a cached neff at /home/ubuntu/neuron_cache_e2e/neuronxcc-2.23.6484.0+3b612583/MODULE_9111549282147898643+e30acd3a/model.neff
2026-09-09 09:01:32.000623:  89801  [INFO]: Using a cached neff at /home/ubuntu/neuron_cache_e2e/neuronxcc-2.23.6484.0+3b612583/MODULE_5827082468977595728+e30acd3a/model.neff
2026-09-09 09:01:32.000631:  89826  [INFO]: Using a cached neff at /home/ubuntu/neuron_cache_e2e/neuronxcc-2.23.6484.0+3b612583/MODULE_5827082468977595728+e30acd3a/model.neff
2026-09-09 09:01:32.000636:  89806  [INFO]: Using a cached neff at /home/ubuntu/neuron_cache_e2e/neuronxcc-2.23.6484.0+3b612583/MODULE_5827082468977595728+e30acd3a/model.neff
/home/ubuntu/train_gpt10b_tp_families.py:627: DeprecationWarning: Use torch_xla.sync instead
  xm.mark_step()
2026-09-09 09:01:32.000642:  89830  [INFO]: Using a cached neff at /home/ubuntu/neuron_cache_e2e/neuronxcc-2.23.6484.0+3b612583/MODULE_5827082468977595728+e30acd3a/model.neff
/home/ubuntu/train_gpt10b_tp_families.py:627: DeprecationWarning: Use torch_xla.sync instead
  xm.mark_step()
/home/ubuntu/train_gpt10b_tp_families.py:627: DeprecationWarning: Use torch_xla.sync instead
  xm.mark_step()
/home/ubuntu/train_gpt10b_tp_families.py:627: DeprecationWarning: Use torch_xla.sync instead
  xm.mark_step()
/home/ubuntu/train_gpt10b_tp_families.py:655: DeprecationWarning: Use torch_xla.sync instead
  xm.mark_step()
/home/ubuntu/train_gpt10b_tp_families.py:627: DeprecationWarning: Use torch_xla.sync instead
  xm.mark_step()
2026-09-09 09:01:32.000662:  89807  [INFO]: Using a cached neff at /home/ubuntu/neuron_cache_e2e/neuronxcc-2.23.6484.0+3b612583/MODULE_9111549282147898643+e30acd3a/model.neff
/home/ubuntu/train_gpt10b_tp_families.py:627: DeprecationWarning: Use torch_xla.sync instead
  xm.mark_step()
/home/ubuntu/train_gpt10b_tp_families.py:627: DeprecationWarning: Use torch_xla.sync instead
  xm.mark_step()
/home/ubuntu/train_gpt10b_tp_families.py:627: DeprecationWarning: Use torch_xla.sync instead
  xm.mark_step()
/home/ubuntu/train_gpt10b_tp_families.py:627: DeprecationWarning: Use torch_xla.sync instead
  xm.mark_step()
2026-09-09 09:01:32.000673:  89813  [INFO]: Using a cached neff at /home/ubuntu/neuron_cache_e2e/neuronxcc-2.23.6484.0+3b612583/MODULE_5297984159468587655+e30acd3a/model.neff
/home/ubuntu/train_gpt10b_tp_families.py:627: DeprecationWarning: Use torch_xla.sync instead
  xm.mark_step()
2026-09-09 09:01:32.000680:  89816  [INFO]: Using a cached neff at /home/ubuntu/neuron_cache_e2e/neuronxcc-2.23.6484.0+3b612583/MODULE_1982581477933138385+e30acd3a/model.neff
/home/ubuntu/train_gpt10b_tp_families.py:655: DeprecationWarning: Use torch_xla.sync instead
  xm.mark_step()
/home/ubuntu/train_gpt10b_tp_families.py:627: DeprecationWarning: Use torch_xla.sync instead
  xm.mark_step()
/home/ubuntu/train_gpt10b_tp_families.py:627: DeprecationWarning: Use torch_xla.sync instead
  xm.mark_step()
2026-09-09 09:01:32.000703:  89825  [INFO]: Using a cached neff at /home/ubuntu/neuron_cache_e2e/neuronxcc-2.23.6484.0+3b612583/MODULE_5297984159468587655+e30acd3a/model.neff
/home/ubuntu/train_gpt10b_tp_families.py:627: DeprecationWarning: Use torch_xla.sync instead
  xm.mark_step()
2026-09-09 09:01:32.000711:  89827  [INFO]: Using a cached neff at /home/ubuntu/neuron_cache_e2e/neuronxcc-2.23.6484.0+3b612583/MODULE_1982581477933138385+e30acd3a/model.neff
/home/ubuntu/train_gpt10b_tp_families.py:627: DeprecationWarning: Use torch_xla.sync instead
  xm.mark_step()
/home/ubuntu/train_gpt10b_tp_families.py:627: DeprecationWarning: Use torch_xla.sync instead
  xm.mark_step()
/home/ubuntu/train_gpt10b_tp_families.py:627: DeprecationWarning: Use torch_xla.sync instead
  xm.mark_step()
/home/ubuntu/train_gpt10b_tp_families.py:627: DeprecationWarning: Use torch_xla.sync instead
  xm.mark_step()
2026-09-09 09:01:32.000724:  89831  [INFO]: Using a cached neff at /home/ubuntu/neuron_cache_e2e/neuronxcc-2.23.6484.0+3b612583/MODULE_1982581477933138385+e30acd3a/model.neff
/home/ubuntu/train_gpt10b_tp_families.py:638: DeprecationWarning: Use torch_xla.sync instead
  xm.mark_step()
2026-09-09 09:01:32.000739:  89808  [INFO]: Using a cached neff at /home/ubuntu/neuron_cache_e2e/neuronxcc-2.23.6484.0+3b612583/MODULE_9111549282147898643+e30acd3a/model.neff
2026-09-09 09:01:32.000755:  89822  [INFO]: Using a cached neff at /home/ubuntu/neuron_cache_e2e/neuronxcc-2.23.6484.0+3b612583/MODULE_5297984159468587655+e30acd3a/model.neff
2026-09-09 09:01:32.000759:  89812  [INFO]: Using a cached neff at /home/ubuntu/neuron_cache_e2e/neuronxcc-2.23.6484.0+3b612583/MODULE_5297984159468587655+e30acd3a/model.neff
/home/ubuntu/train_gpt10b_tp_families.py:638: DeprecationWarning: Use torch_xla.sync instead
  xm.mark_step()
2026-09-09 09:01:32.000766:  89802  [INFO]: Using a cached neff at /home/ubuntu/neuron_cache_e2e/neuronxcc-2.23.6484.0+3b612583/MODULE_5297984159468587655+e30acd3a/model.neff
/home/ubuntu/train_gpt10b_tp_families.py:655: DeprecationWarning: Use torch_xla.sync instead
  xm.mark_step()
2026-09-09 09:01:32.000777:  89809  [INFO]: Using a cached neff at /home/ubuntu/neuron_cache_e2e/neuronxcc-2.23.6484.0+3b612583/MODULE_5297984159468587655+e30acd3a/model.neff
/home/ubuntu/train_gpt10b_tp_families.py:638: DeprecationWarning: Use torch_xla.sync instead
  xm.mark_step()
2026-09-09 09:01:32.000791:  89818  [INFO]: Using a cached neff at /home/ubuntu/neuron_cache_e2e/neuronxcc-2.23.6484.0+3b612583/MODULE_5297984159468587655+e30acd3a/model.neff
2026-09-09 09:01:32.000796:  89821  [INFO]: Using a cached neff at /home/ubuntu/neuron_cache_e2e/neuronxcc-2.23.6484.0+3b612583/MODULE_5297984159468587655+e30acd3a/model.neff
2026-09-09 09:01:32.000805:  89824  [INFO]: Using a cached neff at /home/ubuntu/neuron_cache_e2e/neuronxcc-2.23.6484.0+3b612583/MODULE_5297984159468587655+e30acd3a/model.neff
2026-09-09 09:01:32.000813:  89803  [INFO]: Using a cached neff at /home/ubuntu/neuron_cache_e2e/neuronxcc-2.23.6484.0+3b612583/MODULE_5297984159468587655+e30acd3a/model.neff
2026-09-09 09:01:32.000817:  89810  [INFO]: Using a cached neff at /home/ubuntu/neuron_cache_e2e/neuronxcc-2.23.6484.0+3b612583/MODULE_5297984159468587655+e30acd3a/model.neff
2026-09-09 09:01:32.000830:  89811  [INFO]: Using a cached neff at /home/ubuntu/neuron_cache_e2e/neuronxcc-2.23.6484.0+3b612583/MODULE_5297984159468587655+e30acd3a/model.neff
2026-09-09 09:01:32.000854:  89817  [INFO]: Using a cached neff at /home/ubuntu/neuron_cache_e2e/neuronxcc-2.23.6484.0+3b612583/MODULE_5297984159468587655+e30acd3a/model.neff
2026-09-09 09:01:32.000860:  89819  [INFO]: Using a cached neff at /home/ubuntu/neuron_cache_e2e/neuronxcc-2.23.6484.0+3b612583/MODULE_5297984159468587655+e30acd3a/model.neff
2026-09-09 09:01:32.000875:  89815  [INFO]: Using a cached neff at /home/ubuntu/neuron_cache_e2e/neuronxcc-2.23.6484.0+3b612583/MODULE_1982581477933138385+e30acd3a/model.neff
2026-09-09 09:01:32.000886:  89826  [INFO]: Using a cached neff at /home/ubuntu/neuron_cache_e2e/neuronxcc-2.23.6484.0+3b612583/MODULE_5297984159468587655+e30acd3a/model.neff
2026-09-09 09:01:32.000897:  89801  [INFO]: Using a cached neff at /home/ubuntu/neuron_cache_e2e/neuronxcc-2.23.6484.0+3b612583/MODULE_5297984159468587655+e30acd3a/model.neff
2026-09-09 09:01:32.000900:  89816  [INFO]: Using a cached neff at /home/ubuntu/neuron_cache_e2e/neuronxcc-2.23.6484.0+3b612583/MODULE_9111549282147898643+e30acd3a/model.neff
2026-09-09 09:01:32.000909:  89830  [INFO]: Using a cached neff at /home/ubuntu/neuron_cache_e2e/neuronxcc-2.23.6484.0+3b612583/MODULE_5297984159468587655+e30acd3a/model.neff
2026-09-09 09:01:32.000911:  89806  [INFO]: Using a cached neff at /home/ubuntu/neuron_cache_e2e/neuronxcc-2.23.6484.0+3b612583/MODULE_5297984159468587655+e30acd3a/model.neff
2026-09-09 09:01:32.000918:  89813  [INFO]: Using a cached neff at /home/ubuntu/neuron_cache_e2e/neuronxcc-2.23.6484.0+3b612583/MODULE_1982581477933138385+e30acd3a/model.neff
2026-09-09 09:01:32.000924:  89827  [INFO]: Using a cached neff at /home/ubuntu/neuron_cache_e2e/neuronxcc-2.23.6484.0+3b612583/MODULE_9111549282147898643+e30acd3a/model.neff
/home/ubuntu/train_gpt10b_tp_families.py:655: DeprecationWarning: Use torch_xla.sync instead
  xm.mark_step()
2026-09-09 09:01:32.000931:  89831  [INFO]: Using a cached neff at /home/ubuntu/neuron_cache_e2e/neuronxcc-2.23.6484.0+3b612583/MODULE_9111549282147898643+e30acd3a/model.neff
/home/ubuntu/train_gpt10b_tp_families.py:638: DeprecationWarning: Use torch_xla.sync instead
  xm.mark_step()
/home/ubuntu/train_gpt10b_tp_families.py:655: DeprecationWarning: Use torch_xla.sync instead
  xm.mark_step()
/home/ubuntu/train_gpt10b_tp_families.py:655: DeprecationWarning: Use torch_xla.sync instead
  xm.mark_step()
2026-09-09 09:01:32.000953:  89825  [INFO]: Using a cached neff at /home/ubuntu/neuron_cache_e2e/neuronxcc-2.23.6484.0+3b612583/MODULE_1982581477933138385+e30acd3a/model.neff
2026-09-09 09:01:32.000956:  89832  [INFO]: Using a cached neff at /home/ubuntu/neuron_cache_e2e/neuronxcc-2.23.6484.0+3b612583/MODULE_5297984159468587655+e30acd3a/model.neff
/home/ubuntu/train_gpt10b_tp_families.py:638: DeprecationWarning: Use torch_xla.sync instead
  xm.mark_step()
2026-09-09 09:01:32.000964:  89812  [INFO]: Using a cached neff at /home/ubuntu/neuron_cache_e2e/neuronxcc-2.23.6484.0+3b612583/MODULE_1982581477933138385+e30acd3a/model.neff
2026-09-09 09:01:32.000980:  89822  [INFO]: Using a cached neff at /home/ubuntu/neuron_cache_e2e/neuronxcc-2.23.6484.0+3b612583/MODULE_1982581477933138385+e30acd3a/model.neff
2026-09-09 09:01:32.000993:  89802  [INFO]: Using a cached neff at /home/ubuntu/neuron_cache_e2e/neuronxcc-2.23.6484.0+3b612583/MODULE_1982581477933138385+e30acd3a/model.neff
/home/ubuntu/train_gpt10b_tp_families.py:638: DeprecationWarning: Use torch_xla.sync instead
  xm.mark_step()
2026-09-09 09:01:33.000005:  89809  [INFO]: Using a cached neff at /home/ubuntu/neuron_cache_e2e/neuronxcc-2.23.6484.0+3b612583/MODULE_1982581477933138385+e30acd3a/model.neff
/home/ubuntu/train_gpt10b_tp_families.py:638: DeprecationWarning: Use torch_xla.sync instead
  xm.mark_step()
2026-09-09 09:01:33.000026:  89805  [INFO]: Using a cached neff at /home/ubuntu/neuron_cache_e2e/neuronxcc-2.23.6484.0+3b612583/MODULE_5297984159468587655+e30acd3a/model.neff
/home/ubuntu/train_gpt10b_tp_families.py:638: DeprecationWarning: Use torch_xla.sync instead
  xm.mark_step()
2026-09-09 09:01:33.000040:  89818  [INFO]: Using a cached neff at /home/ubuntu/neuron_cache_e2e/neuronxcc-2.23.6484.0+3b612583/MODULE_1982581477933138385+e30acd3a/model.neff
/home/ubuntu/train_gpt10b_tp_families.py:638: DeprecationWarning: Use torch_xla.sync instead
  xm.mark_step()
2026-09-09 09:01:33.000053:  89821  [INFO]: Using a cached neff at /home/ubuntu/neuron_cache_e2e/neuronxcc-2.23.6484.0+3b612583/MODULE_1982581477933138385+e30acd3a/model.neff
/home/ubuntu/train_gpt10b_tp_families.py:638: DeprecationWarning: Use torch_xla.sync instead
  xm.mark_step()
2026-09-09 09:01:33.000065:  89824  [INFO]: Using a cached neff at /home/ubuntu/neuron_cache_e2e/neuronxcc-2.23.6484.0+3b612583/MODULE_1982581477933138385+e30acd3a/model.neff
2026-09-09 09:01:33.000077:  89803  [INFO]: Using a cached neff at /home/ubuntu/neuron_cache_e2e/neuronxcc-2.23.6484.0+3b612583/MODULE_1982581477933138385+e30acd3a/model.neff
2026-09-09 09:01:33.000088:  89810  [INFO]: Using a cached neff at /home/ubuntu/neuron_cache_e2e/neuronxcc-2.23.6484.0+3b612583/MODULE_1982581477933138385+e30acd3a/model.neff
/home/ubuntu/train_gpt10b_tp_families.py:638: DeprecationWarning: Use torch_xla.sync instead
  xm.mark_step()
2026-09-09 09:01:33.000096:  89811  [INFO]: Using a cached neff at /home/ubuntu/neuron_cache_e2e/neuronxcc-2.23.6484.0+3b612583/MODULE_1982581477933138385+e30acd3a/model.neff
/home/ubuntu/train_gpt10b_tp_families.py:638: DeprecationWarning: Use torch_xla.sync instead
  xm.mark_step()
2026-09-09 09:01:33.000104:  89815  [INFO]: Using a cached neff at /home/ubuntu/neuron_cache_e2e/neuronxcc-2.23.6484.0+3b612583/MODULE_9111549282147898643+e30acd3a/model.neff
/home/ubuntu/train_gpt10b_tp_families.py:638: DeprecationWarning: Use torch_xla.sync instead
  xm.mark_step()
/home/ubuntu/train_gpt10b_tp_families.py:655: DeprecationWarning: Use torch_xla.sync instead
  xm.mark_step()
2026-09-09 09:01:33.000122:  89817  [INFO]: Using a cached neff at /home/ubuntu/neuron_cache_e2e/neuronxcc-2.23.6484.0+3b612583/MODULE_1982581477933138385+e30acd3a/model.neff
/home/ubuntu/train_gpt10b_tp_families.py:638: DeprecationWarning: Use torch_xla.sync instead
  xm.mark_step()
2026-09-09 09:01:33.000132:  89819  [INFO]: Using a cached neff at /home/ubuntu/neuron_cache_e2e/neuronxcc-2.23.6484.0+3b612583/MODULE_1982581477933138385+e30acd3a/model.neff
/home/ubuntu/train_gpt10b_tp_families.py:638: DeprecationWarning: Use torch_xla.sync instead
  xm.mark_step()
2026-09-09 09:01:33.000133:  89813  [INFO]: Using a cached neff at /home/ubuntu/neuron_cache_e2e/neuronxcc-2.23.6484.0+3b612583/MODULE_9111549282147898643+e30acd3a/model.neff
/home/ubuntu/train_gpt10b_tp_families.py:638: DeprecationWarning: Use torch_xla.sync instead
  xm.mark_step()
/home/ubuntu/train_gpt10b_tp_families.py:655: DeprecationWarning: Use torch_xla.sync instead
  xm.mark_step()
/home/ubuntu/train_gpt10b_tp_families.py:638: DeprecationWarning: Use torch_xla.sync instead
  xm.mark_step()
2026-09-09 09:01:33.000165:  89826  [INFO]: Using a cached neff at /home/ubuntu/neuron_cache_e2e/neuronxcc-2.23.6484.0+3b612583/MODULE_1982581477933138385+e30acd3a/model.neff
2026-09-09 09:01:33.000168:  89828  [INFO]: Using a cached neff at /home/ubuntu/neuron_cache_e2e/neuronxcc-2.23.6484.0+3b612583/MODULE_5297984159468587655+e30acd3a/model.neff
/home/ubuntu/train_gpt10b_tp_families.py:638: DeprecationWarning: Use torch_xla.sync instead
  xm.mark_step()
2026-09-09 09:01:33.000181:  89830  [INFO]: Using a cached neff at /home/ubuntu/neuron_cache_e2e/neuronxcc-2.23.6484.0+3b612583/MODULE_1982581477933138385+e30acd3a/model.neff
2026-09-09 09:01:33.000191:  89825  [INFO]: Using a cached neff at /home/ubuntu/neuron_cache_e2e/neuronxcc-2.23.6484.0+3b612583/MODULE_9111549282147898643+e30acd3a/model.neff
2026-09-09 09:01:33.000212:  89806  [INFO]: Using a cached neff at /home/ubuntu/neuron_cache_e2e/neuronxcc-2.23.6484.0+3b612583/MODULE_1982581477933138385+e30acd3a/model.neff
2026-09-09 09:01:33.000216:  89801  [INFO]: Using a cached neff at /home/ubuntu/neuron_cache_e2e/neuronxcc-2.23.6484.0+3b612583/MODULE_1982581477933138385+e30acd3a/model.neff
/home/ubuntu/train_gpt10b_tp_families.py:655: DeprecationWarning: Use torch_xla.sync instead
  xm.mark_step()
2026-09-09 09:01:33.000219:  89812  [INFO]: Using a cached neff at /home/ubuntu/neuron_cache_e2e/neuronxcc-2.23.6484.0+3b612583/MODULE_9111549282147898643+e30acd3a/model.neff
/home/ubuntu/train_gpt10b_tp_families.py:638: DeprecationWarning: Use torch_xla.sync instead
  xm.mark_step()
/home/ubuntu/train_gpt10b_tp_families.py:638: DeprecationWarning: Use torch_xla.sync instead
  xm.mark_step()
2026-09-09 09:01:33.000238:  89822  [INFO]: Using a cached neff at /home/ubuntu/neuron_cache_e2e/neuronxcc-2.23.6484.0+3b612583/MODULE_9111549282147898643+e30acd3a/model.neff
2026-09-09 09:01:33.000245:  89802  [INFO]: Using a cached neff at /home/ubuntu/neuron_cache_e2e/neuronxcc-2.23.6484.0+3b612583/MODULE_9111549282147898643+e30acd3a/model.neff
/home/ubuntu/train_gpt10b_tp_families.py:655: DeprecationWarning: Use torch_xla.sync instead
  xm.mark_step()
2026-09-09 09:01:33.000254:  89832  [INFO]: Using a cached neff at /home/ubuntu/neuron_cache_e2e/neuronxcc-2.23.6484.0+3b612583/MODULE_1982581477933138385+e30acd3a/model.neff
/home/ubuntu/train_gpt10b_tp_families.py:655: DeprecationWarning: Use torch_xla.sync instead
  xm.mark_step()
2026-09-09 09:01:33.000257:  89809  [INFO]: Using a cached neff at /home/ubuntu/neuron_cache_e2e/neuronxcc-2.23.6484.0+3b612583/MODULE_9111549282147898643+e30acd3a/model.neff
/home/ubuntu/train_gpt10b_tp_families.py:638: DeprecationWarning: Use torch_xla.sync instead
  xm.mark_step()
/home/ubuntu/train_gpt10b_tp_families.py:638: DeprecationWarning: Use torch_xla.sync instead
  xm.mark_step()
/home/ubuntu/train_gpt10b_tp_families.py:655: DeprecationWarning: Use torch_xla.sync instead
  xm.mark_step()
2026-09-09 09:01:33.000269:  89818  [INFO]: Using a cached neff at /home/ubuntu/neuron_cache_e2e/neuronxcc-2.23.6484.0+3b612583/MODULE_9111549282147898643+e30acd3a/model.neff
2026-09-09 09:01:33.000275:  89821  [INFO]: Using a cached neff at /home/ubuntu/neuron_cache_e2e/neuronxcc-2.23.6484.0+3b612583/MODULE_9111549282147898643+e30acd3a/model.neff
/home/ubuntu/train_gpt10b_tp_families.py:655: DeprecationWarning: Use torch_xla.sync instead
  xm.mark_step()
/home/ubuntu/train_gpt10b_tp_families.py:655: DeprecationWarning: Use torch_xla.sync instead
  xm.mark_step()
2026-09-09 09:01:33.000291:  89805  [INFO]: Using a cached neff at /home/ubuntu/neuron_cache_e2e/neuronxcc-2.23.6484.0+3b612583/MODULE_1982581477933138385+e30acd3a/model.neff
2026-09-09 09:01:33.000292:  89824  [INFO]: Using a cached neff at /home/ubuntu/neuron_cache_e2e/neuronxcc-2.23.6484.0+3b612583/MODULE_9111549282147898643+e30acd3a/model.neff
/home/ubuntu/train_gpt10b_tp_families.py:655: DeprecationWarning: Use torch_xla.sync instead
  xm.mark_step()
/home/ubuntu/train_gpt10b_tp_families.py:638: DeprecationWarning: Use torch_xla.sync instead
  xm.mark_step()
2026-09-09 09:01:33.000307:  89803  [INFO]: Using a cached neff at /home/ubuntu/neuron_cache_e2e/neuronxcc-2.23.6484.0+3b612583/MODULE_9111549282147898643+e30acd3a/model.neff
2026-09-09 09:01:33.000308:  89810  [INFO]: Using a cached neff at /home/ubuntu/neuron_cache_e2e/neuronxcc-2.23.6484.0+3b612583/MODULE_9111549282147898643+e30acd3a/model.neff
/home/ubuntu/train_gpt10b_tp_families.py:655: DeprecationWarning: Use torch_xla.sync instead
  xm.mark_step()
2026-09-09 09:01:33.000315:  89811  [INFO]: Using a cached neff at /home/ubuntu/neuron_cache_e2e/neuronxcc-2.23.6484.0+3b612583/MODULE_9111549282147898643+e30acd3a/model.neff
/home/ubuntu/train_gpt10b_tp_families.py:655: DeprecationWarning: Use torch_xla.sync instead
  xm.mark_step()
/home/ubuntu/train_gpt10b_tp_families.py:655: DeprecationWarning: Use torch_xla.sync instead
  xm.mark_step()
2026-09-09 09:01:33.000324:  89817  [INFO]: Using a cached neff at /home/ubuntu/neuron_cache_e2e/neuronxcc-2.23.6484.0+3b612583/MODULE_9111549282147898643+e30acd3a/model.neff
2026-09-09 09:01:33.000326:  89819  [INFO]: Using a cached neff at /home/ubuntu/neuron_cache_e2e/neuronxcc-2.23.6484.0+3b612583/MODULE_9111549282147898643+e30acd3a/model.neff
/home/ubuntu/train_gpt10b_tp_families.py:655: DeprecationWarning: Use torch_xla.sync instead
  xm.mark_step()
/home/ubuntu/train_gpt10b_tp_families.py:638: DeprecationWarning: Use torch_xla.sync instead
  xm.mark_step()
2026-09-09 09:01:33.000336:  89826  [INFO]: Using a cached neff at /home/ubuntu/neuron_cache_e2e/neuronxcc-2.23.6484.0+3b612583/MODULE_9111549282147898643+e30acd3a/model.neff
/home/ubuntu/train_gpt10b_tp_families.py:655: DeprecationWarning: Use torch_xla.sync instead
  xm.mark_step()
2026-09-09 09:01:33.000337:  89830  [INFO]: Using a cached neff at /home/ubuntu/neuron_cache_e2e/neuronxcc-2.23.6484.0+3b612583/MODULE_9111549282147898643+e30acd3a/model.neff
/home/ubuntu/train_gpt10b_tp_families.py:655: DeprecationWarning: Use torch_xla.sync instead
  xm.mark_step()
/home/ubuntu/train_gpt10b_tp_families.py:655: DeprecationWarning: Use torch_xla.sync instead
  xm.mark_step()
/home/ubuntu/train_gpt10b_tp_families.py:655: DeprecationWarning: Use torch_xla.sync instead
  xm.mark_step()
2026-09-09 09:01:33.000354:  89801  [INFO]: Using a cached neff at /home/ubuntu/neuron_cache_e2e/neuronxcc-2.23.6484.0+3b612583/MODULE_9111549282147898643+e30acd3a/model.neff
2026-09-09 09:01:33.000360:  89806  [INFO]: Using a cached neff at /home/ubuntu/neuron_cache_e2e/neuronxcc-2.23.6484.0+3b612583/MODULE_9111549282147898643+e30acd3a/model.neff
2026-09-09 09:01:33.000361:  89805  [INFO]: Using a cached neff at /home/ubuntu/neuron_cache_e2e/neuronxcc-2.23.6484.0+3b612583/MODULE_9111549282147898643+e30acd3a/model.neff
2026-09-09 09:01:33.000367:  89828  [INFO]: Using a cached neff at /home/ubuntu/neuron_cache_e2e/neuronxcc-2.23.6484.0+3b612583/MODULE_1982581477933138385+e30acd3a/model.neff
/home/ubuntu/train_gpt10b_tp_families.py:655: DeprecationWarning: Use torch_xla.sync instead
  xm.mark_step()
/home/ubuntu/train_gpt10b_tp_families.py:655: DeprecationWarning: Use torch_xla.sync instead
  xm.mark_step()
/home/ubuntu/train_gpt10b_tp_families.py:655: DeprecationWarning: Use torch_xla.sync instead
  xm.mark_step()
2026-09-09 09:01:33.000382:  89832  [INFO]: Using a cached neff at /home/ubuntu/neuron_cache_e2e/neuronxcc-2.23.6484.0+3b612583/MODULE_9111549282147898643+e30acd3a/model.neff
/home/ubuntu/train_gpt10b_tp_families.py:655: DeprecationWarning: Use torch_xla.sync instead
  xm.mark_step()
/home/ubuntu/train_gpt10b_tp_families.py:638: DeprecationWarning: Use torch_xla.sync instead
  xm.mark_step()
2026-09-09 09:01:33.000419:  89828  [INFO]: Using a cached neff at /home/ubuntu/neuron_cache_e2e/neuronxcc-2.23.6484.0+3b612583/MODULE_9111549282147898643+e30acd3a/model.neff
/home/ubuntu/train_gpt10b_tp_families.py:655: DeprecationWarning: Use torch_xla.sync instead
  xm.mark_step()

Compiler status PASS
2026-09-09 09:01:35.000288:  89804  [INFO]: Compilation Successfully Completed for model.MODULE_17699468275490213154+e30acd3a.hlo_module.pb
/home/ubuntu/train_gpt10b_tp_families.py:655: DeprecationWarning: Use torch_xla.sync instead
  xm.mark_step()
.2026-09-09 09:01:37.000265:  89823  [INFO]: Using a cached neff at /home/ubuntu/neuron_cache_e2e/neuronxcc-2.23.6484.0+3b612583/MODULE_17699468275490213154+e30acd3a/model.neff
2026-09-09 09:01:37.000544:  89814  [INFO]: Using a cached neff at /home/ubuntu/neuron_cache_e2e/neuronxcc-2.23.6484.0+3b612583/MODULE_17699468275490213154+e30acd3a/model.neff
2026-09-09 09:01:37.000695:  89829  [INFO]: Using a cached neff at /home/ubuntu/neuron_cache_e2e/neuronxcc-2.23.6484.0+3b612583/MODULE_17699468275490213154+e30acd3a/model.neff
2026-09-09 09:01:37.000751:  89820  [INFO]: Using a cached neff at /home/ubuntu/neuron_cache_e2e/neuronxcc-2.23.6484.0+3b612583/MODULE_17699468275490213154+e30acd3a/model.neff
2026-09-09 09:01:37.000805:  89807  [INFO]: Using a cached neff at /home/ubuntu/neuron_cache_e2e/neuronxcc-2.23.6484.0+3b612583/MODULE_17699468275490213154+e30acd3a/model.neff
2026-09-09 09:01:37.000906:  89808  [INFO]: Using a cached neff at /home/ubuntu/neuron_cache_e2e/neuronxcc-2.23.6484.0+3b612583/MODULE_17699468275490213154+e30acd3a/model.neff
2026-09-09 09:01:38.000078:  89816  [INFO]: Using a cached neff at /home/ubuntu/neuron_cache_e2e/neuronxcc-2.23.6484.0+3b612583/MODULE_17699468275490213154+e30acd3a/model.neff
2026-09-09 09:01:38.000100:  89827  [INFO]: Using a cached neff at /home/ubuntu/neuron_cache_e2e/neuronxcc-2.23.6484.0+3b612583/MODULE_17699468275490213154+e30acd3a/model.neff
2026-09-09 09:01:38.000112:  89831  [INFO]: Using a cached neff at /home/ubuntu/neuron_cache_e2e/neuronxcc-2.23.6484.0+3b612583/MODULE_17699468275490213154+e30acd3a/model.neff
2026-09-09 09:01:38.000288:  89815  [INFO]: Using a cached neff at /home/ubuntu/neuron_cache_e2e/neuronxcc-2.23.6484.0+3b612583/MODULE_17699468275490213154+e30acd3a/model.neff
2026-09-09 09:01:38.000316:  89813  [INFO]: Using a cached neff at /home/ubuntu/neuron_cache_e2e/neuronxcc-2.23.6484.0+3b612583/MODULE_17699468275490213154+e30acd3a/model.neff
2026-09-09 09:01:38.000331:  89825  [INFO]: Using a cached neff at /home/ubuntu/neuron_cache_e2e/neuronxcc-2.23.6484.0+3b612583/MODULE_17699468275490213154+e30acd3a/model.neff
2026-09-09 09:01:38.000337:  89812  [INFO]: Using a cached neff at /home/ubuntu/neuron_cache_e2e/neuronxcc-2.23.6484.0+3b612583/MODULE_17699468275490213154+e30acd3a/model.neff
2026-09-09 09:01:38.000340:  89822  [INFO]: Using a cached neff at /home/ubuntu/neuron_cache_e2e/neuronxcc-2.23.6484.0+3b612583/MODULE_17699468275490213154+e30acd3a/model.neff
2026-09-09 09:01:38.000350:  89802  [INFO]: Using a cached neff at /home/ubuntu/neuron_cache_e2e/neuronxcc-2.23.6484.0+3b612583/MODULE_17699468275490213154+e30acd3a/model.neff
2026-09-09 09:01:38.000356:  89809  [INFO]: Using a cached neff at /home/ubuntu/neuron_cache_e2e/neuronxcc-2.23.6484.0+3b612583/MODULE_17699468275490213154+e30acd3a/model.neff
2026-09-09 09:01:38.000364:  89818  [INFO]: Using a cached neff at /home/ubuntu/neuron_cache_e2e/neuronxcc-2.23.6484.0+3b612583/MODULE_17699468275490213154+e30acd3a/model.neff
2026-09-09 09:01:38.000372:  89821  [INFO]: Using a cached neff at /home/ubuntu/neuron_cache_e2e/neuronxcc-2.23.6484.0+3b612583/MODULE_17699468275490213154+e30acd3a/model.neff
2026-09-09 09:01:38.000386:  89824  [INFO]: Using a cached neff at /home/ubuntu/neuron_cache_e2e/neuronxcc-2.23.6484.0+3b612583/MODULE_17699468275490213154+e30acd3a/model.neff
2026-09-09 09:01:38.000389:  89803  [INFO]: Using a cached neff at /home/ubuntu/neuron_cache_e2e/neuronxcc-2.23.6484.0+3b612583/MODULE_17699468275490213154+e30acd3a/model.neff
2026-09-09 09:01:38.000391:  89811  [INFO]: Using a cached neff at /home/ubuntu/neuron_cache_e2e/neuronxcc-2.23.6484.0+3b612583/MODULE_17699468275490213154+e30acd3a/model.neff
2026-09-09 09:01:38.000392:  89810  [INFO]: Using a cached neff at /home/ubuntu/neuron_cache_e2e/neuronxcc-2.23.6484.0+3b612583/MODULE_17699468275490213154+e30acd3a/model.neff
2026-09-09 09:01:38.000396:  89817  [INFO]: Using a cached neff at /home/ubuntu/neuron_cache_e2e/neuronxcc-2.23.6484.0+3b612583/MODULE_17699468275490213154+e30acd3a/model.neff
2026-09-09 09:01:38.000398:  89819  [INFO]: Using a cached neff at /home/ubuntu/neuron_cache_e2e/neuronxcc-2.23.6484.0+3b612583/MODULE_17699468275490213154+e30acd3a/model.neff
2026-09-09 09:01:38.000400:  89826  [INFO]: Using a cached neff at /home/ubuntu/neuron_cache_e2e/neuronxcc-2.23.6484.0+3b612583/MODULE_17699468275490213154+e30acd3a/model.neff
2026-09-09 09:01:38.000401:  89830  [INFO]: Using a cached neff at /home/ubuntu/neuron_cache_e2e/neuronxcc-2.23.6484.0+3b612583/MODULE_17699468275490213154+e30acd3a/model.neff
2026-09-09 09:01:38.000404:  89801  [INFO]: Using a cached neff at /home/ubuntu/neuron_cache_e2e/neuronxcc-2.23.6484.0+3b612583/MODULE_17699468275490213154+e30acd3a/model.neff
2026-09-09 09:01:38.000406:  89805  [INFO]: Using a cached neff at /home/ubuntu/neuron_cache_e2e/neuronxcc-2.23.6484.0+3b612583/MODULE_17699468275490213154+e30acd3a/model.neff
2026-09-09 09:01:38.000406:  89806  [INFO]: Using a cached neff at /home/ubuntu/neuron_cache_e2e/neuronxcc-2.23.6484.0+3b612583/MODULE_17699468275490213154+e30acd3a/model.neff
2026-09-09 09:01:38.000410:  89832  [INFO]: Using a cached neff at /home/ubuntu/neuron_cache_e2e/neuronxcc-2.23.6484.0+3b612583/MODULE_17699468275490213154+e30acd3a/model.neff
2026-09-09 09:01:38.000444:  89828  [INFO]: Using a cached neff at /home/ubuntu/neuron_cache_e2e/neuronxcc-2.23.6484.0+3b612583/MODULE_17699468275490213154+e30acd3a/model.neff

Compiler status PASS
2026-09-09 09:01:40.000000:  89804  [INFO]: Compilation Successfully Completed for model.MODULE_13318081029806370021+e30acd3a.hlo_module.pb
/home/ubuntu/train_gpt10b_tp_families.py:655: DeprecationWarning: Use torch_xla.sync instead
  xm.mark_step()
.2026-09-09 09:01:42.000291:  89823  [INFO]: Using a cached neff at /home/ubuntu/neuron_cache_e2e/neuronxcc-2.23.6484.0+3b612583/MODULE_13318081029806370021+e30acd3a/model.neff
2026-09-09 09:01:42.000569:  89814  [INFO]: Using a cached neff at /home/ubuntu/neuron_cache_e2e/neuronxcc-2.23.6484.0+3b612583/MODULE_13318081029806370021+e30acd3a/model.neff
2026-09-09 09:01:42.000716:  89829  [INFO]: Using a cached neff at /home/ubuntu/neuron_cache_e2e/neuronxcc-2.23.6484.0+3b612583/MODULE_13318081029806370021+e30acd3a/model.neff
2026-09-09 09:01:42.000778:  89820  [INFO]: Using a cached neff at /home/ubuntu/neuron_cache_e2e/neuronxcc-2.23.6484.0+3b612583/MODULE_13318081029806370021+e30acd3a/model.neff
2026-09-09 09:01:42.000830:  89807  [INFO]: Using a cached neff at /home/ubuntu/neuron_cache_e2e/neuronxcc-2.23.6484.0+3b612583/MODULE_13318081029806370021+e30acd3a/model.neff
2026-09-09 09:01:42.000931:  89808  [INFO]: Using a cached neff at /home/ubuntu/neuron_cache_e2e/neuronxcc-2.23.6484.0+3b612583/MODULE_13318081029806370021+e30acd3a/model.neff
2026-09-09 09:01:43.000103:  89816  [INFO]: Using a cached neff at /home/ubuntu/neuron_cache_e2e/neuronxcc-2.23.6484.0+3b612583/MODULE_13318081029806370021+e30acd3a/model.neff
2026-09-09 09:01:43.000125:  89827  [INFO]: Using a cached neff at /home/ubuntu/neuron_cache_e2e/neuronxcc-2.23.6484.0+3b612583/MODULE_13318081029806370021+e30acd3a/model.neff
2026-09-09 09:01:43.000137:  89831  [INFO]: Using a cached neff at /home/ubuntu/neuron_cache_e2e/neuronxcc-2.23.6484.0+3b612583/MODULE_13318081029806370021+e30acd3a/model.neff
2026-09-09 09:01:43.000316:  89815  [INFO]: Using a cached neff at /home/ubuntu/neuron_cache_e2e/neuronxcc-2.23.6484.0+3b612583/MODULE_13318081029806370021+e30acd3a/model.neff
2026-09-09 09:01:43.000341:  89813  [INFO]: Using a cached neff at /home/ubuntu/neuron_cache_e2e/neuronxcc-2.23.6484.0+3b612583/MODULE_13318081029806370021+e30acd3a/model.neff
2026-09-09 09:01:43.000356:  89825  [INFO]: Using a cached neff at /home/ubuntu/neuron_cache_e2e/neuronxcc-2.23.6484.0+3b612583/MODULE_13318081029806370021+e30acd3a/model.neff
2026-09-09 09:01:43.000363:  89812  [INFO]: Using a cached neff at /home/ubuntu/neuron_cache_e2e/neuronxcc-2.23.6484.0+3b612583/MODULE_13318081029806370021+e30acd3a/model.neff
2026-09-09 09:01:43.000364:  89822  [INFO]: Using a cached neff at /home/ubuntu/neuron_cache_e2e/neuronxcc-2.23.6484.0+3b612583/MODULE_13318081029806370021+e30acd3a/model.neff
2026-09-09 09:01:43.000375:  89802  [INFO]: Using a cached neff at /home/ubuntu/neuron_cache_e2e/neuronxcc-2.23.6484.0+3b612583/MODULE_13318081029806370021+e30acd3a/model.neff
2026-09-09 09:01:43.000380:  89809  [INFO]: Using a cached neff at /home/ubuntu/neuron_cache_e2e/neuronxcc-2.23.6484.0+3b612583/MODULE_13318081029806370021+e30acd3a/model.neff
2026-09-09 09:01:43.000389:  89818  [INFO]: Using a cached neff at /home/ubuntu/neuron_cache_e2e/neuronxcc-2.23.6484.0+3b612583/MODULE_13318081029806370021+e30acd3a/model.neff
2026-09-09 09:01:43.000398:  89821  [INFO]: Using a cached neff at /home/ubuntu/neuron_cache_e2e/neuronxcc-2.23.6484.0+3b612583/MODULE_13318081029806370021+e30acd3a/model.neff
2026-09-09 09:01:43.000410:  89824  [INFO]: Using a cached neff at /home/ubuntu/neuron_cache_e2e/neuronxcc-2.23.6484.0+3b612583/MODULE_13318081029806370021+e30acd3a/model.neff
2026-09-09 09:01:43.000414:  89803  [INFO]: Using a cached neff at /home/ubuntu/neuron_cache_e2e/neuronxcc-2.23.6484.0+3b612583/MODULE_13318081029806370021+e30acd3a/model.neff
2026-09-09 09:01:43.000415:  89811  [INFO]: Using a cached neff at /home/ubuntu/neuron_cache_e2e/neuronxcc-2.23.6484.0+3b612583/MODULE_13318081029806370021+e30acd3a/model.neff
2026-09-09 09:01:43.000417:  89810  [INFO]: Using a cached neff at /home/ubuntu/neuron_cache_e2e/neuronxcc-2.23.6484.0+3b612583/MODULE_13318081029806370021+e30acd3a/model.neff
2026-09-09 09:01:43.000419:  89817  [INFO]: Using a cached neff at /home/ubuntu/neuron_cache_e2e/neuronxcc-2.23.6484.0+3b612583/MODULE_13318081029806370021+e30acd3a/model.neff
2026-09-09 09:01:43.000421:  89819  [INFO]: Using a cached neff at /home/ubuntu/neuron_cache_e2e/neuronxcc-2.23.6484.0+3b612583/MODULE_13318081029806370021+e30acd3a/model.neff
2026-09-09 09:01:43.000424:  89826  [INFO]: Using a cached neff at /home/ubuntu/neuron_cache_e2e/neuronxcc-2.23.6484.0+3b612583/MODULE_13318081029806370021+e30acd3a/model.neff
2026-09-09 09:01:43.000425:  89830  [INFO]: Using a cached neff at /home/ubuntu/neuron_cache_e2e/neuronxcc-2.23.6484.0+3b612583/MODULE_13318081029806370021+e30acd3a/model.neff
2026-09-09 09:01:43.000428:  89805  [INFO]: Using a cached neff at /home/ubuntu/neuron_cache_e2e/neuronxcc-2.23.6484.0+3b612583/MODULE_13318081029806370021+e30acd3a/model.neff
2026-09-09 09:01:43.000432:  89801  [INFO]: Using a cached neff at /home/ubuntu/neuron_cache_e2e/neuronxcc-2.23.6484.0+3b612583/MODULE_13318081029806370021+e30acd3a/model.neff
2026-09-09 09:01:43.000434:  89832  [INFO]: Using a cached neff at /home/ubuntu/neuron_cache_e2e/neuronxcc-2.23.6484.0+3b612583/MODULE_13318081029806370021+e30acd3a/model.neff
2026-09-09 09:01:43.000436:  89806  [INFO]: Using a cached neff at /home/ubuntu/neuron_cache_e2e/neuronxcc-2.23.6484.0+3b612583/MODULE_13318081029806370021+e30acd3a/model.neff
2026-09-09 09:01:43.000469:  89828  [INFO]: Using a cached neff at /home/ubuntu/neuron_cache_e2e/neuronxcc-2.23.6484.0+3b612583/MODULE_13318081029806370021+e30acd3a/model.neff

Compiler status PASS
2026-09-09 09:01:44.000804:  89804  [INFO]: Compilation Successfully Completed for model.MODULE_11129965598566482386+e30acd3a.hlo_module.pb
/home/ubuntu/train_gpt10b_tp_families.py:655: DeprecationWarning: Use torch_xla.sync instead
  xm.mark_step()
.2026-09-09 09:01:47.000315:  89823  [INFO]: Using a cached neff at /home/ubuntu/neuron_cache_e2e/neuronxcc-2.23.6484.0+3b612583/MODULE_11129965598566482386+e30acd3a/model.neff
2026-09-09 09:01:47.000593:  89814  [INFO]: Using a cached neff at /home/ubuntu/neuron_cache_e2e/neuronxcc-2.23.6484.0+3b612583/MODULE_11129965598566482386+e30acd3a/model.neff
2026-09-09 09:01:47.000741:  89829  [INFO]: Using a cached neff at /home/ubuntu/neuron_cache_e2e/neuronxcc-2.23.6484.0+3b612583/MODULE_11129965598566482386+e30acd3a/model.neff
2026-09-09 09:01:47.000804:  89820  [INFO]: Using a cached neff at /home/ubuntu/neuron_cache_e2e/neuronxcc-2.23.6484.0+3b612583/MODULE_11129965598566482386+e30acd3a/model.neff
2026-09-09 09:01:47.000855:  89807  [INFO]: Using a cached neff at /home/ubuntu/neuron_cache_e2e/neuronxcc-2.23.6484.0+3b612583/MODULE_11129965598566482386+e30acd3a/model.neff
2026-09-09 09:01:47.000957:  89808  [INFO]: Using a cached neff at /home/ubuntu/neuron_cache_e2e/neuronxcc-2.23.6484.0+3b612583/MODULE_11129965598566482386+e30acd3a/model.neff
2026-09-09 09:01:48.000127:  89816  [INFO]: Using a cached neff at /home/ubuntu/neuron_cache_e2e/neuronxcc-2.23.6484.0+3b612583/MODULE_11129965598566482386+e30acd3a/model.neff
2026-09-09 09:01:48.000153:  89827  [INFO]: Using a cached neff at /home/ubuntu/neuron_cache_e2e/neuronxcc-2.23.6484.0+3b612583/MODULE_11129965598566482386+e30acd3a/model.neff
2026-09-09 09:01:48.000161:  89831  [INFO]: Using a cached neff at /home/ubuntu/neuron_cache_e2e/neuronxcc-2.23.6484.0+3b612583/MODULE_11129965598566482386+e30acd3a/model.neff
2026-09-09 09:01:48.000341:  89815  [INFO]: Using a cached neff at /home/ubuntu/neuron_cache_e2e/neuronxcc-2.23.6484.0+3b612583/MODULE_11129965598566482386+e30acd3a/model.neff
2026-09-09 09:01:48.000364:  89813  [INFO]: Using a cached neff at /home/ubuntu/neuron_cache_e2e/neuronxcc-2.23.6484.0+3b612583/MODULE_11129965598566482386+e30acd3a/model.neff
2026-09-09 09:01:48.000381:  89825  [INFO]: Using a cached neff at /home/ubuntu/neuron_cache_e2e/neuronxcc-2.23.6484.0+3b612583/MODULE_11129965598566482386+e30acd3a/model.neff
2026-09-09 09:01:48.000385:  89822  [INFO]: Using a cached neff at /home/ubuntu/neuron_cache_e2e/neuronxcc-2.23.6484.0+3b612583/MODULE_11129965598566482386+e30acd3a/model.neff
2026-09-09 09:01:48.000388:  89812  [INFO]: Using a cached neff at /home/ubuntu/neuron_cache_e2e/neuronxcc-2.23.6484.0+3b612583/MODULE_11129965598566482386+e30acd3a/model.neff
2026-09-09 09:01:48.000398:  89802  [INFO]: Using a cached neff at /home/ubuntu/neuron_cache_e2e/neuronxcc-2.23.6484.0+3b612583/MODULE_11129965598566482386+e30acd3a/model.neff
2026-09-09 09:01:48.000405:  89809  [INFO]: Using a cached neff at /home/ubuntu/neuron_cache_e2e/neuronxcc-2.23.6484.0+3b612583/MODULE_11129965598566482386+e30acd3a/model.neff
2026-09-09 09:01:48.000413:  89818  [INFO]: Using a cached neff at /home/ubuntu/neuron_cache_e2e/neuronxcc-2.23.6484.0+3b612583/MODULE_11129965598566482386+e30acd3a/model.neff
2026-09-09 09:01:48.000422:  89821  [INFO]: Using a cached neff at /home/ubuntu/neuron_cache_e2e/neuronxcc-2.23.6484.0+3b612583/MODULE_11129965598566482386+e30acd3a/model.neff
2026-09-09 09:01:48.000434:  89824  [INFO]: Using a cached neff at /home/ubuntu/neuron_cache_e2e/neuronxcc-2.23.6484.0+3b612583/MODULE_11129965598566482386+e30acd3a/model.neff
2026-09-09 09:01:48.000437:  89803  [INFO]: Using a cached neff at /home/ubuntu/neuron_cache_e2e/neuronxcc-2.23.6484.0+3b612583/MODULE_11129965598566482386+e30acd3a/model.neff
2026-09-09 09:01:48.000438:  89811  [INFO]: Using a cached neff at /home/ubuntu/neuron_cache_e2e/neuronxcc-2.23.6484.0+3b612583/MODULE_11129965598566482386+e30acd3a/model.neff
2026-09-09 09:01:48.000440:  89810  [INFO]: Using a cached neff at /home/ubuntu/neuron_cache_e2e/neuronxcc-2.23.6484.0+3b612583/MODULE_11129965598566482386+e30acd3a/model.neff
2026-09-09 09:01:48.000443:  89817  [INFO]: Using a cached neff at /home/ubuntu/neuron_cache_e2e/neuronxcc-2.23.6484.0+3b612583/MODULE_11129965598566482386+e30acd3a/model.neff
2026-09-09 09:01:48.000444:  89819  [INFO]: Using a cached neff at /home/ubuntu/neuron_cache_e2e/neuronxcc-2.23.6484.0+3b612583/MODULE_11129965598566482386+e30acd3a/model.neff
2026-09-09 09:01:48.000449:  89826  [INFO]: Using a cached neff at /home/ubuntu/neuron_cache_e2e/neuronxcc-2.23.6484.0+3b612583/MODULE_11129965598566482386+e30acd3a/model.neff
2026-09-09 09:01:48.000450:  89830  [INFO]: Using a cached neff at /home/ubuntu/neuron_cache_e2e/neuronxcc-2.23.6484.0+3b612583/MODULE_11129965598566482386+e30acd3a/model.neff
2026-09-09 09:01:48.000452:  89805  [INFO]: Using a cached neff at /home/ubuntu/neuron_cache_e2e/neuronxcc-2.23.6484.0+3b612583/MODULE_11129965598566482386+e30acd3a/model.neff
2026-09-09 09:01:48.000457:  89832  [INFO]: Using a cached neff at /home/ubuntu/neuron_cache_e2e/neuronxcc-2.23.6484.0+3b612583/MODULE_11129965598566482386+e30acd3a/model.neff
2026-09-09 09:01:48.000460:  89801  [INFO]: Using a cached neff at /home/ubuntu/neuron_cache_e2e/neuronxcc-2.23.6484.0+3b612583/MODULE_11129965598566482386+e30acd3a/model.neff
2026-09-09 09:01:48.000463:  89806  [INFO]: Using a cached neff at /home/ubuntu/neuron_cache_e2e/neuronxcc-2.23.6484.0+3b612583/MODULE_11129965598566482386+e30acd3a/model.neff
2026-09-09 09:01:48.000493:  89828  [INFO]: Using a cached neff at /home/ubuntu/neuron_cache_e2e/neuronxcc-2.23.6484.0+3b612583/MODULE_11129965598566482386+e30acd3a/model.neff

Compiler status PASS
2026-09-09 09:01:49.000522:  89804  [INFO]: Compilation Successfully Completed for model.MODULE_4272806645210191267+e30acd3a.hlo_module.pb
/home/ubuntu/train_gpt10b_tp_families.py:655: DeprecationWarning: Use torch_xla.sync instead
  xm.mark_step()
.2026-09-09 09:01:52.000338:  89823  [INFO]: Using a cached neff at /home/ubuntu/neuron_cache_e2e/neuronxcc-2.23.6484.0+3b612583/MODULE_4272806645210191267+e30acd3a/model.neff
2026-09-09 09:01:52.000617:  89814  [INFO]: Using a cached neff at /home/ubuntu/neuron_cache_e2e/neuronxcc-2.23.6484.0+3b612583/MODULE_4272806645210191267+e30acd3a/model.neff
2026-09-09 09:01:52.000768:  89829  [INFO]: Using a cached neff at /home/ubuntu/neuron_cache_e2e/neuronxcc-2.23.6484.0+3b612583/MODULE_4272806645210191267+e30acd3a/model.neff
2026-09-09 09:01:52.000829:  89820  [INFO]: Using a cached neff at /home/ubuntu/neuron_cache_e2e/neuronxcc-2.23.6484.0+3b612583/MODULE_4272806645210191267+e30acd3a/model.neff
2026-09-09 09:01:52.000880:  89807  [INFO]: Using a cached neff at /home/ubuntu/neuron_cache_e2e/neuronxcc-2.23.6484.0+3b612583/MODULE_4272806645210191267+e30acd3a/model.neff
2026-09-09 09:01:52.000981:  89808  [INFO]: Using a cached neff at /home/ubuntu/neuron_cache_e2e/neuronxcc-2.23.6484.0+3b612583/MODULE_4272806645210191267+e30acd3a/model.neff
2026-09-09 09:01:53.000152:  89816  [INFO]: Using a cached neff at /home/ubuntu/neuron_cache_e2e/neuronxcc-2.23.6484.0+3b612583/MODULE_4272806645210191267+e30acd3a/model.neff
2026-09-09 09:01:53.000178:  89827  [INFO]: Using a cached neff at /home/ubuntu/neuron_cache_e2e/neuronxcc-2.23.6484.0+3b612583/MODULE_4272806645210191267+e30acd3a/model.neff
2026-09-09 09:01:53.000185:  89831  [INFO]: Using a cached neff at /home/ubuntu/neuron_cache_e2e/neuronxcc-2.23.6484.0+3b612583/MODULE_4272806645210191267+e30acd3a/model.neff
2026-09-09 09:01:53.000369:  89815  [INFO]: Using a cached neff at /home/ubuntu/neuron_cache_e2e/neuronxcc-2.23.6484.0+3b612583/MODULE_4272806645210191267+e30acd3a/model.neff
2026-09-09 09:01:53.000389:  89813  [INFO]: Using a cached neff at /home/ubuntu/neuron_cache_e2e/neuronxcc-2.23.6484.0+3b612583/MODULE_4272806645210191267+e30acd3a/model.neff
2026-09-09 09:01:53.000405:  89825  [INFO]: Using a cached neff at /home/ubuntu/neuron_cache_e2e/neuronxcc-2.23.6484.0+3b612583/MODULE_4272806645210191267+e30acd3a/model.neff
2026-09-09 09:01:53.000409:  89822  [INFO]: Using a cached neff at /home/ubuntu/neuron_cache_e2e/neuronxcc-2.23.6484.0+3b612583/MODULE_4272806645210191267+e30acd3a/model.neff
2026-09-09 09:01:53.000414:  89812  [INFO]: Using a cached neff at /home/ubuntu/neuron_cache_e2e/neuronxcc-2.23.6484.0+3b612583/MODULE_4272806645210191267+e30acd3a/model.neff
2026-09-09 09:01:53.000417:  89802  [INFO]: Using a cached neff at /home/ubuntu/neuron_cache_e2e/neuronxcc-2.23.6484.0+3b612583/MODULE_4272806645210191267+e30acd3a/model.neff
2026-09-09 09:01:53.000430:  89809  [INFO]: Using a cached neff at /home/ubuntu/neuron_cache_e2e/neuronxcc-2.23.6484.0+3b612583/MODULE_4272806645210191267+e30acd3a/model.neff
2026-09-09 09:01:53.000437:  89818  [INFO]: Using a cached neff at /home/ubuntu/neuron_cache_e2e/neuronxcc-2.23.6484.0+3b612583/MODULE_4272806645210191267+e30acd3a/model.neff
2026-09-09 09:01:53.000447:  89821  [INFO]: Using a cached neff at /home/ubuntu/neuron_cache_e2e/neuronxcc-2.23.6484.0+3b612583/MODULE_4272806645210191267+e30acd3a/model.neff
2026-09-09 09:01:53.000460:  89824  [INFO]: Using a cached neff at /home/ubuntu/neuron_cache_e2e/neuronxcc-2.23.6484.0+3b612583/MODULE_4272806645210191267+e30acd3a/model.neff
2026-09-09 09:01:53.000462:  89803  [INFO]: Using a cached neff at /home/ubuntu/neuron_cache_e2e/neuronxcc-2.23.6484.0+3b612583/MODULE_4272806645210191267+e30acd3a/model.neff
2026-09-09 09:01:53.000464:  89810  [INFO]: Using a cached neff at /home/ubuntu/neuron_cache_e2e/neuronxcc-2.23.6484.0+3b612583/MODULE_4272806645210191267+e30acd3a/model.neff
2026-09-09 09:01:53.000465:  89811  [INFO]: Using a cached neff at /home/ubuntu/neuron_cache_e2e/neuronxcc-2.23.6484.0+3b612583/MODULE_4272806645210191267+e30acd3a/model.neff
2026-09-09 09:01:53.000466:  89817  [INFO]: Using a cached neff at /home/ubuntu/neuron_cache_e2e/neuronxcc-2.23.6484.0+3b612583/MODULE_4272806645210191267+e30acd3a/model.neff
2026-09-09 09:01:53.000468:  89819  [INFO]: Using a cached neff at /home/ubuntu/neuron_cache_e2e/neuronxcc-2.23.6484.0+3b612583/MODULE_4272806645210191267+e30acd3a/model.neff
2026-09-09 09:01:53.000474:  89826  [INFO]: Using a cached neff at /home/ubuntu/neuron_cache_e2e/neuronxcc-2.23.6484.0+3b612583/MODULE_4272806645210191267+e30acd3a/model.neff
2026-09-09 09:01:53.000474:  89830  [INFO]: Using a cached neff at /home/ubuntu/neuron_cache_e2e/neuronxcc-2.23.6484.0+3b612583/MODULE_4272806645210191267+e30acd3a/model.neff
2026-09-09 09:01:53.000475:  89805  [INFO]: Using a cached neff at /home/ubuntu/neuron_cache_e2e/neuronxcc-2.23.6484.0+3b612583/MODULE_4272806645210191267+e30acd3a/model.neff
2026-09-09 09:01:53.000481:  89832  [INFO]: Using a cached neff at /home/ubuntu/neuron_cache_e2e/neuronxcc-2.23.6484.0+3b612583/MODULE_4272806645210191267+e30acd3a/model.neff
2026-09-09 09:01:53.000487:  89801  [INFO]: Using a cached neff at /home/ubuntu/neuron_cache_e2e/neuronxcc-2.23.6484.0+3b612583/MODULE_4272806645210191267+e30acd3a/model.neff
2026-09-09 09:01:53.000490:  89806  [INFO]: Using a cached neff at /home/ubuntu/neuron_cache_e2e/neuronxcc-2.23.6484.0+3b612583/MODULE_4272806645210191267+e30acd3a/model.neff
2026-09-09 09:01:53.000517:  89828  [INFO]: Using a cached neff at /home/ubuntu/neuron_cache_e2e/neuronxcc-2.23.6484.0+3b612583/MODULE_4272806645210191267+e30acd3a/model.neff

Compiler status PASS
2026-09-09 09:01:54.000320:  89804  [INFO]: Compilation Successfully Completed for model.MODULE_5223633225114114347+e30acd3a.hlo_module.pb
/home/ubuntu/train_gpt10b_tp_families.py:655: DeprecationWarning: Use torch_xla.sync instead
  xm.mark_step()
.2026-09-09 09:01:57.000363:  89823  [INFO]: Using a cached neff at /home/ubuntu/neuron_cache_e2e/neuronxcc-2.23.6484.0+3b612583/MODULE_5223633225114114347+e30acd3a/model.neff
2026-09-09 09:01:57.000641:  89814  [INFO]: Using a cached neff at /home/ubuntu/neuron_cache_e2e/neuronxcc-2.23.6484.0+3b612583/MODULE_5223633225114114347+e30acd3a/model.neff
2026-09-09 09:01:57.000792:  89829  [INFO]: Using a cached neff at /home/ubuntu/neuron_cache_e2e/neuronxcc-2.23.6484.0+3b612583/MODULE_5223633225114114347+e30acd3a/model.neff
2026-09-09 09:01:57.000854:  89820  [INFO]: Using a cached neff at /home/ubuntu/neuron_cache_e2e/neuronxcc-2.23.6484.0+3b612583/MODULE_5223633225114114347+e30acd3a/model.neff
2026-09-09 09:01:57.000906:  89807  [INFO]: Using a cached neff at /home/ubuntu/neuron_cache_e2e/neuronxcc-2.23.6484.0+3b612583/MODULE_5223633225114114347+e30acd3a/model.neff
2026-09-09 09:01:58.000006:  89808  [INFO]: Using a cached neff at /home/ubuntu/neuron_cache_e2e/neuronxcc-2.23.6484.0+3b612583/MODULE_5223633225114114347+e30acd3a/model.neff
2026-09-09 09:01:58.000177:  89816  [INFO]: Using a cached neff at /home/ubuntu/neuron_cache_e2e/neuronxcc-2.23.6484.0+3b612583/MODULE_5223633225114114347+e30acd3a/model.neff
2026-09-09 09:01:58.000204:  89827  [INFO]: Using a cached neff at /home/ubuntu/neuron_cache_e2e/neuronxcc-2.23.6484.0+3b612583/MODULE_5223633225114114347+e30acd3a/model.neff
2026-09-09 09:01:58.000210:  89831  [INFO]: Using a cached neff at /home/ubuntu/neuron_cache_e2e/neuronxcc-2.23.6484.0+3b612583/MODULE_5223633225114114347+e30acd3a/model.neff
2026-09-09 09:01:58.000395:  89815  [INFO]: Using a cached neff at /home/ubuntu/neuron_cache_e2e/neuronxcc-2.23.6484.0+3b612583/MODULE_5223633225114114347+e30acd3a/model.neff
2026-09-09 09:01:58.000413:  89813  [INFO]: Using a cached neff at /home/ubuntu/neuron_cache_e2e/neuronxcc-2.23.6484.0+3b612583/MODULE_5223633225114114347+e30acd3a/model.neff
2026-09-09 09:01:58.000430:  89825  [INFO]: Using a cached neff at /home/ubuntu/neuron_cache_e2e/neuronxcc-2.23.6484.0+3b612583/MODULE_5223633225114114347+e30acd3a/model.neff
2026-09-09 09:01:58.000432:  89822  [INFO]: Using a cached neff at /home/ubuntu/neuron_cache_e2e/neuronxcc-2.23.6484.0+3b612583/MODULE_5223633225114114347+e30acd3a/model.neff
2026-09-09 09:01:58.000440:  89812  [INFO]: Using a cached neff at /home/ubuntu/neuron_cache_e2e/neuronxcc-2.23.6484.0+3b612583/MODULE_5223633225114114347+e30acd3a/model.neff
2026-09-09 09:01:58.000441:  89802  [INFO]: Using a cached neff at /home/ubuntu/neuron_cache_e2e/neuronxcc-2.23.6484.0+3b612583/MODULE_5223633225114114347+e30acd3a/model.neff
2026-09-09 09:01:58.000456:  89809  [INFO]: Using a cached neff at /home/ubuntu/neuron_cache_e2e/neuronxcc-2.23.6484.0+3b612583/MODULE_5223633225114114347+e30acd3a/model.neff
2026-09-09 09:01:58.000460:  89818  [INFO]: Using a cached neff at /home/ubuntu/neuron_cache_e2e/neuronxcc-2.23.6484.0+3b612583/MODULE_5223633225114114347+e30acd3a/model.neff
2026-09-09 09:01:58.000471:  89821  [INFO]: Using a cached neff at /home/ubuntu/neuron_cache_e2e/neuronxcc-2.23.6484.0+3b612583/MODULE_5223633225114114347+e30acd3a/model.neff
2026-09-09 09:01:58.000486:  89803  [INFO]: Using a cached neff at /home/ubuntu/neuron_cache_e2e/neuronxcc-2.23.6484.0+3b612583/MODULE_5223633225114114347+e30acd3a/model.neff
2026-09-09 09:01:58.000487:  89824  [INFO]: Using a cached neff at /home/ubuntu/neuron_cache_e2e/neuronxcc-2.23.6484.0+3b612583/MODULE_5223633225114114347+e30acd3a/model.neff
2026-09-09 09:01:58.000487:  89810  [INFO]: Using a cached neff at /home/ubuntu/neuron_cache_e2e/neuronxcc-2.23.6484.0+3b612583/MODULE_5223633225114114347+e30acd3a/model.neff
2026-09-09 09:01:58.000489:  89817  [INFO]: Using a cached neff at /home/ubuntu/neuron_cache_e2e/neuronxcc-2.23.6484.0+3b612583/MODULE_5223633225114114347+e30acd3a/model.neff
2026-09-09 09:01:58.000491:  89819  [INFO]: Using a cached neff at /home/ubuntu/neuron_cache_e2e/neuronxcc-2.23.6484.0+3b612583/MODULE_5223633225114114347+e30acd3a/model.neff
2026-09-09 09:01:58.000492:  89811  [INFO]: Using a cached neff at /home/ubuntu/neuron_cache_e2e/neuronxcc-2.23.6484.0+3b612583/MODULE_5223633225114114347+e30acd3a/model.neff
2026-09-09 09:01:58.000497:  89826  [INFO]: Using a cached neff at /home/ubuntu/neuron_cache_e2e/neuronxcc-2.23.6484.0+3b612583/MODULE_5223633225114114347+e30acd3a/model.neff
2026-09-09 09:01:58.000498:  89830  [INFO]: Using a cached neff at /home/ubuntu/neuron_cache_e2e/neuronxcc-2.23.6484.0+3b612583/MODULE_5223633225114114347+e30acd3a/model.neff
2026-09-09 09:01:58.000498:  89805  [INFO]: Using a cached neff at /home/ubuntu/neuron_cache_e2e/neuronxcc-2.23.6484.0+3b612583/MODULE_5223633225114114347+e30acd3a/model.neff
2026-09-09 09:01:58.000505:  89832  [INFO]: Using a cached neff at /home/ubuntu/neuron_cache_e2e/neuronxcc-2.23.6484.0+3b612583/MODULE_5223633225114114347+e30acd3a/model.neff
2026-09-09 09:01:58.000514:  89801  [INFO]: Using a cached neff at /home/ubuntu/neuron_cache_e2e/neuronxcc-2.23.6484.0+3b612583/MODULE_5223633225114114347+e30acd3a/model.neff
2026-09-09 09:01:58.000517:  89806  [INFO]: Using a cached neff at /home/ubuntu/neuron_cache_e2e/neuronxcc-2.23.6484.0+3b612583/MODULE_5223633225114114347+e30acd3a/model.neff
2026-09-09 09:01:58.000542:  89828  [INFO]: Using a cached neff at /home/ubuntu/neuron_cache_e2e/neuronxcc-2.23.6484.0+3b612583/MODULE_5223633225114114347+e30acd3a/model.neff

Compiler status PASS
2026-09-09 09:01:59.000067:  89804  [INFO]: Compilation Successfully Completed for model.MODULE_5699981621561527716+e30acd3a.hlo_module.pb
/home/ubuntu/train_gpt10b_tp_families.py:655: DeprecationWarning: Use torch_xla.sync instead
  xm.mark_step()
.2026-09-09 09:02:02.000387:  89823  [INFO]: Using a cached neff at /home/ubuntu/neuron_cache_e2e/neuronxcc-2.23.6484.0+3b612583/MODULE_5699981621561527716+e30acd3a/model.neff
2026-09-09 09:02:02.000665:  89814  [INFO]: Using a cached neff at /home/ubuntu/neuron_cache_e2e/neuronxcc-2.23.6484.0+3b612583/MODULE_5699981621561527716+e30acd3a/model.neff
2026-09-09 09:02:02.000818:  89829  [INFO]: Using a cached neff at /home/ubuntu/neuron_cache_e2e/neuronxcc-2.23.6484.0+3b612583/MODULE_5699981621561527716+e30acd3a/model.neff
2026-09-09 09:02:02.000879:  89820  [INFO]: Using a cached neff at /home/ubuntu/neuron_cache_e2e/neuronxcc-2.23.6484.0+3b612583/MODULE_5699981621561527716+e30acd3a/model.neff
2026-09-09 09:02:02.000931:  89807  [INFO]: Using a cached neff at /home/ubuntu/neuron_cache_e2e/neuronxcc-2.23.6484.0+3b612583/MODULE_5699981621561527716+e30acd3a/model.neff
2026-09-09 09:02:03.000031:  89808  [INFO]: Using a cached neff at /home/ubuntu/neuron_cache_e2e/neuronxcc-2.23.6484.0+3b612583/MODULE_5699981621561527716+e30acd3a/model.neff
2026-09-09 09:02:03.000203:  89816  [INFO]: Using a cached neff at /home/ubuntu/neuron_cache_e2e/neuronxcc-2.23.6484.0+3b612583/MODULE_5699981621561527716+e30acd3a/model.neff
2026-09-09 09:02:03.000227:  89827  [INFO]: Using a cached neff at /home/ubuntu/neuron_cache_e2e/neuronxcc-2.23.6484.0+3b612583/MODULE_5699981621561527716+e30acd3a/model.neff
2026-09-09 09:02:03.000234:  89831  [INFO]: Using a cached neff at /home/ubuntu/neuron_cache_e2e/neuronxcc-2.23.6484.0+3b612583/MODULE_5699981621561527716+e30acd3a/model.neff
2026-09-09 09:02:03.000421:  89815  [INFO]: Using a cached neff at /home/ubuntu/neuron_cache_e2e/neuronxcc-2.23.6484.0+3b612583/MODULE_5699981621561527716+e30acd3a/model.neff
2026-09-09 09:02:03.000437:  89813  [INFO]: Using a cached neff at /home/ubuntu/neuron_cache_e2e/neuronxcc-2.23.6484.0+3b612583/MODULE_5699981621561527716+e30acd3a/model.neff
2026-09-09 09:02:03.000455:  89825  [INFO]: Using a cached neff at /home/ubuntu/neuron_cache_e2e/neuronxcc-2.23.6484.0+3b612583/MODULE_5699981621561527716+e30acd3a/model.neff
2026-09-09 09:02:03.000458:  89822  [INFO]: Using a cached neff at /home/ubuntu/neuron_cache_e2e/neuronxcc-2.23.6484.0+3b612583/MODULE_5699981621561527716+e30acd3a/model.neff
2026-09-09 09:02:03.000464:  89812  [INFO]: Using a cached neff at /home/ubuntu/neuron_cache_e2e/neuronxcc-2.23.6484.0+3b612583/MODULE_5699981621561527716+e30acd3a/model.neff
2026-09-09 09:02:03.000465:  89802  [INFO]: Using a cached neff at /home/ubuntu/neuron_cache_e2e/neuronxcc-2.23.6484.0+3b612583/MODULE_5699981621561527716+e30acd3a/model.neff
2026-09-09 09:02:03.000481:  89809  [INFO]: Using a cached neff at /home/ubuntu/neuron_cache_e2e/neuronxcc-2.23.6484.0+3b612583/MODULE_5699981621561527716+e30acd3a/model.neff
2026-09-09 09:02:03.000484:  89818  [INFO]: Using a cached neff at /home/ubuntu/neuron_cache_e2e/neuronxcc-2.23.6484.0+3b612583/MODULE_5699981621561527716+e30acd3a/model.neff
2026-09-09 09:02:03.000495:  89821  [INFO]: Using a cached neff at /home/ubuntu/neuron_cache_e2e/neuronxcc-2.23.6484.0+3b612583/MODULE_5699981621561527716+e30acd3a/model.neff
2026-09-09 09:02:03.000510:  89803  [INFO]: Using a cached neff at /home/ubuntu/neuron_cache_e2e/neuronxcc-2.23.6484.0+3b612583/MODULE_5699981621561527716+e30acd3a/model.neff
2026-09-09 09:02:03.000511:  89810  [INFO]: Using a cached neff at /home/ubuntu/neuron_cache_e2e/neuronxcc-2.23.6484.0+3b612583/MODULE_5699981621561527716+e30acd3a/model.neff
2026-09-09 09:02:03.000514:  89824  [INFO]: Using a cached neff at /home/ubuntu/neuron_cache_e2e/neuronxcc-2.23.6484.0+3b612583/MODULE_5699981621561527716+e30acd3a/model.neff
2026-09-09 09:02:03.000514:  89817  [INFO]: Using a cached neff at /home/ubuntu/neuron_cache_e2e/neuronxcc-2.23.6484.0+3b612583/MODULE_5699981621561527716+e30acd3a/model.neff
2026-09-09 09:02:03.000515:  89819  [INFO]: Using a cached neff at /home/ubuntu/neuron_cache_e2e/neuronxcc-2.23.6484.0+3b612583/MODULE_5699981621561527716+e30acd3a/model.neff
2026-09-09 09:02:03.000519:  89811  [INFO]: Using a cached neff at /home/ubuntu/neuron_cache_e2e/neuronxcc-2.23.6484.0+3b612583/MODULE_5699981621561527716+e30acd3a/model.neff
2026-09-09 09:02:03.000521:  89826  [INFO]: Using a cached neff at /home/ubuntu/neuron_cache_e2e/neuronxcc-2.23.6484.0+3b612583/MODULE_5699981621561527716+e30acd3a/model.neff
2026-09-09 09:02:03.000522:  89805  [INFO]: Using a cached neff at /home/ubuntu/neuron_cache_e2e/neuronxcc-2.23.6484.0+3b612583/MODULE_5699981621561527716+e30acd3a/model.neff
2026-09-09 09:02:03.000523:  89830  [INFO]: Using a cached neff at /home/ubuntu/neuron_cache_e2e/neuronxcc-2.23.6484.0+3b612583/MODULE_5699981621561527716+e30acd3a/model.neff
2026-09-09 09:02:03.000529:  89832  [INFO]: Using a cached neff at /home/ubuntu/neuron_cache_e2e/neuronxcc-2.23.6484.0+3b612583/MODULE_5699981621561527716+e30acd3a/model.neff
2026-09-09 09:02:03.000542:  89801  [INFO]: Using a cached neff at /home/ubuntu/neuron_cache_e2e/neuronxcc-2.23.6484.0+3b612583/MODULE_5699981621561527716+e30acd3a/model.neff
2026-09-09 09:02:03.000545:  89806  [INFO]: Using a cached neff at /home/ubuntu/neuron_cache_e2e/neuronxcc-2.23.6484.0+3b612583/MODULE_5699981621561527716+e30acd3a/model.neff
2026-09-09 09:02:03.000566:  89828  [INFO]: Using a cached neff at /home/ubuntu/neuron_cache_e2e/neuronxcc-2.23.6484.0+3b612583/MODULE_5699981621561527716+e30acd3a/model.neff

Compiler status PASS
2026-09-09 09:02:03.000923:  89804  [INFO]: Compilation Successfully Completed for model.MODULE_8575940740000655340+e30acd3a.hlo_module.pb
/home/ubuntu/train_gpt10b_tp_families.py:655: DeprecationWarning: Use torch_xla.sync instead
  xm.mark_step()
.2026-09-09 09:02:07.000414:  89823  [INFO]: Using a cached neff at /home/ubuntu/neuron_cache_e2e/neuronxcc-2.23.6484.0+3b612583/MODULE_8575940740000655340+e30acd3a/model.neff
2026-09-09 09:02:07.000692:  89814  [INFO]: Using a cached neff at /home/ubuntu/neuron_cache_e2e/neuronxcc-2.23.6484.0+3b612583/MODULE_8575940740000655340+e30acd3a/model.neff
2026-09-09 09:02:07.000844:  89829  [INFO]: Using a cached neff at /home/ubuntu/neuron_cache_e2e/neuronxcc-2.23.6484.0+3b612583/MODULE_8575940740000655340+e30acd3a/model.neff
2026-09-09 09:02:07.000907:  89820  [INFO]: Using a cached neff at /home/ubuntu/neuron_cache_e2e/neuronxcc-2.23.6484.0+3b612583/MODULE_8575940740000655340+e30acd3a/model.neff
2026-09-09 09:02:07.000959:  89807  [INFO]: Using a cached neff at /home/ubuntu/neuron_cache_e2e/neuronxcc-2.23.6484.0+3b612583/MODULE_8575940740000655340+e30acd3a/model.neff
2026-09-09 09:02:08.000058:  89808  [INFO]: Using a cached neff at /home/ubuntu/neuron_cache_e2e/neuronxcc-2.23.6484.0+3b612583/MODULE_8575940740000655340+e30acd3a/model.neff
2026-09-09 09:02:08.000232:  89816  [INFO]: Using a cached neff at /home/ubuntu/neuron_cache_e2e/neuronxcc-2.23.6484.0+3b612583/MODULE_8575940740000655340+e30acd3a/model.neff
2026-09-09 09:02:08.000254:  89827  [INFO]: Using a cached neff at /home/ubuntu/neuron_cache_e2e/neuronxcc-2.23.6484.0+3b612583/MODULE_8575940740000655340+e30acd3a/model.neff
2026-09-09 09:02:08.000260:  89831  [INFO]: Using a cached neff at /home/ubuntu/neuron_cache_e2e/neuronxcc-2.23.6484.0+3b612583/MODULE_8575940740000655340+e30acd3a/model.neff
2026-09-09 09:02:08.000449:  89815  [INFO]: Using a cached neff at /home/ubuntu/neuron_cache_e2e/neuronxcc-2.23.6484.0+3b612583/MODULE_8575940740000655340+e30acd3a/model.neff
2026-09-09 09:02:08.000464:  89813  [INFO]: Using a cached neff at /home/ubuntu/neuron_cache_e2e/neuronxcc-2.23.6484.0+3b612583/MODULE_8575940740000655340+e30acd3a/model.neff
2026-09-09 09:02:08.000481:  89825  [INFO]: Using a cached neff at /home/ubuntu/neuron_cache_e2e/neuronxcc-2.23.6484.0+3b612583/MODULE_8575940740000655340+e30acd3a/model.neff
2026-09-09 09:02:08.000485:  89822  [INFO]: Using a cached neff at /home/ubuntu/neuron_cache_e2e/neuronxcc-2.23.6484.0+3b612583/MODULE_8575940740000655340+e30acd3a/model.neff
2026-09-09 09:02:08.000491:  89812  [INFO]: Using a cached neff at /home/ubuntu/neuron_cache_e2e/neuronxcc-2.23.6484.0+3b612583/MODULE_8575940740000655340+e30acd3a/model.neff
2026-09-09 09:02:08.000491:  89802  [INFO]: Using a cached neff at /home/ubuntu/neuron_cache_e2e/neuronxcc-2.23.6484.0+3b612583/MODULE_8575940740000655340+e30acd3a/model.neff
2026-09-09 09:02:08.000511:  89818  [INFO]: Using a cached neff at /home/ubuntu/neuron_cache_e2e/neuronxcc-2.23.6484.0+3b612583/MODULE_8575940740000655340+e30acd3a/model.neff
2026-09-09 09:02:08.000511:  89809  [INFO]: Using a cached neff at /home/ubuntu/neuron_cache_e2e/neuronxcc-2.23.6484.0+3b612583/MODULE_8575940740000655340+e30acd3a/model.neff
2026-09-09 09:02:08.000522:  89821  [INFO]: Using a cached neff at /home/ubuntu/neuron_cache_e2e/neuronxcc-2.23.6484.0+3b612583/MODULE_8575940740000655340+e30acd3a/model.neff
2026-09-09 09:02:08.000537:  89803  [INFO]: Using a cached neff at /home/ubuntu/neuron_cache_e2e/neuronxcc-2.23.6484.0+3b612583/MODULE_8575940740000655340+e30acd3a/model.neff
2026-09-09 09:02:08.000537:  89810  [INFO]: Using a cached neff at /home/ubuntu/neuron_cache_e2e/neuronxcc-2.23.6484.0+3b612583/MODULE_8575940740000655340+e30acd3a/model.neff
2026-09-09 09:02:08.000539:  89817  [INFO]: Using a cached neff at /home/ubuntu/neuron_cache_e2e/neuronxcc-2.23.6484.0+3b612583/MODULE_8575940740000655340+e30acd3a/model.neff
2026-09-09 09:02:08.000541:  89819  [INFO]: Using a cached neff at /home/ubuntu/neuron_cache_e2e/neuronxcc-2.23.6484.0+3b612583/MODULE_8575940740000655340+e30acd3a/model.neff
2026-09-09 09:02:08.000544:  89824  [INFO]: Using a cached neff at /home/ubuntu/neuron_cache_e2e/neuronxcc-2.23.6484.0+3b612583/MODULE_8575940740000655340+e30acd3a/model.neff
2026-09-09 09:02:08.000547:  89826  [INFO]: Using a cached neff at /home/ubuntu/neuron_cache_e2e/neuronxcc-2.23.6484.0+3b612583/MODULE_8575940740000655340+e30acd3a/model.neff
2026-09-09 09:02:08.000548:  89811  [INFO]: Using a cached neff at /home/ubuntu/neuron_cache_e2e/neuronxcc-2.23.6484.0+3b612583/MODULE_8575940740000655340+e30acd3a/model.neff
2026-09-09 09:02:08.000549:  89830  [INFO]: Using a cached neff at /home/ubuntu/neuron_cache_e2e/neuronxcc-2.23.6484.0+3b612583/MODULE_8575940740000655340+e30acd3a/model.neff
2026-09-09 09:02:08.000550:  89805  [INFO]: Using a cached neff at /home/ubuntu/neuron_cache_e2e/neuronxcc-2.23.6484.0+3b612583/MODULE_8575940740000655340+e30acd3a/model.neff
2026-09-09 09:02:08.000556:  89832  [INFO]: Using a cached neff at /home/ubuntu/neuron_cache_e2e/neuronxcc-2.23.6484.0+3b612583/MODULE_8575940740000655340+e30acd3a/model.neff
2026-09-09 09:02:08.000569:  89801  [INFO]: Using a cached neff at /home/ubuntu/neuron_cache_e2e/neuronxcc-2.23.6484.0+3b612583/MODULE_8575940740000655340+e30acd3a/model.neff
2026-09-09 09:02:08.000576:  89806  [INFO]: Using a cached neff at /home/ubuntu/neuron_cache_e2e/neuronxcc-2.23.6484.0+3b612583/MODULE_8575940740000655340+e30acd3a/model.neff
2026-09-09 09:02:08.000596:  89828  [INFO]: Using a cached neff at /home/ubuntu/neuron_cache_e2e/neuronxcc-2.23.6484.0+3b612583/MODULE_8575940740000655340+e30acd3a/model.neff

Compiler status PASS
2026-09-09 09:02:08.000777:  89804  [INFO]: Compilation Successfully Completed for model.MODULE_14567189089315028411+e30acd3a.hlo_module.pb
/home/ubuntu/train_gpt10b_tp_families.py:656: DeprecationWarning: Use torch_xla.sync instead
  xm.mark_step()   # slice: copy-back done
.
Compiler status PASS
2026-09-09 09:02:10.000074:  89804  [INFO]: Compilation Successfully Completed for model.MODULE_2947808046050219602+e30acd3a.hlo_module.pb
/home/ubuntu/train_gpt10b_tp_families.py:669: DeprecationWarning: Use torch_xla.sync instead
  xm.mark_step()
.2026-09-09 09:02:12.000442:  89823  [INFO]: Using a cached neff at /home/ubuntu/neuron_cache_e2e/neuronxcc-2.23.6484.0+3b612583/MODULE_14567189089315028411+e30acd3a/model.neff
/home/ubuntu/train_gpt10b_tp_families.py:656: DeprecationWarning: Use torch_xla.sync instead
  xm.mark_step()   # slice: copy-back done
2026-09-09 09:02:12.000459:  89823  [INFO]: Using a cached neff at /home/ubuntu/neuron_cache_e2e/neuronxcc-2.23.6484.0+3b612583/MODULE_2947808046050219602+e30acd3a/model.neff
/home/ubuntu/train_gpt10b_tp_families.py:669: DeprecationWarning: Use torch_xla.sync instead
  xm.mark_step()
2026-09-09 09:02:12.000719:  89814  [INFO]: Using a cached neff at /home/ubuntu/neuron_cache_e2e/neuronxcc-2.23.6484.0+3b612583/MODULE_14567189089315028411+e30acd3a/model.neff
/home/ubuntu/train_gpt10b_tp_families.py:656: DeprecationWarning: Use torch_xla.sync instead
  xm.mark_step()   # slice: copy-back done
2026-09-09 09:02:12.000736:  89814  [INFO]: Using a cached neff at /home/ubuntu/neuron_cache_e2e/neuronxcc-2.23.6484.0+3b612583/MODULE_2947808046050219602+e30acd3a/model.neff
/home/ubuntu/train_gpt10b_tp_families.py:669: DeprecationWarning: Use torch_xla.sync instead
  xm.mark_step()
2026-09-09 09:02:12.000870:  89829  [INFO]: Using a cached neff at /home/ubuntu/neuron_cache_e2e/neuronxcc-2.23.6484.0+3b612583/MODULE_14567189089315028411+e30acd3a/model.neff
/home/ubuntu/train_gpt10b_tp_families.py:656: DeprecationWarning: Use torch_xla.sync instead
  xm.mark_step()   # slice: copy-back done
2026-09-09 09:02:12.000887:  89829  [INFO]: Using a cached neff at /home/ubuntu/neuron_cache_e2e/neuronxcc-2.23.6484.0+3b612583/MODULE_2947808046050219602+e30acd3a/model.neff
/home/ubuntu/train_gpt10b_tp_families.py:669: DeprecationWarning: Use torch_xla.sync instead
  xm.mark_step()
2026-09-09 09:02:12.000935:  89820  [INFO]: Using a cached neff at /home/ubuntu/neuron_cache_e2e/neuronxcc-2.23.6484.0+3b612583/MODULE_14567189089315028411+e30acd3a/model.neff
/home/ubuntu/train_gpt10b_tp_families.py:656: DeprecationWarning: Use torch_xla.sync instead
  xm.mark_step()   # slice: copy-back done
2026-09-09 09:02:12.000953:  89820  [INFO]: Using a cached neff at /home/ubuntu/neuron_cache_e2e/neuronxcc-2.23.6484.0+3b612583/MODULE_2947808046050219602+e30acd3a/model.neff
2026-09-09 09:02:12.000985:  89807  [INFO]: Using a cached neff at /home/ubuntu/neuron_cache_e2e/neuronxcc-2.23.6484.0+3b612583/MODULE_14567189089315028411+e30acd3a/model.neff
/home/ubuntu/train_gpt10b_tp_families.py:669: DeprecationWarning: Use torch_xla.sync instead
  xm.mark_step()
/home/ubuntu/train_gpt10b_tp_families.py:656: DeprecationWarning: Use torch_xla.sync instead
  xm.mark_step()   # slice: copy-back done
2026-09-09 09:02:13.000003:  89807  [INFO]: Using a cached neff at /home/ubuntu/neuron_cache_e2e/neuronxcc-2.23.6484.0+3b612583/MODULE_2947808046050219602+e30acd3a/model.neff
/home/ubuntu/train_gpt10b_tp_families.py:669: DeprecationWarning: Use torch_xla.sync instead
  xm.mark_step()
2026-09-09 09:02:13.000087:  89808  [INFO]: Using a cached neff at /home/ubuntu/neuron_cache_e2e/neuronxcc-2.23.6484.0+3b612583/MODULE_14567189089315028411+e30acd3a/model.neff
/home/ubuntu/train_gpt10b_tp_families.py:656: DeprecationWarning: Use torch_xla.sync instead
  xm.mark_step()   # slice: copy-back done
2026-09-09 09:02:13.000104:  89808  [INFO]: Using a cached neff at /home/ubuntu/neuron_cache_e2e/neuronxcc-2.23.6484.0+3b612583/MODULE_2947808046050219602+e30acd3a/model.neff
/home/ubuntu/train_gpt10b_tp_families.py:669: DeprecationWarning: Use torch_xla.sync instead
  xm.mark_step()
2026-09-09 09:02:13.000260:  89816  [INFO]: Using a cached neff at /home/ubuntu/neuron_cache_e2e/neuronxcc-2.23.6484.0+3b612583/MODULE_14567189089315028411+e30acd3a/model.neff
/home/ubuntu/train_gpt10b_tp_families.py:656: DeprecationWarning: Use torch_xla.sync instead
  xm.mark_step()   # slice: copy-back done
2026-09-09 09:02:13.000278:  89816  [INFO]: Using a cached neff at /home/ubuntu/neuron_cache_e2e/neuronxcc-2.23.6484.0+3b612583/MODULE_2947808046050219602+e30acd3a/model.neff
2026-09-09 09:02:13.000283:  89827  [INFO]: Using a cached neff at /home/ubuntu/neuron_cache_e2e/neuronxcc-2.23.6484.0+3b612583/MODULE_14567189089315028411+e30acd3a/model.neff
2026-09-09 09:02:13.000287:  89831  [INFO]: Using a cached neff at /home/ubuntu/neuron_cache_e2e/neuronxcc-2.23.6484.0+3b612583/MODULE_14567189089315028411+e30acd3a/model.neff
/home/ubuntu/train_gpt10b_tp_families.py:656: DeprecationWarning: Use torch_xla.sync instead
  xm.mark_step()   # slice: copy-back done
/home/ubuntu/train_gpt10b_tp_families.py:656: DeprecationWarning: Use torch_xla.sync instead
  xm.mark_step()   # slice: copy-back done
2026-09-09 09:02:13.000300:  89827  [INFO]: Using a cached neff at /home/ubuntu/neuron_cache_e2e/neuronxcc-2.23.6484.0+3b612583/MODULE_2947808046050219602+e30acd3a/model.neff
2026-09-09 09:02:13.000306:  89831  [INFO]: Using a cached neff at /home/ubuntu/neuron_cache_e2e/neuronxcc-2.23.6484.0+3b612583/MODULE_2947808046050219602+e30acd3a/model.neff
/home/ubuntu/train_gpt10b_tp_families.py:669: DeprecationWarning: Use torch_xla.sync instead
  xm.mark_step()
/home/ubuntu/train_gpt10b_tp_families.py:669: DeprecationWarning: Use torch_xla.sync instead
  xm.mark_step()
/home/ubuntu/train_gpt10b_tp_families.py:669: DeprecationWarning: Use torch_xla.sync instead
  xm.mark_step()
2026-09-09 09:02:13.000477:  89815  [INFO]: Using a cached neff at /home/ubuntu/neuron_cache_e2e/neuronxcc-2.23.6484.0+3b612583/MODULE_14567189089315028411+e30acd3a/model.neff
/home/ubuntu/train_gpt10b_tp_families.py:656: DeprecationWarning: Use torch_xla.sync instead
  xm.mark_step()   # slice: copy-back done
2026-09-09 09:02:13.000492:  89813  [INFO]: Using a cached neff at /home/ubuntu/neuron_cache_e2e/neuronxcc-2.23.6484.0+3b612583/MODULE_14567189089315028411+e30acd3a/model.neff
2026-09-09 09:02:13.000496:  89815  [INFO]: Using a cached neff at /home/ubuntu/neuron_cache_e2e/neuronxcc-2.23.6484.0+3b612583/MODULE_2947808046050219602+e30acd3a/model.neff
/home/ubuntu/train_gpt10b_tp_families.py:656: DeprecationWarning: Use torch_xla.sync instead
  xm.mark_step()   # slice: copy-back done
2026-09-09 09:02:13.000509:  89813  [INFO]: Using a cached neff at /home/ubuntu/neuron_cache_e2e/neuronxcc-2.23.6484.0+3b612583/MODULE_2947808046050219602+e30acd3a/model.neff
2026-09-09 09:02:13.000510:  89825  [INFO]: Using a cached neff at /home/ubuntu/neuron_cache_e2e/neuronxcc-2.23.6484.0+3b612583/MODULE_14567189089315028411+e30acd3a/model.neff
2026-09-09 09:02:13.000513:  89822  [INFO]: Using a cached neff at /home/ubuntu/neuron_cache_e2e/neuronxcc-2.23.6484.0+3b612583/MODULE_14567189089315028411+e30acd3a/model.neff
2026-09-09 09:02:13.000517:  89812  [INFO]: Using a cached neff at /home/ubuntu/neuron_cache_e2e/neuronxcc-2.23.6484.0+3b612583/MODULE_14567189089315028411+e30acd3a/model.neff
2026-09-09 09:02:13.000519:  89802  [INFO]: Using a cached neff at /home/ubuntu/neuron_cache_e2e/neuronxcc-2.23.6484.0+3b612583/MODULE_14567189089315028411+e30acd3a/model.neff
/home/ubuntu/train_gpt10b_tp_families.py:656: DeprecationWarning: Use torch_xla.sync instead
  xm.mark_step()   # slice: copy-back done
/home/ubuntu/train_gpt10b_tp_families.py:656: DeprecationWarning: Use torch_xla.sync instead
  xm.mark_step()   # slice: copy-back done
/home/ubuntu/train_gpt10b_tp_families.py:656: DeprecationWarning: Use torch_xla.sync instead
  xm.mark_step()   # slice: copy-back done
2026-09-09 09:02:13.000528:  89825  [INFO]: Using a cached neff at /home/ubuntu/neuron_cache_e2e/neuronxcc-2.23.6484.0+3b612583/MODULE_2947808046050219602+e30acd3a/model.neff
/home/ubuntu/train_gpt10b_tp_families.py:656: DeprecationWarning: Use torch_xla.sync instead
  xm.mark_step()   # slice: copy-back done
2026-09-09 09:02:13.000530:  89822  [INFO]: Using a cached neff at /home/ubuntu/neuron_cache_e2e/neuronxcc-2.23.6484.0+3b612583/MODULE_2947808046050219602+e30acd3a/model.neff
2026-09-09 09:02:13.000534:  89812  [INFO]: Using a cached neff at /home/ubuntu/neuron_cache_e2e/neuronxcc-2.23.6484.0+3b612583/MODULE_2947808046050219602+e30acd3a/model.neff
/home/ubuntu/train_gpt10b_tp_families.py:669: DeprecationWarning: Use torch_xla.sync instead
  xm.mark_step()
2026-09-09 09:02:13.000536:  89802  [INFO]: Using a cached neff at /home/ubuntu/neuron_cache_e2e/neuronxcc-2.23.6484.0+3b612583/MODULE_2947808046050219602+e30acd3a/model.neff
2026-09-09 09:02:13.000539:  89809  [INFO]: Using a cached neff at /home/ubuntu/neuron_cache_e2e/neuronxcc-2.23.6484.0+3b612583/MODULE_14567189089315028411+e30acd3a/model.neff
2026-09-09 09:02:13.000539:  89818  [INFO]: Using a cached neff at /home/ubuntu/neuron_cache_e2e/neuronxcc-2.23.6484.0+3b612583/MODULE_14567189089315028411+e30acd3a/model.neff
/home/ubuntu/train_gpt10b_tp_families.py:669: DeprecationWarning: Use torch_xla.sync instead
  xm.mark_step()
/home/ubuntu/train_gpt10b_tp_families.py:656: DeprecationWarning: Use torch_xla.sync instead
  xm.mark_step()   # slice: copy-back done
/home/ubuntu/train_gpt10b_tp_families.py:656: DeprecationWarning: Use torch_xla.sync instead
  xm.mark_step()   # slice: copy-back done
2026-09-09 09:02:13.000552:  89821  [INFO]: Using a cached neff at /home/ubuntu/neuron_cache_e2e/neuronxcc-2.23.6484.0+3b612583/MODULE_14567189089315028411+e30acd3a/model.neff
2026-09-09 09:02:13.000556:  89809  [INFO]: Using a cached neff at /home/ubuntu/neuron_cache_e2e/neuronxcc-2.23.6484.0+3b612583/MODULE_2947808046050219602+e30acd3a/model.neff
2026-09-09 09:02:13.000558:  89818  [INFO]: Using a cached neff at /home/ubuntu/neuron_cache_e2e/neuronxcc-2.23.6484.0+3b612583/MODULE_2947808046050219602+e30acd3a/model.neff
/home/ubuntu/train_gpt10b_tp_families.py:656: DeprecationWarning: Use torch_xla.sync instead
  xm.mark_step()   # slice: copy-back done
2026-09-09 09:02:13.000565:  89810  [INFO]: Using a cached neff at /home/ubuntu/neuron_cache_e2e/neuronxcc-2.23.6484.0+3b612583/MODULE_14567189089315028411+e30acd3a/model.neff
2026-09-09 09:02:13.000565:  89803  [INFO]: Using a cached neff at /home/ubuntu/neuron_cache_e2e/neuronxcc-2.23.6484.0+3b612583/MODULE_14567189089315028411+e30acd3a/model.neff
2026-09-09 09:02:13.000567:  89817  [INFO]: Using a cached neff at /home/ubuntu/neuron_cache_e2e/neuronxcc-2.23.6484.0+3b612583/MODULE_14567189089315028411+e30acd3a/model.neff
/home/ubuntu/train_gpt10b_tp_families.py:669: DeprecationWarning: Use torch_xla.sync instead
  xm.mark_step()
2026-09-09 09:02:13.000570:  89821  [INFO]: Using a cached neff at /home/ubuntu/neuron_cache_e2e/neuronxcc-2.23.6484.0+3b612583/MODULE_2947808046050219602+e30acd3a/model.neff
2026-09-09 09:02:13.000570:  89819  [INFO]: Using a cached neff at /home/ubuntu/neuron_cache_e2e/neuronxcc-2.23.6484.0+3b612583/MODULE_14567189089315028411+e30acd3a/model.neff
/home/ubuntu/train_gpt10b_tp_families.py:669: DeprecationWarning: Use torch_xla.sync instead
  xm.mark_step()
/home/ubuntu/train_gpt10b_tp_families.py:669: DeprecationWarning: Use torch_xla.sync instead
  xm.mark_step()
/home/ubuntu/train_gpt10b_tp_families.py:669: DeprecationWarning: Use torch_xla.sync instead
  xm.mark_step()
2026-09-09 09:02:13.000575:  89826  [INFO]: Using a cached neff at /home/ubuntu/neuron_cache_e2e/neuronxcc-2.23.6484.0+3b612583/MODULE_14567189089315028411+e30acd3a/model.neff
2026-09-09 09:02:13.000575:  89824  [INFO]: Using a cached neff at /home/ubuntu/neuron_cache_e2e/neuronxcc-2.23.6484.0+3b612583/MODULE_14567189089315028411+e30acd3a/model.neff
/home/ubuntu/train_gpt10b_tp_families.py:656: DeprecationWarning: Use torch_xla.sync instead
  xm.mark_step()   # slice: copy-back done
/home/ubuntu/train_gpt10b_tp_families.py:656: DeprecationWarning: Use torch_xla.sync instead
  xm.mark_step()   # slice: copy-back done
/home/ubuntu/train_gpt10b_tp_families.py:656: DeprecationWarning: Use torch_xla.sync instead
  xm.mark_step()   # slice: copy-back done
2026-09-09 09:02:13.000577:  89830  [INFO]: Using a cached neff at /home/ubuntu/neuron_cache_e2e/neuronxcc-2.23.6484.0+3b612583/MODULE_14567189089315028411+e30acd3a/model.neff
2026-09-09 09:02:13.000578:  89805  [INFO]: Using a cached neff at /home/ubuntu/neuron_cache_e2e/neuronxcc-2.23.6484.0+3b612583/MODULE_14567189089315028411+e30acd3a/model.neff
2026-09-09 09:02:13.000579:  89811  [INFO]: Using a cached neff at /home/ubuntu/neuron_cache_e2e/neuronxcc-2.23.6484.0+3b612583/MODULE_14567189089315028411+e30acd3a/model.neff
/home/ubuntu/train_gpt10b_tp_families.py:656: DeprecationWarning: Use torch_xla.sync instead
  xm.mark_step()   # slice: copy-back done
2026-09-09 09:02:13.000584:  89810  [INFO]: Using a cached neff at /home/ubuntu/neuron_cache_e2e/neuronxcc-2.23.6484.0+3b612583/MODULE_2947808046050219602+e30acd3a/model.neff
2026-09-09 09:02:13.000584:  89832  [INFO]: Using a cached neff at /home/ubuntu/neuron_cache_e2e/neuronxcc-2.23.6484.0+3b612583/MODULE_14567189089315028411+e30acd3a/model.neff
2026-09-09 09:02:13.000584:  89803  [INFO]: Using a cached neff at /home/ubuntu/neuron_cache_e2e/neuronxcc-2.23.6484.0+3b612583/MODULE_2947808046050219602+e30acd3a/model.neff
/home/ubuntu/train_gpt10b_tp_families.py:656: DeprecationWarning: Use torch_xla.sync instead
  xm.mark_step()   # slice: copy-back done
2026-09-09 09:02:13.000585:  89817  [INFO]: Using a cached neff at /home/ubuntu/neuron_cache_e2e/neuronxcc-2.23.6484.0+3b612583/MODULE_2947808046050219602+e30acd3a/model.neff
/home/ubuntu/train_gpt10b_tp_families.py:656: DeprecationWarning: Use torch_xla.sync instead
  xm.mark_step()   # slice: copy-back done
/home/ubuntu/train_gpt10b_tp_families.py:656: DeprecationWarning: Use torch_xla.sync instead
  xm.mark_step()   # slice: copy-back done
/home/ubuntu/train_gpt10b_tp_families.py:656: DeprecationWarning: Use torch_xla.sync instead
  xm.mark_step()   # slice: copy-back done
/home/ubuntu/train_gpt10b_tp_families.py:656: DeprecationWarning: Use torch_xla.sync instead
  xm.mark_step()   # slice: copy-back done
2026-09-09 09:02:13.000590:  89819  [INFO]: Using a cached neff at /home/ubuntu/neuron_cache_e2e/neuronxcc-2.23.6484.0+3b612583/MODULE_2947808046050219602+e30acd3a/model.neff
2026-09-09 09:02:13.000592:  89826  [INFO]: Using a cached neff at /home/ubuntu/neuron_cache_e2e/neuronxcc-2.23.6484.0+3b612583/MODULE_2947808046050219602+e30acd3a/model.neff
/home/ubuntu/train_gpt10b_tp_families.py:656: DeprecationWarning: Use torch_xla.sync instead
  xm.mark_step()   # slice: copy-back done
2026-09-09 09:02:13.000594:  89824  [INFO]: Using a cached neff at /home/ubuntu/neuron_cache_e2e/neuronxcc-2.23.6484.0+3b612583/MODULE_2947808046050219602+e30acd3a/model.neff
2026-09-09 09:02:13.000595:  89830  [INFO]: Using a cached neff at /home/ubuntu/neuron_cache_e2e/neuronxcc-2.23.6484.0+3b612583/MODULE_2947808046050219602+e30acd3a/model.neff
2026-09-09 09:02:13.000597:  89805  [INFO]: Using a cached neff at /home/ubuntu/neuron_cache_e2e/neuronxcc-2.23.6484.0+3b612583/MODULE_2947808046050219602+e30acd3a/model.neff
/home/ubuntu/train_gpt10b_tp_families.py:669: DeprecationWarning: Use torch_xla.sync instead
  xm.mark_step()
/home/ubuntu/train_gpt10b_tp_families.py:669: DeprecationWarning: Use torch_xla.sync instead
  xm.mark_step()
2026-09-09 09:02:13.000599:  89811  [INFO]: Using a cached neff at /home/ubuntu/neuron_cache_e2e/neuronxcc-2.23.6484.0+3b612583/MODULE_2947808046050219602+e30acd3a/model.neff
2026-09-09 09:02:13.000599:  89801  [INFO]: Using a cached neff at /home/ubuntu/neuron_cache_e2e/neuronxcc-2.23.6484.0+3b612583/MODULE_14567189089315028411+e30acd3a/model.neff
2026-09-09 09:02:13.000602:  89832  [INFO]: Using a cached neff at /home/ubuntu/neuron_cache_e2e/neuronxcc-2.23.6484.0+3b612583/MODULE_2947808046050219602+e30acd3a/model.neff
2026-09-09 09:02:13.000605:  89806  [INFO]: Using a cached neff at /home/ubuntu/neuron_cache_e2e/neuronxcc-2.23.6484.0+3b612583/MODULE_14567189089315028411+e30acd3a/model.neff
/home/ubuntu/train_gpt10b_tp_families.py:656: DeprecationWarning: Use torch_xla.sync instead
  xm.mark_step()   # slice: copy-back done
/home/ubuntu/train_gpt10b_tp_families.py:669: DeprecationWarning: Use torch_xla.sync instead
  xm.mark_step()
/home/ubuntu/train_gpt10b_tp_families.py:656: DeprecationWarning: Use torch_xla.sync instead
  xm.mark_step()   # slice: copy-back done
2026-09-09 09:02:13.000619:  89801  [INFO]: Using a cached neff at /home/ubuntu/neuron_cache_e2e/neuronxcc-2.23.6484.0+3b612583/MODULE_2947808046050219602+e30acd3a/model.neff
2026-09-09 09:02:13.000624:  89828  [INFO]: Using a cached neff at /home/ubuntu/neuron_cache_e2e/neuronxcc-2.23.6484.0+3b612583/MODULE_14567189089315028411+e30acd3a/model.neff
/home/ubuntu/train_gpt10b_tp_families.py:669: DeprecationWarning: Use torch_xla.sync instead
  xm.mark_step()
/home/ubuntu/train_gpt10b_tp_families.py:669: DeprecationWarning: Use torch_xla.sync instead
  xm.mark_step()
/home/ubuntu/train_gpt10b_tp_families.py:669: DeprecationWarning: Use torch_xla.sync instead
  xm.mark_step()
2026-09-09 09:02:13.000628:  89806  [INFO]: Using a cached neff at /home/ubuntu/neuron_cache_e2e/neuronxcc-2.23.6484.0+3b612583/MODULE_2947808046050219602+e30acd3a/model.neff
/home/ubuntu/train_gpt10b_tp_families.py:669: DeprecationWarning: Use torch_xla.sync instead
  xm.mark_step()
/home/ubuntu/train_gpt10b_tp_families.py:669: DeprecationWarning: Use torch_xla.sync instead
  xm.mark_step()
/home/ubuntu/train_gpt10b_tp_families.py:669: DeprecationWarning: Use torch_xla.sync instead
  xm.mark_step()
/home/ubuntu/train_gpt10b_tp_families.py:656: DeprecationWarning: Use torch_xla.sync instead
  xm.mark_step()   # slice: copy-back done
/home/ubuntu/train_gpt10b_tp_families.py:669: DeprecationWarning: Use torch_xla.sync instead
  xm.mark_step()
/home/ubuntu/train_gpt10b_tp_families.py:669: DeprecationWarning: Use torch_xla.sync instead
  xm.mark_step()
/home/ubuntu/train_gpt10b_tp_families.py:669: DeprecationWarning: Use torch_xla.sync instead
  xm.mark_step()
2026-09-09 09:02:13.000642:  89828  [INFO]: Using a cached neff at /home/ubuntu/neuron_cache_e2e/neuronxcc-2.23.6484.0+3b612583/MODULE_2947808046050219602+e30acd3a/model.neff
/home/ubuntu/train_gpt10b_tp_families.py:669: DeprecationWarning: Use torch_xla.sync instead
  xm.mark_step()
/home/ubuntu/train_gpt10b_tp_families.py:669: DeprecationWarning: Use torch_xla.sync instead
  xm.mark_step()
/home/ubuntu/train_gpt10b_tp_families.py:669: DeprecationWarning: Use torch_xla.sync instead
  xm.mark_step()
/home/ubuntu/train_gpt10b_tp_families.py:669: DeprecationWarning: Use torch_xla.sync instead
  xm.mark_step()
.
Compiler status PASS
2026-09-09 09:02:48.000499:  89804  [INFO]: Compilation Successfully Completed for model.MODULE_2311441365887874014+e30acd3a.hlo_module.pb
2026-09-09 09:02:48.000604:  89816  [INFO]: Using a cached neff at /home/ubuntu/neuron_cache_e2e/neuronxcc-2.23.6484.0+3b612583/MODULE_2311441365887874014+e30acd3a/model.neff
2026-09-09 09:02:48.000620:  89827  [INFO]: Using a cached neff at /home/ubuntu/neuron_cache_e2e/neuronxcc-2.23.6484.0+3b612583/MODULE_2311441365887874014+e30acd3a/model.neff
2026-09-09 09:02:48.000644:  89831  [INFO]: Using a cached neff at /home/ubuntu/neuron_cache_e2e/neuronxcc-2.23.6484.0+3b612583/MODULE_2311441365887874014+e30acd3a/model.neff
2026-09-09 09:02:48.000669:  89804  [INFO]: Using a cached neff at /home/ubuntu/neuron_cache_e2e/neuronxcc-2.23.6484.0+3b612583/MODULE_14874200043798254035+e30acd3a/model.neff
2026-09-09 09:02:48.000784:  89816  [INFO]: Using a cached neff at /home/ubuntu/neuron_cache_e2e/neuronxcc-2.23.6484.0+3b612583/MODULE_14874200043798254035+e30acd3a/model.neff
2026-09-09 09:02:48.000794:  89827  [INFO]: Using a cached neff at /home/ubuntu/neuron_cache_e2e/neuronxcc-2.23.6484.0+3b612583/MODULE_14874200043798254035+e30acd3a/model.neff
2026-09-09 09:02:48.000818:  89831  [INFO]: Using a cached neff at /home/ubuntu/neuron_cache_e2e/neuronxcc-2.23.6484.0+3b612583/MODULE_14874200043798254035+e30acd3a/model.neff
2026-09-09 09:02:48.000860:  89813  [INFO]: Using a cached neff at /home/ubuntu/neuron_cache_e2e/neuronxcc-2.23.6484.0+3b612583/MODULE_2311441365887874014+e30acd3a/model.neff
2026-09-09 09:02:48.000885:  89802  [INFO]: Using a cached neff at /home/ubuntu/neuron_cache_e2e/neuronxcc-2.23.6484.0+3b612583/MODULE_2311441365887874014+e30acd3a/model.neff
2026-09-09 09:02:48.000913:  89818  [INFO]: Using a cached neff at /home/ubuntu/neuron_cache_e2e/neuronxcc-2.23.6484.0+3b612583/MODULE_2311441365887874014+e30acd3a/model.neff
2026-09-09 09:02:48.000920:  89812  [INFO]: Using a cached neff at /home/ubuntu/neuron_cache_e2e/neuronxcc-2.23.6484.0+3b612583/MODULE_2311441365887874014+e30acd3a/model.neff
2026-09-09 09:02:48.000924:  89822  [INFO]: Using a cached neff at /home/ubuntu/neuron_cache_e2e/neuronxcc-2.23.6484.0+3b612583/MODULE_2311441365887874014+e30acd3a/model.neff
2026-09-09 09:02:48.000940:  89825  [INFO]: Using a cached neff at /home/ubuntu/neuron_cache_e2e/neuronxcc-2.23.6484.0+3b612583/MODULE_2311441365887874014+e30acd3a/model.neff
2026-09-09 09:02:48.000965:  89809  [INFO]: Using a cached neff at /home/ubuntu/neuron_cache_e2e/neuronxcc-2.23.6484.0+3b612583/MODULE_2311441365887874014+e30acd3a/model.neff
2026-09-09 09:02:48.000978:  89826  [INFO]: Using a cached neff at /home/ubuntu/neuron_cache_e2e/neuronxcc-2.23.6484.0+3b612583/MODULE_2311441365887874014+e30acd3a/model.neff
2026-09-09 09:02:48.000982:  89815  [INFO]: Using a cached neff at /home/ubuntu/neuron_cache_e2e/neuronxcc-2.23.6484.0+3b612583/MODULE_2311441365887874014+e30acd3a/model.neff
2026-09-09 09:02:48.000991:  89821  [INFO]: Using a cached neff at /home/ubuntu/neuron_cache_e2e/neuronxcc-2.23.6484.0+3b612583/MODULE_2311441365887874014+e30acd3a/model.neff
2026-09-09 09:02:49.000000:  89810  [INFO]: Using a cached neff at /home/ubuntu/neuron_cache_e2e/neuronxcc-2.23.6484.0+3b612583/MODULE_2311441365887874014+e30acd3a/model.neff
2026-09-09 09:02:49.000002:  89817  [INFO]: Using a cached neff at /home/ubuntu/neuron_cache_e2e/neuronxcc-2.23.6484.0+3b612583/MODULE_2311441365887874014+e30acd3a/model.neff
2026-09-09 09:02:49.000004:  89828  [INFO]: Using a cached neff at /home/ubuntu/neuron_cache_e2e/neuronxcc-2.23.6484.0+3b612583/MODULE_2311441365887874014+e30acd3a/model.neff
2026-09-09 09:02:49.000020:  89824  [INFO]: Using a cached neff at /home/ubuntu/neuron_cache_e2e/neuronxcc-2.23.6484.0+3b612583/MODULE_2311441365887874014+e30acd3a/model.neff
2026-09-09 09:02:49.000022:  89803  [INFO]: Using a cached neff at /home/ubuntu/neuron_cache_e2e/neuronxcc-2.23.6484.0+3b612583/MODULE_2311441365887874014+e30acd3a/model.neff
2026-09-09 09:02:49.000033:  89819  [INFO]: Using a cached neff at /home/ubuntu/neuron_cache_e2e/neuronxcc-2.23.6484.0+3b612583/MODULE_2311441365887874014+e30acd3a/model.neff
2026-09-09 09:02:49.000039:  89805  [INFO]: Using a cached neff at /home/ubuntu/neuron_cache_e2e/neuronxcc-2.23.6484.0+3b612583/MODULE_2311441365887874014+e30acd3a/model.neff
2026-09-09 09:02:49.000041:  89830  [INFO]: Using a cached neff at /home/ubuntu/neuron_cache_e2e/neuronxcc-2.23.6484.0+3b612583/MODULE_2311441365887874014+e30acd3a/model.neff
2026-09-09 09:02:49.000045:  89811  [INFO]: Using a cached neff at /home/ubuntu/neuron_cache_e2e/neuronxcc-2.23.6484.0+3b612583/MODULE_2311441365887874014+e30acd3a/model.neff
2026-09-09 09:02:49.000055:  89832  [INFO]: Using a cached neff at /home/ubuntu/neuron_cache_e2e/neuronxcc-2.23.6484.0+3b612583/MODULE_2311441365887874014+e30acd3a/model.neff
2026-09-09 09:02:49.000058:  89801  [INFO]: Using a cached neff at /home/ubuntu/neuron_cache_e2e/neuronxcc-2.23.6484.0+3b612583/MODULE_2311441365887874014+e30acd3a/model.neff
2026-09-09 09:02:49.000061:  89813  [INFO]: Using a cached neff at /home/ubuntu/neuron_cache_e2e/neuronxcc-2.23.6484.0+3b612583/MODULE_14874200043798254035+e30acd3a/model.neff
2026-09-09 09:02:49.000065:  89802  [INFO]: Using a cached neff at /home/ubuntu/neuron_cache_e2e/neuronxcc-2.23.6484.0+3b612583/MODULE_14874200043798254035+e30acd3a/model.neff
2026-09-09 09:02:49.000072:  89806  [INFO]: Using a cached neff at /home/ubuntu/neuron_cache_e2e/neuronxcc-2.23.6484.0+3b612583/MODULE_2311441365887874014+e30acd3a/model.neff
2026-09-09 09:02:49.000096:  89818  [INFO]: Using a cached neff at /home/ubuntu/neuron_cache_e2e/neuronxcc-2.23.6484.0+3b612583/MODULE_14874200043798254035+e30acd3a/model.neff
2026-09-09 09:02:49.000123:  89822  [INFO]: Using a cached neff at /home/ubuntu/neuron_cache_e2e/neuronxcc-2.23.6484.0+3b612583/MODULE_14874200043798254035+e30acd3a/model.neff
2026-09-09 09:02:49.000134:  89812  [INFO]: Using a cached neff at /home/ubuntu/neuron_cache_e2e/neuronxcc-2.23.6484.0+3b612583/MODULE_14874200043798254035+e30acd3a/model.neff
2026-09-09 09:02:49.000139:  89825  [INFO]: Using a cached neff at /home/ubuntu/neuron_cache_e2e/neuronxcc-2.23.6484.0+3b612583/MODULE_14874200043798254035+e30acd3a/model.neff
2026-09-09 09:02:49.000185:  89815  [INFO]: Using a cached neff at /home/ubuntu/neuron_cache_e2e/neuronxcc-2.23.6484.0+3b612583/MODULE_14874200043798254035+e30acd3a/model.neff
2026-09-09 09:02:49.000201:  89828  [INFO]: Using a cached neff at /home/ubuntu/neuron_cache_e2e/neuronxcc-2.23.6484.0+3b612583/MODULE_14874200043798254035+e30acd3a/model.neff
2026-09-09 09:02:49.000208:  89810  [INFO]: Using a cached neff at /home/ubuntu/neuron_cache_e2e/neuronxcc-2.23.6484.0+3b612583/MODULE_14874200043798254035+e30acd3a/model.neff
2026-09-09 09:02:49.000209:  89821  [INFO]: Using a cached neff at /home/ubuntu/neuron_cache_e2e/neuronxcc-2.23.6484.0+3b612583/MODULE_14874200043798254035+e30acd3a/model.neff
2026-09-09 09:02:49.000210:  89809  [INFO]: Using a cached neff at /home/ubuntu/neuron_cache_e2e/neuronxcc-2.23.6484.0+3b612583/MODULE_14874200043798254035+e30acd3a/model.neff
2026-09-09 09:02:49.000210:  89817  [INFO]: Using a cached neff at /home/ubuntu/neuron_cache_e2e/neuronxcc-2.23.6484.0+3b612583/MODULE_14874200043798254035+e30acd3a/model.neff
2026-09-09 09:02:49.000225:  89826  [INFO]: Using a cached neff at /home/ubuntu/neuron_cache_e2e/neuronxcc-2.23.6484.0+3b612583/MODULE_14874200043798254035+e30acd3a/model.neff
2026-09-09 09:02:49.000226:  89824  [INFO]: Using a cached neff at /home/ubuntu/neuron_cache_e2e/neuronxcc-2.23.6484.0+3b612583/MODULE_14874200043798254035+e30acd3a/model.neff
2026-09-09 09:02:49.000240:  89805  [INFO]: Using a cached neff at /home/ubuntu/neuron_cache_e2e/neuronxcc-2.23.6484.0+3b612583/MODULE_14874200043798254035+e30acd3a/model.neff
2026-09-09 09:02:49.000242:  89803  [INFO]: Using a cached neff at /home/ubuntu/neuron_cache_e2e/neuronxcc-2.23.6484.0+3b612583/MODULE_14874200043798254035+e30acd3a/model.neff
2026-09-09 09:02:49.000245:  89819  [INFO]: Using a cached neff at /home/ubuntu/neuron_cache_e2e/neuronxcc-2.23.6484.0+3b612583/MODULE_14874200043798254035+e30acd3a/model.neff
2026-09-09 09:02:49.000270:  89832  [INFO]: Using a cached neff at /home/ubuntu/neuron_cache_e2e/neuronxcc-2.23.6484.0+3b612583/MODULE_14874200043798254035+e30acd3a/model.neff
2026-09-09 09:02:49.000270:  89801  [INFO]: Using a cached neff at /home/ubuntu/neuron_cache_e2e/neuronxcc-2.23.6484.0+3b612583/MODULE_14874200043798254035+e30acd3a/model.neff
2026-09-09 09:02:49.000272:  89830  [INFO]: Using a cached neff at /home/ubuntu/neuron_cache_e2e/neuronxcc-2.23.6484.0+3b612583/MODULE_14874200043798254035+e30acd3a/model.neff
2026-09-09 09:02:49.000274:  89811  [INFO]: Using a cached neff at /home/ubuntu/neuron_cache_e2e/neuronxcc-2.23.6484.0+3b612583/MODULE_14874200043798254035+e30acd3a/model.neff
2026-09-09 09:02:49.000304:  89806  [INFO]: Using a cached neff at /home/ubuntu/neuron_cache_e2e/neuronxcc-2.23.6484.0+3b612583/MODULE_14874200043798254035+e30acd3a/model.neff
2026-09-09 09:02:52.000734:  89823  [INFO]: Using a cached neff at /home/ubuntu/neuron_cache_e2e/neuronxcc-2.23.6484.0+3b612583/MODULE_2311441365887874014+e30acd3a/model.neff
2026-09-09 09:02:52.000893:  89823  [INFO]: Using a cached neff at /home/ubuntu/neuron_cache_e2e/neuronxcc-2.23.6484.0+3b612583/MODULE_14874200043798254035+e30acd3a/model.neff
2026-09-09 09:02:53.000022:  89814  [INFO]: Using a cached neff at /home/ubuntu/neuron_cache_e2e/neuronxcc-2.23.6484.0+3b612583/MODULE_2311441365887874014+e30acd3a/model.neff
2026-09-09 09:02:53.000187:  89829  [INFO]: Using a cached neff at /home/ubuntu/neuron_cache_e2e/neuronxcc-2.23.6484.0+3b612583/MODULE_2311441365887874014+e30acd3a/model.neff
2026-09-09 09:02:53.000190:  89814  [INFO]: Using a cached neff at /home/ubuntu/neuron_cache_e2e/neuronxcc-2.23.6484.0+3b612583/MODULE_14874200043798254035+e30acd3a/model.neff
2026-09-09 09:02:53.000264:  89820  [INFO]: Using a cached neff at /home/ubuntu/neuron_cache_e2e/neuronxcc-2.23.6484.0+3b612583/MODULE_2311441365887874014+e30acd3a/model.neff
2026-09-09 09:02:53.000313:  89807  [INFO]: Using a cached neff at /home/ubuntu/neuron_cache_e2e/neuronxcc-2.23.6484.0+3b612583/MODULE_2311441365887874014+e30acd3a/model.neff
2026-09-09 09:02:53.000359:  89829  [INFO]: Using a cached neff at /home/ubuntu/neuron_cache_e2e/neuronxcc-2.23.6484.0+3b612583/MODULE_14874200043798254035+e30acd3a/model.neff
2026-09-09 09:02:53.000397:  89808  [INFO]: Using a cached neff at /home/ubuntu/neuron_cache_e2e/neuronxcc-2.23.6484.0+3b612583/MODULE_2311441365887874014+e30acd3a/model.neff
2026-09-09 09:02:53.000444:  89820  [INFO]: Using a cached neff at /home/ubuntu/neuron_cache_e2e/neuronxcc-2.23.6484.0+3b612583/MODULE_14874200043798254035+e30acd3a/model.neff
2026-09-09 09:02:53.000489:  89807  [INFO]: Using a cached neff at /home/ubuntu/neuron_cache_e2e/neuronxcc-2.23.6484.0+3b612583/MODULE_14874200043798254035+e30acd3a/model.neff
2026-09-09 09:02:53.000563:  89808  [INFO]: Using a cached neff at /home/ubuntu/neuron_cache_e2e/neuronxcc-2.23.6484.0+3b612583/MODULE_14874200043798254035+e30acd3a/model.neff
/home/ubuntu/train_gpt10b_tp_families.py:447: DeprecationWarning: Use torch_xla.sync instead
  xm.mark_step()
/home/ubuntu/train_gpt10b_tp_families.py:454: DeprecationWarning: Use torch_xla.sync instead
  xm.mark_step()
/home/ubuntu/train_gpt10b_tp_families.py:460: DeprecationWarning: Use torch_xla.sync instead
  xm.mark_step()
/home/ubuntu/train_gpt10b_tp_families.py:466: DeprecationWarning: Use torch_xla.sync instead
  xm.mark_step()
/home/ubuntu/train_gpt10b_tp_families.py:470: DeprecationWarning: Use torch_xla.sync instead
  xm.mark_step()
/home/ubuntu/train_gpt10b_tp_families.py:482: DeprecationWarning: Use torch_xla.sync instead
  xm.mark_step()
/home/ubuntu/train_gpt10b_tp_families.py:491: DeprecationWarning: Use torch_xla.sync instead
  xm.mark_step()
/home/ubuntu/train_gpt10b_tp_families.py:497: DeprecationWarning: Use torch_xla.sync instead
  xm.mark_step()
/home/ubuntu/train_gpt10b_tp_families.py:501: DeprecationWarning: Use torch_xla.sync instead
  xm.mark_step()
/home/ubuntu/train_gpt10b_tp_families.py:524: DeprecationWarning: Use torch_xla.sync instead
  xm.mark_step()   # slice sync graph: norms done
/home/ubuntu/train_gpt10b_tp_families.py:533: DeprecationWarning: Use torch_xla.sync instead
  xm.mark_step()   # slice sync graph: F4b done
/home/ubuntu/train_gpt10b_tp_families.py:549: DeprecationWarning: Use torch_xla.sync instead
  xm.mark_step()   # slice sync graph: F6/F7 done
/home/ubuntu/train_gpt10b_tp_families.py:568: DeprecationWarning: Use torch_xla.sync instead
  xm.mark_step()
/home/ubuntu/train_gpt10b_tp_families.py:627: DeprecationWarning: Use torch_xla.sync instead
  xm.mark_step()
2026-09-09 09:03:19.000997:  89832  [INFO]: Using a cached neff at /home/ubuntu/neuron_cache_e2e/neuronxcc-2.23.6484.0+3b612583/MODULE_11439406683618181514+e30acd3a/model.neff
2026-09-09 09:03:20.000006:  89831  [INFO]: Using a cached neff at /home/ubuntu/neuron_cache_e2e/neuronxcc-2.23.6484.0+3b612583/MODULE_11439406683618181514+e30acd3a/model.neff
2026-09-09 09:03:20.000023:  89810  [INFO]: Using a cached neff at /home/ubuntu/neuron_cache_e2e/neuronxcc-2.23.6484.0+3b612583/MODULE_11439406683618181514+e30acd3a/model.neff
2026-09-09 09:03:20.000032:  89827  [INFO]: Using a cached neff at /home/ubuntu/neuron_cache_e2e/neuronxcc-2.23.6484.0+3b612583/MODULE_11439406683618181514+e30acd3a/model.neff
2026-09-09 09:03:20.000034:  89822  [INFO]: Using a cached neff at /home/ubuntu/neuron_cache_e2e/neuronxcc-2.23.6484.0+3b612583/MODULE_11439406683618181514+e30acd3a/model.neff
2026-09-09 09:03:20.000036:  89816  [INFO]: Using a cached neff at /home/ubuntu/neuron_cache_e2e/neuronxcc-2.23.6484.0+3b612583/MODULE_11439406683618181514+e30acd3a/model.neff
2026-09-09 09:03:20.000040:  89817  [INFO]: Using a cached neff at /home/ubuntu/neuron_cache_e2e/neuronxcc-2.23.6484.0+3b612583/MODULE_11439406683618181514+e30acd3a/model.neff
2026-09-09 09:03:20.000047:  89825  [INFO]: Using a cached neff at /home/ubuntu/neuron_cache_e2e/neuronxcc-2.23.6484.0+3b612583/MODULE_11439406683618181514+e30acd3a/model.neff
2026-09-09 09:03:20.000052:  89801  [INFO]: Using a cached neff at /home/ubuntu/neuron_cache_e2e/neuronxcc-2.23.6484.0+3b612583/MODULE_11439406683618181514+e30acd3a/model.neff
2026-09-09 09:03:20.000052:  89815  [INFO]: Using a cached neff at /home/ubuntu/neuron_cache_e2e/neuronxcc-2.23.6484.0+3b612583/MODULE_11439406683618181514+e30acd3a/model.neff
2026-09-09 09:03:20.000055:  89819  [INFO]: Using a cached neff at /home/ubuntu/neuron_cache_e2e/neuronxcc-2.23.6484.0+3b612583/MODULE_11439406683618181514+e30acd3a/model.neff
2026-09-09 09:03:20.000057:  89804  [INFO]: Using a cached neff at /home/ubuntu/neuron_cache_e2e/neuronxcc-2.23.6484.0+3b612583/MODULE_11439406683618181514+e30acd3a/model.neff
2026-09-09 09:03:20.000060:  89814  [INFO]: Using a cached neff at /home/ubuntu/neuron_cache_e2e/neuronxcc-2.23.6484.0+3b612583/MODULE_11439406683618181514+e30acd3a/model.neff
2026-09-09 09:03:20.000060:  89808  [INFO]: Using a cached neff at /home/ubuntu/neuron_cache_e2e/neuronxcc-2.23.6484.0+3b612583/MODULE_11439406683618181514+e30acd3a/model.neff
2026-09-09 09:03:20.000061:  89806  [INFO]: Using a cached neff at /home/ubuntu/neuron_cache_e2e/neuronxcc-2.23.6484.0+3b612583/MODULE_11439406683618181514+e30acd3a/model.neff
2026-09-09 09:03:20.000062:  89812  [INFO]: Using a cached neff at /home/ubuntu/neuron_cache_e2e/neuronxcc-2.23.6484.0+3b612583/MODULE_11439406683618181514+e30acd3a/model.neff
2026-09-09 09:03:20.000065:  89830  [INFO]: Using a cached neff at /home/ubuntu/neuron_cache_e2e/neuronxcc-2.23.6484.0+3b612583/MODULE_11439406683618181514+e30acd3a/model.neff
2026-09-09 09:03:20.000067:  89829  [INFO]: Using a cached neff at /home/ubuntu/neuron_cache_e2e/neuronxcc-2.23.6484.0+3b612583/MODULE_11439406683618181514+e30acd3a/model.neff
2026-09-09 09:03:20.000071:  89821  [INFO]: Using a cached neff at /home/ubuntu/neuron_cache_e2e/neuronxcc-2.23.6484.0+3b612583/MODULE_11439406683618181514+e30acd3a/model.neff
2026-09-09 09:03:20.000073:  89823  [INFO]: Using a cached neff at /home/ubuntu/neuron_cache_e2e/neuronxcc-2.23.6484.0+3b612583/MODULE_11439406683618181514+e30acd3a/model.neff
2026-09-09 09:03:20.000076:  89818  [INFO]: Using a cached neff at /home/ubuntu/neuron_cache_e2e/neuronxcc-2.23.6484.0+3b612583/MODULE_11439406683618181514+e30acd3a/model.neff
2026-09-09 09:03:20.000076:  89824  [INFO]: Using a cached neff at /home/ubuntu/neuron_cache_e2e/neuronxcc-2.23.6484.0+3b612583/MODULE_11439406683618181514+e30acd3a/model.neff
2026-09-09 09:03:20.000078:  89828  [INFO]: Using a cached neff at /home/ubuntu/neuron_cache_e2e/neuronxcc-2.23.6484.0+3b612583/MODULE_11439406683618181514+e30acd3a/model.neff
2026-09-09 09:03:20.000082:  89811  [INFO]: Using a cached neff at /home/ubuntu/neuron_cache_e2e/neuronxcc-2.23.6484.0+3b612583/MODULE_11439406683618181514+e30acd3a/model.neff
2026-09-09 09:03:20.000086:  89826  [INFO]: Using a cached neff at /home/ubuntu/neuron_cache_e2e/neuronxcc-2.23.6484.0+3b612583/MODULE_11439406683618181514+e30acd3a/model.neff
2026-09-09 09:03:20.000088:  89805  [INFO]: Using a cached neff at /home/ubuntu/neuron_cache_e2e/neuronxcc-2.23.6484.0+3b612583/MODULE_11439406683618181514+e30acd3a/model.neff
2026-09-09 09:03:20.000090:  89803  [INFO]: Using a cached neff at /home/ubuntu/neuron_cache_e2e/neuronxcc-2.23.6484.0+3b612583/MODULE_11439406683618181514+e30acd3a/model.neff
2026-09-09 09:03:20.000092:  89832  [INFO]: Using a cached neff at /home/ubuntu/neuron_cache_e2e/neuronxcc-2.23.6484.0+3b612583/MODULE_1165850746759386942+e30acd3a/model.neff
2026-09-09 09:03:20.000095:  89831  [INFO]: Using a cached neff at /home/ubuntu/neuron_cache_e2e/neuronxcc-2.23.6484.0+3b612583/MODULE_1165850746759386942+e30acd3a/model.neff
2026-09-09 09:03:20.000096:  89810  [INFO]: Using a cached neff at /home/ubuntu/neuron_cache_e2e/neuronxcc-2.23.6484.0+3b612583/MODULE_1165850746759386942+e30acd3a/model.neff
2026-09-09 09:03:20.000096:  89820  [INFO]: Using a cached neff at /home/ubuntu/neuron_cache_e2e/neuronxcc-2.23.6484.0+3b612583/MODULE_11439406683618181514+e30acd3a/model.neff
2026-09-09 09:03:20.000098:  89813  [INFO]: Using a cached neff at /home/ubuntu/neuron_cache_e2e/neuronxcc-2.23.6484.0+3b612583/MODULE_11439406683618181514+e30acd3a/model.neff
2026-09-09 09:03:20.000099:  89802  [INFO]: Using a cached neff at /home/ubuntu/neuron_cache_e2e/neuronxcc-2.23.6484.0+3b612583/MODULE_11439406683618181514+e30acd3a/model.neff
2026-09-09 09:03:20.000100:  89807  [INFO]: Using a cached neff at /home/ubuntu/neuron_cache_e2e/neuronxcc-2.23.6484.0+3b612583/MODULE_11439406683618181514+e30acd3a/model.neff
2026-09-09 09:03:20.000101:  89809  [INFO]: Using a cached neff at /home/ubuntu/neuron_cache_e2e/neuronxcc-2.23.6484.0+3b612583/MODULE_11439406683618181514+e30acd3a/model.neff
2026-09-09 09:03:20.000102:  89827  [INFO]: Using a cached neff at /home/ubuntu/neuron_cache_e2e/neuronxcc-2.23.6484.0+3b612583/MODULE_1165850746759386942+e30acd3a/model.neff
2026-09-09 09:03:20.000103:  89816  [INFO]: Using a cached neff at /home/ubuntu/neuron_cache_e2e/neuronxcc-2.23.6484.0+3b612583/MODULE_1165850746759386942+e30acd3a/model.neff
2026-09-09 09:03:20.000105:  89822  [INFO]: Using a cached neff at /home/ubuntu/neuron_cache_e2e/neuronxcc-2.23.6484.0+3b612583/MODULE_1165850746759386942+e30acd3a/model.neff
/home/ubuntu/train_gpt10b_tp_families.py:638: DeprecationWarning: Use torch_xla.sync instead
  xm.mark_step()
2026-09-09 09:03:20.000107:  89817  [INFO]: Using a cached neff at /home/ubuntu/neuron_cache_e2e/neuronxcc-2.23.6484.0+3b612583/MODULE_1165850746759386942+e30acd3a/model.neff
2026-09-09 09:03:20.000112:  89801  [INFO]: Using a cached neff at /home/ubuntu/neuron_cache_e2e/neuronxcc-2.23.6484.0+3b612583/MODULE_1165850746759386942+e30acd3a/model.neff
2026-09-09 09:03:20.000113:  89815  [INFO]: Using a cached neff at /home/ubuntu/neuron_cache_e2e/neuronxcc-2.23.6484.0+3b612583/MODULE_1165850746759386942+e30acd3a/model.neff
2026-09-09 09:03:20.000114:  89825  [INFO]: Using a cached neff at /home/ubuntu/neuron_cache_e2e/neuronxcc-2.23.6484.0+3b612583/MODULE_1165850746759386942+e30acd3a/model.neff
2026-09-09 09:03:20.000119:  89804  [INFO]: Using a cached neff at /home/ubuntu/neuron_cache_e2e/neuronxcc-2.23.6484.0+3b612583/MODULE_1165850746759386942+e30acd3a/model.neff
2026-09-09 09:03:20.000121:  89814  [INFO]: Using a cached neff at /home/ubuntu/neuron_cache_e2e/neuronxcc-2.23.6484.0+3b612583/MODULE_1165850746759386942+e30acd3a/model.neff
2026-09-09 09:03:20.000123:  89808  [INFO]: Using a cached neff at /home/ubuntu/neuron_cache_e2e/neuronxcc-2.23.6484.0+3b612583/MODULE_1165850746759386942+e30acd3a/model.neff
2026-09-09 09:03:20.000123:  89812  [INFO]: Using a cached neff at /home/ubuntu/neuron_cache_e2e/neuronxcc-2.23.6484.0+3b612583/MODULE_1165850746759386942+e30acd3a/model.neff
2026-09-09 09:03:20.000125:  89806  [INFO]: Using a cached neff at /home/ubuntu/neuron_cache_e2e/neuronxcc-2.23.6484.0+3b612583/MODULE_1165850746759386942+e30acd3a/model.neff
2026-09-09 09:03:20.000126:  89819  [INFO]: Using a cached neff at /home/ubuntu/neuron_cache_e2e/neuronxcc-2.23.6484.0+3b612583/MODULE_1165850746759386942+e30acd3a/model.neff
2026-09-09 09:03:20.000126:  89830  [INFO]: Using a cached neff at /home/ubuntu/neuron_cache_e2e/neuronxcc-2.23.6484.0+3b612583/MODULE_1165850746759386942+e30acd3a/model.neff
2026-09-09 09:03:20.000130:  89823  [INFO]: Using a cached neff at /home/ubuntu/neuron_cache_e2e/neuronxcc-2.23.6484.0+3b612583/MODULE_1165850746759386942+e30acd3a/model.neff
2026-09-09 09:03:20.000132:  89829  [INFO]: Using a cached neff at /home/ubuntu/neuron_cache_e2e/neuronxcc-2.23.6484.0+3b612583/MODULE_1165850746759386942+e30acd3a/model.neff
/home/ubuntu/train_gpt10b_tp_families.py:655: DeprecationWarning: Use torch_xla.sync instead
  xm.mark_step()
2026-09-09 09:03:20.000134:  89821  [INFO]: Using a cached neff at /home/ubuntu/neuron_cache_e2e/neuronxcc-2.23.6484.0+3b612583/MODULE_1165850746759386942+e30acd3a/model.neff
2026-09-09 09:03:20.000135:  89818  [INFO]: Using a cached neff at /home/ubuntu/neuron_cache_e2e/neuronxcc-2.23.6484.0+3b612583/MODULE_1165850746759386942+e30acd3a/model.neff
2026-09-09 09:03:20.000136:  89824  [INFO]: Using a cached neff at /home/ubuntu/neuron_cache_e2e/neuronxcc-2.23.6484.0+3b612583/MODULE_1165850746759386942+e30acd3a/model.neff
2026-09-09 09:03:20.000140:  89828  [INFO]: Using a cached neff at /home/ubuntu/neuron_cache_e2e/neuronxcc-2.23.6484.0+3b612583/MODULE_1165850746759386942+e30acd3a/model.neff
2026-09-09 09:03:20.000145:  89826  [INFO]: Using a cached neff at /home/ubuntu/neuron_cache_e2e/neuronxcc-2.23.6484.0+3b612583/MODULE_1165850746759386942+e30acd3a/model.neff
2026-09-09 09:03:20.000151:  89805  [INFO]: Using a cached neff at /home/ubuntu/neuron_cache_e2e/neuronxcc-2.23.6484.0+3b612583/MODULE_1165850746759386942+e30acd3a/model.neff
2026-09-09 09:03:20.000152:  89803  [INFO]: Using a cached neff at /home/ubuntu/neuron_cache_e2e/neuronxcc-2.23.6484.0+3b612583/MODULE_1165850746759386942+e30acd3a/model.neff
2026-09-09 09:03:20.000155:  89811  [INFO]: Using a cached neff at /home/ubuntu/neuron_cache_e2e/neuronxcc-2.23.6484.0+3b612583/MODULE_1165850746759386942+e30acd3a/model.neff
2026-09-09 09:03:20.000160:  89813  [INFO]: Using a cached neff at /home/ubuntu/neuron_cache_e2e/neuronxcc-2.23.6484.0+3b612583/MODULE_1165850746759386942+e30acd3a/model.neff
2026-09-09 09:03:20.000161:  89807  [INFO]: Using a cached neff at /home/ubuntu/neuron_cache_e2e/neuronxcc-2.23.6484.0+3b612583/MODULE_1165850746759386942+e30acd3a/model.neff
2026-09-09 09:03:20.000161:  89809  [INFO]: Using a cached neff at /home/ubuntu/neuron_cache_e2e/neuronxcc-2.23.6484.0+3b612583/MODULE_1165850746759386942+e30acd3a/model.neff
2026-09-09 09:03:20.000164:  89802  [INFO]: Using a cached neff at /home/ubuntu/neuron_cache_e2e/neuronxcc-2.23.6484.0+3b612583/MODULE_1165850746759386942+e30acd3a/model.neff
2026-09-09 09:03:20.000164:  89820  [INFO]: Using a cached neff at /home/ubuntu/neuron_cache_e2e/neuronxcc-2.23.6484.0+3b612583/MODULE_1165850746759386942+e30acd3a/model.neff
/home/ubuntu/train_gpt10b_tp_families.py:656: DeprecationWarning: Use torch_xla.sync instead
  xm.mark_step()   # slice: copy-back done
/home/ubuntu/train_gpt10b_tp_families.py:669: DeprecationWarning: Use torch_xla.sync instead
  xm.mark_step()
...
Compiler status PASS
2026-09-09 09:04:07.000064:  89816  [INFO]: Compilation Successfully Completed for model.MODULE_9873161558079543617+e30acd3a.hlo_module.pb
2026-09-09 09:04:10.000558:  89827  [INFO]: Using a cached neff at /home/ubuntu/neuron_cache_e2e/neuronxcc-2.23.6484.0+3b612583/MODULE_9873161558079543617+e30acd3a/model.neff
2026-09-09 09:04:10.000558:  89831  [INFO]: Using a cached neff at /home/ubuntu/neuron_cache_e2e/neuronxcc-2.23.6484.0+3b612583/MODULE_9873161558079543617+e30acd3a/model.neff
2026-09-09 09:04:10.000569:  89812  [INFO]: Using a cached neff at /home/ubuntu/neuron_cache_e2e/neuronxcc-2.23.6484.0+3b612583/MODULE_9873161558079543617+e30acd3a/model.neff
2026-09-09 09:04:10.000576:  89832  [INFO]: Using a cached neff at /home/ubuntu/neuron_cache_e2e/neuronxcc-2.23.6484.0+3b612583/MODULE_9873161558079543617+e30acd3a/model.neff
2026-09-09 09:04:10.000581:  89814  [INFO]: Using a cached neff at /home/ubuntu/neuron_cache_e2e/neuronxcc-2.23.6484.0+3b612583/MODULE_9873161558079543617+e30acd3a/model.neff
2026-09-09 09:04:10.000599:  89818  [INFO]: Using a cached neff at /home/ubuntu/neuron_cache_e2e/neuronxcc-2.23.6484.0+3b612583/MODULE_9873161558079543617+e30acd3a/model.neff
2026-09-09 09:04:10.000599:  89808  [INFO]: Using a cached neff at /home/ubuntu/neuron_cache_e2e/neuronxcc-2.23.6484.0+3b612583/MODULE_9873161558079543617+e30acd3a/model.neff
2026-09-09 09:04:10.000609:  89822  [INFO]: Using a cached neff at /home/ubuntu/neuron_cache_e2e/neuronxcc-2.23.6484.0+3b612583/MODULE_9873161558079543617+e30acd3a/model.neff
2026-09-09 09:04:10.000609:  89826  [INFO]: Using a cached neff at /home/ubuntu/neuron_cache_e2e/neuronxcc-2.23.6484.0+3b612583/MODULE_9873161558079543617+e30acd3a/model.neff
2026-09-09 09:04:10.000615:  89815  [INFO]: Using a cached neff at /home/ubuntu/neuron_cache_e2e/neuronxcc-2.23.6484.0+3b612583/MODULE_9873161558079543617+e30acd3a/model.neff
2026-09-09 09:04:10.000627:  89801  [INFO]: Using a cached neff at /home/ubuntu/neuron_cache_e2e/neuronxcc-2.23.6484.0+3b612583/MODULE_9873161558079543617+e30acd3a/model.neff
2026-09-09 09:04:10.000636:  89824  [INFO]: Using a cached neff at /home/ubuntu/neuron_cache_e2e/neuronxcc-2.23.6484.0+3b612583/MODULE_9873161558079543617+e30acd3a/model.neff
2026-09-09 09:04:10.000658:  89806  [INFO]: Using a cached neff at /home/ubuntu/neuron_cache_e2e/neuronxcc-2.23.6484.0+3b612583/MODULE_9873161558079543617+e30acd3a/model.neff
2026-09-09 09:04:10.000660:  89813  [INFO]: Using a cached neff at /home/ubuntu/neuron_cache_e2e/neuronxcc-2.23.6484.0+3b612583/MODULE_9873161558079543617+e30acd3a/model.neff
2026-09-09 09:04:10.000663:  89819  [INFO]: Using a cached neff at /home/ubuntu/neuron_cache_e2e/neuronxcc-2.23.6484.0+3b612583/MODULE_9873161558079543617+e30acd3a/model.neff
2026-09-09 09:04:10.000663:  89804  [INFO]: Using a cached neff at /home/ubuntu/neuron_cache_e2e/neuronxcc-2.23.6484.0+3b612583/MODULE_9873161558079543617+e30acd3a/model.neff
2026-09-09 09:04:10.000680:  89829  [INFO]: Using a cached neff at /home/ubuntu/neuron_cache_e2e/neuronxcc-2.23.6484.0+3b612583/MODULE_9873161558079543617+e30acd3a/model.neff
2026-09-09 09:04:10.000683:  89805  [INFO]: Using a cached neff at /home/ubuntu/neuron_cache_e2e/neuronxcc-2.23.6484.0+3b612583/MODULE_9873161558079543617+e30acd3a/model.neff
2026-09-09 09:04:10.000683:  89821  [INFO]: Using a cached neff at /home/ubuntu/neuron_cache_e2e/neuronxcc-2.23.6484.0+3b612583/MODULE_9873161558079543617+e30acd3a/model.neff
2026-09-09 09:04:10.000689:  89803  [INFO]: Using a cached neff at /home/ubuntu/neuron_cache_e2e/neuronxcc-2.23.6484.0+3b612583/MODULE_9873161558079543617+e30acd3a/model.neff
2026-09-09 09:04:10.000689:  89823  [INFO]: Using a cached neff at /home/ubuntu/neuron_cache_e2e/neuronxcc-2.23.6484.0+3b612583/MODULE_9873161558079543617+e30acd3a/model.neff
2026-09-09 09:04:10.000689:  89828  [INFO]: Using a cached neff at /home/ubuntu/neuron_cache_e2e/neuronxcc-2.23.6484.0+3b612583/MODULE_9873161558079543617+e30acd3a/model.neff
2026-09-09 09:04:10.000699:  89811  [INFO]: Using a cached neff at /home/ubuntu/neuron_cache_e2e/neuronxcc-2.23.6484.0+3b612583/MODULE_9873161558079543617+e30acd3a/model.neff
2026-09-09 09:04:10.000699:  89809  [INFO]: Using a cached neff at /home/ubuntu/neuron_cache_e2e/neuronxcc-2.23.6484.0+3b612583/MODULE_9873161558079543617+e30acd3a/model.neff
2026-09-09 09:04:10.000699:  89807  [INFO]: Using a cached neff at /home/ubuntu/neuron_cache_e2e/neuronxcc-2.23.6484.0+3b612583/MODULE_9873161558079543617+e30acd3a/model.neff
2026-09-09 09:04:10.000699:  89802  [INFO]: Using a cached neff at /home/ubuntu/neuron_cache_e2e/neuronxcc-2.23.6484.0+3b612583/MODULE_9873161558079543617+e30acd3a/model.neff
2026-09-09 09:04:10.000702:  89817  [INFO]: Using a cached neff at /home/ubuntu/neuron_cache_e2e/neuronxcc-2.23.6484.0+3b612583/MODULE_9873161558079543617+e30acd3a/model.neff
2026-09-09 09:04:10.000707:  89830  [INFO]: Using a cached neff at /home/ubuntu/neuron_cache_e2e/neuronxcc-2.23.6484.0+3b612583/MODULE_9873161558079543617+e30acd3a/model.neff
2026-09-09 09:04:10.000708:  89820  [INFO]: Using a cached neff at /home/ubuntu/neuron_cache_e2e/neuronxcc-2.23.6484.0+3b612583/MODULE_9873161558079543617+e30acd3a/model.neff
2026-09-09 09:04:10.000714:  89825  [INFO]: Using a cached neff at /home/ubuntu/neuron_cache_e2e/neuronxcc-2.23.6484.0+3b612583/MODULE_9873161558079543617+e30acd3a/model.neff
2026-09-09 09:04:15.000571:  89810  [INFO]: Using a cached neff at /home/ubuntu/neuron_cache_e2e/neuronxcc-2.23.6484.0+3b612583/MODULE_9873161558079543617+e30acd3a/model.neff
/home/ubuntu/train_gpt10b_tp_families.py:447: DeprecationWarning: Use torch_xla.sync instead
  xm.mark_step()
/home/ubuntu/train_gpt10b_tp_families.py:454: DeprecationWarning: Use torch_xla.sync instead
  xm.mark_step()
/home/ubuntu/train_gpt10b_tp_families.py:460: DeprecationWarning: Use torch_xla.sync instead
  xm.mark_step()
/home/ubuntu/train_gpt10b_tp_families.py:466: DeprecationWarning: Use torch_xla.sync instead
  xm.mark_step()
/home/ubuntu/train_gpt10b_tp_families.py:470: DeprecationWarning: Use torch_xla.sync instead
  xm.mark_step()
/home/ubuntu/train_gpt10b_tp_families.py:482: DeprecationWarning: Use torch_xla.sync instead
  xm.mark_step()
/home/ubuntu/train_gpt10b_tp_families.py:491: DeprecationWarning: Use torch_xla.sync instead
  xm.mark_step()
/home/ubuntu/train_gpt10b_tp_families.py:497: DeprecationWarning: Use torch_xla.sync instead
  xm.mark_step()
/home/ubuntu/train_gpt10b_tp_families.py:501: DeprecationWarning: Use torch_xla.sync instead
  xm.mark_step()
/home/ubuntu/train_gpt10b_tp_families.py:524: DeprecationWarning: Use torch_xla.sync instead
  xm.mark_step()   # slice sync graph: norms done
/home/ubuntu/train_gpt10b_tp_families.py:533: DeprecationWarning: Use torch_xla.sync instead
  xm.mark_step()   # slice sync graph: F4b done
/home/ubuntu/train_gpt10b_tp_families.py:549: DeprecationWarning: Use torch_xla.sync instead
  xm.mark_step()   # slice sync graph: F6/F7 done
/home/ubuntu/train_gpt10b_tp_families.py:568: DeprecationWarning: Use torch_xla.sync instead
  xm.mark_step()
/home/ubuntu/train_gpt10b_tp_families.py:627: DeprecationWarning: Use torch_xla.sync instead
  xm.mark_step()
/home/ubuntu/train_gpt10b_tp_families.py:638: DeprecationWarning: Use torch_xla.sync instead
  xm.mark_step()
/home/ubuntu/train_gpt10b_tp_families.py:655: DeprecationWarning: Use torch_xla.sync instead
  xm.mark_step()
/home/ubuntu/train_gpt10b_tp_families.py:656: DeprecationWarning: Use torch_xla.sync instead
  xm.mark_step()   # slice: copy-back done
/home/ubuntu/train_gpt10b_tp_families.py:669: DeprecationWarning: Use torch_xla.sync instead
  xm.mark_step()
