2026-09-09 08:43:56.020528: W neuron/pjrt-api/neuronpjrt.cc:1781] Use PJRT C-API 0.79 as client did not specify a PJRT C-API version
2026-09-09 08:43:56.142040: W neuron/pjrt-api/neuronpjrt.cc:1781] Use PJRT C-API 0.79 as client did not specify a PJRT C-API version
2026-09-09 08:43:56.297621: W neuron/pjrt-api/neuronpjrt.cc:1781] Use PJRT C-API 0.79 as client did not specify a PJRT C-API version
2026-09-09 08:43:56.334447: W neuron/pjrt-api/neuronpjrt.cc:1781] Use PJRT C-API 0.79 as client did not specify a PJRT C-API version
2026-09-09 08:43:56.342611: W neuron/pjrt-api/neuronpjrt.cc:1781] Use PJRT C-API 0.79 as client did not specify a PJRT C-API version
2026-09-09 08:43:56.347390: W neuron/pjrt-api/neuronpjrt.cc:1781] Use PJRT C-API 0.79 as client did not specify a PJRT C-API version
2026-09-09 08:43:56.351265: W neuron/pjrt-api/neuronpjrt.cc:1781] Use PJRT C-API 0.79 as client did not specify a PJRT C-API version
2026-09-09 08:43:56.360247: W neuron/pjrt-api/neuronpjrt.cc:1781] Use PJRT C-API 0.79 as client did not specify a PJRT C-API version
2026-09-09 08:43:56.364422: W neuron/pjrt-api/neuronpjrt.cc:1781] Use PJRT C-API 0.79 as client did not specify a PJRT C-API version
2026-09-09 08:43:56.372906: W neuron/pjrt-api/neuronpjrt.cc:1781] Use PJRT C-API 0.79 as client did not specify a PJRT C-API version
2026-09-09 08:43:56.374608: W neuron/pjrt-api/neuronpjrt.cc:1781] Use PJRT C-API 0.79 as client did not specify a PJRT C-API version
2026-09-09 08:43:56.393832: W neuron/pjrt-api/neuronpjrt.cc:1781] Use PJRT C-API 0.79 as client did not specify a PJRT C-API version
2026-09-09 08:43:56.416830: W neuron/pjrt-api/neuronpjrt.cc:1781] Use PJRT C-API 0.79 as client did not specify a PJRT C-API version
2026-09-09 08:43:56.429472: W neuron/pjrt-api/neuronpjrt.cc:1781] Use PJRT C-API 0.79 as client did not specify a PJRT C-API version
2026-09-09 08:43:56.439817: W neuron/pjrt-api/neuronpjrt.cc:1781] Use PJRT C-API 0.79 as client did not specify a PJRT C-API version
2026-09-09 08:43:56.449446: W neuron/pjrt-api/neuronpjrt.cc:1781] Use PJRT C-API 0.79 as client did not specify a PJRT C-API version
2026-09-09 08:43:56.450851: W neuron/pjrt-api/neuronpjrt.cc:1781] Use PJRT C-API 0.79 as client did not specify a PJRT C-API version
2026-09-09 08:43:56.451997: W neuron/pjrt-api/neuronpjrt.cc:1781] Use PJRT C-API 0.79 as client did not specify a PJRT C-API version
2026-09-09 08:43:56.469005: W neuron/pjrt-api/neuronpjrt.cc:1781] Use PJRT C-API 0.79 as client did not specify a PJRT C-API version
2026-09-09 08:43:56.469826: W neuron/pjrt-api/neuronpjrt.cc:1781] Use PJRT C-API 0.79 as client did not specify a PJRT C-API version
2026-09-09 08:43:56.470510: W neuron/pjrt-api/neuronpjrt.cc:1781] Use PJRT C-API 0.79 as client did not specify a PJRT C-API version
2026-09-09 08:43:56.471724: W neuron/pjrt-api/neuronpjrt.cc:1781] Use PJRT C-API 0.79 as client did not specify a PJRT C-API version
2026-09-09 08:43:56.492498: W neuron/pjrt-api/neuronpjrt.cc:1781] Use PJRT C-API 0.79 as client did not specify a PJRT C-API version
2026-09-09 08:43:56.498957: W neuron/pjrt-api/neuronpjrt.cc:1781] Use PJRT C-API 0.79 as client did not specify a PJRT C-API version
2026-09-09 08:43:56.508042: W neuron/pjrt-api/neuronpjrt.cc:1781] Use PJRT C-API 0.79 as client did not specify a PJRT C-API version
2026-09-09 08:43:56.520947: W neuron/pjrt-api/neuronpjrt.cc:1781] Use PJRT C-API 0.79 as client did not specify a PJRT C-API version
2026-09-09 08:43:56.551528: W neuron/pjrt-api/neuronpjrt.cc:1781] Use PJRT C-API 0.79 as client did not specify a PJRT C-API version
2026-09-09 08:43:56.555292: W neuron/pjrt-api/neuronpjrt.cc:1781] Use PJRT C-API 0.79 as client did not specify a PJRT C-API version
2026-09-09 08:43:56.617910: W neuron/pjrt-api/neuronpjrt.cc:1781] Use PJRT C-API 0.79 as client did not specify a PJRT C-API version
2026-09-09 08:43:56.618665: W neuron/pjrt-api/neuronpjrt.cc:1781] Use PJRT C-API 0.79 as client did not specify a PJRT C-API version
2026-09-09 08:43:56.743625: W neuron/pjrt-api/neuronpjrt.cc:1781] Use PJRT C-API 0.79 as client did not specify a PJRT C-API version
2026-09-09 08:43:56.758148: W neuron/pjrt-api/neuronpjrt.cc:1781] Use PJRT C-API 0.79 as client did not specify a PJRT C-API version
/home/ubuntu/train_llama10b_tp_families.py:356: DeprecationWarning: Use torch_xla.sync instead
  xm.mark_step()
/home/ubuntu/train_llama10b_tp_families.py:356: DeprecationWarning: Use torch_xla.sync instead
  xm.mark_step()
/home/ubuntu/train_llama10b_tp_families.py:356: DeprecationWarning: Use torch_xla.sync instead
  xm.mark_step()
/home/ubuntu/train_llama10b_tp_families.py:356: DeprecationWarning: Use torch_xla.sync instead
  xm.mark_step()
/home/ubuntu/train_llama10b_tp_families.py:356: DeprecationWarning: Use torch_xla.sync instead
  xm.mark_step()
/home/ubuntu/train_llama10b_tp_families.py:356: DeprecationWarning: Use torch_xla.sync instead
  xm.mark_step()
/home/ubuntu/train_llama10b_tp_families.py:356: DeprecationWarning: Use torch_xla.sync instead
  xm.mark_step()
/home/ubuntu/train_llama10b_tp_families.py:356: DeprecationWarning: Use torch_xla.sync instead
  xm.mark_step()
/home/ubuntu/train_llama10b_tp_families.py:356: DeprecationWarning: Use torch_xla.sync instead
  xm.mark_step()
/home/ubuntu/train_llama10b_tp_families.py:356: DeprecationWarning: Use torch_xla.sync instead
  xm.mark_step()
/home/ubuntu/train_llama10b_tp_families.py:356: DeprecationWarning: Use torch_xla.sync instead
  xm.mark_step()
/home/ubuntu/train_llama10b_tp_families.py:356: DeprecationWarning: Use torch_xla.sync instead
  xm.mark_step()
/home/ubuntu/train_llama10b_tp_families.py:356: DeprecationWarning: Use torch_xla.sync instead
  xm.mark_step()
/home/ubuntu/train_llama10b_tp_families.py:356: DeprecationWarning: Use torch_xla.sync instead
  xm.mark_step()
/home/ubuntu/train_llama10b_tp_families.py:356: DeprecationWarning: Use torch_xla.sync instead
  xm.mark_step()
/home/ubuntu/train_llama10b_tp_families.py:356: DeprecationWarning: Use torch_xla.sync instead
  xm.mark_step()
/home/ubuntu/train_llama10b_tp_families.py:356: DeprecationWarning: Use torch_xla.sync instead
  xm.mark_step()
/home/ubuntu/train_llama10b_tp_families.py:356: DeprecationWarning: Use torch_xla.sync instead
  xm.mark_step()
/home/ubuntu/train_llama10b_tp_families.py:356: DeprecationWarning: Use torch_xla.sync instead
  xm.mark_step()
/home/ubuntu/train_llama10b_tp_families.py:356: DeprecationWarning: Use torch_xla.sync instead
  xm.mark_step()
/home/ubuntu/train_llama10b_tp_families.py:356: DeprecationWarning: Use torch_xla.sync instead
  xm.mark_step()
/home/ubuntu/train_llama10b_tp_families.py:356: DeprecationWarning: Use torch_xla.sync instead
  xm.mark_step()
/home/ubuntu/train_llama10b_tp_families.py:356: DeprecationWarning: Use torch_xla.sync instead
  xm.mark_step()
/home/ubuntu/train_llama10b_tp_families.py:356: DeprecationWarning: Use torch_xla.sync instead
  xm.mark_step()
/home/ubuntu/train_llama10b_tp_families.py:356: DeprecationWarning: Use torch_xla.sync instead
  xm.mark_step()
/home/ubuntu/train_llama10b_tp_families.py:356: DeprecationWarning: Use torch_xla.sync instead
  xm.mark_step()
/home/ubuntu/train_llama10b_tp_families.py:356: DeprecationWarning: Use torch_xla.sync instead
  xm.mark_step()
/home/ubuntu/train_llama10b_tp_families.py:356: DeprecationWarning: Use torch_xla.sync instead
  xm.mark_step()
/home/ubuntu/train_llama10b_tp_families.py:356: DeprecationWarning: Use torch_xla.sync instead
  xm.mark_step()
/home/ubuntu/train_llama10b_tp_families.py:356: DeprecationWarning: Use torch_xla.sync instead
  xm.mark_step()
/home/ubuntu/train_llama10b_tp_families.py:356: DeprecationWarning: Use torch_xla.sync instead
  xm.mark_step()
/home/ubuntu/train_llama10b_tp_families.py:356: DeprecationWarning: Use torch_xla.sync instead
  xm.mark_step()
/home/ubuntu/train_llama10b_tp_families.py:412: DeprecationWarning: Use torch_xla.sync instead
  xm.mark_step()
/home/ubuntu/train_llama10b_tp_families.py:412: DeprecationWarning: Use torch_xla.sync instead
  xm.mark_step()
/home/ubuntu/train_llama10b_tp_families.py:412: DeprecationWarning: Use torch_xla.sync instead
  xm.mark_step()
/home/ubuntu/train_llama10b_tp_families.py:412: DeprecationWarning: Use torch_xla.sync instead
  xm.mark_step()
/home/ubuntu/train_llama10b_tp_families.py:412: DeprecationWarning: Use torch_xla.sync instead
  xm.mark_step()
2026-09-09 08:44:41.000467:  50147  [INFO]: Using a cached neff at /home/ubuntu/neuron_cache_e2e/neuronxcc-2.23.6484.0+3b612583/MODULE_9392992193530532174+e30acd3a/model.neff
/home/ubuntu/train_llama10b_tp_families.py:412: DeprecationWarning: Use torch_xla.sync instead
  xm.mark_step()
2026-09-09 08:44:41.000473:  50155  [INFO]: Using a cached neff at /home/ubuntu/neuron_cache_e2e/neuronxcc-2.23.6484.0+3b612583/MODULE_9392992193530532174+e30acd3a/model.neff
/home/ubuntu/train_llama10b_tp_families.py:412: DeprecationWarning: Use torch_xla.sync instead
  xm.mark_step()
/home/ubuntu/train_llama10b_tp_families.py:412: DeprecationWarning: Use torch_xla.sync instead
  xm.mark_step()
2026-09-09 08:44:41.000550:  50143  [INFO]: Using a cached neff at /home/ubuntu/neuron_cache_e2e/neuronxcc-2.23.6484.0+3b612583/MODULE_9392992193530532174+e30acd3a/model.neff
/home/ubuntu/train_llama10b_tp_families.py:412: DeprecationWarning: Use torch_xla.sync instead
  xm.mark_step()
/home/ubuntu/train_llama10b_tp_families.py:412: DeprecationWarning: Use torch_xla.sync instead
  xm.mark_step()
/home/ubuntu/train_llama10b_tp_families.py:412: DeprecationWarning: Use torch_xla.sync instead
  xm.mark_step()
2026-09-09 08:44:41.000610:  50162  [INFO]: Using a cached neff at /home/ubuntu/neuron_cache_e2e/neuronxcc-2.23.6484.0+3b612583/MODULE_9392992193530532174+e30acd3a/model.neff
2026-09-09 08:44:41.000615:  50160  [INFO]: Using a cached neff at /home/ubuntu/neuron_cache_e2e/neuronxcc-2.23.6484.0+3b612583/MODULE_9392992193530532174+e30acd3a/model.neff
/home/ubuntu/train_llama10b_tp_families.py:412: DeprecationWarning: Use torch_xla.sync instead
  xm.mark_step()
/home/ubuntu/train_llama10b_tp_families.py:412: DeprecationWarning: Use torch_xla.sync instead
  xm.mark_step()
2026-09-09 08:44:41.000643:  50146  [INFO]: Using a cached neff at /home/ubuntu/neuron_cache_e2e/neuronxcc-2.23.6484.0+3b612583/MODULE_9392992193530532174+e30acd3a/model.neff
/home/ubuntu/train_llama10b_tp_families.py:412: DeprecationWarning: Use torch_xla.sync instead
  xm.mark_step()
/home/ubuntu/train_llama10b_tp_families.py:412: DeprecationWarning: Use torch_xla.sync instead
  xm.mark_step()
2026-09-09 08:44:41.000652:  50170  [INFO]: Using a cached neff at /home/ubuntu/neuron_cache_e2e/neuronxcc-2.23.6484.0+3b612583/MODULE_9392992193530532174+e30acd3a/model.neff
/home/ubuntu/train_llama10b_tp_families.py:412: DeprecationWarning: Use torch_xla.sync instead
  xm.mark_step()
/home/ubuntu/train_llama10b_tp_families.py:412: DeprecationWarning: Use torch_xla.sync instead
  xm.mark_step()
/home/ubuntu/train_llama10b_tp_families.py:412: DeprecationWarning: Use torch_xla.sync instead
  xm.mark_step()
/home/ubuntu/train_llama10b_tp_families.py:412: DeprecationWarning: Use torch_xla.sync instead
  xm.mark_step()
/home/ubuntu/train_llama10b_tp_families.py:412: DeprecationWarning: Use torch_xla.sync instead
  xm.mark_step()
/home/ubuntu/train_llama10b_tp_families.py:412: DeprecationWarning: Use torch_xla.sync instead
  xm.mark_step()
/home/ubuntu/train_llama10b_tp_families.py:412: DeprecationWarning: Use torch_xla.sync instead
  xm.mark_step()
2026-09-09 08:44:41.000736:  50152  [INFO]: Using a cached neff at /home/ubuntu/neuron_cache_e2e/neuronxcc-2.23.6484.0+3b612583/MODULE_9392992193530532174+e30acd3a/model.neff
/home/ubuntu/train_llama10b_tp_families.py:412: DeprecationWarning: Use torch_xla.sync instead
  xm.mark_step()
/home/ubuntu/train_llama10b_tp_families.py:412: DeprecationWarning: Use torch_xla.sync instead
  xm.mark_step()
/home/ubuntu/train_llama10b_tp_families.py:412: DeprecationWarning: Use torch_xla.sync instead
  xm.mark_step()
/home/ubuntu/train_llama10b_tp_families.py:412: DeprecationWarning: Use torch_xla.sync instead
  xm.mark_step()
/home/ubuntu/train_llama10b_tp_families.py:412: DeprecationWarning: Use torch_xla.sync instead
  xm.mark_step()
/home/ubuntu/train_llama10b_tp_families.py:412: DeprecationWarning: Use torch_xla.sync instead
  xm.mark_step()
2026-09-09 08:44:41.000922:  50167  [INFO]: Using a cached neff at /home/ubuntu/neuron_cache_e2e/neuronxcc-2.23.6484.0+3b612583/MODULE_9392992193530532174+e30acd3a/model.neff
/home/ubuntu/train_llama10b_tp_families.py:412: DeprecationWarning: Use torch_xla.sync instead
  xm.mark_step()
/home/ubuntu/train_llama10b_tp_families.py:412: DeprecationWarning: Use torch_xla.sync instead
  xm.mark_step()
2026-09-09 08:44:42.000015:  50148  [INFO]: Using a cached neff at /home/ubuntu/neuron_cache_e2e/neuronxcc-2.23.6484.0+3b612583/MODULE_9392992193530532174+e30acd3a/model.neff
/home/ubuntu/train_llama10b_tp_families.py:412: DeprecationWarning: Use torch_xla.sync instead
  xm.mark_step()
/home/ubuntu/train_llama10b_tp_families.py:412: DeprecationWarning: Use torch_xla.sync instead
  xm.mark_step()
2026-09-09 08:44:42.000609:  50145  [INFO]: Using a cached neff at /home/ubuntu/neuron_cache_e2e/neuronxcc-2.23.6484.0+3b612583/MODULE_9392992193530532174+e30acd3a/model.neff
2026-09-09 08:44:42.000658:  50169  [INFO]: Using a cached neff at /home/ubuntu/neuron_cache_e2e/neuronxcc-2.23.6484.0+3b612583/MODULE_9392992193530532174+e30acd3a/model.neff
2026-09-09 08:44:42.000744:  50156  [INFO]: Using a cached neff at /home/ubuntu/neuron_cache_e2e/neuronxcc-2.23.6484.0+3b612583/MODULE_9392992193530532174+e30acd3a/model.neff
2026-09-09 08:44:42.000884:  50163  [INFO]: Using a cached neff at /home/ubuntu/neuron_cache_e2e/neuronxcc-2.23.6484.0+3b612583/MODULE_9392992193530532174+e30acd3a/model.neff
2026-09-09 08:44:42.000972:  50144  [INFO]: Using a cached neff at /home/ubuntu/neuron_cache_e2e/neuronxcc-2.23.6484.0+3b612583/MODULE_9392992193530532174+e30acd3a/model.neff
2026-09-09 08:44:43.000064:  50149  [INFO]: Using a cached neff at /home/ubuntu/neuron_cache_e2e/neuronxcc-2.23.6484.0+3b612583/MODULE_9392992193530532174+e30acd3a/model.neff
2026-09-09 08:44:43.000152:  50157  [INFO]: Using a cached neff at /home/ubuntu/neuron_cache_e2e/neuronxcc-2.23.6484.0+3b612583/MODULE_9392992193530532174+e30acd3a/model.neff
2026-09-09 08:44:43.000152:  50165  [INFO]: Using a cached neff at /home/ubuntu/neuron_cache_e2e/neuronxcc-2.23.6484.0+3b612583/MODULE_9392992193530532174+e30acd3a/model.neff
/home/ubuntu/train_llama10b_tp_families.py:436: DeprecationWarning: Use torch_xla.sync instead
  xm.mark_step()
/home/ubuntu/train_llama10b_tp_families.py:436: DeprecationWarning: Use torch_xla.sync instead
  xm.mark_step()
2026-09-09 08:44:43.000429:  50166  [INFO]: Using a cached neff at /home/ubuntu/neuron_cache_e2e/neuronxcc-2.23.6484.0+3b612583/MODULE_9392992193530532174+e30acd3a/model.neff
/home/ubuntu/train_llama10b_tp_families.py:436: DeprecationWarning: Use torch_xla.sync instead
  xm.mark_step()
/home/ubuntu/train_llama10b_tp_families.py:436: DeprecationWarning: Use torch_xla.sync instead
  xm.mark_step()
/home/ubuntu/train_llama10b_tp_families.py:436: DeprecationWarning: Use torch_xla.sync instead
  xm.mark_step()
2026-09-09 08:44:43.000564:  50151  [INFO]: Using a cached neff at /home/ubuntu/neuron_cache_e2e/neuronxcc-2.23.6484.0+3b612583/MODULE_9392992193530532174+e30acd3a/model.neff
/home/ubuntu/train_llama10b_tp_families.py:436: DeprecationWarning: Use torch_xla.sync instead
  xm.mark_step()
/home/ubuntu/train_llama10b_tp_families.py:436: DeprecationWarning: Use torch_xla.sync instead
  xm.mark_step()
2026-09-09 08:44:43.000885:  50153  [INFO]: Using a cached neff at /home/ubuntu/neuron_cache_e2e/neuronxcc-2.23.6484.0+3b612583/MODULE_9392992193530532174+e30acd3a/model.neff
/home/ubuntu/train_llama10b_tp_families.py:436: DeprecationWarning: Use torch_xla.sync instead
  xm.mark_step()
2026-09-09 08:44:43.000886:  50142  [INFO]: Using a cached neff at /home/ubuntu/neuron_cache_e2e/neuronxcc-2.23.6484.0+3b612583/MODULE_9392992193530532174+e30acd3a/model.neff
/home/ubuntu/train_llama10b_tp_families.py:436: DeprecationWarning: Use torch_xla.sync instead
  xm.mark_step()
/home/ubuntu/train_llama10b_tp_families.py:436: DeprecationWarning: Use torch_xla.sync instead
  xm.mark_step()
2026-09-09 08:44:44.000025:  50155  [INFO]: Using a cached neff at /home/ubuntu/neuron_cache_e2e/neuronxcc-2.23.6484.0+3b612583/MODULE_16915688315513962643+e30acd3a/model.neff
2026-09-09 08:44:44.000025:  50147  [INFO]: Using a cached neff at /home/ubuntu/neuron_cache_e2e/neuronxcc-2.23.6484.0+3b612583/MODULE_16915688315513962643+e30acd3a/model.neff
2026-09-09 08:44:44.000068:  50139  [INFO]: Using a cached neff at /home/ubuntu/neuron_cache_e2e/neuronxcc-2.23.6484.0+3b612583/MODULE_9392992193530532174+e30acd3a/model.neff
2026-09-09 08:44:44.000158:  50168  [INFO]: Using a cached neff at /home/ubuntu/neuron_cache_e2e/neuronxcc-2.23.6484.0+3b612583/MODULE_9392992193530532174+e30acd3a/model.neff
/home/ubuntu/train_llama10b_tp_families.py:443: DeprecationWarning: Use torch_xla.sync instead
  xm.mark_step()
/home/ubuntu/train_llama10b_tp_families.py:443: DeprecationWarning: Use torch_xla.sync instead
  xm.mark_step()
2026-09-09 08:44:44.000245:  50140  [INFO]: Using a cached neff at /home/ubuntu/neuron_cache_e2e/neuronxcc-2.23.6484.0+3b612583/MODULE_9392992193530532174+e30acd3a/model.neff
2026-09-09 08:44:44.000249:  50146  [INFO]: Using a cached neff at /home/ubuntu/neuron_cache_e2e/neuronxcc-2.23.6484.0+3b612583/MODULE_16915688315513962643+e30acd3a/model.neff
2026-09-09 08:44:44.000294:  50159  [INFO]: Using a cached neff at /home/ubuntu/neuron_cache_e2e/neuronxcc-2.23.6484.0+3b612583/MODULE_9392992193530532174+e30acd3a/model.neff
2026-09-09 08:44:44.000294:  50164  [INFO]: Using a cached neff at /home/ubuntu/neuron_cache_e2e/neuronxcc-2.23.6484.0+3b612583/MODULE_9392992193530532174+e30acd3a/model.neff
2026-09-09 08:44:44.000392:  50162  [INFO]: Using a cached neff at /home/ubuntu/neuron_cache_e2e/neuronxcc-2.23.6484.0+3b612583/MODULE_16915688315513962643+e30acd3a/model.neff
2026-09-09 08:44:44.000392:  50150  [INFO]: Using a cached neff at /home/ubuntu/neuron_cache_e2e/neuronxcc-2.23.6484.0+3b612583/MODULE_9392992193530532174+e30acd3a/model.neff
/home/ubuntu/train_llama10b_tp_families.py:443: DeprecationWarning: Use torch_xla.sync instead
  xm.mark_step()
2026-09-09 08:44:44.000438:  50143  [INFO]: Using a cached neff at /home/ubuntu/neuron_cache_e2e/neuronxcc-2.23.6484.0+3b612583/MODULE_16915688315513962643+e30acd3a/model.neff
2026-09-09 08:44:44.000481:  50141  [INFO]: Using a cached neff at /home/ubuntu/neuron_cache_e2e/neuronxcc-2.23.6484.0+3b612583/MODULE_9392992193530532174+e30acd3a/model.neff
2026-09-09 08:44:44.000481:  50161  [INFO]: Using a cached neff at /home/ubuntu/neuron_cache_e2e/neuronxcc-2.23.6484.0+3b612583/MODULE_9392992193530532174+e30acd3a/model.neff
2026-09-09 08:44:44.000481:  50154  [INFO]: Using a cached neff at /home/ubuntu/neuron_cache_e2e/neuronxcc-2.23.6484.0+3b612583/MODULE_9392992193530532174+e30acd3a/model.neff
2026-09-09 08:44:44.000482:  50158  [INFO]: Using a cached neff at /home/ubuntu/neuron_cache_e2e/neuronxcc-2.23.6484.0+3b612583/MODULE_9392992193530532174+e30acd3a/model.neff
/home/ubuntu/train_llama10b_tp_families.py:443: DeprecationWarning: Use torch_xla.sync instead
  xm.mark_step()
2026-09-09 08:44:44.000565:  50160  [INFO]: Using a cached neff at /home/ubuntu/neuron_cache_e2e/neuronxcc-2.23.6484.0+3b612583/MODULE_16915688315513962643+e30acd3a/model.neff
/home/ubuntu/train_llama10b_tp_families.py:443: DeprecationWarning: Use torch_xla.sync instead
  xm.mark_step()
2026-09-09 08:44:44.000621:  50170  [INFO]: Using a cached neff at /home/ubuntu/neuron_cache_e2e/neuronxcc-2.23.6484.0+3b612583/MODULE_16915688315513962643+e30acd3a/model.neff
2026-09-09 08:44:44.000626:  50152  [INFO]: Using a cached neff at /home/ubuntu/neuron_cache_e2e/neuronxcc-2.23.6484.0+3b612583/MODULE_16915688315513962643+e30acd3a/model.neff
/home/ubuntu/train_llama10b_tp_families.py:436: DeprecationWarning: Use torch_xla.sync instead
  xm.mark_step()
2026-09-09 08:44:44.000630:  50167  [INFO]: Using a cached neff at /home/ubuntu/neuron_cache_e2e/neuronxcc-2.23.6484.0+3b612583/MODULE_16915688315513962643+e30acd3a/model.neff
2026-09-09 08:44:44.000635:  50148  [INFO]: Using a cached neff at /home/ubuntu/neuron_cache_e2e/neuronxcc-2.23.6484.0+3b612583/MODULE_16915688315513962643+e30acd3a/model.neff
2026-09-09 08:44:44.000638:  50147  [INFO]: Using a cached neff at /home/ubuntu/neuron_cache_e2e/neuronxcc-2.23.6484.0+3b612583/MODULE_13438219581461298073+e30acd3a/model.neff
/home/ubuntu/train_llama10b_tp_families.py:436: DeprecationWarning: Use torch_xla.sync instead
  xm.mark_step()
2026-09-09 08:44:44.000640:  50155  [INFO]: Using a cached neff at /home/ubuntu/neuron_cache_e2e/neuronxcc-2.23.6484.0+3b612583/MODULE_13438219581461298073+e30acd3a/model.neff
/home/ubuntu/train_llama10b_tp_families.py:443: DeprecationWarning: Use torch_xla.sync instead
  xm.mark_step()
/home/ubuntu/train_llama10b_tp_families.py:443: DeprecationWarning: Use torch_xla.sync instead
  xm.mark_step()
/home/ubuntu/train_llama10b_tp_families.py:443: DeprecationWarning: Use torch_xla.sync instead
  xm.mark_step()
2026-09-09 08:44:44.000644:  50146  [INFO]: Using a cached neff at /home/ubuntu/neuron_cache_e2e/neuronxcc-2.23.6484.0+3b612583/MODULE_13438219581461298073+e30acd3a/model.neff
/home/ubuntu/train_llama10b_tp_families.py:443: DeprecationWarning: Use torch_xla.sync instead
  xm.mark_step()
2026-09-09 08:44:44.000652:  50145  [INFO]: Using a cached neff at /home/ubuntu/neuron_cache_e2e/neuronxcc-2.23.6484.0+3b612583/MODULE_16915688315513962643+e30acd3a/model.neff
/home/ubuntu/train_llama10b_tp_families.py:443: DeprecationWarning: Use torch_xla.sync instead
  xm.mark_step()
2026-09-09 08:44:44.000659:  50169  [INFO]: Using a cached neff at /home/ubuntu/neuron_cache_e2e/neuronxcc-2.23.6484.0+3b612583/MODULE_16915688315513962643+e30acd3a/model.neff
2026-09-09 08:44:44.000659:  50143  [INFO]: Using a cached neff at /home/ubuntu/neuron_cache_e2e/neuronxcc-2.23.6484.0+3b612583/MODULE_13438219581461298073+e30acd3a/model.neff
2026-09-09 08:44:44.000662:  50162  [INFO]: Using a cached neff at /home/ubuntu/neuron_cache_e2e/neuronxcc-2.23.6484.0+3b612583/MODULE_13438219581461298073+e30acd3a/model.neff
/home/ubuntu/train_llama10b_tp_families.py:443: DeprecationWarning: Use torch_xla.sync instead
  xm.mark_step()
/home/ubuntu/train_llama10b_tp_families.py:443: DeprecationWarning: Use torch_xla.sync instead
  xm.mark_step()
2026-09-09 08:44:44.000675:  50170  [INFO]: Using a cached neff at /home/ubuntu/neuron_cache_e2e/neuronxcc-2.23.6484.0+3b612583/MODULE_13438219581461298073+e30acd3a/model.neff
2026-09-09 08:44:44.000685:  50152  [INFO]: Using a cached neff at /home/ubuntu/neuron_cache_e2e/neuronxcc-2.23.6484.0+3b612583/MODULE_13438219581461298073+e30acd3a/model.neff
2026-09-09 08:44:44.000687:  50167  [INFO]: Using a cached neff at /home/ubuntu/neuron_cache_e2e/neuronxcc-2.23.6484.0+3b612583/MODULE_13438219581461298073+e30acd3a/model.neff
2026-09-09 08:44:44.000701:  50148  [INFO]: Using a cached neff at /home/ubuntu/neuron_cache_e2e/neuronxcc-2.23.6484.0+3b612583/MODULE_13438219581461298073+e30acd3a/model.neff
2026-09-09 08:44:44.000704:  50160  [INFO]: Using a cached neff at /home/ubuntu/neuron_cache_e2e/neuronxcc-2.23.6484.0+3b612583/MODULE_13438219581461298073+e30acd3a/model.neff
/home/ubuntu/train_llama10b_tp_families.py:436: DeprecationWarning: Use torch_xla.sync instead
  xm.mark_step()
2026-09-09 08:44:44.000795:  50156  [INFO]: Using a cached neff at /home/ubuntu/neuron_cache_e2e/neuronxcc-2.23.6484.0+3b612583/MODULE_16915688315513962643+e30acd3a/model.neff
/home/ubuntu/train_llama10b_tp_families.py:443: DeprecationWarning: Use torch_xla.sync instead
  xm.mark_step()
2026-09-09 08:44:44.000826:  50145  [INFO]: Using a cached neff at /home/ubuntu/neuron_cache_e2e/neuronxcc-2.23.6484.0+3b612583/MODULE_13438219581461298073+e30acd3a/model.neff
2026-09-09 08:44:44.000836:  50169  [INFO]: Using a cached neff at /home/ubuntu/neuron_cache_e2e/neuronxcc-2.23.6484.0+3b612583/MODULE_13438219581461298073+e30acd3a/model.neff
/home/ubuntu/train_llama10b_tp_families.py:436: DeprecationWarning: Use torch_xla.sync instead
  xm.mark_step()
2026-09-09 08:44:44.000885:  50163  [INFO]: Using a cached neff at /home/ubuntu/neuron_cache_e2e/neuronxcc-2.23.6484.0+3b612583/MODULE_16915688315513962643+e30acd3a/model.neff
/home/ubuntu/train_llama10b_tp_families.py:443: DeprecationWarning: Use torch_xla.sync instead
  xm.mark_step()
/home/ubuntu/train_llama10b_tp_families.py:436: DeprecationWarning: Use torch_xla.sync instead
  xm.mark_step()
2026-09-09 08:44:44.000968:  50144  [INFO]: Using a cached neff at /home/ubuntu/neuron_cache_e2e/neuronxcc-2.23.6484.0+3b612583/MODULE_16915688315513962643+e30acd3a/model.neff
/home/ubuntu/train_llama10b_tp_families.py:443: DeprecationWarning: Use torch_xla.sync instead
  xm.mark_step()
2026-09-09 08:44:44.000985:  50156  [INFO]: Using a cached neff at /home/ubuntu/neuron_cache_e2e/neuronxcc-2.23.6484.0+3b612583/MODULE_13438219581461298073+e30acd3a/model.neff
/home/ubuntu/train_llama10b_tp_families.py:436: DeprecationWarning: Use torch_xla.sync instead
  xm.mark_step()
2026-09-09 08:44:45.000059:  50149  [INFO]: Using a cached neff at /home/ubuntu/neuron_cache_e2e/neuronxcc-2.23.6484.0+3b612583/MODULE_16915688315513962643+e30acd3a/model.neff
/home/ubuntu/train_llama10b_tp_families.py:443: DeprecationWarning: Use torch_xla.sync instead
  xm.mark_step()
2026-09-09 08:44:45.000076:  50163  [INFO]: Using a cached neff at /home/ubuntu/neuron_cache_e2e/neuronxcc-2.23.6484.0+3b612583/MODULE_13438219581461298073+e30acd3a/model.neff
/home/ubuntu/train_llama10b_tp_families.py:436: DeprecationWarning: Use torch_xla.sync instead
  xm.mark_step()
2026-09-09 08:44:45.000152:  50157  [INFO]: Using a cached neff at /home/ubuntu/neuron_cache_e2e/neuronxcc-2.23.6484.0+3b612583/MODULE_16915688315513962643+e30acd3a/model.neff
2026-09-09 08:44:45.000160:  50144  [INFO]: Using a cached neff at /home/ubuntu/neuron_cache_e2e/neuronxcc-2.23.6484.0+3b612583/MODULE_13438219581461298073+e30acd3a/model.neff
/home/ubuntu/train_llama10b_tp_families.py:443: DeprecationWarning: Use torch_xla.sync instead
  xm.mark_step()
/home/ubuntu/train_llama10b_tp_families.py:436: DeprecationWarning: Use torch_xla.sync instead
  xm.mark_step()
2026-09-09 08:44:45.000184:  50165  [INFO]: Using a cached neff at /home/ubuntu/neuron_cache_e2e/neuronxcc-2.23.6484.0+3b612583/MODULE_16915688315513962643+e30acd3a/model.neff
/home/ubuntu/train_llama10b_tp_families.py:443: DeprecationWarning: Use torch_xla.sync instead
  xm.mark_step()
2026-09-09 08:44:45.000269:  50149  [INFO]: Using a cached neff at /home/ubuntu/neuron_cache_e2e/neuronxcc-2.23.6484.0+3b612583/MODULE_13438219581461298073+e30acd3a/model.neff
2026-09-09 08:44:45.000344:  50157  [INFO]: Using a cached neff at /home/ubuntu/neuron_cache_e2e/neuronxcc-2.23.6484.0+3b612583/MODULE_13438219581461298073+e30acd3a/model.neff
2026-09-09 08:44:45.000374:  50165  [INFO]: Using a cached neff at /home/ubuntu/neuron_cache_e2e/neuronxcc-2.23.6484.0+3b612583/MODULE_13438219581461298073+e30acd3a/model.neff
/home/ubuntu/train_llama10b_tp_families.py:436: DeprecationWarning: Use torch_xla.sync instead
  xm.mark_step()
/home/ubuntu/train_llama10b_tp_families.py:436: DeprecationWarning: Use torch_xla.sync instead
  xm.mark_step()
2026-09-09 08:44:45.000714:  50153  [INFO]: Using a cached neff at /home/ubuntu/neuron_cache_e2e/neuronxcc-2.23.6484.0+3b612583/MODULE_16915688315513962643+e30acd3a/model.neff
2026-09-09 08:44:45.000716:  50151  [INFO]: Using a cached neff at /home/ubuntu/neuron_cache_e2e/neuronxcc-2.23.6484.0+3b612583/MODULE_16915688315513962643+e30acd3a/model.neff
/home/ubuntu/train_llama10b_tp_families.py:443: DeprecationWarning: Use torch_xla.sync instead
  xm.mark_step()
/home/ubuntu/train_llama10b_tp_families.py:443: DeprecationWarning: Use torch_xla.sync instead
  xm.mark_step()
/home/ubuntu/train_llama10b_tp_families.py:436: DeprecationWarning: Use torch_xla.sync instead
  xm.mark_step()
2026-09-09 08:44:45.000749:  50166  [INFO]: Using a cached neff at /home/ubuntu/neuron_cache_e2e/neuronxcc-2.23.6484.0+3b612583/MODULE_16915688315513962643+e30acd3a/model.neff
/home/ubuntu/train_llama10b_tp_families.py:443: DeprecationWarning: Use torch_xla.sync instead
  xm.mark_step()
/home/ubuntu/train_llama10b_tp_families.py:436: DeprecationWarning: Use torch_xla.sync instead
  xm.mark_step()
2026-09-09 08:44:45.000780:  50142  [INFO]: Using a cached neff at /home/ubuntu/neuron_cache_e2e/neuronxcc-2.23.6484.0+3b612583/MODULE_16915688315513962643+e30acd3a/model.neff
/home/ubuntu/train_llama10b_tp_families.py:443: DeprecationWarning: Use torch_xla.sync instead
  xm.mark_step()
2026-09-09 08:44:45.000905:  50153  [INFO]: Using a cached neff at /home/ubuntu/neuron_cache_e2e/neuronxcc-2.23.6484.0+3b612583/MODULE_13438219581461298073+e30acd3a/model.neff
2026-09-09 08:44:45.000907:  50151  [INFO]: Using a cached neff at /home/ubuntu/neuron_cache_e2e/neuronxcc-2.23.6484.0+3b612583/MODULE_13438219581461298073+e30acd3a/model.neff
2026-09-09 08:44:45.000940:  50166  [INFO]: Using a cached neff at /home/ubuntu/neuron_cache_e2e/neuronxcc-2.23.6484.0+3b612583/MODULE_13438219581461298073+e30acd3a/model.neff
2026-09-09 08:44:45.000969:  50142  [INFO]: Using a cached neff at /home/ubuntu/neuron_cache_e2e/neuronxcc-2.23.6484.0+3b612583/MODULE_13438219581461298073+e30acd3a/model.neff
/home/ubuntu/train_llama10b_tp_families.py:436: DeprecationWarning: Use torch_xla.sync instead
  xm.mark_step()
2026-09-09 08:44:46.000127:  50168  [INFO]: Using a cached neff at /home/ubuntu/neuron_cache_e2e/neuronxcc-2.23.6484.0+3b612583/MODULE_16915688315513962643+e30acd3a/model.neff
/home/ubuntu/train_llama10b_tp_families.py:443: DeprecationWarning: Use torch_xla.sync instead
  xm.mark_step()
/home/ubuntu/train_llama10b_tp_families.py:436: DeprecationWarning: Use torch_xla.sync instead
  xm.mark_step()
2026-09-09 08:44:46.000174:  50139  [INFO]: Using a cached neff at /home/ubuntu/neuron_cache_e2e/neuronxcc-2.23.6484.0+3b612583/MODULE_16915688315513962643+e30acd3a/model.neff
/home/ubuntu/train_llama10b_tp_families.py:443: DeprecationWarning: Use torch_xla.sync instead
  xm.mark_step()
/home/ubuntu/train_llama10b_tp_families.py:436: DeprecationWarning: Use torch_xla.sync instead
  xm.mark_step()
2026-09-09 08:44:46.000319:  50168  [INFO]: Using a cached neff at /home/ubuntu/neuron_cache_e2e/neuronxcc-2.23.6484.0+3b612583/MODULE_13438219581461298073+e30acd3a/model.neff
2026-09-09 08:44:46.000320:  50140  [INFO]: Using a cached neff at /home/ubuntu/neuron_cache_e2e/neuronxcc-2.23.6484.0+3b612583/MODULE_16915688315513962643+e30acd3a/model.neff
/home/ubuntu/train_llama10b_tp_families.py:443: DeprecationWarning: Use torch_xla.sync instead
  xm.mark_step()
/home/ubuntu/train_llama10b_tp_families.py:436: DeprecationWarning: Use torch_xla.sync instead
  xm.mark_step()
2026-09-09 08:44:46.000344:  50164  [INFO]: Using a cached neff at /home/ubuntu/neuron_cache_e2e/neuronxcc-2.23.6484.0+3b612583/MODULE_16915688315513962643+e30acd3a/model.neff
/home/ubuntu/train_llama10b_tp_families.py:443: DeprecationWarning: Use torch_xla.sync instead
  xm.mark_step()
2026-09-09 08:44:46.000365:  50139  [INFO]: Using a cached neff at /home/ubuntu/neuron_cache_e2e/neuronxcc-2.23.6484.0+3b612583/MODULE_13438219581461298073+e30acd3a/model.neff
/home/ubuntu/train_llama10b_tp_families.py:436: DeprecationWarning: Use torch_xla.sync instead
  xm.mark_step()
/home/ubuntu/train_llama10b_tp_families.py:436: DeprecationWarning: Use torch_xla.sync instead
  xm.mark_step()
2026-09-09 08:44:46.000378:  50159  [INFO]: Using a cached neff at /home/ubuntu/neuron_cache_e2e/neuronxcc-2.23.6484.0+3b612583/MODULE_16915688315513962643+e30acd3a/model.neff
2026-09-09 08:44:46.000379:  50150  [INFO]: Using a cached neff at /home/ubuntu/neuron_cache_e2e/neuronxcc-2.23.6484.0+3b612583/MODULE_16915688315513962643+e30acd3a/model.neff
/home/ubuntu/train_llama10b_tp_families.py:443: DeprecationWarning: Use torch_xla.sync instead
  xm.mark_step()
/home/ubuntu/train_llama10b_tp_families.py:443: DeprecationWarning: Use torch_xla.sync instead
  xm.mark_step()
/home/ubuntu/train_llama10b_tp_families.py:436: DeprecationWarning: Use torch_xla.sync instead
  xm.mark_step()
2026-09-09 08:44:46.000468:  50154  [INFO]: Using a cached neff at /home/ubuntu/neuron_cache_e2e/neuronxcc-2.23.6484.0+3b612583/MODULE_16915688315513962643+e30acd3a/model.neff
/home/ubuntu/train_llama10b_tp_families.py:436: DeprecationWarning: Use torch_xla.sync instead
  xm.mark_step()
/home/ubuntu/train_llama10b_tp_families.py:443: DeprecationWarning: Use torch_xla.sync instead
  xm.mark_step()
2026-09-09 08:44:46.000481:  50158  [INFO]: Using a cached neff at /home/ubuntu/neuron_cache_e2e/neuronxcc-2.23.6484.0+3b612583/MODULE_16915688315513962643+e30acd3a/model.neff
/home/ubuntu/train_llama10b_tp_families.py:443: DeprecationWarning: Use torch_xla.sync instead
  xm.mark_step()
2026-09-09 08:44:46.000511:  50140  [INFO]: Using a cached neff at /home/ubuntu/neuron_cache_e2e/neuronxcc-2.23.6484.0+3b612583/MODULE_13438219581461298073+e30acd3a/model.neff
/home/ubuntu/train_llama10b_tp_families.py:436: DeprecationWarning: Use torch_xla.sync instead
  xm.mark_step()
2026-09-09 08:44:46.000517:  50141  [INFO]: Using a cached neff at /home/ubuntu/neuron_cache_e2e/neuronxcc-2.23.6484.0+3b612583/MODULE_16915688315513962643+e30acd3a/model.neff
/home/ubuntu/train_llama10b_tp_families.py:443: DeprecationWarning: Use torch_xla.sync instead
  xm.mark_step()
2026-09-09 08:44:46.000545:  50164  [INFO]: Using a cached neff at /home/ubuntu/neuron_cache_e2e/neuronxcc-2.23.6484.0+3b612583/MODULE_13438219581461298073+e30acd3a/model.neff
/home/ubuntu/train_llama10b_tp_families.py:436: DeprecationWarning: Use torch_xla.sync instead
  xm.mark_step()
2026-09-09 08:44:46.000552:  50161  [INFO]: Using a cached neff at /home/ubuntu/neuron_cache_e2e/neuronxcc-2.23.6484.0+3b612583/MODULE_16915688315513962643+e30acd3a/model.neff
/home/ubuntu/train_llama10b_tp_families.py:443: DeprecationWarning: Use torch_xla.sync instead
  xm.mark_step()
2026-09-09 08:44:46.000569:  50159  [INFO]: Using a cached neff at /home/ubuntu/neuron_cache_e2e/neuronxcc-2.23.6484.0+3b612583/MODULE_13438219581461298073+e30acd3a/model.neff
2026-09-09 08:44:46.000571:  50150  [INFO]: Using a cached neff at /home/ubuntu/neuron_cache_e2e/neuronxcc-2.23.6484.0+3b612583/MODULE_13438219581461298073+e30acd3a/model.neff
2026-09-09 08:44:46.000660:  50154  [INFO]: Using a cached neff at /home/ubuntu/neuron_cache_e2e/neuronxcc-2.23.6484.0+3b612583/MODULE_13438219581461298073+e30acd3a/model.neff
2026-09-09 08:44:46.000672:  50158  [INFO]: Using a cached neff at /home/ubuntu/neuron_cache_e2e/neuronxcc-2.23.6484.0+3b612583/MODULE_13438219581461298073+e30acd3a/model.neff
2026-09-09 08:44:46.000708:  50141  [INFO]: Using a cached neff at /home/ubuntu/neuron_cache_e2e/neuronxcc-2.23.6484.0+3b612583/MODULE_13438219581461298073+e30acd3a/model.neff
2026-09-09 08:44:46.000743:  50161  [INFO]: Using a cached neff at /home/ubuntu/neuron_cache_e2e/neuronxcc-2.23.6484.0+3b612583/MODULE_13438219581461298073+e30acd3a/model.neff
/home/ubuntu/train_llama10b_tp_families.py:449: DeprecationWarning: Use torch_xla.sync instead
  xm.mark_step()
/home/ubuntu/train_llama10b_tp_families.py:449: DeprecationWarning: Use torch_xla.sync instead
  xm.mark_step()
/home/ubuntu/train_llama10b_tp_families.py:449: DeprecationWarning: Use torch_xla.sync instead
  xm.mark_step()
/home/ubuntu/train_llama10b_tp_families.py:449: DeprecationWarning: Use torch_xla.sync instead
  xm.mark_step()
/home/ubuntu/train_llama10b_tp_families.py:449: DeprecationWarning: Use torch_xla.sync instead
  xm.mark_step()
/home/ubuntu/train_llama10b_tp_families.py:449: DeprecationWarning: Use torch_xla.sync instead
  xm.mark_step()
/home/ubuntu/train_llama10b_tp_families.py:449: DeprecationWarning: Use torch_xla.sync instead
  xm.mark_step()
/home/ubuntu/train_llama10b_tp_families.py:449: DeprecationWarning: Use torch_xla.sync instead
  xm.mark_step()
/home/ubuntu/train_llama10b_tp_families.py:449: DeprecationWarning: Use torch_xla.sync instead
  xm.mark_step()
/home/ubuntu/train_llama10b_tp_families.py:449: DeprecationWarning: Use torch_xla.sync instead
  xm.mark_step()
/home/ubuntu/train_llama10b_tp_families.py:449: DeprecationWarning: Use torch_xla.sync instead
  xm.mark_step()
/home/ubuntu/train_llama10b_tp_families.py:449: DeprecationWarning: Use torch_xla.sync instead
  xm.mark_step()
/home/ubuntu/train_llama10b_tp_families.py:449: DeprecationWarning: Use torch_xla.sync instead
  xm.mark_step()
/home/ubuntu/train_llama10b_tp_families.py:449: DeprecationWarning: Use torch_xla.sync instead
  xm.mark_step()
/home/ubuntu/train_llama10b_tp_families.py:449: DeprecationWarning: Use torch_xla.sync instead
  xm.mark_step()
/home/ubuntu/train_llama10b_tp_families.py:449: DeprecationWarning: Use torch_xla.sync instead
  xm.mark_step()
/home/ubuntu/train_llama10b_tp_families.py:449: DeprecationWarning: Use torch_xla.sync instead
  xm.mark_step()
/home/ubuntu/train_llama10b_tp_families.py:449: DeprecationWarning: Use torch_xla.sync instead
  xm.mark_step()
/home/ubuntu/train_llama10b_tp_families.py:449: DeprecationWarning: Use torch_xla.sync instead
  xm.mark_step()
/home/ubuntu/train_llama10b_tp_families.py:449: DeprecationWarning: Use torch_xla.sync instead
  xm.mark_step()
/home/ubuntu/train_llama10b_tp_families.py:449: DeprecationWarning: Use torch_xla.sync instead
  xm.mark_step()
/home/ubuntu/train_llama10b_tp_families.py:449: DeprecationWarning: Use torch_xla.sync instead
  xm.mark_step()
/home/ubuntu/train_llama10b_tp_families.py:449: DeprecationWarning: Use torch_xla.sync instead
  xm.mark_step()
/home/ubuntu/train_llama10b_tp_families.py:449: DeprecationWarning: Use torch_xla.sync instead
  xm.mark_step()
/home/ubuntu/train_llama10b_tp_families.py:449: DeprecationWarning: Use torch_xla.sync instead
  xm.mark_step()
/home/ubuntu/train_llama10b_tp_families.py:449: DeprecationWarning: Use torch_xla.sync instead
  xm.mark_step()
/home/ubuntu/train_llama10b_tp_families.py:449: DeprecationWarning: Use torch_xla.sync instead
  xm.mark_step()
/home/ubuntu/train_llama10b_tp_families.py:449: DeprecationWarning: Use torch_xla.sync instead
  xm.mark_step()
/home/ubuntu/train_llama10b_tp_families.py:449: DeprecationWarning: Use torch_xla.sync instead
  xm.mark_step()
/home/ubuntu/train_llama10b_tp_families.py:449: DeprecationWarning: Use torch_xla.sync instead
  xm.mark_step()
/home/ubuntu/train_llama10b_tp_families.py:449: DeprecationWarning: Use torch_xla.sync instead
  xm.mark_step()
/home/ubuntu/train_llama10b_tp_families.py:449: DeprecationWarning: Use torch_xla.sync instead
  xm.mark_step()
2026-09-09 08:44:48.000283:  50151  [INFO]: Using a cached neff at /home/ubuntu/neuron_cache_e2e/neuronxcc-2.23.6484.0+3b612583/MODULE_2708653688611057852+e30acd3a/model.neff
2026-09-09 08:44:48.000283:  50163  [INFO]: Using a cached neff at /home/ubuntu/neuron_cache_e2e/neuronxcc-2.23.6484.0+3b612583/MODULE_2708653688611057852+e30acd3a/model.neff
2026-09-09 08:44:48.000284:  50145  [INFO]: Using a cached neff at /home/ubuntu/neuron_cache_e2e/neuronxcc-2.23.6484.0+3b612583/MODULE_2708653688611057852+e30acd3a/model.neff
2026-09-09 08:44:48.000284:  50153  [INFO]: Using a cached neff at /home/ubuntu/neuron_cache_e2e/neuronxcc-2.23.6484.0+3b612583/MODULE_2708653688611057852+e30acd3a/model.neff
2026-09-09 08:44:48.000284:  50169  [INFO]: Using a cached neff at /home/ubuntu/neuron_cache_e2e/neuronxcc-2.23.6484.0+3b612583/MODULE_2708653688611057852+e30acd3a/model.neff
2026-09-09 08:44:48.000285:  50142  [INFO]: Using a cached neff at /home/ubuntu/neuron_cache_e2e/neuronxcc-2.23.6484.0+3b612583/MODULE_2708653688611057852+e30acd3a/model.neff
2026-09-09 08:44:48.000285:  50148  [INFO]: Using a cached neff at /home/ubuntu/neuron_cache_e2e/neuronxcc-2.23.6484.0+3b612583/MODULE_2708653688611057852+e30acd3a/model.neff
2026-09-09 08:44:48.000286:  50157  [INFO]: Using a cached neff at /home/ubuntu/neuron_cache_e2e/neuronxcc-2.23.6484.0+3b612583/MODULE_2708653688611057852+e30acd3a/model.neff
2026-09-09 08:44:48.000286:  50155  [INFO]: Using a cached neff at /home/ubuntu/neuron_cache_e2e/neuronxcc-2.23.6484.0+3b612583/MODULE_2708653688611057852+e30acd3a/model.neff
2026-09-09 08:44:48.000287:  50159  [INFO]: Using a cached neff at /home/ubuntu/neuron_cache_e2e/neuronxcc-2.23.6484.0+3b612583/MODULE_2708653688611057852+e30acd3a/model.neff
2026-09-09 08:44:48.000287:  50167  [INFO]: Using a cached neff at /home/ubuntu/neuron_cache_e2e/neuronxcc-2.23.6484.0+3b612583/MODULE_2708653688611057852+e30acd3a/model.neff
2026-09-09 08:44:48.000288:  50165  [INFO]: Using a cached neff at /home/ubuntu/neuron_cache_e2e/neuronxcc-2.23.6484.0+3b612583/MODULE_2708653688611057852+e30acd3a/model.neff
2026-09-09 08:44:48.000288:  50161  [INFO]: Using a cached neff at /home/ubuntu/neuron_cache_e2e/neuronxcc-2.23.6484.0+3b612583/MODULE_2708653688611057852+e30acd3a/model.neff
2026-09-09 08:44:48.000288:  50154  [INFO]: Using a cached neff at /home/ubuntu/neuron_cache_e2e/neuronxcc-2.23.6484.0+3b612583/MODULE_2708653688611057852+e30acd3a/model.neff
2026-09-09 08:44:48.000289:  50150  [INFO]: Using a cached neff at /home/ubuntu/neuron_cache_e2e/neuronxcc-2.23.6484.0+3b612583/MODULE_2708653688611057852+e30acd3a/model.neff
2026-09-09 08:44:48.000289:  50144  [INFO]: Using a cached neff at /home/ubuntu/neuron_cache_e2e/neuronxcc-2.23.6484.0+3b612583/MODULE_2708653688611057852+e30acd3a/model.neff
2026-09-09 08:44:48.000290:  50147  [INFO]: Using a cached neff at /home/ubuntu/neuron_cache_e2e/neuronxcc-2.23.6484.0+3b612583/MODULE_2708653688611057852+e30acd3a/model.neff
2026-09-09 08:44:48.000291:  50149  [INFO]: Using a cached neff at /home/ubuntu/neuron_cache_e2e/neuronxcc-2.23.6484.0+3b612583/MODULE_2708653688611057852+e30acd3a/model.neff
2026-09-09 08:44:48.000291:  50164  [INFO]: Using a cached neff at /home/ubuntu/neuron_cache_e2e/neuronxcc-2.23.6484.0+3b612583/MODULE_2708653688611057852+e30acd3a/model.neff
2026-09-09 08:44:48.000293:  50158  [INFO]: Using a cached neff at /home/ubuntu/neuron_cache_e2e/neuronxcc-2.23.6484.0+3b612583/MODULE_2708653688611057852+e30acd3a/model.neff
2026-09-09 08:44:48.000294:  50152  [INFO]: Using a cached neff at /home/ubuntu/neuron_cache_e2e/neuronxcc-2.23.6484.0+3b612583/MODULE_2708653688611057852+e30acd3a/model.neff
2026-09-09 08:44:48.000295:  50162  [INFO]: Using a cached neff at /home/ubuntu/neuron_cache_e2e/neuronxcc-2.23.6484.0+3b612583/MODULE_2708653688611057852+e30acd3a/model.neff
2026-09-09 08:44:48.000295:  50139  [INFO]: Using a cached neff at /home/ubuntu/neuron_cache_e2e/neuronxcc-2.23.6484.0+3b612583/MODULE_2708653688611057852+e30acd3a/model.neff
2026-09-09 08:44:48.000296:  50143  [INFO]: Using a cached neff at /home/ubuntu/neuron_cache_e2e/neuronxcc-2.23.6484.0+3b612583/MODULE_2708653688611057852+e30acd3a/model.neff
2026-09-09 08:44:48.000297:  50170  [INFO]: Using a cached neff at /home/ubuntu/neuron_cache_e2e/neuronxcc-2.23.6484.0+3b612583/MODULE_2708653688611057852+e30acd3a/model.neff
2026-09-09 08:44:48.000297:  50141  [INFO]: Using a cached neff at /home/ubuntu/neuron_cache_e2e/neuronxcc-2.23.6484.0+3b612583/MODULE_2708653688611057852+e30acd3a/model.neff
/home/ubuntu/train_llama10b_tp_families.py:455: DeprecationWarning: Use torch_xla.sync instead
  xm.mark_step()
/home/ubuntu/train_llama10b_tp_families.py:455: DeprecationWarning: Use torch_xla.sync instead
  xm.mark_step()
2026-09-09 08:44:48.000300:  50168  [INFO]: Using a cached neff at /home/ubuntu/neuron_cache_e2e/neuronxcc-2.23.6484.0+3b612583/MODULE_2708653688611057852+e30acd3a/model.neff
/home/ubuntu/train_llama10b_tp_families.py:455: DeprecationWarning: Use torch_xla.sync instead
  xm.mark_step()
/home/ubuntu/train_llama10b_tp_families.py:455: DeprecationWarning: Use torch_xla.sync instead
  xm.mark_step()
2026-09-09 08:44:48.000300:  50146  [INFO]: Using a cached neff at /home/ubuntu/neuron_cache_e2e/neuronxcc-2.23.6484.0+3b612583/MODULE_2708653688611057852+e30acd3a/model.neff
2026-09-09 08:44:48.000300:  50140  [INFO]: Using a cached neff at /home/ubuntu/neuron_cache_e2e/neuronxcc-2.23.6484.0+3b612583/MODULE_2708653688611057852+e30acd3a/model.neff
/home/ubuntu/train_llama10b_tp_families.py:455: DeprecationWarning: Use torch_xla.sync instead
  xm.mark_step()
/home/ubuntu/train_llama10b_tp_families.py:455: DeprecationWarning: Use torch_xla.sync instead
  xm.mark_step()
2026-09-09 08:44:48.000301:  50166  [INFO]: Using a cached neff at /home/ubuntu/neuron_cache_e2e/neuronxcc-2.23.6484.0+3b612583/MODULE_2708653688611057852+e30acd3a/model.neff
/home/ubuntu/train_llama10b_tp_families.py:455: DeprecationWarning: Use torch_xla.sync instead
  xm.mark_step()
/home/ubuntu/train_llama10b_tp_families.py:455: DeprecationWarning: Use torch_xla.sync instead
  xm.mark_step()
2026-09-09 08:44:48.000303:  50156  [INFO]: Using a cached neff at /home/ubuntu/neuron_cache_e2e/neuronxcc-2.23.6484.0+3b612583/MODULE_2708653688611057852+e30acd3a/model.neff
2026-09-09 08:44:48.000303:  50160  [INFO]: Using a cached neff at /home/ubuntu/neuron_cache_e2e/neuronxcc-2.23.6484.0+3b612583/MODULE_2708653688611057852+e30acd3a/model.neff
/home/ubuntu/train_llama10b_tp_families.py:455: DeprecationWarning: Use torch_xla.sync instead
  xm.mark_step()
/home/ubuntu/train_llama10b_tp_families.py:455: DeprecationWarning: Use torch_xla.sync instead
  xm.mark_step()
/home/ubuntu/train_llama10b_tp_families.py:455: DeprecationWarning: Use torch_xla.sync instead
  xm.mark_step()
/home/ubuntu/train_llama10b_tp_families.py:455: DeprecationWarning: Use torch_xla.sync instead
  xm.mark_step()
/home/ubuntu/train_llama10b_tp_families.py:455: DeprecationWarning: Use torch_xla.sync instead
  xm.mark_step()
/home/ubuntu/train_llama10b_tp_families.py:455: DeprecationWarning: Use torch_xla.sync instead
  xm.mark_step()
/home/ubuntu/train_llama10b_tp_families.py:455: DeprecationWarning: Use torch_xla.sync instead
  xm.mark_step()
/home/ubuntu/train_llama10b_tp_families.py:455: DeprecationWarning: Use torch_xla.sync instead
  xm.mark_step()
/home/ubuntu/train_llama10b_tp_families.py:455: DeprecationWarning: Use torch_xla.sync instead
  xm.mark_step()
/home/ubuntu/train_llama10b_tp_families.py:455: DeprecationWarning: Use torch_xla.sync instead
  xm.mark_step()
/home/ubuntu/train_llama10b_tp_families.py:455: DeprecationWarning: Use torch_xla.sync instead
  xm.mark_step()
/home/ubuntu/train_llama10b_tp_families.py:455: DeprecationWarning: Use torch_xla.sync instead
  xm.mark_step()
/home/ubuntu/train_llama10b_tp_families.py:455: DeprecationWarning: Use torch_xla.sync instead
  xm.mark_step()
/home/ubuntu/train_llama10b_tp_families.py:455: DeprecationWarning: Use torch_xla.sync instead
  xm.mark_step()
/home/ubuntu/train_llama10b_tp_families.py:455: DeprecationWarning: Use torch_xla.sync instead
  xm.mark_step()
/home/ubuntu/train_llama10b_tp_families.py:455: DeprecationWarning: Use torch_xla.sync instead
  xm.mark_step()
/home/ubuntu/train_llama10b_tp_families.py:455: DeprecationWarning: Use torch_xla.sync instead
  xm.mark_step()
/home/ubuntu/train_llama10b_tp_families.py:455: DeprecationWarning: Use torch_xla.sync instead
  xm.mark_step()
/home/ubuntu/train_llama10b_tp_families.py:455: DeprecationWarning: Use torch_xla.sync instead
  xm.mark_step()
/home/ubuntu/train_llama10b_tp_families.py:455: DeprecationWarning: Use torch_xla.sync instead
  xm.mark_step()
/home/ubuntu/train_llama10b_tp_families.py:455: DeprecationWarning: Use torch_xla.sync instead
  xm.mark_step()
/home/ubuntu/train_llama10b_tp_families.py:455: DeprecationWarning: Use torch_xla.sync instead
  xm.mark_step()
/home/ubuntu/train_llama10b_tp_families.py:455: DeprecationWarning: Use torch_xla.sync instead
  xm.mark_step()
/home/ubuntu/train_llama10b_tp_families.py:455: DeprecationWarning: Use torch_xla.sync instead
  xm.mark_step()
2026-09-09 08:44:48.000340:  50153  [INFO]: Using a cached neff at /home/ubuntu/neuron_cache_e2e/neuronxcc-2.23.6484.0+3b612583/MODULE_8952394002023911792+e30acd3a/model.neff
2026-09-09 08:44:48.000341:  50145  [INFO]: Using a cached neff at /home/ubuntu/neuron_cache_e2e/neuronxcc-2.23.6484.0+3b612583/MODULE_8952394002023911792+e30acd3a/model.neff
2026-09-09 08:44:48.000342:  50163  [INFO]: Using a cached neff at /home/ubuntu/neuron_cache_e2e/neuronxcc-2.23.6484.0+3b612583/MODULE_8952394002023911792+e30acd3a/model.neff
2026-09-09 08:44:48.000343:  50169  [INFO]: Using a cached neff at /home/ubuntu/neuron_cache_e2e/neuronxcc-2.23.6484.0+3b612583/MODULE_8952394002023911792+e30acd3a/model.neff
2026-09-09 08:44:48.000344:  50151  [INFO]: Using a cached neff at /home/ubuntu/neuron_cache_e2e/neuronxcc-2.23.6484.0+3b612583/MODULE_8952394002023911792+e30acd3a/model.neff
2026-09-09 08:44:48.000345:  50155  [INFO]: Using a cached neff at /home/ubuntu/neuron_cache_e2e/neuronxcc-2.23.6484.0+3b612583/MODULE_8952394002023911792+e30acd3a/model.neff
2026-09-09 08:44:48.000345:  50159  [INFO]: Using a cached neff at /home/ubuntu/neuron_cache_e2e/neuronxcc-2.23.6484.0+3b612583/MODULE_8952394002023911792+e30acd3a/model.neff
2026-09-09 08:44:48.000347:  50154  [INFO]: Using a cached neff at /home/ubuntu/neuron_cache_e2e/neuronxcc-2.23.6484.0+3b612583/MODULE_8952394002023911792+e30acd3a/model.neff
2026-09-09 08:44:48.000349:  50148  [INFO]: Using a cached neff at /home/ubuntu/neuron_cache_e2e/neuronxcc-2.23.6484.0+3b612583/MODULE_8952394002023911792+e30acd3a/model.neff
2026-09-09 08:44:48.000349:  50157  [INFO]: Using a cached neff at /home/ubuntu/neuron_cache_e2e/neuronxcc-2.23.6484.0+3b612583/MODULE_8952394002023911792+e30acd3a/model.neff
2026-09-09 08:44:48.000350:  50149  [INFO]: Using a cached neff at /home/ubuntu/neuron_cache_e2e/neuronxcc-2.23.6484.0+3b612583/MODULE_8952394002023911792+e30acd3a/model.neff
2026-09-09 08:44:48.000350:  50167  [INFO]: Using a cached neff at /home/ubuntu/neuron_cache_e2e/neuronxcc-2.23.6484.0+3b612583/MODULE_8952394002023911792+e30acd3a/model.neff
2026-09-09 08:44:48.000352:  50142  [INFO]: Using a cached neff at /home/ubuntu/neuron_cache_e2e/neuronxcc-2.23.6484.0+3b612583/MODULE_8952394002023911792+e30acd3a/model.neff
2026-09-09 08:44:48.000353:  50150  [INFO]: Using a cached neff at /home/ubuntu/neuron_cache_e2e/neuronxcc-2.23.6484.0+3b612583/MODULE_8952394002023911792+e30acd3a/model.neff
2026-09-09 08:44:48.000354:  50165  [INFO]: Using a cached neff at /home/ubuntu/neuron_cache_e2e/neuronxcc-2.23.6484.0+3b612583/MODULE_8952394002023911792+e30acd3a/model.neff
2026-09-09 08:44:48.000355:  50144  [INFO]: Using a cached neff at /home/ubuntu/neuron_cache_e2e/neuronxcc-2.23.6484.0+3b612583/MODULE_8952394002023911792+e30acd3a/model.neff
2026-09-09 08:44:48.000356:  50170  [INFO]: Using a cached neff at /home/ubuntu/neuron_cache_e2e/neuronxcc-2.23.6484.0+3b612583/MODULE_8952394002023911792+e30acd3a/model.neff
2026-09-09 08:44:48.000357:  50139  [INFO]: Using a cached neff at /home/ubuntu/neuron_cache_e2e/neuronxcc-2.23.6484.0+3b612583/MODULE_8952394002023911792+e30acd3a/model.neff
2026-09-09 08:44:48.000358:  50164  [INFO]: Using a cached neff at /home/ubuntu/neuron_cache_e2e/neuronxcc-2.23.6484.0+3b612583/MODULE_8952394002023911792+e30acd3a/model.neff
2026-09-09 08:44:48.000359:  50158  [INFO]: Using a cached neff at /home/ubuntu/neuron_cache_e2e/neuronxcc-2.23.6484.0+3b612583/MODULE_8952394002023911792+e30acd3a/model.neff
2026-09-09 08:44:48.000360:  50143  [INFO]: Using a cached neff at /home/ubuntu/neuron_cache_e2e/neuronxcc-2.23.6484.0+3b612583/MODULE_8952394002023911792+e30acd3a/model.neff
2026-09-09 08:44:48.000362:  50152  [INFO]: Using a cached neff at /home/ubuntu/neuron_cache_e2e/neuronxcc-2.23.6484.0+3b612583/MODULE_8952394002023911792+e30acd3a/model.neff
2026-09-09 08:44:48.000364:  50161  [INFO]: Using a cached neff at /home/ubuntu/neuron_cache_e2e/neuronxcc-2.23.6484.0+3b612583/MODULE_8952394002023911792+e30acd3a/model.neff
2026-09-09 08:44:48.000367:  50156  [INFO]: Using a cached neff at /home/ubuntu/neuron_cache_e2e/neuronxcc-2.23.6484.0+3b612583/MODULE_8952394002023911792+e30acd3a/model.neff
2026-09-09 08:44:48.000369:  50160  [INFO]: Using a cached neff at /home/ubuntu/neuron_cache_e2e/neuronxcc-2.23.6484.0+3b612583/MODULE_8952394002023911792+e30acd3a/model.neff
2026-09-09 08:44:48.000370:  50147  [INFO]: Using a cached neff at /home/ubuntu/neuron_cache_e2e/neuronxcc-2.23.6484.0+3b612583/MODULE_8952394002023911792+e30acd3a/model.neff
2026-09-09 08:44:48.000370:  50162  [INFO]: Using a cached neff at /home/ubuntu/neuron_cache_e2e/neuronxcc-2.23.6484.0+3b612583/MODULE_8952394002023911792+e30acd3a/model.neff
2026-09-09 08:44:48.000371:  50168  [INFO]: Using a cached neff at /home/ubuntu/neuron_cache_e2e/neuronxcc-2.23.6484.0+3b612583/MODULE_8952394002023911792+e30acd3a/model.neff
2026-09-09 08:44:48.000372:  50140  [INFO]: Using a cached neff at /home/ubuntu/neuron_cache_e2e/neuronxcc-2.23.6484.0+3b612583/MODULE_8952394002023911792+e30acd3a/model.neff
2026-09-09 08:44:48.000374:  50146  [INFO]: Using a cached neff at /home/ubuntu/neuron_cache_e2e/neuronxcc-2.23.6484.0+3b612583/MODULE_8952394002023911792+e30acd3a/model.neff
2026-09-09 08:44:48.000374:  50141  [INFO]: Using a cached neff at /home/ubuntu/neuron_cache_e2e/neuronxcc-2.23.6484.0+3b612583/MODULE_8952394002023911792+e30acd3a/model.neff
2026-09-09 08:44:48.000374:  50166  [INFO]: Using a cached neff at /home/ubuntu/neuron_cache_e2e/neuronxcc-2.23.6484.0+3b612583/MODULE_8952394002023911792+e30acd3a/model.neff
/home/ubuntu/train_llama10b_tp_families.py:459: DeprecationWarning: Use torch_xla.sync instead
  xm.mark_step()
/home/ubuntu/train_llama10b_tp_families.py:459: DeprecationWarning: Use torch_xla.sync instead
  xm.mark_step()
/home/ubuntu/train_llama10b_tp_families.py:459: DeprecationWarning: Use torch_xla.sync instead
  xm.mark_step()
/home/ubuntu/train_llama10b_tp_families.py:459: DeprecationWarning: Use torch_xla.sync instead
  xm.mark_step()
/home/ubuntu/train_llama10b_tp_families.py:459: DeprecationWarning: Use torch_xla.sync instead
  xm.mark_step()
/home/ubuntu/train_llama10b_tp_families.py:459: DeprecationWarning: Use torch_xla.sync instead
  xm.mark_step()
/home/ubuntu/train_llama10b_tp_families.py:459: DeprecationWarning: Use torch_xla.sync instead
  xm.mark_step()
/home/ubuntu/train_llama10b_tp_families.py:459: DeprecationWarning: Use torch_xla.sync instead
  xm.mark_step()
/home/ubuntu/train_llama10b_tp_families.py:459: DeprecationWarning: Use torch_xla.sync instead
  xm.mark_step()
/home/ubuntu/train_llama10b_tp_families.py:459: DeprecationWarning: Use torch_xla.sync instead
  xm.mark_step()
/home/ubuntu/train_llama10b_tp_families.py:459: DeprecationWarning: Use torch_xla.sync instead
  xm.mark_step()
/home/ubuntu/train_llama10b_tp_families.py:459: DeprecationWarning: Use torch_xla.sync instead
  xm.mark_step()
/home/ubuntu/train_llama10b_tp_families.py:459: DeprecationWarning: Use torch_xla.sync instead
  xm.mark_step()
/home/ubuntu/train_llama10b_tp_families.py:459: DeprecationWarning: Use torch_xla.sync instead
  xm.mark_step()
/home/ubuntu/train_llama10b_tp_families.py:459: DeprecationWarning: Use torch_xla.sync instead
  xm.mark_step()
/home/ubuntu/train_llama10b_tp_families.py:459: DeprecationWarning: Use torch_xla.sync instead
  xm.mark_step()
/home/ubuntu/train_llama10b_tp_families.py:459: DeprecationWarning: Use torch_xla.sync instead
  xm.mark_step()
/home/ubuntu/train_llama10b_tp_families.py:459: DeprecationWarning: Use torch_xla.sync instead
  xm.mark_step()
/home/ubuntu/train_llama10b_tp_families.py:459: DeprecationWarning: Use torch_xla.sync instead
  xm.mark_step()
/home/ubuntu/train_llama10b_tp_families.py:459: DeprecationWarning: Use torch_xla.sync instead
  xm.mark_step()
/home/ubuntu/train_llama10b_tp_families.py:459: DeprecationWarning: Use torch_xla.sync instead
  xm.mark_step()
/home/ubuntu/train_llama10b_tp_families.py:459: DeprecationWarning: Use torch_xla.sync instead
  xm.mark_step()
/home/ubuntu/train_llama10b_tp_families.py:459: DeprecationWarning: Use torch_xla.sync instead
  xm.mark_step()
/home/ubuntu/train_llama10b_tp_families.py:459: DeprecationWarning: Use torch_xla.sync instead
  xm.mark_step()
/home/ubuntu/train_llama10b_tp_families.py:459: DeprecationWarning: Use torch_xla.sync instead
  xm.mark_step()
/home/ubuntu/train_llama10b_tp_families.py:459: DeprecationWarning: Use torch_xla.sync instead
  xm.mark_step()
/home/ubuntu/train_llama10b_tp_families.py:459: DeprecationWarning: Use torch_xla.sync instead
  xm.mark_step()
/home/ubuntu/train_llama10b_tp_families.py:459: DeprecationWarning: Use torch_xla.sync instead
  xm.mark_step()
/home/ubuntu/train_llama10b_tp_families.py:459: DeprecationWarning: Use torch_xla.sync instead
  xm.mark_step()
/home/ubuntu/train_llama10b_tp_families.py:459: DeprecationWarning: Use torch_xla.sync instead
  xm.mark_step()
/home/ubuntu/train_llama10b_tp_families.py:459: DeprecationWarning: Use torch_xla.sync instead
  xm.mark_step()
/home/ubuntu/train_llama10b_tp_families.py:459: DeprecationWarning: Use torch_xla.sync instead
  xm.mark_step()
2026-09-09 08:44:48.000629:  50141  [INFO]: Using a cached neff at /home/ubuntu/neuron_cache_e2e/neuronxcc-2.23.6484.0+3b612583/MODULE_11729072656154999563+e30acd3a/model.neff
2026-09-09 08:44:48.000629:  50146  [INFO]: Using a cached neff at /home/ubuntu/neuron_cache_e2e/neuronxcc-2.23.6484.0+3b612583/MODULE_11729072656154999563+e30acd3a/model.neff
2026-09-09 08:44:48.000629:  50140  [INFO]: Using a cached neff at /home/ubuntu/neuron_cache_e2e/neuronxcc-2.23.6484.0+3b612583/MODULE_11729072656154999563+e30acd3a/model.neff
2026-09-09 08:44:48.000629:  50151  [INFO]: Using a cached neff at /home/ubuntu/neuron_cache_e2e/neuronxcc-2.23.6484.0+3b612583/MODULE_11729072656154999563+e30acd3a/model.neff
2026-09-09 08:44:48.000629:  50158  [INFO]: Using a cached neff at /home/ubuntu/neuron_cache_e2e/neuronxcc-2.23.6484.0+3b612583/MODULE_11729072656154999563+e30acd3a/model.neff
2026-09-09 08:44:48.000629:  50139  [INFO]: Using a cached neff at /home/ubuntu/neuron_cache_e2e/neuronxcc-2.23.6484.0+3b612583/MODULE_11729072656154999563+e30acd3a/model.neff
2026-09-09 08:44:48.000629:  50149  [INFO]: Using a cached neff at /home/ubuntu/neuron_cache_e2e/neuronxcc-2.23.6484.0+3b612583/MODULE_11729072656154999563+e30acd3a/model.neff
2026-09-09 08:44:48.000630:  50163  [INFO]: Using a cached neff at /home/ubuntu/neuron_cache_e2e/neuronxcc-2.23.6484.0+3b612583/MODULE_11729072656154999563+e30acd3a/model.neff
2026-09-09 08:44:48.000630:  50154  [INFO]: Using a cached neff at /home/ubuntu/neuron_cache_e2e/neuronxcc-2.23.6484.0+3b612583/MODULE_11729072656154999563+e30acd3a/model.neff
2026-09-09 08:44:48.000631:  50168  [INFO]: Using a cached neff at /home/ubuntu/neuron_cache_e2e/neuronxcc-2.23.6484.0+3b612583/MODULE_11729072656154999563+e30acd3a/model.neff
2026-09-09 08:44:48.000632:  50162  [INFO]: Using a cached neff at /home/ubuntu/neuron_cache_e2e/neuronxcc-2.23.6484.0+3b612583/MODULE_11729072656154999563+e30acd3a/model.neff
2026-09-09 08:44:48.000632:  50159  [INFO]: Using a cached neff at /home/ubuntu/neuron_cache_e2e/neuronxcc-2.23.6484.0+3b612583/MODULE_11729072656154999563+e30acd3a/model.neff
2026-09-09 08:44:48.000633:  50150  [INFO]: Using a cached neff at /home/ubuntu/neuron_cache_e2e/neuronxcc-2.23.6484.0+3b612583/MODULE_11729072656154999563+e30acd3a/model.neff
2026-09-09 08:44:48.000634:  50157  [INFO]: Using a cached neff at /home/ubuntu/neuron_cache_e2e/neuronxcc-2.23.6484.0+3b612583/MODULE_11729072656154999563+e30acd3a/model.neff
2026-09-09 08:44:48.000635:  50165  [INFO]: Using a cached neff at /home/ubuntu/neuron_cache_e2e/neuronxcc-2.23.6484.0+3b612583/MODULE_11729072656154999563+e30acd3a/model.neff
/home/ubuntu/train_llama10b_tp_families.py:471: DeprecationWarning: Use torch_xla.sync instead
  xm.mark_step()
/home/ubuntu/train_llama10b_tp_families.py:471: DeprecationWarning: Use torch_xla.sync instead
  xm.mark_step()
/home/ubuntu/train_llama10b_tp_families.py:471: DeprecationWarning: Use torch_xla.sync instead
  xm.mark_step()
2026-09-09 08:44:48.000636:  50164  [INFO]: Using a cached neff at /home/ubuntu/neuron_cache_e2e/neuronxcc-2.23.6484.0+3b612583/MODULE_11729072656154999563+e30acd3a/model.neff
2026-09-09 08:44:48.000636:  50161  [INFO]: Using a cached neff at /home/ubuntu/neuron_cache_e2e/neuronxcc-2.23.6484.0+3b612583/MODULE_11729072656154999563+e30acd3a/model.neff
/home/ubuntu/train_llama10b_tp_families.py:471: DeprecationWarning: Use torch_xla.sync instead
  xm.mark_step()
/home/ubuntu/train_llama10b_tp_families.py:471: DeprecationWarning: Use torch_xla.sync instead
  xm.mark_step()
/home/ubuntu/train_llama10b_tp_families.py:471: DeprecationWarning: Use torch_xla.sync instead
  xm.mark_step()
/home/ubuntu/train_llama10b_tp_families.py:471: DeprecationWarning: Use torch_xla.sync instead
  xm.mark_step()
/home/ubuntu/train_llama10b_tp_families.py:471: DeprecationWarning: Use torch_xla.sync instead
  xm.mark_step()
2026-09-09 08:44:48.000638:  50142  [INFO]: Using a cached neff at /home/ubuntu/neuron_cache_e2e/neuronxcc-2.23.6484.0+3b612583/MODULE_11729072656154999563+e30acd3a/model.neff
2026-09-09 08:44:48.000638:  50147  [INFO]: Using a cached neff at /home/ubuntu/neuron_cache_e2e/neuronxcc-2.23.6484.0+3b612583/MODULE_11729072656154999563+e30acd3a/model.neff
/home/ubuntu/train_llama10b_tp_families.py:471: DeprecationWarning: Use torch_xla.sync instead
  xm.mark_step()
2026-09-09 08:44:48.000638:  50167  [INFO]: Using a cached neff at /home/ubuntu/neuron_cache_e2e/neuronxcc-2.23.6484.0+3b612583/MODULE_11729072656154999563+e30acd3a/model.neff
/home/ubuntu/train_llama10b_tp_families.py:471: DeprecationWarning: Use torch_xla.sync instead
  xm.mark_step()
2026-09-09 08:44:48.000639:  50144  [INFO]: Using a cached neff at /home/ubuntu/neuron_cache_e2e/neuronxcc-2.23.6484.0+3b612583/MODULE_11729072656154999563+e30acd3a/model.neff
2026-09-09 08:44:48.000639:  50166  [INFO]: Using a cached neff at /home/ubuntu/neuron_cache_e2e/neuronxcc-2.23.6484.0+3b612583/MODULE_11729072656154999563+e30acd3a/model.neff
2026-09-09 08:44:48.000639:  50169  [INFO]: Using a cached neff at /home/ubuntu/neuron_cache_e2e/neuronxcc-2.23.6484.0+3b612583/MODULE_11729072656154999563+e30acd3a/model.neff
/home/ubuntu/train_llama10b_tp_families.py:471: DeprecationWarning: Use torch_xla.sync instead
  xm.mark_step()
/home/ubuntu/train_llama10b_tp_families.py:471: DeprecationWarning: Use torch_xla.sync instead
  xm.mark_step()
/home/ubuntu/train_llama10b_tp_families.py:471: DeprecationWarning: Use torch_xla.sync instead
  xm.mark_step()
2026-09-09 08:44:48.000641:  50148  [INFO]: Using a cached neff at /home/ubuntu/neuron_cache_e2e/neuronxcc-2.23.6484.0+3b612583/MODULE_11729072656154999563+e30acd3a/model.neff
2026-09-09 08:44:48.000642:  50153  [INFO]: Using a cached neff at /home/ubuntu/neuron_cache_e2e/neuronxcc-2.23.6484.0+3b612583/MODULE_11729072656154999563+e30acd3a/model.neff
2026-09-09 08:44:48.000642:  50160  [INFO]: Using a cached neff at /home/ubuntu/neuron_cache_e2e/neuronxcc-2.23.6484.0+3b612583/MODULE_11729072656154999563+e30acd3a/model.neff
2026-09-09 08:44:48.000642:  50145  [INFO]: Using a cached neff at /home/ubuntu/neuron_cache_e2e/neuronxcc-2.23.6484.0+3b612583/MODULE_11729072656154999563+e30acd3a/model.neff
/home/ubuntu/train_llama10b_tp_families.py:471: DeprecationWarning: Use torch_xla.sync instead
  xm.mark_step()
/home/ubuntu/train_llama10b_tp_families.py:471: DeprecationWarning: Use torch_xla.sync instead
  xm.mark_step()
/home/ubuntu/train_llama10b_tp_families.py:471: DeprecationWarning: Use torch_xla.sync instead
  xm.mark_step()
2026-09-09 08:44:48.000643:  50170  [INFO]: Using a cached neff at /home/ubuntu/neuron_cache_e2e/neuronxcc-2.23.6484.0+3b612583/MODULE_11729072656154999563+e30acd3a/model.neff
2026-09-09 08:44:48.000643:  50141  [INFO]: Using a cached neff at /home/ubuntu/neuron_cache_e2e/neuronxcc-2.23.6484.0+3b612583/MODULE_323656846986923474+e30acd3a/model.neff
2026-09-09 08:44:48.000643:  50152  [INFO]: Using a cached neff at /home/ubuntu/neuron_cache_e2e/neuronxcc-2.23.6484.0+3b612583/MODULE_11729072656154999563+e30acd3a/model.neff
/home/ubuntu/train_llama10b_tp_families.py:471: DeprecationWarning: Use torch_xla.sync instead
  xm.mark_step()
2026-09-09 08:44:48.000644:  50155  [INFO]: Using a cached neff at /home/ubuntu/neuron_cache_e2e/neuronxcc-2.23.6484.0+3b612583/MODULE_11729072656154999563+e30acd3a/model.neff
2026-09-09 08:44:48.000644:  50143  [INFO]: Using a cached neff at /home/ubuntu/neuron_cache_e2e/neuronxcc-2.23.6484.0+3b612583/MODULE_11729072656154999563+e30acd3a/model.neff
2026-09-09 08:44:48.000644:  50146  [INFO]: Using a cached neff at /home/ubuntu/neuron_cache_e2e/neuronxcc-2.23.6484.0+3b612583/MODULE_323656846986923474+e30acd3a/model.neff
2026-09-09 08:44:48.000644:  50156  [INFO]: Using a cached neff at /home/ubuntu/neuron_cache_e2e/neuronxcc-2.23.6484.0+3b612583/MODULE_11729072656154999563+e30acd3a/model.neff
2026-09-09 08:44:48.000645:  50158  [INFO]: Using a cached neff at /home/ubuntu/neuron_cache_e2e/neuronxcc-2.23.6484.0+3b612583/MODULE_323656846986923474+e30acd3a/model.neff
2026-09-09 08:44:48.000645:  50163  [INFO]: Using a cached neff at /home/ubuntu/neuron_cache_e2e/neuronxcc-2.23.6484.0+3b612583/MODULE_323656846986923474+e30acd3a/model.neff
/home/ubuntu/train_llama10b_tp_families.py:471: DeprecationWarning: Use torch_xla.sync instead
  xm.mark_step()
2026-09-09 08:44:48.000646:  50140  [INFO]: Using a cached neff at /home/ubuntu/neuron_cache_e2e/neuronxcc-2.23.6484.0+3b612583/MODULE_323656846986923474+e30acd3a/model.neff
2026-09-09 08:44:48.000646:  50151  [INFO]: Using a cached neff at /home/ubuntu/neuron_cache_e2e/neuronxcc-2.23.6484.0+3b612583/MODULE_323656846986923474+e30acd3a/model.neff
/home/ubuntu/train_llama10b_tp_families.py:471: DeprecationWarning: Use torch_xla.sync instead
  xm.mark_step()
/home/ubuntu/train_llama10b_tp_families.py:471: DeprecationWarning: Use torch_xla.sync instead
  xm.mark_step()
/home/ubuntu/train_llama10b_tp_families.py:471: DeprecationWarning: Use torch_xla.sync instead
  xm.mark_step()
2026-09-09 08:44:48.000647:  50149  [INFO]: Using a cached neff at /home/ubuntu/neuron_cache_e2e/neuronxcc-2.23.6484.0+3b612583/MODULE_323656846986923474+e30acd3a/model.neff
/home/ubuntu/train_llama10b_tp_families.py:471: DeprecationWarning: Use torch_xla.sync instead
  xm.mark_step()
/home/ubuntu/train_llama10b_tp_families.py:471: DeprecationWarning: Use torch_xla.sync instead
  xm.mark_step()
2026-09-09 08:44:48.000647:  50139  [INFO]: Using a cached neff at /home/ubuntu/neuron_cache_e2e/neuronxcc-2.23.6484.0+3b612583/MODULE_323656846986923474+e30acd3a/model.neff
2026-09-09 08:44:48.000648:  50150  [INFO]: Using a cached neff at /home/ubuntu/neuron_cache_e2e/neuronxcc-2.23.6484.0+3b612583/MODULE_323656846986923474+e30acd3a/model.neff
2026-09-09 08:44:48.000649:  50157  [INFO]: Using a cached neff at /home/ubuntu/neuron_cache_e2e/neuronxcc-2.23.6484.0+3b612583/MODULE_323656846986923474+e30acd3a/model.neff
2026-09-09 08:44:48.000649:  50168  [INFO]: Using a cached neff at /home/ubuntu/neuron_cache_e2e/neuronxcc-2.23.6484.0+3b612583/MODULE_323656846986923474+e30acd3a/model.neff
/home/ubuntu/train_llama10b_tp_families.py:471: DeprecationWarning: Use torch_xla.sync instead
  xm.mark_step()
/home/ubuntu/train_llama10b_tp_families.py:471: DeprecationWarning: Use torch_xla.sync instead
  xm.mark_step()
2026-09-09 08:44:48.000650:  50162  [INFO]: Using a cached neff at /home/ubuntu/neuron_cache_e2e/neuronxcc-2.23.6484.0+3b612583/MODULE_323656846986923474+e30acd3a/model.neff
/home/ubuntu/train_llama10b_tp_families.py:471: DeprecationWarning: Use torch_xla.sync instead
  xm.mark_step()
2026-09-09 08:44:48.000650:  50159  [INFO]: Using a cached neff at /home/ubuntu/neuron_cache_e2e/neuronxcc-2.23.6484.0+3b612583/MODULE_323656846986923474+e30acd3a/model.neff
/home/ubuntu/train_llama10b_tp_families.py:471: DeprecationWarning: Use torch_xla.sync instead
  xm.mark_step()
/home/ubuntu/train_llama10b_tp_families.py:471: DeprecationWarning: Use torch_xla.sync instead
  xm.mark_step()
2026-09-09 08:44:48.000650:  50164  [INFO]: Using a cached neff at /home/ubuntu/neuron_cache_e2e/neuronxcc-2.23.6484.0+3b612583/MODULE_323656846986923474+e30acd3a/model.neff
/home/ubuntu/train_llama10b_tp_families.py:471: DeprecationWarning: Use torch_xla.sync instead
  xm.mark_step()
2026-09-09 08:44:48.000651:  50154  [INFO]: Using a cached neff at /home/ubuntu/neuron_cache_e2e/neuronxcc-2.23.6484.0+3b612583/MODULE_323656846986923474+e30acd3a/model.neff
2026-09-09 08:44:48.000651:  50161  [INFO]: Using a cached neff at /home/ubuntu/neuron_cache_e2e/neuronxcc-2.23.6484.0+3b612583/MODULE_323656846986923474+e30acd3a/model.neff
2026-09-09 08:44:48.000651:  50165  [INFO]: Using a cached neff at /home/ubuntu/neuron_cache_e2e/neuronxcc-2.23.6484.0+3b612583/MODULE_323656846986923474+e30acd3a/model.neff
/home/ubuntu/train_llama10b_tp_families.py:471: DeprecationWarning: Use torch_xla.sync instead
  xm.mark_step()
2026-09-09 08:44:48.000652:  50147  [INFO]: Using a cached neff at /home/ubuntu/neuron_cache_e2e/neuronxcc-2.23.6484.0+3b612583/MODULE_323656846986923474+e30acd3a/model.neff
2026-09-09 08:44:48.000653:  50166  [INFO]: Using a cached neff at /home/ubuntu/neuron_cache_e2e/neuronxcc-2.23.6484.0+3b612583/MODULE_323656846986923474+e30acd3a/model.neff
2026-09-09 08:44:48.000653:  50144  [INFO]: Using a cached neff at /home/ubuntu/neuron_cache_e2e/neuronxcc-2.23.6484.0+3b612583/MODULE_323656846986923474+e30acd3a/model.neff
/home/ubuntu/train_llama10b_tp_families.py:471: DeprecationWarning: Use torch_xla.sync instead
  xm.mark_step()
2026-09-09 08:44:48.000654:  50142  [INFO]: Using a cached neff at /home/ubuntu/neuron_cache_e2e/neuronxcc-2.23.6484.0+3b612583/MODULE_323656846986923474+e30acd3a/model.neff
/home/ubuntu/train_llama10b_tp_families.py:471: DeprecationWarning: Use torch_xla.sync instead
  xm.mark_step()
2026-09-09 08:44:48.000654:  50167  [INFO]: Using a cached neff at /home/ubuntu/neuron_cache_e2e/neuronxcc-2.23.6484.0+3b612583/MODULE_323656846986923474+e30acd3a/model.neff
2026-09-09 08:44:48.000655:  50169  [INFO]: Using a cached neff at /home/ubuntu/neuron_cache_e2e/neuronxcc-2.23.6484.0+3b612583/MODULE_323656846986923474+e30acd3a/model.neff
2026-09-09 08:44:48.000657:  50148  [INFO]: Using a cached neff at /home/ubuntu/neuron_cache_e2e/neuronxcc-2.23.6484.0+3b612583/MODULE_323656846986923474+e30acd3a/model.neff
2026-09-09 08:44:48.000657:  50170  [INFO]: Using a cached neff at /home/ubuntu/neuron_cache_e2e/neuronxcc-2.23.6484.0+3b612583/MODULE_323656846986923474+e30acd3a/model.neff
2026-09-09 08:44:48.000657:  50160  [INFO]: Using a cached neff at /home/ubuntu/neuron_cache_e2e/neuronxcc-2.23.6484.0+3b612583/MODULE_323656846986923474+e30acd3a/model.neff
2026-09-09 08:44:48.000658:  50152  [INFO]: Using a cached neff at /home/ubuntu/neuron_cache_e2e/neuronxcc-2.23.6484.0+3b612583/MODULE_323656846986923474+e30acd3a/model.neff
2026-09-09 08:44:48.000658:  50145  [INFO]: Using a cached neff at /home/ubuntu/neuron_cache_e2e/neuronxcc-2.23.6484.0+3b612583/MODULE_323656846986923474+e30acd3a/model.neff
2026-09-09 08:44:48.000658:  50153  [INFO]: Using a cached neff at /home/ubuntu/neuron_cache_e2e/neuronxcc-2.23.6484.0+3b612583/MODULE_323656846986923474+e30acd3a/model.neff
2026-09-09 08:44:48.000659:  50155  [INFO]: Using a cached neff at /home/ubuntu/neuron_cache_e2e/neuronxcc-2.23.6484.0+3b612583/MODULE_323656846986923474+e30acd3a/model.neff
2026-09-09 08:44:48.000662:  50143  [INFO]: Using a cached neff at /home/ubuntu/neuron_cache_e2e/neuronxcc-2.23.6484.0+3b612583/MODULE_323656846986923474+e30acd3a/model.neff
2026-09-09 08:44:48.000663:  50156  [INFO]: Using a cached neff at /home/ubuntu/neuron_cache_e2e/neuronxcc-2.23.6484.0+3b612583/MODULE_323656846986923474+e30acd3a/model.neff
/home/ubuntu/train_llama10b_tp_families.py:480: DeprecationWarning: Use torch_xla.sync instead
  xm.mark_step()
/home/ubuntu/train_llama10b_tp_families.py:480: DeprecationWarning: Use torch_xla.sync instead
  xm.mark_step()
/home/ubuntu/train_llama10b_tp_families.py:480: DeprecationWarning: Use torch_xla.sync instead
  xm.mark_step()
/home/ubuntu/train_llama10b_tp_families.py:480: DeprecationWarning: Use torch_xla.sync instead
  xm.mark_step()
/home/ubuntu/train_llama10b_tp_families.py:480: DeprecationWarning: Use torch_xla.sync instead
  xm.mark_step()
/home/ubuntu/train_llama10b_tp_families.py:480: DeprecationWarning: Use torch_xla.sync instead
  xm.mark_step()
/home/ubuntu/train_llama10b_tp_families.py:480: DeprecationWarning: Use torch_xla.sync instead
  xm.mark_step()
/home/ubuntu/train_llama10b_tp_families.py:480: DeprecationWarning: Use torch_xla.sync instead
  xm.mark_step()
/home/ubuntu/train_llama10b_tp_families.py:480: DeprecationWarning: Use torch_xla.sync instead
  xm.mark_step()
/home/ubuntu/train_llama10b_tp_families.py:480: DeprecationWarning: Use torch_xla.sync instead
  xm.mark_step()
/home/ubuntu/train_llama10b_tp_families.py:480: DeprecationWarning: Use torch_xla.sync instead
  xm.mark_step()
/home/ubuntu/train_llama10b_tp_families.py:480: DeprecationWarning: Use torch_xla.sync instead
  xm.mark_step()
/home/ubuntu/train_llama10b_tp_families.py:480: DeprecationWarning: Use torch_xla.sync instead
  xm.mark_step()
/home/ubuntu/train_llama10b_tp_families.py:480: DeprecationWarning: Use torch_xla.sync instead
  xm.mark_step()
/home/ubuntu/train_llama10b_tp_families.py:480: DeprecationWarning: Use torch_xla.sync instead
  xm.mark_step()
/home/ubuntu/train_llama10b_tp_families.py:480: DeprecationWarning: Use torch_xla.sync instead
  xm.mark_step()
/home/ubuntu/train_llama10b_tp_families.py:480: DeprecationWarning: Use torch_xla.sync instead
  xm.mark_step()
/home/ubuntu/train_llama10b_tp_families.py:480: DeprecationWarning: Use torch_xla.sync instead
  xm.mark_step()
/home/ubuntu/train_llama10b_tp_families.py:480: DeprecationWarning: Use torch_xla.sync instead
  xm.mark_step()
/home/ubuntu/train_llama10b_tp_families.py:480: DeprecationWarning: Use torch_xla.sync instead
  xm.mark_step()
/home/ubuntu/train_llama10b_tp_families.py:480: DeprecationWarning: Use torch_xla.sync instead
  xm.mark_step()
/home/ubuntu/train_llama10b_tp_families.py:480: DeprecationWarning: Use torch_xla.sync instead
  xm.mark_step()
/home/ubuntu/train_llama10b_tp_families.py:480: DeprecationWarning: Use torch_xla.sync instead
  xm.mark_step()
/home/ubuntu/train_llama10b_tp_families.py:480: DeprecationWarning: Use torch_xla.sync instead
  xm.mark_step()
/home/ubuntu/train_llama10b_tp_families.py:480: DeprecationWarning: Use torch_xla.sync instead
  xm.mark_step()
/home/ubuntu/train_llama10b_tp_families.py:480: DeprecationWarning: Use torch_xla.sync instead
  xm.mark_step()
/home/ubuntu/train_llama10b_tp_families.py:480: DeprecationWarning: Use torch_xla.sync instead
  xm.mark_step()
/home/ubuntu/train_llama10b_tp_families.py:480: DeprecationWarning: Use torch_xla.sync instead
  xm.mark_step()
/home/ubuntu/train_llama10b_tp_families.py:480: DeprecationWarning: Use torch_xla.sync instead
  xm.mark_step()
/home/ubuntu/train_llama10b_tp_families.py:480: DeprecationWarning: Use torch_xla.sync instead
  xm.mark_step()
/home/ubuntu/train_llama10b_tp_families.py:480: DeprecationWarning: Use torch_xla.sync instead
  xm.mark_step()
/home/ubuntu/train_llama10b_tp_families.py:480: DeprecationWarning: Use torch_xla.sync instead
  xm.mark_step()
2026-09-09 08:44:49.000098:  50150  [INFO]: Using a cached neff at /home/ubuntu/neuron_cache_e2e/neuronxcc-2.23.6484.0+3b612583/MODULE_1218059730503027940+e30acd3a/model.neff
2026-09-09 08:44:49.000110:  50149  [INFO]: Using a cached neff at /home/ubuntu/neuron_cache_e2e/neuronxcc-2.23.6484.0+3b612583/MODULE_1218059730503027940+e30acd3a/model.neff
2026-09-09 08:44:49.000122:  50151  [INFO]: Using a cached neff at /home/ubuntu/neuron_cache_e2e/neuronxcc-2.23.6484.0+3b612583/MODULE_1218059730503027940+e30acd3a/model.neff
2026-09-09 08:44:49.000143:  50157  [INFO]: Using a cached neff at /home/ubuntu/neuron_cache_e2e/neuronxcc-2.23.6484.0+3b612583/MODULE_1218059730503027940+e30acd3a/model.neff
2026-09-09 08:44:49.000145:  50161  [INFO]: Using a cached neff at /home/ubuntu/neuron_cache_e2e/neuronxcc-2.23.6484.0+3b612583/MODULE_1218059730503027940+e30acd3a/model.neff
2026-09-09 08:44:49.000148:  50169  [INFO]: Using a cached neff at /home/ubuntu/neuron_cache_e2e/neuronxcc-2.23.6484.0+3b612583/MODULE_1218059730503027940+e30acd3a/model.neff
2026-09-09 08:44:49.000151:  50163  [INFO]: Using a cached neff at /home/ubuntu/neuron_cache_e2e/neuronxcc-2.23.6484.0+3b612583/MODULE_1218059730503027940+e30acd3a/model.neff
2026-09-09 08:44:49.000155:  50141  [INFO]: Using a cached neff at /home/ubuntu/neuron_cache_e2e/neuronxcc-2.23.6484.0+3b612583/MODULE_1218059730503027940+e30acd3a/model.neff
2026-09-09 08:44:49.000163:  50140  [INFO]: Using a cached neff at /home/ubuntu/neuron_cache_e2e/neuronxcc-2.23.6484.0+3b612583/MODULE_1218059730503027940+e30acd3a/model.neff
2026-09-09 08:44:49.000176:  50159  [INFO]: Using a cached neff at /home/ubuntu/neuron_cache_e2e/neuronxcc-2.23.6484.0+3b612583/MODULE_1218059730503027940+e30acd3a/model.neff
2026-09-09 08:44:49.000181:  50144  [INFO]: Using a cached neff at /home/ubuntu/neuron_cache_e2e/neuronxcc-2.23.6484.0+3b612583/MODULE_1218059730503027940+e30acd3a/model.neff
2026-09-09 08:44:49.000182:  50154  [INFO]: Using a cached neff at /home/ubuntu/neuron_cache_e2e/neuronxcc-2.23.6484.0+3b612583/MODULE_1218059730503027940+e30acd3a/model.neff
2026-09-09 08:44:49.000185:  50166  [INFO]: Using a cached neff at /home/ubuntu/neuron_cache_e2e/neuronxcc-2.23.6484.0+3b612583/MODULE_1218059730503027940+e30acd3a/model.neff
2026-09-09 08:44:49.000190:  50155  [INFO]: Using a cached neff at /home/ubuntu/neuron_cache_e2e/neuronxcc-2.23.6484.0+3b612583/MODULE_1218059730503027940+e30acd3a/model.neff
2026-09-09 08:44:49.000192:  50158  [INFO]: Using a cached neff at /home/ubuntu/neuron_cache_e2e/neuronxcc-2.23.6484.0+3b612583/MODULE_1218059730503027940+e30acd3a/model.neff
2026-09-09 08:44:49.000198:  50152  [INFO]: Using a cached neff at /home/ubuntu/neuron_cache_e2e/neuronxcc-2.23.6484.0+3b612583/MODULE_1218059730503027940+e30acd3a/model.neff
2026-09-09 08:44:49.000206:  50147  [INFO]: Using a cached neff at /home/ubuntu/neuron_cache_e2e/neuronxcc-2.23.6484.0+3b612583/MODULE_1218059730503027940+e30acd3a/model.neff
2026-09-09 08:44:49.000209:  50167  [INFO]: Using a cached neff at /home/ubuntu/neuron_cache_e2e/neuronxcc-2.23.6484.0+3b612583/MODULE_1218059730503027940+e30acd3a/model.neff
2026-09-09 08:44:49.000213:  50164  [INFO]: Using a cached neff at /home/ubuntu/neuron_cache_e2e/neuronxcc-2.23.6484.0+3b612583/MODULE_1218059730503027940+e30acd3a/model.neff
2026-09-09 08:44:49.000220:  50170  [INFO]: Using a cached neff at /home/ubuntu/neuron_cache_e2e/neuronxcc-2.23.6484.0+3b612583/MODULE_1218059730503027940+e30acd3a/model.neff
2026-09-09 08:44:49.000225:  50162  [INFO]: Using a cached neff at /home/ubuntu/neuron_cache_e2e/neuronxcc-2.23.6484.0+3b612583/MODULE_1218059730503027940+e30acd3a/model.neff
2026-09-09 08:44:49.000231:  50143  [INFO]: Using a cached neff at /home/ubuntu/neuron_cache_e2e/neuronxcc-2.23.6484.0+3b612583/MODULE_1218059730503027940+e30acd3a/model.neff
2026-09-09 08:44:49.000232:  50168  [INFO]: Using a cached neff at /home/ubuntu/neuron_cache_e2e/neuronxcc-2.23.6484.0+3b612583/MODULE_1218059730503027940+e30acd3a/model.neff
2026-09-09 08:44:49.000235:  50160  [INFO]: Using a cached neff at /home/ubuntu/neuron_cache_e2e/neuronxcc-2.23.6484.0+3b612583/MODULE_1218059730503027940+e30acd3a/model.neff
2026-09-09 08:44:49.000240:  50139  [INFO]: Using a cached neff at /home/ubuntu/neuron_cache_e2e/neuronxcc-2.23.6484.0+3b612583/MODULE_1218059730503027940+e30acd3a/model.neff
2026-09-09 08:44:49.000241:  50165  [INFO]: Using a cached neff at /home/ubuntu/neuron_cache_e2e/neuronxcc-2.23.6484.0+3b612583/MODULE_1218059730503027940+e30acd3a/model.neff
2026-09-09 08:44:49.000243:  50146  [INFO]: Using a cached neff at /home/ubuntu/neuron_cache_e2e/neuronxcc-2.23.6484.0+3b612583/MODULE_1218059730503027940+e30acd3a/model.neff
2026-09-09 08:44:49.000244:  50142  [INFO]: Using a cached neff at /home/ubuntu/neuron_cache_e2e/neuronxcc-2.23.6484.0+3b612583/MODULE_1218059730503027940+e30acd3a/model.neff
2026-09-09 08:44:49.000250:  50153  [INFO]: Using a cached neff at /home/ubuntu/neuron_cache_e2e/neuronxcc-2.23.6484.0+3b612583/MODULE_1218059730503027940+e30acd3a/model.neff
2026-09-09 08:44:49.000252:  50145  [INFO]: Using a cached neff at /home/ubuntu/neuron_cache_e2e/neuronxcc-2.23.6484.0+3b612583/MODULE_1218059730503027940+e30acd3a/model.neff
2026-09-09 08:44:49.000263:  50156  [INFO]: Using a cached neff at /home/ubuntu/neuron_cache_e2e/neuronxcc-2.23.6484.0+3b612583/MODULE_1218059730503027940+e30acd3a/model.neff
2026-09-09 08:44:49.000265:  50148  [INFO]: Using a cached neff at /home/ubuntu/neuron_cache_e2e/neuronxcc-2.23.6484.0+3b612583/MODULE_1218059730503027940+e30acd3a/model.neff
/home/ubuntu/train_llama10b_tp_families.py:486: DeprecationWarning: Use torch_xla.sync instead
  xm.mark_step()
2026-09-09 08:44:49.000417:  50150  [INFO]: Using a cached neff at /home/ubuntu/neuron_cache_e2e/neuronxcc-2.23.6484.0+3b612583/MODULE_9907504738751219654+e30acd3a/model.neff
/home/ubuntu/train_llama10b_tp_families.py:486: DeprecationWarning: Use torch_xla.sync instead
  xm.mark_step()
2026-09-09 08:44:49.000442:  50149  [INFO]: Using a cached neff at /home/ubuntu/neuron_cache_e2e/neuronxcc-2.23.6484.0+3b612583/MODULE_9907504738751219654+e30acd3a/model.neff
/home/ubuntu/train_llama10b_tp_families.py:486: DeprecationWarning: Use torch_xla.sync instead
  xm.mark_step()
2026-09-09 08:44:49.000458:  50161  [INFO]: Using a cached neff at /home/ubuntu/neuron_cache_e2e/neuronxcc-2.23.6484.0+3b612583/MODULE_9907504738751219654+e30acd3a/model.neff
/home/ubuntu/train_llama10b_tp_families.py:486: DeprecationWarning: Use torch_xla.sync instead
  xm.mark_step()
/home/ubuntu/train_llama10b_tp_families.py:486: DeprecationWarning: Use torch_xla.sync instead
  xm.mark_step()
/home/ubuntu/train_llama10b_tp_families.py:486: DeprecationWarning: Use torch_xla.sync instead
  xm.mark_step()
2026-09-09 08:44:49.000477:  50157  [INFO]: Using a cached neff at /home/ubuntu/neuron_cache_e2e/neuronxcc-2.23.6484.0+3b612583/MODULE_9907504738751219654+e30acd3a/model.neff
2026-09-09 08:44:49.000478:  50141  [INFO]: Using a cached neff at /home/ubuntu/neuron_cache_e2e/neuronxcc-2.23.6484.0+3b612583/MODULE_9907504738751219654+e30acd3a/model.neff
2026-09-09 08:44:49.000478:  50151  [INFO]: Using a cached neff at /home/ubuntu/neuron_cache_e2e/neuronxcc-2.23.6484.0+3b612583/MODULE_9907504738751219654+e30acd3a/model.neff
/home/ubuntu/train_llama10b_tp_families.py:486: DeprecationWarning: Use torch_xla.sync instead
  xm.mark_step()
/home/ubuntu/train_llama10b_tp_families.py:486: DeprecationWarning: Use torch_xla.sync instead
  xm.mark_step()
2026-09-09 08:44:49.000493:  50169  [INFO]: Using a cached neff at /home/ubuntu/neuron_cache_e2e/neuronxcc-2.23.6484.0+3b612583/MODULE_9907504738751219654+e30acd3a/model.neff
2026-09-09 08:44:49.000493:  50163  [INFO]: Using a cached neff at /home/ubuntu/neuron_cache_e2e/neuronxcc-2.23.6484.0+3b612583/MODULE_9907504738751219654+e30acd3a/model.neff
/home/ubuntu/train_llama10b_tp_families.py:486: DeprecationWarning: Use torch_xla.sync instead
  xm.mark_step()
/home/ubuntu/train_llama10b_tp_families.py:486: DeprecationWarning: Use torch_xla.sync instead
  xm.mark_step()
/home/ubuntu/train_llama10b_tp_families.py:486: DeprecationWarning: Use torch_xla.sync instead
  xm.mark_step()
/home/ubuntu/train_llama10b_tp_families.py:486: DeprecationWarning: Use torch_xla.sync instead
  xm.mark_step()
2026-09-09 08:44:49.000520:  50144  [INFO]: Using a cached neff at /home/ubuntu/neuron_cache_e2e/neuronxcc-2.23.6484.0+3b612583/MODULE_9907504738751219654+e30acd3a/model.neff
2026-09-09 08:44:49.000520:  50159  [INFO]: Using a cached neff at /home/ubuntu/neuron_cache_e2e/neuronxcc-2.23.6484.0+3b612583/MODULE_9907504738751219654+e30acd3a/model.neff
2026-09-09 08:44:49.000521:  50155  [INFO]: Using a cached neff at /home/ubuntu/neuron_cache_e2e/neuronxcc-2.23.6484.0+3b612583/MODULE_9907504738751219654+e30acd3a/model.neff
/home/ubuntu/train_llama10b_tp_families.py:486: DeprecationWarning: Use torch_xla.sync instead
  xm.mark_step()
/home/ubuntu/train_llama10b_tp_families.py:486: DeprecationWarning: Use torch_xla.sync instead
  xm.mark_step()
/home/ubuntu/train_llama10b_tp_families.py:486: DeprecationWarning: Use torch_xla.sync instead
  xm.mark_step()
/home/ubuntu/train_llama10b_tp_families.py:486: DeprecationWarning: Use torch_xla.sync instead
  xm.mark_step()
2026-09-09 08:44:49.000530:  50140  [INFO]: Using a cached neff at /home/ubuntu/neuron_cache_e2e/neuronxcc-2.23.6484.0+3b612583/MODULE_9907504738751219654+e30acd3a/model.neff
2026-09-09 08:44:49.000534:  50166  [INFO]: Using a cached neff at /home/ubuntu/neuron_cache_e2e/neuronxcc-2.23.6484.0+3b612583/MODULE_9907504738751219654+e30acd3a/model.neff
2026-09-09 08:44:49.000535:  50147  [INFO]: Using a cached neff at /home/ubuntu/neuron_cache_e2e/neuronxcc-2.23.6484.0+3b612583/MODULE_9907504738751219654+e30acd3a/model.neff
2026-09-09 08:44:49.000536:  50154  [INFO]: Using a cached neff at /home/ubuntu/neuron_cache_e2e/neuronxcc-2.23.6484.0+3b612583/MODULE_9907504738751219654+e30acd3a/model.neff
2026-09-09 08:44:49.000537:  50152  [INFO]: Using a cached neff at /home/ubuntu/neuron_cache_e2e/neuronxcc-2.23.6484.0+3b612583/MODULE_9907504738751219654+e30acd3a/model.neff
/home/ubuntu/train_llama10b_tp_families.py:486: DeprecationWarning: Use torch_xla.sync instead
  xm.mark_step()
/home/ubuntu/train_llama10b_tp_families.py:486: DeprecationWarning: Use torch_xla.sync instead
  xm.mark_step()
/home/ubuntu/train_llama10b_tp_families.py:486: DeprecationWarning: Use torch_xla.sync instead
  xm.mark_step()
/home/ubuntu/train_llama10b_tp_families.py:486: DeprecationWarning: Use torch_xla.sync instead
  xm.mark_step()
/home/ubuntu/train_llama10b_tp_families.py:486: DeprecationWarning: Use torch_xla.sync instead
  xm.mark_step()
/home/ubuntu/train_llama10b_tp_families.py:486: DeprecationWarning: Use torch_xla.sync instead
  xm.mark_step()
2026-09-09 08:44:49.000551:  50143  [INFO]: Using a cached neff at /home/ubuntu/neuron_cache_e2e/neuronxcc-2.23.6484.0+3b612583/MODULE_9907504738751219654+e30acd3a/model.neff
/home/ubuntu/train_llama10b_tp_families.py:486: DeprecationWarning: Use torch_xla.sync instead
  xm.mark_step()
2026-09-09 08:44:49.000553:  50167  [INFO]: Using a cached neff at /home/ubuntu/neuron_cache_e2e/neuronxcc-2.23.6484.0+3b612583/MODULE_9907504738751219654+e30acd3a/model.neff
2026-09-09 08:44:49.000553:  50145  [INFO]: Using a cached neff at /home/ubuntu/neuron_cache_e2e/neuronxcc-2.23.6484.0+3b612583/MODULE_9907504738751219654+e30acd3a/model.neff
/home/ubuntu/train_llama10b_tp_families.py:486: DeprecationWarning: Use torch_xla.sync instead
  xm.mark_step()
2026-09-09 08:44:49.000556:  50158  [INFO]: Using a cached neff at /home/ubuntu/neuron_cache_e2e/neuronxcc-2.23.6484.0+3b612583/MODULE_9907504738751219654+e30acd3a/model.neff
2026-09-09 08:44:49.000559:  50153  [INFO]: Using a cached neff at /home/ubuntu/neuron_cache_e2e/neuronxcc-2.23.6484.0+3b612583/MODULE_9907504738751219654+e30acd3a/model.neff
2026-09-09 08:44:49.000561:  50168  [INFO]: Using a cached neff at /home/ubuntu/neuron_cache_e2e/neuronxcc-2.23.6484.0+3b612583/MODULE_9907504738751219654+e30acd3a/model.neff
2026-09-09 08:44:49.000562:  50146  [INFO]: Using a cached neff at /home/ubuntu/neuron_cache_e2e/neuronxcc-2.23.6484.0+3b612583/MODULE_9907504738751219654+e30acd3a/model.neff
2026-09-09 08:44:49.000566:  50170  [INFO]: Using a cached neff at /home/ubuntu/neuron_cache_e2e/neuronxcc-2.23.6484.0+3b612583/MODULE_9907504738751219654+e30acd3a/model.neff
/home/ubuntu/train_llama10b_tp_families.py:486: DeprecationWarning: Use torch_xla.sync instead
  xm.mark_step()
/home/ubuntu/train_llama10b_tp_families.py:486: DeprecationWarning: Use torch_xla.sync instead
  xm.mark_step()
/home/ubuntu/train_llama10b_tp_families.py:486: DeprecationWarning: Use torch_xla.sync instead
  xm.mark_step()
/home/ubuntu/train_llama10b_tp_families.py:486: DeprecationWarning: Use torch_xla.sync instead
  xm.mark_step()
2026-09-09 08:44:49.000578:  50165  [INFO]: Using a cached neff at /home/ubuntu/neuron_cache_e2e/neuronxcc-2.23.6484.0+3b612583/MODULE_9907504738751219654+e30acd3a/model.neff
/home/ubuntu/train_llama10b_tp_families.py:486: DeprecationWarning: Use torch_xla.sync instead
  xm.mark_step()
2026-09-09 08:44:49.000581:  50142  [INFO]: Using a cached neff at /home/ubuntu/neuron_cache_e2e/neuronxcc-2.23.6484.0+3b612583/MODULE_9907504738751219654+e30acd3a/model.neff
2026-09-09 08:44:49.000581:  50162  [INFO]: Using a cached neff at /home/ubuntu/neuron_cache_e2e/neuronxcc-2.23.6484.0+3b612583/MODULE_9907504738751219654+e30acd3a/model.neff
2026-09-09 08:44:49.000586:  50164  [INFO]: Using a cached neff at /home/ubuntu/neuron_cache_e2e/neuronxcc-2.23.6484.0+3b612583/MODULE_9907504738751219654+e30acd3a/model.neff
2026-09-09 08:44:49.000589:  50160  [INFO]: Using a cached neff at /home/ubuntu/neuron_cache_e2e/neuronxcc-2.23.6484.0+3b612583/MODULE_9907504738751219654+e30acd3a/model.neff
/home/ubuntu/train_llama10b_tp_families.py:486: DeprecationWarning: Use torch_xla.sync instead
  xm.mark_step()
2026-09-09 08:44:49.000613:  50139  [INFO]: Using a cached neff at /home/ubuntu/neuron_cache_e2e/neuronxcc-2.23.6484.0+3b612583/MODULE_9907504738751219654+e30acd3a/model.neff
/home/ubuntu/train_llama10b_tp_families.py:486: DeprecationWarning: Use torch_xla.sync instead
  xm.mark_step()
2026-09-09 08:44:49.000640:  50156  [INFO]: Using a cached neff at /home/ubuntu/neuron_cache_e2e/neuronxcc-2.23.6484.0+3b612583/MODULE_9907504738751219654+e30acd3a/model.neff
/home/ubuntu/train_llama10b_tp_families.py:486: DeprecationWarning: Use torch_xla.sync instead
  xm.mark_step()
2026-09-09 08:44:49.000660:  50148  [INFO]: Using a cached neff at /home/ubuntu/neuron_cache_e2e/neuronxcc-2.23.6484.0+3b612583/MODULE_9907504738751219654+e30acd3a/model.neff
2026-09-09 08:44:51.000428:  50150  [INFO]: Using a cached neff at /home/ubuntu/neuron_cache_e2e/neuronxcc-2.23.6484.0+3b612583/MODULE_1499171137088151669+e30acd3a/model.neff
2026-09-09 08:44:51.000428:  50151  [INFO]: Using a cached neff at /home/ubuntu/neuron_cache_e2e/neuronxcc-2.23.6484.0+3b612583/MODULE_1499171137088151669+e30acd3a/model.neff
2026-09-09 08:44:51.000429:  50157  [INFO]: Using a cached neff at /home/ubuntu/neuron_cache_e2e/neuronxcc-2.23.6484.0+3b612583/MODULE_1499171137088151669+e30acd3a/model.neff
2026-09-09 08:44:51.000430:  50146  [INFO]: Using a cached neff at /home/ubuntu/neuron_cache_e2e/neuronxcc-2.23.6484.0+3b612583/MODULE_1499171137088151669+e30acd3a/model.neff
2026-09-09 08:44:51.000431:  50168  [INFO]: Using a cached neff at /home/ubuntu/neuron_cache_e2e/neuronxcc-2.23.6484.0+3b612583/MODULE_1499171137088151669+e30acd3a/model.neff
2026-09-09 08:44:51.000432:  50143  [INFO]: Using a cached neff at /home/ubuntu/neuron_cache_e2e/neuronxcc-2.23.6484.0+3b612583/MODULE_1499171137088151669+e30acd3a/model.neff
2026-09-09 08:44:51.000432:  50142  [INFO]: Using a cached neff at /home/ubuntu/neuron_cache_e2e/neuronxcc-2.23.6484.0+3b612583/MODULE_1499171137088151669+e30acd3a/model.neff
2026-09-09 08:44:51.000433:  50163  [INFO]: Using a cached neff at /home/ubuntu/neuron_cache_e2e/neuronxcc-2.23.6484.0+3b612583/MODULE_1499171137088151669+e30acd3a/model.neff
2026-09-09 08:44:51.000433:  50161  [INFO]: Using a cached neff at /home/ubuntu/neuron_cache_e2e/neuronxcc-2.23.6484.0+3b612583/MODULE_1499171137088151669+e30acd3a/model.neff
2026-09-09 08:44:51.000435:  50140  [INFO]: Using a cached neff at /home/ubuntu/neuron_cache_e2e/neuronxcc-2.23.6484.0+3b612583/MODULE_1499171137088151669+e30acd3a/model.neff
2026-09-09 08:44:51.000435:  50152  [INFO]: Using a cached neff at /home/ubuntu/neuron_cache_e2e/neuronxcc-2.23.6484.0+3b612583/MODULE_1499171137088151669+e30acd3a/model.neff
2026-09-09 08:44:51.000435:  50153  [INFO]: Using a cached neff at /home/ubuntu/neuron_cache_e2e/neuronxcc-2.23.6484.0+3b612583/MODULE_1499171137088151669+e30acd3a/model.neff
2026-09-09 08:44:51.000436:  50155  [INFO]: Using a cached neff at /home/ubuntu/neuron_cache_e2e/neuronxcc-2.23.6484.0+3b612583/MODULE_1499171137088151669+e30acd3a/model.neff
2026-09-09 08:44:51.000436:  50169  [INFO]: Using a cached neff at /home/ubuntu/neuron_cache_e2e/neuronxcc-2.23.6484.0+3b612583/MODULE_1499171137088151669+e30acd3a/model.neff
2026-09-09 08:44:51.000438:  50156  [INFO]: Using a cached neff at /home/ubuntu/neuron_cache_e2e/neuronxcc-2.23.6484.0+3b612583/MODULE_1499171137088151669+e30acd3a/model.neff
2026-09-09 08:44:51.000439:  50162  [INFO]: Using a cached neff at /home/ubuntu/neuron_cache_e2e/neuronxcc-2.23.6484.0+3b612583/MODULE_1499171137088151669+e30acd3a/model.neff
2026-09-09 08:44:51.000440:  50164  [INFO]: Using a cached neff at /home/ubuntu/neuron_cache_e2e/neuronxcc-2.23.6484.0+3b612583/MODULE_1499171137088151669+e30acd3a/model.neff
2026-09-09 08:44:51.000440:  50141  [INFO]: Using a cached neff at /home/ubuntu/neuron_cache_e2e/neuronxcc-2.23.6484.0+3b612583/MODULE_1499171137088151669+e30acd3a/model.neff
2026-09-09 08:44:51.000443:  50139  [INFO]: Using a cached neff at /home/ubuntu/neuron_cache_e2e/neuronxcc-2.23.6484.0+3b612583/MODULE_1499171137088151669+e30acd3a/model.neff
2026-09-09 08:44:51.000443:  50166  [INFO]: Using a cached neff at /home/ubuntu/neuron_cache_e2e/neuronxcc-2.23.6484.0+3b612583/MODULE_1499171137088151669+e30acd3a/model.neff
2026-09-09 08:44:51.000443:  50167  [INFO]: Using a cached neff at /home/ubuntu/neuron_cache_e2e/neuronxcc-2.23.6484.0+3b612583/MODULE_1499171137088151669+e30acd3a/model.neff
2026-09-09 08:44:51.000443:  50145  [INFO]: Using a cached neff at /home/ubuntu/neuron_cache_e2e/neuronxcc-2.23.6484.0+3b612583/MODULE_1499171137088151669+e30acd3a/model.neff
2026-09-09 08:44:51.000445:  50149  [INFO]: Using a cached neff at /home/ubuntu/neuron_cache_e2e/neuronxcc-2.23.6484.0+3b612583/MODULE_1499171137088151669+e30acd3a/model.neff
2026-09-09 08:44:51.000445:  50160  [INFO]: Using a cached neff at /home/ubuntu/neuron_cache_e2e/neuronxcc-2.23.6484.0+3b612583/MODULE_1499171137088151669+e30acd3a/model.neff
2026-09-09 08:44:51.000446:  50154  [INFO]: Using a cached neff at /home/ubuntu/neuron_cache_e2e/neuronxcc-2.23.6484.0+3b612583/MODULE_1499171137088151669+e30acd3a/model.neff
2026-09-09 08:44:51.000447:  50158  [INFO]: Using a cached neff at /home/ubuntu/neuron_cache_e2e/neuronxcc-2.23.6484.0+3b612583/MODULE_1499171137088151669+e30acd3a/model.neff
2026-09-09 08:44:51.000449:  50147  [INFO]: Using a cached neff at /home/ubuntu/neuron_cache_e2e/neuronxcc-2.23.6484.0+3b612583/MODULE_1499171137088151669+e30acd3a/model.neff
2026-09-09 08:44:51.000449:  50159  [INFO]: Using a cached neff at /home/ubuntu/neuron_cache_e2e/neuronxcc-2.23.6484.0+3b612583/MODULE_1499171137088151669+e30acd3a/model.neff
2026-09-09 08:44:51.000450:  50148  [INFO]: Using a cached neff at /home/ubuntu/neuron_cache_e2e/neuronxcc-2.23.6484.0+3b612583/MODULE_1499171137088151669+e30acd3a/model.neff
2026-09-09 08:44:51.000450:  50165  [INFO]: Using a cached neff at /home/ubuntu/neuron_cache_e2e/neuronxcc-2.23.6484.0+3b612583/MODULE_1499171137088151669+e30acd3a/model.neff
2026-09-09 08:44:51.000451:  50170  [INFO]: Using a cached neff at /home/ubuntu/neuron_cache_e2e/neuronxcc-2.23.6484.0+3b612583/MODULE_1499171137088151669+e30acd3a/model.neff
2026-09-09 08:44:51.000453:  50144  [INFO]: Using a cached neff at /home/ubuntu/neuron_cache_e2e/neuronxcc-2.23.6484.0+3b612583/MODULE_1499171137088151669+e30acd3a/model.neff
2026-09-09 08:44:51.000491:  50150  [INFO]: Using a cached neff at /home/ubuntu/neuron_cache_e2e/neuronxcc-2.23.6484.0+3b612583/MODULE_17648644002933114688+e30acd3a/model.neff
2026-09-09 08:44:51.000492:  50157  [INFO]: Using a cached neff at /home/ubuntu/neuron_cache_e2e/neuronxcc-2.23.6484.0+3b612583/MODULE_17648644002933114688+e30acd3a/model.neff
2026-09-09 08:44:51.000493:  50151  [INFO]: Using a cached neff at /home/ubuntu/neuron_cache_e2e/neuronxcc-2.23.6484.0+3b612583/MODULE_17648644002933114688+e30acd3a/model.neff
2026-09-09 08:44:51.000495:  50146  [INFO]: Using a cached neff at /home/ubuntu/neuron_cache_e2e/neuronxcc-2.23.6484.0+3b612583/MODULE_17648644002933114688+e30acd3a/model.neff
2026-09-09 08:44:51.000496:  50161  [INFO]: Using a cached neff at /home/ubuntu/neuron_cache_e2e/neuronxcc-2.23.6484.0+3b612583/MODULE_17648644002933114688+e30acd3a/model.neff
2026-09-09 08:44:51.000498:  50168  [INFO]: Using a cached neff at /home/ubuntu/neuron_cache_e2e/neuronxcc-2.23.6484.0+3b612583/MODULE_17648644002933114688+e30acd3a/model.neff
2026-09-09 08:44:51.000499:  50142  [INFO]: Using a cached neff at /home/ubuntu/neuron_cache_e2e/neuronxcc-2.23.6484.0+3b612583/MODULE_17648644002933114688+e30acd3a/model.neff
2026-09-09 08:44:51.000499:  50140  [INFO]: Using a cached neff at /home/ubuntu/neuron_cache_e2e/neuronxcc-2.23.6484.0+3b612583/MODULE_17648644002933114688+e30acd3a/model.neff
2026-09-09 08:44:51.000499:  50143  [INFO]: Using a cached neff at /home/ubuntu/neuron_cache_e2e/neuronxcc-2.23.6484.0+3b612583/MODULE_17648644002933114688+e30acd3a/model.neff
2026-09-09 08:44:51.000499:  50169  [INFO]: Using a cached neff at /home/ubuntu/neuron_cache_e2e/neuronxcc-2.23.6484.0+3b612583/MODULE_17648644002933114688+e30acd3a/model.neff
2026-09-09 08:44:51.000499:  50163  [INFO]: Using a cached neff at /home/ubuntu/neuron_cache_e2e/neuronxcc-2.23.6484.0+3b612583/MODULE_17648644002933114688+e30acd3a/model.neff
2026-09-09 08:44:51.000500:  50152  [INFO]: Using a cached neff at /home/ubuntu/neuron_cache_e2e/neuronxcc-2.23.6484.0+3b612583/MODULE_17648644002933114688+e30acd3a/model.neff
2026-09-09 08:44:51.000500:  50153  [INFO]: Using a cached neff at /home/ubuntu/neuron_cache_e2e/neuronxcc-2.23.6484.0+3b612583/MODULE_17648644002933114688+e30acd3a/model.neff
2026-09-09 08:44:51.000506:  50162  [INFO]: Using a cached neff at /home/ubuntu/neuron_cache_e2e/neuronxcc-2.23.6484.0+3b612583/MODULE_17648644002933114688+e30acd3a/model.neff
2026-09-09 08:44:51.000507:  50164  [INFO]: Using a cached neff at /home/ubuntu/neuron_cache_e2e/neuronxcc-2.23.6484.0+3b612583/MODULE_17648644002933114688+e30acd3a/model.neff
2026-09-09 08:44:51.000513:  50156  [INFO]: Using a cached neff at /home/ubuntu/neuron_cache_e2e/neuronxcc-2.23.6484.0+3b612583/MODULE_17648644002933114688+e30acd3a/model.neff
2026-09-09 08:44:51.000514:  50141  [INFO]: Using a cached neff at /home/ubuntu/neuron_cache_e2e/neuronxcc-2.23.6484.0+3b612583/MODULE_17648644002933114688+e30acd3a/model.neff
2026-09-09 08:44:51.000516:  50166  [INFO]: Using a cached neff at /home/ubuntu/neuron_cache_e2e/neuronxcc-2.23.6484.0+3b612583/MODULE_17648644002933114688+e30acd3a/model.neff
2026-09-09 08:44:51.000517:  50167  [INFO]: Using a cached neff at /home/ubuntu/neuron_cache_e2e/neuronxcc-2.23.6484.0+3b612583/MODULE_17648644002933114688+e30acd3a/model.neff
2026-09-09 08:44:51.000518:  50145  [INFO]: Using a cached neff at /home/ubuntu/neuron_cache_e2e/neuronxcc-2.23.6484.0+3b612583/MODULE_17648644002933114688+e30acd3a/model.neff
2026-09-09 08:44:51.000522:  50139  [INFO]: Using a cached neff at /home/ubuntu/neuron_cache_e2e/neuronxcc-2.23.6484.0+3b612583/MODULE_17648644002933114688+e30acd3a/model.neff
2026-09-09 08:44:51.000525:  50149  [INFO]: Using a cached neff at /home/ubuntu/neuron_cache_e2e/neuronxcc-2.23.6484.0+3b612583/MODULE_17648644002933114688+e30acd3a/model.neff
2026-09-09 08:44:51.000531:  50154  [INFO]: Using a cached neff at /home/ubuntu/neuron_cache_e2e/neuronxcc-2.23.6484.0+3b612583/MODULE_17648644002933114688+e30acd3a/model.neff
2026-09-09 08:44:51.000534:  50160  [INFO]: Using a cached neff at /home/ubuntu/neuron_cache_e2e/neuronxcc-2.23.6484.0+3b612583/MODULE_17648644002933114688+e30acd3a/model.neff
2026-09-09 08:44:51.000537:  50155  [INFO]: Using a cached neff at /home/ubuntu/neuron_cache_e2e/neuronxcc-2.23.6484.0+3b612583/MODULE_17648644002933114688+e30acd3a/model.neff
2026-09-09 08:44:51.000537:  50148  [INFO]: Using a cached neff at /home/ubuntu/neuron_cache_e2e/neuronxcc-2.23.6484.0+3b612583/MODULE_17648644002933114688+e30acd3a/model.neff
2026-09-09 08:44:51.000540:  50165  [INFO]: Using a cached neff at /home/ubuntu/neuron_cache_e2e/neuronxcc-2.23.6484.0+3b612583/MODULE_17648644002933114688+e30acd3a/model.neff
2026-09-09 08:44:51.000542:  50158  [INFO]: Using a cached neff at /home/ubuntu/neuron_cache_e2e/neuronxcc-2.23.6484.0+3b612583/MODULE_17648644002933114688+e30acd3a/model.neff
2026-09-09 08:44:51.000543:  50147  [INFO]: Using a cached neff at /home/ubuntu/neuron_cache_e2e/neuronxcc-2.23.6484.0+3b612583/MODULE_17648644002933114688+e30acd3a/model.neff
2026-09-09 08:44:51.000547:  50144  [INFO]: Using a cached neff at /home/ubuntu/neuron_cache_e2e/neuronxcc-2.23.6484.0+3b612583/MODULE_17648644002933114688+e30acd3a/model.neff
2026-09-09 08:44:51.000550:  50159  [INFO]: Using a cached neff at /home/ubuntu/neuron_cache_e2e/neuronxcc-2.23.6484.0+3b612583/MODULE_17648644002933114688+e30acd3a/model.neff
2026-09-09 08:44:51.000553:  50170  [INFO]: Using a cached neff at /home/ubuntu/neuron_cache_e2e/neuronxcc-2.23.6484.0+3b612583/MODULE_17648644002933114688+e30acd3a/model.neff
2026-09-09 08:44:51.000821:  50157  [INFO]: Using a cached neff at /home/ubuntu/neuron_cache_e2e/neuronxcc-2.23.6484.0+3b612583/MODULE_18195731349635810011+e30acd3a/model.neff
2026-09-09 08:44:51.000821:  50166  [INFO]: Using a cached neff at /home/ubuntu/neuron_cache_e2e/neuronxcc-2.23.6484.0+3b612583/MODULE_18195731349635810011+e30acd3a/model.neff
2026-09-09 08:44:51.000822:  50164  [INFO]: Using a cached neff at /home/ubuntu/neuron_cache_e2e/neuronxcc-2.23.6484.0+3b612583/MODULE_18195731349635810011+e30acd3a/model.neff
2026-09-09 08:44:51.000822:  50149  [INFO]: Using a cached neff at /home/ubuntu/neuron_cache_e2e/neuronxcc-2.23.6484.0+3b612583/MODULE_18195731349635810011+e30acd3a/model.neff
2026-09-09 08:44:51.000823:  50163  [INFO]: Using a cached neff at /home/ubuntu/neuron_cache_e2e/neuronxcc-2.23.6484.0+3b612583/MODULE_18195731349635810011+e30acd3a/model.neff
2026-09-09 08:44:51.000823:  50161  [INFO]: Using a cached neff at /home/ubuntu/neuron_cache_e2e/neuronxcc-2.23.6484.0+3b612583/MODULE_18195731349635810011+e30acd3a/model.neff
2026-09-09 08:44:51.000825:  50160  [INFO]: Using a cached neff at /home/ubuntu/neuron_cache_e2e/neuronxcc-2.23.6484.0+3b612583/MODULE_18195731349635810011+e30acd3a/model.neff
2026-09-09 08:44:51.000825:  50167  [INFO]: Using a cached neff at /home/ubuntu/neuron_cache_e2e/neuronxcc-2.23.6484.0+3b612583/MODULE_18195731349635810011+e30acd3a/model.neff
2026-09-09 08:44:51.000826:  50144  [INFO]: Using a cached neff at /home/ubuntu/neuron_cache_e2e/neuronxcc-2.23.6484.0+3b612583/MODULE_18195731349635810011+e30acd3a/model.neff
2026-09-09 08:44:51.000826:  50156  [INFO]: Using a cached neff at /home/ubuntu/neuron_cache_e2e/neuronxcc-2.23.6484.0+3b612583/MODULE_18195731349635810011+e30acd3a/model.neff
2026-09-09 08:44:51.000827:  50168  [INFO]: Using a cached neff at /home/ubuntu/neuron_cache_e2e/neuronxcc-2.23.6484.0+3b612583/MODULE_18195731349635810011+e30acd3a/model.neff
2026-09-09 08:44:51.000827:  50155  [INFO]: Using a cached neff at /home/ubuntu/neuron_cache_e2e/neuronxcc-2.23.6484.0+3b612583/MODULE_18195731349635810011+e30acd3a/model.neff
2026-09-09 08:44:51.000828:  50141  [INFO]: Using a cached neff at /home/ubuntu/neuron_cache_e2e/neuronxcc-2.23.6484.0+3b612583/MODULE_18195731349635810011+e30acd3a/model.neff
2026-09-09 08:44:51.000828:  50150  [INFO]: Using a cached neff at /home/ubuntu/neuron_cache_e2e/neuronxcc-2.23.6484.0+3b612583/MODULE_18195731349635810011+e30acd3a/model.neff
2026-09-09 08:44:51.000828:  50140  [INFO]: Using a cached neff at /home/ubuntu/neuron_cache_e2e/neuronxcc-2.23.6484.0+3b612583/MODULE_18195731349635810011+e30acd3a/model.neff
2026-09-09 08:44:51.000829:  50139  [INFO]: Using a cached neff at /home/ubuntu/neuron_cache_e2e/neuronxcc-2.23.6484.0+3b612583/MODULE_18195731349635810011+e30acd3a/model.neff
2026-09-09 08:44:51.000830:  50170  [INFO]: Using a cached neff at /home/ubuntu/neuron_cache_e2e/neuronxcc-2.23.6484.0+3b612583/MODULE_18195731349635810011+e30acd3a/model.neff
2026-09-09 08:44:51.000830:  50143  [INFO]: Using a cached neff at /home/ubuntu/neuron_cache_e2e/neuronxcc-2.23.6484.0+3b612583/MODULE_18195731349635810011+e30acd3a/model.neff
2026-09-09 08:44:51.000830:  50148  [INFO]: Using a cached neff at /home/ubuntu/neuron_cache_e2e/neuronxcc-2.23.6484.0+3b612583/MODULE_18195731349635810011+e30acd3a/model.neff
2026-09-09 08:44:51.000831:  50151  [INFO]: Using a cached neff at /home/ubuntu/neuron_cache_e2e/neuronxcc-2.23.6484.0+3b612583/MODULE_18195731349635810011+e30acd3a/model.neff
2026-09-09 08:44:51.000832:  50154  [INFO]: Using a cached neff at /home/ubuntu/neuron_cache_e2e/neuronxcc-2.23.6484.0+3b612583/MODULE_18195731349635810011+e30acd3a/model.neff
2026-09-09 08:44:51.000833:  50142  [INFO]: Using a cached neff at /home/ubuntu/neuron_cache_e2e/neuronxcc-2.23.6484.0+3b612583/MODULE_18195731349635810011+e30acd3a/model.neff
2026-09-09 08:44:51.000833:  50145  [INFO]: Using a cached neff at /home/ubuntu/neuron_cache_e2e/neuronxcc-2.23.6484.0+3b612583/MODULE_18195731349635810011+e30acd3a/model.neff
2026-09-09 08:44:51.000835:  50158  [INFO]: Using a cached neff at /home/ubuntu/neuron_cache_e2e/neuronxcc-2.23.6484.0+3b612583/MODULE_18195731349635810011+e30acd3a/model.neff
2026-09-09 08:44:51.000835:  50162  [INFO]: Using a cached neff at /home/ubuntu/neuron_cache_e2e/neuronxcc-2.23.6484.0+3b612583/MODULE_18195731349635810011+e30acd3a/model.neff
2026-09-09 08:44:51.000836:  50152  [INFO]: Using a cached neff at /home/ubuntu/neuron_cache_e2e/neuronxcc-2.23.6484.0+3b612583/MODULE_18195731349635810011+e30acd3a/model.neff
2026-09-09 08:44:51.000836:  50169  [INFO]: Using a cached neff at /home/ubuntu/neuron_cache_e2e/neuronxcc-2.23.6484.0+3b612583/MODULE_18195731349635810011+e30acd3a/model.neff
2026-09-09 08:44:51.000837:  50146  [INFO]: Using a cached neff at /home/ubuntu/neuron_cache_e2e/neuronxcc-2.23.6484.0+3b612583/MODULE_18195731349635810011+e30acd3a/model.neff
2026-09-09 08:44:51.000838:  50153  [INFO]: Using a cached neff at /home/ubuntu/neuron_cache_e2e/neuronxcc-2.23.6484.0+3b612583/MODULE_18195731349635810011+e30acd3a/model.neff
2026-09-09 08:44:51.000839:  50159  [INFO]: Using a cached neff at /home/ubuntu/neuron_cache_e2e/neuronxcc-2.23.6484.0+3b612583/MODULE_18195731349635810011+e30acd3a/model.neff
2026-09-09 08:44:51.000839:  50165  [INFO]: Using a cached neff at /home/ubuntu/neuron_cache_e2e/neuronxcc-2.23.6484.0+3b612583/MODULE_18195731349635810011+e30acd3a/model.neff
2026-09-09 08:44:51.000840:  50147  [INFO]: Using a cached neff at /home/ubuntu/neuron_cache_e2e/neuronxcc-2.23.6484.0+3b612583/MODULE_18195731349635810011+e30acd3a/model.neff
2026-09-09 08:44:51.000858:  50163  [INFO]: Using a cached neff at /home/ubuntu/neuron_cache_e2e/neuronxcc-2.23.6484.0+3b612583/MODULE_8612601412218940330+e30acd3a/model.neff
2026-09-09 08:44:51.000858:  50157  [INFO]: Using a cached neff at /home/ubuntu/neuron_cache_e2e/neuronxcc-2.23.6484.0+3b612583/MODULE_8612601412218940330+e30acd3a/model.neff
2026-09-09 08:44:51.000859:  50164  [INFO]: Using a cached neff at /home/ubuntu/neuron_cache_e2e/neuronxcc-2.23.6484.0+3b612583/MODULE_8612601412218940330+e30acd3a/model.neff
2026-09-09 08:44:51.000860:  50161  [INFO]: Using a cached neff at /home/ubuntu/neuron_cache_e2e/neuronxcc-2.23.6484.0+3b612583/MODULE_8612601412218940330+e30acd3a/model.neff
2026-09-09 08:44:51.000860:  50149  [INFO]: Using a cached neff at /home/ubuntu/neuron_cache_e2e/neuronxcc-2.23.6484.0+3b612583/MODULE_8612601412218940330+e30acd3a/model.neff
2026-09-09 08:44:51.000861:  50167  [INFO]: Using a cached neff at /home/ubuntu/neuron_cache_e2e/neuronxcc-2.23.6484.0+3b612583/MODULE_8612601412218940330+e30acd3a/model.neff
2026-09-09 08:44:51.000861:  50160  [INFO]: Using a cached neff at /home/ubuntu/neuron_cache_e2e/neuronxcc-2.23.6484.0+3b612583/MODULE_8612601412218940330+e30acd3a/model.neff
2026-09-09 08:44:51.000863:  50166  [INFO]: Using a cached neff at /home/ubuntu/neuron_cache_e2e/neuronxcc-2.23.6484.0+3b612583/MODULE_8612601412218940330+e30acd3a/model.neff
2026-09-09 08:44:51.000863:  50144  [INFO]: Using a cached neff at /home/ubuntu/neuron_cache_e2e/neuronxcc-2.23.6484.0+3b612583/MODULE_8612601412218940330+e30acd3a/model.neff
2026-09-09 08:44:51.000864:  50140  [INFO]: Using a cached neff at /home/ubuntu/neuron_cache_e2e/neuronxcc-2.23.6484.0+3b612583/MODULE_8612601412218940330+e30acd3a/model.neff
2026-09-09 08:44:51.000864:  50139  [INFO]: Using a cached neff at /home/ubuntu/neuron_cache_e2e/neuronxcc-2.23.6484.0+3b612583/MODULE_8612601412218940330+e30acd3a/model.neff
2026-09-09 08:44:51.000865:  50150  [INFO]: Using a cached neff at /home/ubuntu/neuron_cache_e2e/neuronxcc-2.23.6484.0+3b612583/MODULE_8612601412218940330+e30acd3a/model.neff
2026-09-09 08:44:51.000866:  50141  [INFO]: Using a cached neff at /home/ubuntu/neuron_cache_e2e/neuronxcc-2.23.6484.0+3b612583/MODULE_8612601412218940330+e30acd3a/model.neff
2026-09-09 08:44:51.000867:  50170  [INFO]: Using a cached neff at /home/ubuntu/neuron_cache_e2e/neuronxcc-2.23.6484.0+3b612583/MODULE_8612601412218940330+e30acd3a/model.neff
2026-09-09 08:44:51.000867:  50156  [INFO]: Using a cached neff at /home/ubuntu/neuron_cache_e2e/neuronxcc-2.23.6484.0+3b612583/MODULE_8612601412218940330+e30acd3a/model.neff
2026-09-09 08:44:51.000869:  50143  [INFO]: Using a cached neff at /home/ubuntu/neuron_cache_e2e/neuronxcc-2.23.6484.0+3b612583/MODULE_8612601412218940330+e30acd3a/model.neff
2026-09-09 08:44:51.000869:  50148  [INFO]: Using a cached neff at /home/ubuntu/neuron_cache_e2e/neuronxcc-2.23.6484.0+3b612583/MODULE_8612601412218940330+e30acd3a/model.neff
2026-09-09 08:44:51.000870:  50145  [INFO]: Using a cached neff at /home/ubuntu/neuron_cache_e2e/neuronxcc-2.23.6484.0+3b612583/MODULE_8612601412218940330+e30acd3a/model.neff
2026-09-09 08:44:51.000870:  50154  [INFO]: Using a cached neff at /home/ubuntu/neuron_cache_e2e/neuronxcc-2.23.6484.0+3b612583/MODULE_8612601412218940330+e30acd3a/model.neff
2026-09-09 08:44:51.000871:  50155  [INFO]: Using a cached neff at /home/ubuntu/neuron_cache_e2e/neuronxcc-2.23.6484.0+3b612583/MODULE_8612601412218940330+e30acd3a/model.neff
2026-09-09 08:44:51.000871:  50142  [INFO]: Using a cached neff at /home/ubuntu/neuron_cache_e2e/neuronxcc-2.23.6484.0+3b612583/MODULE_8612601412218940330+e30acd3a/model.neff
2026-09-09 08:44:51.000872:  50162  [INFO]: Using a cached neff at /home/ubuntu/neuron_cache_e2e/neuronxcc-2.23.6484.0+3b612583/MODULE_8612601412218940330+e30acd3a/model.neff
2026-09-09 08:44:51.000872:  50169  [INFO]: Using a cached neff at /home/ubuntu/neuron_cache_e2e/neuronxcc-2.23.6484.0+3b612583/MODULE_8612601412218940330+e30acd3a/model.neff
2026-09-09 08:44:51.000873:  50153  [INFO]: Using a cached neff at /home/ubuntu/neuron_cache_e2e/neuronxcc-2.23.6484.0+3b612583/MODULE_8612601412218940330+e30acd3a/model.neff
2026-09-09 08:44:51.000874:  50168  [INFO]: Using a cached neff at /home/ubuntu/neuron_cache_e2e/neuronxcc-2.23.6484.0+3b612583/MODULE_8612601412218940330+e30acd3a/model.neff
2026-09-09 08:44:51.000875:  50151  [INFO]: Using a cached neff at /home/ubuntu/neuron_cache_e2e/neuronxcc-2.23.6484.0+3b612583/MODULE_8612601412218940330+e30acd3a/model.neff
2026-09-09 08:44:51.000876:  50158  [INFO]: Using a cached neff at /home/ubuntu/neuron_cache_e2e/neuronxcc-2.23.6484.0+3b612583/MODULE_8612601412218940330+e30acd3a/model.neff
2026-09-09 08:44:51.000884:  50147  [INFO]: Using a cached neff at /home/ubuntu/neuron_cache_e2e/neuronxcc-2.23.6484.0+3b612583/MODULE_8612601412218940330+e30acd3a/model.neff
2026-09-09 08:44:51.000886:  50152  [INFO]: Using a cached neff at /home/ubuntu/neuron_cache_e2e/neuronxcc-2.23.6484.0+3b612583/MODULE_8612601412218940330+e30acd3a/model.neff
2026-09-09 08:44:51.000887:  50159  [INFO]: Using a cached neff at /home/ubuntu/neuron_cache_e2e/neuronxcc-2.23.6484.0+3b612583/MODULE_8612601412218940330+e30acd3a/model.neff
2026-09-09 08:44:51.000891:  50165  [INFO]: Using a cached neff at /home/ubuntu/neuron_cache_e2e/neuronxcc-2.23.6484.0+3b612583/MODULE_8612601412218940330+e30acd3a/model.neff
2026-09-09 08:44:51.000893:  50146  [INFO]: Using a cached neff at /home/ubuntu/neuron_cache_e2e/neuronxcc-2.23.6484.0+3b612583/MODULE_8612601412218940330+e30acd3a/model.neff
/home/ubuntu/train_llama10b_tp_families.py:490: DeprecationWarning: Use torch_xla.sync instead
  xm.mark_step()
/home/ubuntu/train_llama10b_tp_families.py:490: DeprecationWarning: Use torch_xla.sync instead
  xm.mark_step()
/home/ubuntu/train_llama10b_tp_families.py:490: DeprecationWarning: Use torch_xla.sync instead
  xm.mark_step()
/home/ubuntu/train_llama10b_tp_families.py:490: DeprecationWarning: Use torch_xla.sync instead
  xm.mark_step()
/home/ubuntu/train_llama10b_tp_families.py:490: DeprecationWarning: Use torch_xla.sync instead
  xm.mark_step()
/home/ubuntu/train_llama10b_tp_families.py:490: DeprecationWarning: Use torch_xla.sync instead
  xm.mark_step()
/home/ubuntu/train_llama10b_tp_families.py:490: DeprecationWarning: Use torch_xla.sync instead
  xm.mark_step()
/home/ubuntu/train_llama10b_tp_families.py:490: DeprecationWarning: Use torch_xla.sync instead
  xm.mark_step()
/home/ubuntu/train_llama10b_tp_families.py:490: DeprecationWarning: Use torch_xla.sync instead
  xm.mark_step()
/home/ubuntu/train_llama10b_tp_families.py:490: DeprecationWarning: Use torch_xla.sync instead
  xm.mark_step()
/home/ubuntu/train_llama10b_tp_families.py:490: DeprecationWarning: Use torch_xla.sync instead
  xm.mark_step()
/home/ubuntu/train_llama10b_tp_families.py:490: DeprecationWarning: Use torch_xla.sync instead
  xm.mark_step()
/home/ubuntu/train_llama10b_tp_families.py:490: DeprecationWarning: Use torch_xla.sync instead
  xm.mark_step()
/home/ubuntu/train_llama10b_tp_families.py:490: DeprecationWarning: Use torch_xla.sync instead
  xm.mark_step()
/home/ubuntu/train_llama10b_tp_families.py:490: DeprecationWarning: Use torch_xla.sync instead
  xm.mark_step()
/home/ubuntu/train_llama10b_tp_families.py:490: DeprecationWarning: Use torch_xla.sync instead
  xm.mark_step()
/home/ubuntu/train_llama10b_tp_families.py:490: DeprecationWarning: Use torch_xla.sync instead
  xm.mark_step()
/home/ubuntu/train_llama10b_tp_families.py:490: DeprecationWarning: Use torch_xla.sync instead
  xm.mark_step()
/home/ubuntu/train_llama10b_tp_families.py:490: DeprecationWarning: Use torch_xla.sync instead
  xm.mark_step()
/home/ubuntu/train_llama10b_tp_families.py:490: DeprecationWarning: Use torch_xla.sync instead
  xm.mark_step()
/home/ubuntu/train_llama10b_tp_families.py:490: DeprecationWarning: Use torch_xla.sync instead
  xm.mark_step()
/home/ubuntu/train_llama10b_tp_families.py:490: DeprecationWarning: Use torch_xla.sync instead
  xm.mark_step()
/home/ubuntu/train_llama10b_tp_families.py:490: DeprecationWarning: Use torch_xla.sync instead
  xm.mark_step()
/home/ubuntu/train_llama10b_tp_families.py:490: DeprecationWarning: Use torch_xla.sync instead
  xm.mark_step()
/home/ubuntu/train_llama10b_tp_families.py:490: DeprecationWarning: Use torch_xla.sync instead
  xm.mark_step()
/home/ubuntu/train_llama10b_tp_families.py:490: DeprecationWarning: Use torch_xla.sync instead
  xm.mark_step()
/home/ubuntu/train_llama10b_tp_families.py:490: DeprecationWarning: Use torch_xla.sync instead
  xm.mark_step()
/home/ubuntu/train_llama10b_tp_families.py:490: DeprecationWarning: Use torch_xla.sync instead
  xm.mark_step()
/home/ubuntu/train_llama10b_tp_families.py:490: DeprecationWarning: Use torch_xla.sync instead
  xm.mark_step()
/home/ubuntu/train_llama10b_tp_families.py:490: DeprecationWarning: Use torch_xla.sync instead
  xm.mark_step()
/home/ubuntu/train_llama10b_tp_families.py:490: DeprecationWarning: Use torch_xla.sync instead
  xm.mark_step()
/home/ubuntu/train_llama10b_tp_families.py:490: DeprecationWarning: Use torch_xla.sync instead
  xm.mark_step()
2026-09-09 08:45:09.000343:  50152  [INFO]: Using a cached neff at /home/ubuntu/neuron_cache_e2e/neuronxcc-2.23.6484.0+3b612583/MODULE_8732584952886592803+e30acd3a/model.neff
2026-09-09 08:45:09.000358:  50151  [INFO]: Using a cached neff at /home/ubuntu/neuron_cache_e2e/neuronxcc-2.23.6484.0+3b612583/MODULE_8732584952886592803+e30acd3a/model.neff
2026-09-09 08:45:09.000364:  50167  [INFO]: Using a cached neff at /home/ubuntu/neuron_cache_e2e/neuronxcc-2.23.6484.0+3b612583/MODULE_8732584952886592803+e30acd3a/model.neff
/home/ubuntu/train_llama10b_tp_families.py:513: DeprecationWarning: Use torch_xla.sync instead
  xm.mark_step()   # slice sync graph: norms done
2026-09-09 08:45:09.000367:  50141  [INFO]: Using a cached neff at /home/ubuntu/neuron_cache_e2e/neuronxcc-2.23.6484.0+3b612583/MODULE_8732584952886592803+e30acd3a/model.neff
2026-09-09 08:45:09.000370:  50157  [INFO]: Using a cached neff at /home/ubuntu/neuron_cache_e2e/neuronxcc-2.23.6484.0+3b612583/MODULE_8732584952886592803+e30acd3a/model.neff
2026-09-09 08:45:09.000370:  50168  [INFO]: Using a cached neff at /home/ubuntu/neuron_cache_e2e/neuronxcc-2.23.6484.0+3b612583/MODULE_8732584952886592803+e30acd3a/model.neff
/home/ubuntu/train_llama10b_tp_families.py:513: DeprecationWarning: Use torch_xla.sync instead
  xm.mark_step()   # slice sync graph: norms done
2026-09-09 08:45:09.000381:  50170  [INFO]: Using a cached neff at /home/ubuntu/neuron_cache_e2e/neuronxcc-2.23.6484.0+3b612583/MODULE_8732584952886592803+e30acd3a/model.neff
/home/ubuntu/train_llama10b_tp_families.py:513: DeprecationWarning: Use torch_xla.sync instead
  xm.mark_step()   # slice sync graph: norms done
2026-09-09 08:45:09.000383:  50146  [INFO]: Using a cached neff at /home/ubuntu/neuron_cache_e2e/neuronxcc-2.23.6484.0+3b612583/MODULE_8732584952886592803+e30acd3a/model.neff
2026-09-09 08:45:09.000388:  50159  [INFO]: Using a cached neff at /home/ubuntu/neuron_cache_e2e/neuronxcc-2.23.6484.0+3b612583/MODULE_8732584952886592803+e30acd3a/model.neff
/home/ubuntu/train_llama10b_tp_families.py:513: DeprecationWarning: Use torch_xla.sync instead
  xm.mark_step()   # slice sync graph: norms done
2026-09-09 08:45:09.000389:  50158  [INFO]: Using a cached neff at /home/ubuntu/neuron_cache_e2e/neuronxcc-2.23.6484.0+3b612583/MODULE_8732584952886592803+e30acd3a/model.neff
/home/ubuntu/train_llama10b_tp_families.py:513: DeprecationWarning: Use torch_xla.sync instead
  xm.mark_step()   # slice sync graph: norms done
/home/ubuntu/train_llama10b_tp_families.py:513: DeprecationWarning: Use torch_xla.sync instead
  xm.mark_step()   # slice sync graph: norms done
2026-09-09 08:45:09.000393:  50161  [INFO]: Using a cached neff at /home/ubuntu/neuron_cache_e2e/neuronxcc-2.23.6484.0+3b612583/MODULE_8732584952886592803+e30acd3a/model.neff
2026-09-09 08:45:09.000397:  50139  [INFO]: Using a cached neff at /home/ubuntu/neuron_cache_e2e/neuronxcc-2.23.6484.0+3b612583/MODULE_8732584952886592803+e30acd3a/model.neff
2026-09-09 08:45:09.000398:  50156  [INFO]: Using a cached neff at /home/ubuntu/neuron_cache_e2e/neuronxcc-2.23.6484.0+3b612583/MODULE_8732584952886592803+e30acd3a/model.neff
2026-09-09 08:45:09.000399:  50145  [INFO]: Using a cached neff at /home/ubuntu/neuron_cache_e2e/neuronxcc-2.23.6484.0+3b612583/MODULE_8732584952886592803+e30acd3a/model.neff
/home/ubuntu/train_llama10b_tp_families.py:513: DeprecationWarning: Use torch_xla.sync instead
  xm.mark_step()   # slice sync graph: norms done
2026-09-09 08:45:09.000400:  50154  [INFO]: Using a cached neff at /home/ubuntu/neuron_cache_e2e/neuronxcc-2.23.6484.0+3b612583/MODULE_8732584952886592803+e30acd3a/model.neff
/home/ubuntu/train_llama10b_tp_families.py:513: DeprecationWarning: Use torch_xla.sync instead
  xm.mark_step()   # slice sync graph: norms done
2026-09-09 08:45:09.000402:  50140  [INFO]: Using a cached neff at /home/ubuntu/neuron_cache_e2e/neuronxcc-2.23.6484.0+3b612583/MODULE_8732584952886592803+e30acd3a/model.neff
2026-09-09 08:45:09.000402:  50148  [INFO]: Using a cached neff at /home/ubuntu/neuron_cache_e2e/neuronxcc-2.23.6484.0+3b612583/MODULE_8732584952886592803+e30acd3a/model.neff
2026-09-09 08:45:09.000403:  50163  [INFO]: Using a cached neff at /home/ubuntu/neuron_cache_e2e/neuronxcc-2.23.6484.0+3b612583/MODULE_8732584952886592803+e30acd3a/model.neff
2026-09-09 08:45:09.000406:  50164  [INFO]: Using a cached neff at /home/ubuntu/neuron_cache_e2e/neuronxcc-2.23.6484.0+3b612583/MODULE_8732584952886592803+e30acd3a/model.neff
2026-09-09 08:45:09.000407:  50165  [INFO]: Using a cached neff at /home/ubuntu/neuron_cache_e2e/neuronxcc-2.23.6484.0+3b612583/MODULE_8732584952886592803+e30acd3a/model.neff
2026-09-09 08:45:09.000407:  50153  [INFO]: Using a cached neff at /home/ubuntu/neuron_cache_e2e/neuronxcc-2.23.6484.0+3b612583/MODULE_8732584952886592803+e30acd3a/model.neff
2026-09-09 08:45:09.000407:  50142  [INFO]: Using a cached neff at /home/ubuntu/neuron_cache_e2e/neuronxcc-2.23.6484.0+3b612583/MODULE_8732584952886592803+e30acd3a/model.neff
2026-09-09 08:45:09.000408:  50150  [INFO]: Using a cached neff at /home/ubuntu/neuron_cache_e2e/neuronxcc-2.23.6484.0+3b612583/MODULE_8732584952886592803+e30acd3a/model.neff
2026-09-09 08:45:09.000408:  50147  [INFO]: Using a cached neff at /home/ubuntu/neuron_cache_e2e/neuronxcc-2.23.6484.0+3b612583/MODULE_8732584952886592803+e30acd3a/model.neff
/home/ubuntu/train_llama10b_tp_families.py:513: DeprecationWarning: Use torch_xla.sync instead
  xm.mark_step()   # slice sync graph: norms done
2026-09-09 08:45:09.000410:  50169  [INFO]: Using a cached neff at /home/ubuntu/neuron_cache_e2e/neuronxcc-2.23.6484.0+3b612583/MODULE_8732584952886592803+e30acd3a/model.neff
/home/ubuntu/train_llama10b_tp_families.py:513: DeprecationWarning: Use torch_xla.sync instead
  xm.mark_step()   # slice sync graph: norms done
/home/ubuntu/train_llama10b_tp_families.py:513: DeprecationWarning: Use torch_xla.sync instead
  xm.mark_step()   # slice sync graph: norms done
2026-09-09 08:45:09.000413:  50155  [INFO]: Using a cached neff at /home/ubuntu/neuron_cache_e2e/neuronxcc-2.23.6484.0+3b612583/MODULE_8732584952886592803+e30acd3a/model.neff
2026-09-09 08:45:09.000415:  50144  [INFO]: Using a cached neff at /home/ubuntu/neuron_cache_e2e/neuronxcc-2.23.6484.0+3b612583/MODULE_8732584952886592803+e30acd3a/model.neff
2026-09-09 08:45:09.000415:  50149  [INFO]: Using a cached neff at /home/ubuntu/neuron_cache_e2e/neuronxcc-2.23.6484.0+3b612583/MODULE_8732584952886592803+e30acd3a/model.neff
2026-09-09 08:45:09.000416:  50166  [INFO]: Using a cached neff at /home/ubuntu/neuron_cache_e2e/neuronxcc-2.23.6484.0+3b612583/MODULE_8732584952886592803+e30acd3a/model.neff
/home/ubuntu/train_llama10b_tp_families.py:513: DeprecationWarning: Use torch_xla.sync instead
  xm.mark_step()   # slice sync graph: norms done
/home/ubuntu/train_llama10b_tp_families.py:513: DeprecationWarning: Use torch_xla.sync instead
  xm.mark_step()   # slice sync graph: norms done
/home/ubuntu/train_llama10b_tp_families.py:513: DeprecationWarning: Use torch_xla.sync instead
  xm.mark_step()   # slice sync graph: norms done
/home/ubuntu/train_llama10b_tp_families.py:513: DeprecationWarning: Use torch_xla.sync instead
  xm.mark_step()   # slice sync graph: norms done
2026-09-09 08:45:09.000420:  50160  [INFO]: Using a cached neff at /home/ubuntu/neuron_cache_e2e/neuronxcc-2.23.6484.0+3b612583/MODULE_8732584952886592803+e30acd3a/model.neff
/home/ubuntu/train_llama10b_tp_families.py:513: DeprecationWarning: Use torch_xla.sync instead
  xm.mark_step()   # slice sync graph: norms done
/home/ubuntu/train_llama10b_tp_families.py:513: DeprecationWarning: Use torch_xla.sync instead
  xm.mark_step()   # slice sync graph: norms done
2026-09-09 08:45:09.000421:  50143  [INFO]: Using a cached neff at /home/ubuntu/neuron_cache_e2e/neuronxcc-2.23.6484.0+3b612583/MODULE_8732584952886592803+e30acd3a/model.neff
/home/ubuntu/train_llama10b_tp_families.py:513: DeprecationWarning: Use torch_xla.sync instead
  xm.mark_step()   # slice sync graph: norms done
2026-09-09 08:45:09.000423:  50162  [INFO]: Using a cached neff at /home/ubuntu/neuron_cache_e2e/neuronxcc-2.23.6484.0+3b612583/MODULE_8732584952886592803+e30acd3a/model.neff
/home/ubuntu/train_llama10b_tp_families.py:513: DeprecationWarning: Use torch_xla.sync instead
  xm.mark_step()   # slice sync graph: norms done
/home/ubuntu/train_llama10b_tp_families.py:513: DeprecationWarning: Use torch_xla.sync instead
  xm.mark_step()   # slice sync graph: norms done
/home/ubuntu/train_llama10b_tp_families.py:513: DeprecationWarning: Use torch_xla.sync instead
  xm.mark_step()   # slice sync graph: norms done
/home/ubuntu/train_llama10b_tp_families.py:513: DeprecationWarning: Use torch_xla.sync instead
  xm.mark_step()   # slice sync graph: norms done
/home/ubuntu/train_llama10b_tp_families.py:513: DeprecationWarning: Use torch_xla.sync instead
  xm.mark_step()   # slice sync graph: norms done
/home/ubuntu/train_llama10b_tp_families.py:513: DeprecationWarning: Use torch_xla.sync instead
  xm.mark_step()   # slice sync graph: norms done
/home/ubuntu/train_llama10b_tp_families.py:513: DeprecationWarning: Use torch_xla.sync instead
  xm.mark_step()   # slice sync graph: norms done
/home/ubuntu/train_llama10b_tp_families.py:513: DeprecationWarning: Use torch_xla.sync instead
  xm.mark_step()   # slice sync graph: norms done
/home/ubuntu/train_llama10b_tp_families.py:513: DeprecationWarning: Use torch_xla.sync instead
  xm.mark_step()   # slice sync graph: norms done
/home/ubuntu/train_llama10b_tp_families.py:513: DeprecationWarning: Use torch_xla.sync instead
  xm.mark_step()   # slice sync graph: norms done
/home/ubuntu/train_llama10b_tp_families.py:513: DeprecationWarning: Use torch_xla.sync instead
  xm.mark_step()   # slice sync graph: norms done
/home/ubuntu/train_llama10b_tp_families.py:513: DeprecationWarning: Use torch_xla.sync instead
  xm.mark_step()   # slice sync graph: norms done
/home/ubuntu/train_llama10b_tp_families.py:513: DeprecationWarning: Use torch_xla.sync instead
  xm.mark_step()   # slice sync graph: norms done
/home/ubuntu/train_llama10b_tp_families.py:513: DeprecationWarning: Use torch_xla.sync instead
  xm.mark_step()   # slice sync graph: norms done
2026-09-09 08:45:09.000471:  50152  [INFO]: Using a cached neff at /home/ubuntu/neuron_cache_e2e/neuronxcc-2.23.6484.0+3b612583/MODULE_2518128157660282412+e30acd3a/model.neff
2026-09-09 08:45:09.000476:  50167  [INFO]: Using a cached neff at /home/ubuntu/neuron_cache_e2e/neuronxcc-2.23.6484.0+3b612583/MODULE_2518128157660282412+e30acd3a/model.neff
2026-09-09 08:45:09.000476:  50151  [INFO]: Using a cached neff at /home/ubuntu/neuron_cache_e2e/neuronxcc-2.23.6484.0+3b612583/MODULE_2518128157660282412+e30acd3a/model.neff
2026-09-09 08:45:09.000485:  50141  [INFO]: Using a cached neff at /home/ubuntu/neuron_cache_e2e/neuronxcc-2.23.6484.0+3b612583/MODULE_2518128157660282412+e30acd3a/model.neff
2026-09-09 08:45:09.000488:  50157  [INFO]: Using a cached neff at /home/ubuntu/neuron_cache_e2e/neuronxcc-2.23.6484.0+3b612583/MODULE_2518128157660282412+e30acd3a/model.neff
2026-09-09 08:45:09.000495:  50168  [INFO]: Using a cached neff at /home/ubuntu/neuron_cache_e2e/neuronxcc-2.23.6484.0+3b612583/MODULE_2518128157660282412+e30acd3a/model.neff
2026-09-09 08:45:09.000499:  50170  [INFO]: Using a cached neff at /home/ubuntu/neuron_cache_e2e/neuronxcc-2.23.6484.0+3b612583/MODULE_2518128157660282412+e30acd3a/model.neff
2026-09-09 08:45:09.000501:  50146  [INFO]: Using a cached neff at /home/ubuntu/neuron_cache_e2e/neuronxcc-2.23.6484.0+3b612583/MODULE_2518128157660282412+e30acd3a/model.neff
2026-09-09 08:45:09.000509:  50161  [INFO]: Using a cached neff at /home/ubuntu/neuron_cache_e2e/neuronxcc-2.23.6484.0+3b612583/MODULE_2518128157660282412+e30acd3a/model.neff
2026-09-09 08:45:09.000513:  50158  [INFO]: Using a cached neff at /home/ubuntu/neuron_cache_e2e/neuronxcc-2.23.6484.0+3b612583/MODULE_2518128157660282412+e30acd3a/model.neff
2026-09-09 08:45:09.000513:  50159  [INFO]: Using a cached neff at /home/ubuntu/neuron_cache_e2e/neuronxcc-2.23.6484.0+3b612583/MODULE_2518128157660282412+e30acd3a/model.neff
2026-09-09 08:45:09.000516:  50140  [INFO]: Using a cached neff at /home/ubuntu/neuron_cache_e2e/neuronxcc-2.23.6484.0+3b612583/MODULE_2518128157660282412+e30acd3a/model.neff
2026-09-09 08:45:09.000522:  50163  [INFO]: Using a cached neff at /home/ubuntu/neuron_cache_e2e/neuronxcc-2.23.6484.0+3b612583/MODULE_2518128157660282412+e30acd3a/model.neff
2026-09-09 08:45:09.000523:  50150  [INFO]: Using a cached neff at /home/ubuntu/neuron_cache_e2e/neuronxcc-2.23.6484.0+3b612583/MODULE_2518128157660282412+e30acd3a/model.neff
2026-09-09 08:45:09.000525:  50154  [INFO]: Using a cached neff at /home/ubuntu/neuron_cache_e2e/neuronxcc-2.23.6484.0+3b612583/MODULE_2518128157660282412+e30acd3a/model.neff
2026-09-09 08:45:09.000526:  50169  [INFO]: Using a cached neff at /home/ubuntu/neuron_cache_e2e/neuronxcc-2.23.6484.0+3b612583/MODULE_2518128157660282412+e30acd3a/model.neff
2026-09-09 08:45:09.000527:  50156  [INFO]: Using a cached neff at /home/ubuntu/neuron_cache_e2e/neuronxcc-2.23.6484.0+3b612583/MODULE_2518128157660282412+e30acd3a/model.neff
2026-09-09 08:45:09.000527:  50139  [INFO]: Using a cached neff at /home/ubuntu/neuron_cache_e2e/neuronxcc-2.23.6484.0+3b612583/MODULE_2518128157660282412+e30acd3a/model.neff
2026-09-09 08:45:09.000529:  50142  [INFO]: Using a cached neff at /home/ubuntu/neuron_cache_e2e/neuronxcc-2.23.6484.0+3b612583/MODULE_2518128157660282412+e30acd3a/model.neff
2026-09-09 08:45:09.000530:  50148  [INFO]: Using a cached neff at /home/ubuntu/neuron_cache_e2e/neuronxcc-2.23.6484.0+3b612583/MODULE_2518128157660282412+e30acd3a/model.neff
2026-09-09 08:45:09.000530:  50165  [INFO]: Using a cached neff at /home/ubuntu/neuron_cache_e2e/neuronxcc-2.23.6484.0+3b612583/MODULE_2518128157660282412+e30acd3a/model.neff
2026-09-09 08:45:09.000532:  50153  [INFO]: Using a cached neff at /home/ubuntu/neuron_cache_e2e/neuronxcc-2.23.6484.0+3b612583/MODULE_2518128157660282412+e30acd3a/model.neff
2026-09-09 08:45:09.000534:  50155  [INFO]: Using a cached neff at /home/ubuntu/neuron_cache_e2e/neuronxcc-2.23.6484.0+3b612583/MODULE_2518128157660282412+e30acd3a/model.neff
2026-09-09 08:45:09.000537:  50145  [INFO]: Using a cached neff at /home/ubuntu/neuron_cache_e2e/neuronxcc-2.23.6484.0+3b612583/MODULE_2518128157660282412+e30acd3a/model.neff
2026-09-09 08:45:09.000539:  50160  [INFO]: Using a cached neff at /home/ubuntu/neuron_cache_e2e/neuronxcc-2.23.6484.0+3b612583/MODULE_2518128157660282412+e30acd3a/model.neff
2026-09-09 08:45:09.000542:  50147  [INFO]: Using a cached neff at /home/ubuntu/neuron_cache_e2e/neuronxcc-2.23.6484.0+3b612583/MODULE_2518128157660282412+e30acd3a/model.neff
2026-09-09 08:45:09.000543:  50144  [INFO]: Using a cached neff at /home/ubuntu/neuron_cache_e2e/neuronxcc-2.23.6484.0+3b612583/MODULE_2518128157660282412+e30acd3a/model.neff
2026-09-09 08:45:09.000544:  50162  [INFO]: Using a cached neff at /home/ubuntu/neuron_cache_e2e/neuronxcc-2.23.6484.0+3b612583/MODULE_2518128157660282412+e30acd3a/model.neff
2026-09-09 08:45:09.000546:  50143  [INFO]: Using a cached neff at /home/ubuntu/neuron_cache_e2e/neuronxcc-2.23.6484.0+3b612583/MODULE_2518128157660282412+e30acd3a/model.neff
2026-09-09 08:45:09.000549:  50149  [INFO]: Using a cached neff at /home/ubuntu/neuron_cache_e2e/neuronxcc-2.23.6484.0+3b612583/MODULE_2518128157660282412+e30acd3a/model.neff
2026-09-09 08:45:09.000549:  50166  [INFO]: Using a cached neff at /home/ubuntu/neuron_cache_e2e/neuronxcc-2.23.6484.0+3b612583/MODULE_2518128157660282412+e30acd3a/model.neff
2026-09-09 08:45:09.000550:  50164  [INFO]: Using a cached neff at /home/ubuntu/neuron_cache_e2e/neuronxcc-2.23.6484.0+3b612583/MODULE_2518128157660282412+e30acd3a/model.neff
/home/ubuntu/train_llama10b_tp_families.py:522: DeprecationWarning: Use torch_xla.sync instead
  xm.mark_step()   # slice sync graph: F4b done
/home/ubuntu/train_llama10b_tp_families.py:522: DeprecationWarning: Use torch_xla.sync instead
  xm.mark_step()   # slice sync graph: F4b done
/home/ubuntu/train_llama10b_tp_families.py:522: DeprecationWarning: Use torch_xla.sync instead
  xm.mark_step()   # slice sync graph: F4b done
/home/ubuntu/train_llama10b_tp_families.py:522: DeprecationWarning: Use torch_xla.sync instead
  xm.mark_step()   # slice sync graph: F4b done
/home/ubuntu/train_llama10b_tp_families.py:522: DeprecationWarning: Use torch_xla.sync instead
  xm.mark_step()   # slice sync graph: F4b done
/home/ubuntu/train_llama10b_tp_families.py:522: DeprecationWarning: Use torch_xla.sync instead
  xm.mark_step()   # slice sync graph: F4b done
/home/ubuntu/train_llama10b_tp_families.py:522: DeprecationWarning: Use torch_xla.sync instead
  xm.mark_step()   # slice sync graph: F4b done
/home/ubuntu/train_llama10b_tp_families.py:522: DeprecationWarning: Use torch_xla.sync instead
  xm.mark_step()   # slice sync graph: F4b done
/home/ubuntu/train_llama10b_tp_families.py:522: DeprecationWarning: Use torch_xla.sync instead
  xm.mark_step()   # slice sync graph: F4b done
/home/ubuntu/train_llama10b_tp_families.py:522: DeprecationWarning: Use torch_xla.sync instead
  xm.mark_step()   # slice sync graph: F4b done
/home/ubuntu/train_llama10b_tp_families.py:522: DeprecationWarning: Use torch_xla.sync instead
  xm.mark_step()   # slice sync graph: F4b done
/home/ubuntu/train_llama10b_tp_families.py:522: DeprecationWarning: Use torch_xla.sync instead
  xm.mark_step()   # slice sync graph: F4b done
/home/ubuntu/train_llama10b_tp_families.py:522: DeprecationWarning: Use torch_xla.sync instead
  xm.mark_step()   # slice sync graph: F4b done
/home/ubuntu/train_llama10b_tp_families.py:522: DeprecationWarning: Use torch_xla.sync instead
  xm.mark_step()   # slice sync graph: F4b done
/home/ubuntu/train_llama10b_tp_families.py:522: DeprecationWarning: Use torch_xla.sync instead
  xm.mark_step()   # slice sync graph: F4b done
/home/ubuntu/train_llama10b_tp_families.py:522: DeprecationWarning: Use torch_xla.sync instead
  xm.mark_step()   # slice sync graph: F4b done
/home/ubuntu/train_llama10b_tp_families.py:522: DeprecationWarning: Use torch_xla.sync instead
  xm.mark_step()   # slice sync graph: F4b done
/home/ubuntu/train_llama10b_tp_families.py:522: DeprecationWarning: Use torch_xla.sync instead
  xm.mark_step()   # slice sync graph: F4b done
/home/ubuntu/train_llama10b_tp_families.py:522: DeprecationWarning: Use torch_xla.sync instead
  xm.mark_step()   # slice sync graph: F4b done
/home/ubuntu/train_llama10b_tp_families.py:522: DeprecationWarning: Use torch_xla.sync instead
  xm.mark_step()   # slice sync graph: F4b done
/home/ubuntu/train_llama10b_tp_families.py:522: DeprecationWarning: Use torch_xla.sync instead
  xm.mark_step()   # slice sync graph: F4b done
/home/ubuntu/train_llama10b_tp_families.py:522: DeprecationWarning: Use torch_xla.sync instead
  xm.mark_step()   # slice sync graph: F4b done
/home/ubuntu/train_llama10b_tp_families.py:522: DeprecationWarning: Use torch_xla.sync instead
  xm.mark_step()   # slice sync graph: F4b done
/home/ubuntu/train_llama10b_tp_families.py:522: DeprecationWarning: Use torch_xla.sync instead
  xm.mark_step()   # slice sync graph: F4b done
/home/ubuntu/train_llama10b_tp_families.py:522: DeprecationWarning: Use torch_xla.sync instead
  xm.mark_step()   # slice sync graph: F4b done
/home/ubuntu/train_llama10b_tp_families.py:522: DeprecationWarning: Use torch_xla.sync instead
  xm.mark_step()   # slice sync graph: F4b done
/home/ubuntu/train_llama10b_tp_families.py:522: DeprecationWarning: Use torch_xla.sync instead
  xm.mark_step()   # slice sync graph: F4b done
/home/ubuntu/train_llama10b_tp_families.py:522: DeprecationWarning: Use torch_xla.sync instead
  xm.mark_step()   # slice sync graph: F4b done
/home/ubuntu/train_llama10b_tp_families.py:522: DeprecationWarning: Use torch_xla.sync instead
  xm.mark_step()   # slice sync graph: F4b done
/home/ubuntu/train_llama10b_tp_families.py:522: DeprecationWarning: Use torch_xla.sync instead
  xm.mark_step()   # slice sync graph: F4b done
/home/ubuntu/train_llama10b_tp_families.py:522: DeprecationWarning: Use torch_xla.sync instead
  xm.mark_step()   # slice sync graph: F4b done
/home/ubuntu/train_llama10b_tp_families.py:522: DeprecationWarning: Use torch_xla.sync instead
  xm.mark_step()   # slice sync graph: F4b done
2026-09-09 08:45:09.000720:  50167  [INFO]: Using a cached neff at /home/ubuntu/neuron_cache_e2e/neuronxcc-2.23.6484.0+3b612583/MODULE_400256967318551143+e30acd3a/model.neff
2026-09-09 08:45:09.000724:  50141  [INFO]: Using a cached neff at /home/ubuntu/neuron_cache_e2e/neuronxcc-2.23.6484.0+3b612583/MODULE_400256967318551143+e30acd3a/model.neff
2026-09-09 08:45:09.000731:  50151  [INFO]: Using a cached neff at /home/ubuntu/neuron_cache_e2e/neuronxcc-2.23.6484.0+3b612583/MODULE_400256967318551143+e30acd3a/model.neff
2026-09-09 08:45:09.000747:  50152  [INFO]: Using a cached neff at /home/ubuntu/neuron_cache_e2e/neuronxcc-2.23.6484.0+3b612583/MODULE_400256967318551143+e30acd3a/model.neff
2026-09-09 08:45:09.000772:  50161  [INFO]: Using a cached neff at /home/ubuntu/neuron_cache_e2e/neuronxcc-2.23.6484.0+3b612583/MODULE_400256967318551143+e30acd3a/model.neff
2026-09-09 08:45:09.000793:  50170  [INFO]: Using a cached neff at /home/ubuntu/neuron_cache_e2e/neuronxcc-2.23.6484.0+3b612583/MODULE_400256967318551143+e30acd3a/model.neff
2026-09-09 08:45:09.000826:  50157  [INFO]: Using a cached neff at /home/ubuntu/neuron_cache_e2e/neuronxcc-2.23.6484.0+3b612583/MODULE_400256967318551143+e30acd3a/model.neff
2026-09-09 08:45:09.000840:  50158  [INFO]: Using a cached neff at /home/ubuntu/neuron_cache_e2e/neuronxcc-2.23.6484.0+3b612583/MODULE_400256967318551143+e30acd3a/model.neff
2026-09-09 08:45:09.000886:  50169  [INFO]: Using a cached neff at /home/ubuntu/neuron_cache_e2e/neuronxcc-2.23.6484.0+3b612583/MODULE_400256967318551143+e30acd3a/model.neff
2026-09-09 08:45:09.000896:  50146  [INFO]: Using a cached neff at /home/ubuntu/neuron_cache_e2e/neuronxcc-2.23.6484.0+3b612583/MODULE_400256967318551143+e30acd3a/model.neff
2026-09-09 08:45:09.000947:  50140  [INFO]: Using a cached neff at /home/ubuntu/neuron_cache_e2e/neuronxcc-2.23.6484.0+3b612583/MODULE_400256967318551143+e30acd3a/model.neff
2026-09-09 08:45:09.000962:  50163  [INFO]: Using a cached neff at /home/ubuntu/neuron_cache_e2e/neuronxcc-2.23.6484.0+3b612583/MODULE_400256967318551143+e30acd3a/model.neff
2026-09-09 08:45:09.000968:  50150  [INFO]: Using a cached neff at /home/ubuntu/neuron_cache_e2e/neuronxcc-2.23.6484.0+3b612583/MODULE_400256967318551143+e30acd3a/model.neff
2026-09-09 08:45:09.000987:  50168  [INFO]: Using a cached neff at /home/ubuntu/neuron_cache_e2e/neuronxcc-2.23.6484.0+3b612583/MODULE_400256967318551143+e30acd3a/model.neff
/home/ubuntu/train_llama10b_tp_families.py:538: DeprecationWarning: Use torch_xla.sync instead
  xm.mark_step()   # slice sync graph: F6/F7 done
2026-09-09 08:45:10.000001:  50154  [INFO]: Using a cached neff at /home/ubuntu/neuron_cache_e2e/neuronxcc-2.23.6484.0+3b612583/MODULE_400256967318551143+e30acd3a/model.neff
2026-09-09 08:45:10.000011:  50145  [INFO]: Using a cached neff at /home/ubuntu/neuron_cache_e2e/neuronxcc-2.23.6484.0+3b612583/MODULE_400256967318551143+e30acd3a/model.neff
2026-09-09 08:45:10.000015:  50142  [INFO]: Using a cached neff at /home/ubuntu/neuron_cache_e2e/neuronxcc-2.23.6484.0+3b612583/MODULE_400256967318551143+e30acd3a/model.neff
/home/ubuntu/train_llama10b_tp_families.py:538: DeprecationWarning: Use torch_xla.sync instead
  xm.mark_step()   # slice sync graph: F6/F7 done
2026-09-09 08:45:10.000018:  50143  [INFO]: Using a cached neff at /home/ubuntu/neuron_cache_e2e/neuronxcc-2.23.6484.0+3b612583/MODULE_400256967318551143+e30acd3a/model.neff
2026-09-09 08:45:10.000026:  50149  [INFO]: Using a cached neff at /home/ubuntu/neuron_cache_e2e/neuronxcc-2.23.6484.0+3b612583/MODULE_400256967318551143+e30acd3a/model.neff
2026-09-09 08:45:10.000029:  50153  [INFO]: Using a cached neff at /home/ubuntu/neuron_cache_e2e/neuronxcc-2.23.6484.0+3b612583/MODULE_400256967318551143+e30acd3a/model.neff
2026-09-09 08:45:10.000036:  50156  [INFO]: Using a cached neff at /home/ubuntu/neuron_cache_e2e/neuronxcc-2.23.6484.0+3b612583/MODULE_400256967318551143+e30acd3a/model.neff
2026-09-09 08:45:10.000039:  50159  [INFO]: Using a cached neff at /home/ubuntu/neuron_cache_e2e/neuronxcc-2.23.6484.0+3b612583/MODULE_400256967318551143+e30acd3a/model.neff
2026-09-09 08:45:10.000043:  50147  [INFO]: Using a cached neff at /home/ubuntu/neuron_cache_e2e/neuronxcc-2.23.6484.0+3b612583/MODULE_400256967318551143+e30acd3a/model.neff
/home/ubuntu/train_llama10b_tp_families.py:538: DeprecationWarning: Use torch_xla.sync instead
  xm.mark_step()   # slice sync graph: F6/F7 done
2026-09-09 08:45:10.000050:  50139  [INFO]: Using a cached neff at /home/ubuntu/neuron_cache_e2e/neuronxcc-2.23.6484.0+3b612583/MODULE_400256967318551143+e30acd3a/model.neff
2026-09-09 08:45:10.000057:  50166  [INFO]: Using a cached neff at /home/ubuntu/neuron_cache_e2e/neuronxcc-2.23.6484.0+3b612583/MODULE_400256967318551143+e30acd3a/model.neff
2026-09-09 08:45:10.000060:  50155  [INFO]: Using a cached neff at /home/ubuntu/neuron_cache_e2e/neuronxcc-2.23.6484.0+3b612583/MODULE_400256967318551143+e30acd3a/model.neff
/home/ubuntu/train_llama10b_tp_families.py:538: DeprecationWarning: Use torch_xla.sync instead
  xm.mark_step()   # slice sync graph: F6/F7 done
2026-09-09 08:45:10.000064:  50160  [INFO]: Using a cached neff at /home/ubuntu/neuron_cache_e2e/neuronxcc-2.23.6484.0+3b612583/MODULE_400256967318551143+e30acd3a/model.neff
2026-09-09 08:45:10.000071:  50162  [INFO]: Using a cached neff at /home/ubuntu/neuron_cache_e2e/neuronxcc-2.23.6484.0+3b612583/MODULE_400256967318551143+e30acd3a/model.neff
2026-09-09 08:45:10.000074:  50165  [INFO]: Using a cached neff at /home/ubuntu/neuron_cache_e2e/neuronxcc-2.23.6484.0+3b612583/MODULE_400256967318551143+e30acd3a/model.neff
2026-09-09 08:45:10.000082:  50144  [INFO]: Using a cached neff at /home/ubuntu/neuron_cache_e2e/neuronxcc-2.23.6484.0+3b612583/MODULE_400256967318551143+e30acd3a/model.neff
2026-09-09 08:45:10.000086:  50148  [INFO]: Using a cached neff at /home/ubuntu/neuron_cache_e2e/neuronxcc-2.23.6484.0+3b612583/MODULE_400256967318551143+e30acd3a/model.neff
2026-09-09 08:45:10.000101:  50164  [INFO]: Using a cached neff at /home/ubuntu/neuron_cache_e2e/neuronxcc-2.23.6484.0+3b612583/MODULE_400256967318551143+e30acd3a/model.neff
/home/ubuntu/train_llama10b_tp_families.py:538: DeprecationWarning: Use torch_xla.sync instead
  xm.mark_step()   # slice sync graph: F6/F7 done
/home/ubuntu/train_llama10b_tp_families.py:538: DeprecationWarning: Use torch_xla.sync instead
  xm.mark_step()   # slice sync graph: F6/F7 done
2026-09-09 08:45:10.000164:  50167  [INFO]: Using a cached neff at /home/ubuntu/neuron_cache_e2e/neuronxcc-2.23.6484.0+3b612583/MODULE_4735309194420800545+e30acd3a/model.neff
2026-09-09 08:45:10.000187:  50151  [INFO]: Using a cached neff at /home/ubuntu/neuron_cache_e2e/neuronxcc-2.23.6484.0+3b612583/MODULE_4735309194420800545+e30acd3a/model.neff
2026-09-09 08:45:10.000199:  50141  [INFO]: Using a cached neff at /home/ubuntu/neuron_cache_e2e/neuronxcc-2.23.6484.0+3b612583/MODULE_4735309194420800545+e30acd3a/model.neff
2026-09-09 08:45:10.000201:  50152  [INFO]: Using a cached neff at /home/ubuntu/neuron_cache_e2e/neuronxcc-2.23.6484.0+3b612583/MODULE_4735309194420800545+e30acd3a/model.neff
/home/ubuntu/train_llama10b_tp_families.py:538: DeprecationWarning: Use torch_xla.sync instead
  xm.mark_step()   # slice sync graph: F6/F7 done
/home/ubuntu/train_llama10b_tp_families.py:538: DeprecationWarning: Use torch_xla.sync instead
  xm.mark_step()   # slice sync graph: F6/F7 done
2026-09-09 08:45:10.000231:  50161  [INFO]: Using a cached neff at /home/ubuntu/neuron_cache_e2e/neuronxcc-2.23.6484.0+3b612583/MODULE_4735309194420800545+e30acd3a/model.neff
/home/ubuntu/train_llama10b_tp_families.py:557: DeprecationWarning: Use torch_xla.sync instead
  xm.mark_step()
2026-09-09 08:45:10.000267:  50170  [INFO]: Using a cached neff at /home/ubuntu/neuron_cache_e2e/neuronxcc-2.23.6484.0+3b612583/MODULE_4735309194420800545+e30acd3a/model.neff
/home/ubuntu/train_llama10b_tp_families.py:538: DeprecationWarning: Use torch_xla.sync instead
  xm.mark_step()   # slice sync graph: F6/F7 done
/home/ubuntu/train_llama10b_tp_families.py:557: DeprecationWarning: Use torch_xla.sync instead
  xm.mark_step()
/home/ubuntu/train_llama10b_tp_families.py:557: DeprecationWarning: Use torch_xla.sync instead
  xm.mark_step()
/home/ubuntu/train_llama10b_tp_families.py:557: DeprecationWarning: Use torch_xla.sync instead
  xm.mark_step()
/home/ubuntu/train_llama10b_tp_families.py:538: DeprecationWarning: Use torch_xla.sync instead
  xm.mark_step()   # slice sync graph: F6/F7 done
2026-09-09 08:45:10.000329:  50158  [INFO]: Using a cached neff at /home/ubuntu/neuron_cache_e2e/neuronxcc-2.23.6484.0+3b612583/MODULE_4735309194420800545+e30acd3a/model.neff
/home/ubuntu/train_llama10b_tp_families.py:538: DeprecationWarning: Use torch_xla.sync instead
  xm.mark_step()   # slice sync graph: F6/F7 done
/home/ubuntu/train_llama10b_tp_families.py:557: DeprecationWarning: Use torch_xla.sync instead
  xm.mark_step()
2026-09-09 08:45:10.000348:  50157  [INFO]: Using a cached neff at /home/ubuntu/neuron_cache_e2e/neuronxcc-2.23.6484.0+3b612583/MODULE_4735309194420800545+e30acd3a/model.neff
/home/ubuntu/train_llama10b_tp_families.py:538: DeprecationWarning: Use torch_xla.sync instead
  xm.mark_step()   # slice sync graph: F6/F7 done
/home/ubuntu/train_llama10b_tp_families.py:557: DeprecationWarning: Use torch_xla.sync instead
  xm.mark_step()
/home/ubuntu/train_llama10b_tp_families.py:538: DeprecationWarning: Use torch_xla.sync instead
  xm.mark_step()   # slice sync graph: F6/F7 done
/home/ubuntu/train_llama10b_tp_families.py:538: DeprecationWarning: Use torch_xla.sync instead
  xm.mark_step()   # slice sync graph: F6/F7 done
/home/ubuntu/train_llama10b_tp_families.py:538: DeprecationWarning: Use torch_xla.sync instead
  xm.mark_step()   # slice sync graph: F6/F7 done
/home/ubuntu/train_llama10b_tp_families.py:538: DeprecationWarning: Use torch_xla.sync instead
  xm.mark_step()   # slice sync graph: F6/F7 done
2026-09-09 08:45:10.000389:  50169  [INFO]: Using a cached neff at /home/ubuntu/neuron_cache_e2e/neuronxcc-2.23.6484.0+3b612583/MODULE_4735309194420800545+e30acd3a/model.neff
/home/ubuntu/train_llama10b_tp_families.py:538: DeprecationWarning: Use torch_xla.sync instead
  xm.mark_step()   # slice sync graph: F6/F7 done
/home/ubuntu/train_llama10b_tp_families.py:538: DeprecationWarning: Use torch_xla.sync instead
  xm.mark_step()   # slice sync graph: F6/F7 done
/home/ubuntu/train_llama10b_tp_families.py:538: DeprecationWarning: Use torch_xla.sync instead
  xm.mark_step()   # slice sync graph: F6/F7 done
/home/ubuntu/train_llama10b_tp_families.py:538: DeprecationWarning: Use torch_xla.sync instead
  xm.mark_step()   # slice sync graph: F6/F7 done
/home/ubuntu/train_llama10b_tp_families.py:538: DeprecationWarning: Use torch_xla.sync instead
  xm.mark_step()   # slice sync graph: F6/F7 done
/home/ubuntu/train_llama10b_tp_families.py:557: DeprecationWarning: Use torch_xla.sync instead
  xm.mark_step()
/home/ubuntu/train_llama10b_tp_families.py:538: DeprecationWarning: Use torch_xla.sync instead
  xm.mark_step()   # slice sync graph: F6/F7 done
/home/ubuntu/train_llama10b_tp_families.py:538: DeprecationWarning: Use torch_xla.sync instead
  xm.mark_step()   # slice sync graph: F6/F7 done
/home/ubuntu/train_llama10b_tp_families.py:538: DeprecationWarning: Use torch_xla.sync instead
  xm.mark_step()   # slice sync graph: F6/F7 done
2026-09-09 08:45:10.000447:  50150  [INFO]: Using a cached neff at /home/ubuntu/neuron_cache_e2e/neuronxcc-2.23.6484.0+3b612583/MODULE_4735309194420800545+e30acd3a/model.neff
/home/ubuntu/train_llama10b_tp_families.py:538: DeprecationWarning: Use torch_xla.sync instead
  xm.mark_step()   # slice sync graph: F6/F7 done
/home/ubuntu/train_llama10b_tp_families.py:557: DeprecationWarning: Use torch_xla.sync instead
  xm.mark_step()
/home/ubuntu/train_llama10b_tp_families.py:538: DeprecationWarning: Use torch_xla.sync instead
  xm.mark_step()   # slice sync graph: F6/F7 done
/home/ubuntu/train_llama10b_tp_families.py:538: DeprecationWarning: Use torch_xla.sync instead
  xm.mark_step()   # slice sync graph: F6/F7 done
/home/ubuntu/train_llama10b_tp_families.py:538: DeprecationWarning: Use torch_xla.sync instead
  xm.mark_step()   # slice sync graph: F6/F7 done
/home/ubuntu/train_llama10b_tp_families.py:538: DeprecationWarning: Use torch_xla.sync instead
  xm.mark_step()   # slice sync graph: F6/F7 done
2026-09-09 08:45:10.000472:  50140  [INFO]: Using a cached neff at /home/ubuntu/neuron_cache_e2e/neuronxcc-2.23.6484.0+3b612583/MODULE_4735309194420800545+e30acd3a/model.neff
/home/ubuntu/train_llama10b_tp_families.py:538: DeprecationWarning: Use torch_xla.sync instead
  xm.mark_step()   # slice sync graph: F6/F7 done
2026-09-09 08:45:10.000480:  50146  [INFO]: Using a cached neff at /home/ubuntu/neuron_cache_e2e/neuronxcc-2.23.6484.0+3b612583/MODULE_4735309194420800545+e30acd3a/model.neff
/home/ubuntu/train_llama10b_tp_families.py:538: DeprecationWarning: Use torch_xla.sync instead
  xm.mark_step()   # slice sync graph: F6/F7 done
/home/ubuntu/train_llama10b_tp_families.py:538: DeprecationWarning: Use torch_xla.sync instead
  xm.mark_step()   # slice sync graph: F6/F7 done
2026-09-09 08:45:10.000500:  50163  [INFO]: Using a cached neff at /home/ubuntu/neuron_cache_e2e/neuronxcc-2.23.6484.0+3b612583/MODULE_4735309194420800545+e30acd3a/model.neff
/home/ubuntu/train_llama10b_tp_families.py:557: DeprecationWarning: Use torch_xla.sync instead
  xm.mark_step()
2026-09-09 08:45:10.000504:  50145  [INFO]: Using a cached neff at /home/ubuntu/neuron_cache_e2e/neuronxcc-2.23.6484.0+3b612583/MODULE_4735309194420800545+e30acd3a/model.neff
2026-09-09 08:45:10.000507:  50168  [INFO]: Using a cached neff at /home/ubuntu/neuron_cache_e2e/neuronxcc-2.23.6484.0+3b612583/MODULE_4735309194420800545+e30acd3a/model.neff
2026-09-09 08:45:10.000512:  50143  [INFO]: Using a cached neff at /home/ubuntu/neuron_cache_e2e/neuronxcc-2.23.6484.0+3b612583/MODULE_4735309194420800545+e30acd3a/model.neff
2026-09-09 08:45:10.000517:  50153  [INFO]: Using a cached neff at /home/ubuntu/neuron_cache_e2e/neuronxcc-2.23.6484.0+3b612583/MODULE_4735309194420800545+e30acd3a/model.neff
2026-09-09 08:45:10.000522:  50149  [INFO]: Using a cached neff at /home/ubuntu/neuron_cache_e2e/neuronxcc-2.23.6484.0+3b612583/MODULE_4735309194420800545+e30acd3a/model.neff
2026-09-09 08:45:10.000535:  50147  [INFO]: Using a cached neff at /home/ubuntu/neuron_cache_e2e/neuronxcc-2.23.6484.0+3b612583/MODULE_4735309194420800545+e30acd3a/model.neff
/home/ubuntu/train_llama10b_tp_families.py:557: DeprecationWarning: Use torch_xla.sync instead
  xm.mark_step()
2026-09-09 08:45:10.000560:  50156  [INFO]: Using a cached neff at /home/ubuntu/neuron_cache_e2e/neuronxcc-2.23.6484.0+3b612583/MODULE_4735309194420800545+e30acd3a/model.neff
2026-09-09 08:45:10.000566:  50139  [INFO]: Using a cached neff at /home/ubuntu/neuron_cache_e2e/neuronxcc-2.23.6484.0+3b612583/MODULE_4735309194420800545+e30acd3a/model.neff
2026-09-09 08:45:10.000572:  50142  [INFO]: Using a cached neff at /home/ubuntu/neuron_cache_e2e/neuronxcc-2.23.6484.0+3b612583/MODULE_4735309194420800545+e30acd3a/model.neff
2026-09-09 08:45:10.000573:  50162  [INFO]: Using a cached neff at /home/ubuntu/neuron_cache_e2e/neuronxcc-2.23.6484.0+3b612583/MODULE_4735309194420800545+e30acd3a/model.neff
/home/ubuntu/train_llama10b_tp_families.py:557: DeprecationWarning: Use torch_xla.sync instead
  xm.mark_step()
2026-09-09 08:45:10.000584:  50159  [INFO]: Using a cached neff at /home/ubuntu/neuron_cache_e2e/neuronxcc-2.23.6484.0+3b612583/MODULE_4735309194420800545+e30acd3a/model.neff
/home/ubuntu/train_llama10b_tp_families.py:557: DeprecationWarning: Use torch_xla.sync instead
  xm.mark_step()
2026-09-09 08:45:10.000591:  50154  [INFO]: Using a cached neff at /home/ubuntu/neuron_cache_e2e/neuronxcc-2.23.6484.0+3b612583/MODULE_4735309194420800545+e30acd3a/model.neff
/home/ubuntu/train_llama10b_tp_families.py:557: DeprecationWarning: Use torch_xla.sync instead
  xm.mark_step()
2026-09-09 08:45:10.000602:  50160  [INFO]: Using a cached neff at /home/ubuntu/neuron_cache_e2e/neuronxcc-2.23.6484.0+3b612583/MODULE_4735309194420800545+e30acd3a/model.neff
/home/ubuntu/train_llama10b_tp_families.py:557: DeprecationWarning: Use torch_xla.sync instead
  xm.mark_step()
2026-09-09 08:45:10.000610:  50148  [INFO]: Using a cached neff at /home/ubuntu/neuron_cache_e2e/neuronxcc-2.23.6484.0+3b612583/MODULE_4735309194420800545+e30acd3a/model.neff
/home/ubuntu/train_llama10b_tp_families.py:557: DeprecationWarning: Use torch_xla.sync instead
  xm.mark_step()
/home/ubuntu/train_llama10b_tp_families.py:557: DeprecationWarning: Use torch_xla.sync instead
  xm.mark_step()
/home/ubuntu/train_llama10b_tp_families.py:557: DeprecationWarning: Use torch_xla.sync instead
  xm.mark_step()
/home/ubuntu/train_llama10b_tp_families.py:557: DeprecationWarning: Use torch_xla.sync instead
  xm.mark_step()
2026-09-09 08:45:10.000627:  50144  [INFO]: Using a cached neff at /home/ubuntu/neuron_cache_e2e/neuronxcc-2.23.6484.0+3b612583/MODULE_4735309194420800545+e30acd3a/model.neff
2026-09-09 08:45:10.000629:  50164  [INFO]: Using a cached neff at /home/ubuntu/neuron_cache_e2e/neuronxcc-2.23.6484.0+3b612583/MODULE_4735309194420800545+e30acd3a/model.neff
2026-09-09 08:45:10.000633:  50165  [INFO]: Using a cached neff at /home/ubuntu/neuron_cache_e2e/neuronxcc-2.23.6484.0+3b612583/MODULE_4735309194420800545+e30acd3a/model.neff
/home/ubuntu/train_llama10b_tp_families.py:557: DeprecationWarning: Use torch_xla.sync instead
  xm.mark_step()
2026-09-09 08:45:10.000646:  50155  [INFO]: Using a cached neff at /home/ubuntu/neuron_cache_e2e/neuronxcc-2.23.6484.0+3b612583/MODULE_4735309194420800545+e30acd3a/model.neff
2026-09-09 08:45:10.000648:  50166  [INFO]: Using a cached neff at /home/ubuntu/neuron_cache_e2e/neuronxcc-2.23.6484.0+3b612583/MODULE_4735309194420800545+e30acd3a/model.neff
/home/ubuntu/train_llama10b_tp_families.py:557: DeprecationWarning: Use torch_xla.sync instead
  xm.mark_step()
/home/ubuntu/train_llama10b_tp_families.py:557: DeprecationWarning: Use torch_xla.sync instead
  xm.mark_step()
/home/ubuntu/train_llama10b_tp_families.py:557: DeprecationWarning: Use torch_xla.sync instead
  xm.mark_step()
/home/ubuntu/train_llama10b_tp_families.py:557: DeprecationWarning: Use torch_xla.sync instead
  xm.mark_step()
/home/ubuntu/train_llama10b_tp_families.py:557: DeprecationWarning: Use torch_xla.sync instead
  xm.mark_step()
/home/ubuntu/train_llama10b_tp_families.py:557: DeprecationWarning: Use torch_xla.sync instead
  xm.mark_step()
/home/ubuntu/train_llama10b_tp_families.py:557: DeprecationWarning: Use torch_xla.sync instead
  xm.mark_step()
/home/ubuntu/train_llama10b_tp_families.py:557: DeprecationWarning: Use torch_xla.sync instead
  xm.mark_step()
/home/ubuntu/train_llama10b_tp_families.py:557: DeprecationWarning: Use torch_xla.sync instead
  xm.mark_step()
/home/ubuntu/train_llama10b_tp_families.py:557: DeprecationWarning: Use torch_xla.sync instead
  xm.mark_step()
/home/ubuntu/train_llama10b_tp_families.py:557: DeprecationWarning: Use torch_xla.sync instead
  xm.mark_step()
/home/ubuntu/train_llama10b_tp_families.py:557: DeprecationWarning: Use torch_xla.sync instead
  xm.mark_step()
/home/ubuntu/train_llama10b_tp_families.py:557: DeprecationWarning: Use torch_xla.sync instead
  xm.mark_step()
2026-09-09 08:45:11.000525:  50141  [INFO]: Using a cached neff at /home/ubuntu/neuron_cache_e2e/neuronxcc-2.23.6484.0+3b612583/MODULE_2126413186853582282+e30acd3a/model.neff
2026-09-09 08:45:11.000545:  50152  [INFO]: Using a cached neff at /home/ubuntu/neuron_cache_e2e/neuronxcc-2.23.6484.0+3b612583/MODULE_2126413186853582282+e30acd3a/model.neff
2026-09-09 08:45:11.000601:  50161  [INFO]: Using a cached neff at /home/ubuntu/neuron_cache_e2e/neuronxcc-2.23.6484.0+3b612583/MODULE_2126413186853582282+e30acd3a/model.neff
2026-09-09 08:45:11.000619:  50151  [INFO]: Using a cached neff at /home/ubuntu/neuron_cache_e2e/neuronxcc-2.23.6484.0+3b612583/MODULE_2126413186853582282+e30acd3a/model.neff
2026-09-09 08:45:11.000691:  50157  [INFO]: Using a cached neff at /home/ubuntu/neuron_cache_e2e/neuronxcc-2.23.6484.0+3b612583/MODULE_2126413186853582282+e30acd3a/model.neff
2026-09-09 08:45:11.000737:  50167  [INFO]: Using a cached neff at /home/ubuntu/neuron_cache_e2e/neuronxcc-2.23.6484.0+3b612583/MODULE_2126413186853582282+e30acd3a/model.neff
2026-09-09 08:45:11.000781:  50170  [INFO]: Using a cached neff at /home/ubuntu/neuron_cache_e2e/neuronxcc-2.23.6484.0+3b612583/MODULE_2126413186853582282+e30acd3a/model.neff
2026-09-09 08:45:11.000818:  50158  [INFO]: Using a cached neff at /home/ubuntu/neuron_cache_e2e/neuronxcc-2.23.6484.0+3b612583/MODULE_2126413186853582282+e30acd3a/model.neff
2026-09-09 08:45:11.000828:  50140  [INFO]: Using a cached neff at /home/ubuntu/neuron_cache_e2e/neuronxcc-2.23.6484.0+3b612583/MODULE_2126413186853582282+e30acd3a/model.neff
2026-09-09 08:45:11.000845:  50169  [INFO]: Using a cached neff at /home/ubuntu/neuron_cache_e2e/neuronxcc-2.23.6484.0+3b612583/MODULE_2126413186853582282+e30acd3a/model.neff
2026-09-09 08:45:11.000871:  50150  [INFO]: Using a cached neff at /home/ubuntu/neuron_cache_e2e/neuronxcc-2.23.6484.0+3b612583/MODULE_2126413186853582282+e30acd3a/model.neff
2026-09-09 08:45:11.000892:  50142  [INFO]: Using a cached neff at /home/ubuntu/neuron_cache_e2e/neuronxcc-2.23.6484.0+3b612583/MODULE_2126413186853582282+e30acd3a/model.neff
2026-09-09 08:45:11.000940:  50168  [INFO]: Using a cached neff at /home/ubuntu/neuron_cache_e2e/neuronxcc-2.23.6484.0+3b612583/MODULE_2126413186853582282+e30acd3a/model.neff
2026-09-09 08:45:11.000966:  50139  [INFO]: Using a cached neff at /home/ubuntu/neuron_cache_e2e/neuronxcc-2.23.6484.0+3b612583/MODULE_2126413186853582282+e30acd3a/model.neff
2026-09-09 08:45:11.000972:  50146  [INFO]: Using a cached neff at /home/ubuntu/neuron_cache_e2e/neuronxcc-2.23.6484.0+3b612583/MODULE_2126413186853582282+e30acd3a/model.neff
2026-09-09 08:45:11.000990:  50153  [INFO]: Using a cached neff at /home/ubuntu/neuron_cache_e2e/neuronxcc-2.23.6484.0+3b612583/MODULE_2126413186853582282+e30acd3a/model.neff
2026-09-09 08:45:12.000016:  50154  [INFO]: Using a cached neff at /home/ubuntu/neuron_cache_e2e/neuronxcc-2.23.6484.0+3b612583/MODULE_2126413186853582282+e30acd3a/model.neff
2026-09-09 08:45:12.000020:  50163  [INFO]: Using a cached neff at /home/ubuntu/neuron_cache_e2e/neuronxcc-2.23.6484.0+3b612583/MODULE_2126413186853582282+e30acd3a/model.neff
2026-09-09 08:45:12.000353:  50149  [INFO]: Using a cached neff at /home/ubuntu/neuron_cache_e2e/neuronxcc-2.23.6484.0+3b612583/MODULE_2126413186853582282+e30acd3a/model.neff
2026-09-09 08:45:12.000397:  50147  [INFO]: Using a cached neff at /home/ubuntu/neuron_cache_e2e/neuronxcc-2.23.6484.0+3b612583/MODULE_2126413186853582282+e30acd3a/model.neff
2026-09-09 08:45:12.000575:  50156  [INFO]: Using a cached neff at /home/ubuntu/neuron_cache_e2e/neuronxcc-2.23.6484.0+3b612583/MODULE_2126413186853582282+e30acd3a/model.neff
2026-09-09 08:45:12.000754:  50143  [INFO]: Using a cached neff at /home/ubuntu/neuron_cache_e2e/neuronxcc-2.23.6484.0+3b612583/MODULE_2126413186853582282+e30acd3a/model.neff
/home/ubuntu/train_llama10b_tp_families.py:616: DeprecationWarning: Use torch_xla.sync instead
  xm.mark_step()
/home/ubuntu/train_llama10b_tp_families.py:616: DeprecationWarning: Use torch_xla.sync instead
  xm.mark_step()
/home/ubuntu/train_llama10b_tp_families.py:616: DeprecationWarning: Use torch_xla.sync instead
  xm.mark_step()
2026-09-09 08:45:12.000875:  50160  [INFO]: Using a cached neff at /home/ubuntu/neuron_cache_e2e/neuronxcc-2.23.6484.0+3b612583/MODULE_2126413186853582282+e30acd3a/model.neff
/home/ubuntu/train_llama10b_tp_families.py:616: DeprecationWarning: Use torch_xla.sync instead
  xm.mark_step()
/home/ubuntu/train_llama10b_tp_families.py:616: DeprecationWarning: Use torch_xla.sync instead
  xm.mark_step()
/home/ubuntu/train_llama10b_tp_families.py:616: DeprecationWarning: Use torch_xla.sync instead
  xm.mark_step()
2026-09-09 08:45:12.000962:  50145  [INFO]: Using a cached neff at /home/ubuntu/neuron_cache_e2e/neuronxcc-2.23.6484.0+3b612583/MODULE_2126413186853582282+e30acd3a/model.neff
2026-09-09 08:45:12.000962:  50159  [INFO]: Using a cached neff at /home/ubuntu/neuron_cache_e2e/neuronxcc-2.23.6484.0+3b612583/MODULE_2126413186853582282+e30acd3a/model.neff
2026-09-09 08:45:12.000962:  50148  [INFO]: Using a cached neff at /home/ubuntu/neuron_cache_e2e/neuronxcc-2.23.6484.0+3b612583/MODULE_2126413186853582282+e30acd3a/model.neff
2026-09-09 08:45:12.000962:  50162  [INFO]: Using a cached neff at /home/ubuntu/neuron_cache_e2e/neuronxcc-2.23.6484.0+3b612583/MODULE_2126413186853582282+e30acd3a/model.neff
/home/ubuntu/train_llama10b_tp_families.py:616: DeprecationWarning: Use torch_xla.sync instead
  xm.mark_step()
/home/ubuntu/train_llama10b_tp_families.py:616: DeprecationWarning: Use torch_xla.sync instead
  xm.mark_step()
2026-09-09 08:45:13.000005:  50155  [INFO]: Using a cached neff at /home/ubuntu/neuron_cache_e2e/neuronxcc-2.23.6484.0+3b612583/MODULE_2126413186853582282+e30acd3a/model.neff
/home/ubuntu/train_llama10b_tp_families.py:616: DeprecationWarning: Use torch_xla.sync instead
  xm.mark_step()
/home/ubuntu/train_llama10b_tp_families.py:616: DeprecationWarning: Use torch_xla.sync instead
  xm.mark_step()
2026-09-09 08:45:13.000052:  50144  [INFO]: Using a cached neff at /home/ubuntu/neuron_cache_e2e/neuronxcc-2.23.6484.0+3b612583/MODULE_2126413186853582282+e30acd3a/model.neff
2026-09-09 08:45:13.000052:  50166  [INFO]: Using a cached neff at /home/ubuntu/neuron_cache_e2e/neuronxcc-2.23.6484.0+3b612583/MODULE_2126413186853582282+e30acd3a/model.neff
/home/ubuntu/train_llama10b_tp_families.py:616: DeprecationWarning: Use torch_xla.sync instead
  xm.mark_step()
/home/ubuntu/train_llama10b_tp_families.py:616: DeprecationWarning: Use torch_xla.sync instead
  xm.mark_step()
2026-09-09 08:45:13.000092:  50165  [INFO]: Using a cached neff at /home/ubuntu/neuron_cache_e2e/neuronxcc-2.23.6484.0+3b612583/MODULE_2126413186853582282+e30acd3a/model.neff
/home/ubuntu/train_llama10b_tp_families.py:616: DeprecationWarning: Use torch_xla.sync instead
  xm.mark_step()
/home/ubuntu/train_llama10b_tp_families.py:616: DeprecationWarning: Use torch_xla.sync instead
  xm.mark_step()
2026-09-09 08:45:13.000168:  50164  [INFO]: Using a cached neff at /home/ubuntu/neuron_cache_e2e/neuronxcc-2.23.6484.0+3b612583/MODULE_2126413186853582282+e30acd3a/model.neff
/home/ubuntu/train_llama10b_tp_families.py:616: DeprecationWarning: Use torch_xla.sync instead
  xm.mark_step()
/home/ubuntu/train_llama10b_tp_families.py:616: DeprecationWarning: Use torch_xla.sync instead
  xm.mark_step()
/home/ubuntu/train_llama10b_tp_families.py:616: DeprecationWarning: Use torch_xla.sync instead
  xm.mark_step()
/home/ubuntu/train_llama10b_tp_families.py:616: DeprecationWarning: Use torch_xla.sync instead
  xm.mark_step()
2026-09-09 08:45:13.000291:  50141  [INFO]: Using a cached neff at /home/ubuntu/neuron_cache_e2e/neuronxcc-2.23.6484.0+3b612583/MODULE_5297984159468587655+e30acd3a/model.neff
2026-09-09 08:45:13.000308:  50161  [INFO]: Using a cached neff at /home/ubuntu/neuron_cache_e2e/neuronxcc-2.23.6484.0+3b612583/MODULE_5297984159468587655+e30acd3a/model.neff
2026-09-09 08:45:13.000315:  50152  [INFO]: Using a cached neff at /home/ubuntu/neuron_cache_e2e/neuronxcc-2.23.6484.0+3b612583/MODULE_5297984159468587655+e30acd3a/model.neff
2026-09-09 08:45:13.000326:  50151  [INFO]: Using a cached neff at /home/ubuntu/neuron_cache_e2e/neuronxcc-2.23.6484.0+3b612583/MODULE_5297984159468587655+e30acd3a/model.neff
2026-09-09 08:45:13.000366:  50167  [INFO]: Using a cached neff at /home/ubuntu/neuron_cache_e2e/neuronxcc-2.23.6484.0+3b612583/MODULE_5297984159468587655+e30acd3a/model.neff
2026-09-09 08:45:13.000396:  50157  [INFO]: Using a cached neff at /home/ubuntu/neuron_cache_e2e/neuronxcc-2.23.6484.0+3b612583/MODULE_5297984159468587655+e30acd3a/model.neff
2026-09-09 08:45:13.000413:  50158  [INFO]: Using a cached neff at /home/ubuntu/neuron_cache_e2e/neuronxcc-2.23.6484.0+3b612583/MODULE_5297984159468587655+e30acd3a/model.neff
2026-09-09 08:45:13.000460:  50170  [INFO]: Using a cached neff at /home/ubuntu/neuron_cache_e2e/neuronxcc-2.23.6484.0+3b612583/MODULE_5297984159468587655+e30acd3a/model.neff
2026-09-09 08:45:13.000465:  50140  [INFO]: Using a cached neff at /home/ubuntu/neuron_cache_e2e/neuronxcc-2.23.6484.0+3b612583/MODULE_5297984159468587655+e30acd3a/model.neff
2026-09-09 08:45:13.000483:  50169  [INFO]: Using a cached neff at /home/ubuntu/neuron_cache_e2e/neuronxcc-2.23.6484.0+3b612583/MODULE_5297984159468587655+e30acd3a/model.neff
2026-09-09 08:45:13.000512:  50142  [INFO]: Using a cached neff at /home/ubuntu/neuron_cache_e2e/neuronxcc-2.23.6484.0+3b612583/MODULE_5297984159468587655+e30acd3a/model.neff
2026-09-09 08:45:13.000529:  50150  [INFO]: Using a cached neff at /home/ubuntu/neuron_cache_e2e/neuronxcc-2.23.6484.0+3b612583/MODULE_5297984159468587655+e30acd3a/model.neff
/home/ubuntu/train_llama10b_tp_families.py:616: DeprecationWarning: Use torch_xla.sync instead
  xm.mark_step()
2026-09-09 08:45:13.000547:  50146  [INFO]: Using a cached neff at /home/ubuntu/neuron_cache_e2e/neuronxcc-2.23.6484.0+3b612583/MODULE_5297984159468587655+e30acd3a/model.neff
2026-09-09 08:45:13.000570:  50139  [INFO]: Using a cached neff at /home/ubuntu/neuron_cache_e2e/neuronxcc-2.23.6484.0+3b612583/MODULE_5297984159468587655+e30acd3a/model.neff
2026-09-09 08:45:13.000593:  50154  [INFO]: Using a cached neff at /home/ubuntu/neuron_cache_e2e/neuronxcc-2.23.6484.0+3b612583/MODULE_5297984159468587655+e30acd3a/model.neff
2026-09-09 08:45:13.000632:  50153  [INFO]: Using a cached neff at /home/ubuntu/neuron_cache_e2e/neuronxcc-2.23.6484.0+3b612583/MODULE_5297984159468587655+e30acd3a/model.neff
2026-09-09 08:45:13.000649:  50168  [INFO]: Using a cached neff at /home/ubuntu/neuron_cache_e2e/neuronxcc-2.23.6484.0+3b612583/MODULE_5297984159468587655+e30acd3a/model.neff
2026-09-09 08:45:13.000661:  50163  [INFO]: Using a cached neff at /home/ubuntu/neuron_cache_e2e/neuronxcc-2.23.6484.0+3b612583/MODULE_5297984159468587655+e30acd3a/model.neff
2026-09-09 08:45:13.000730:  50151  [INFO]: Using a cached neff at /home/ubuntu/neuron_cache_e2e/neuronxcc-2.23.6484.0+3b612583/MODULE_1982581477933138385+e30acd3a/model.neff
2026-09-09 08:45:13.000735:  50167  [INFO]: Using a cached neff at /home/ubuntu/neuron_cache_e2e/neuronxcc-2.23.6484.0+3b612583/MODULE_1982581477933138385+e30acd3a/model.neff
2026-09-09 08:45:13.000741:  50141  [INFO]: Using a cached neff at /home/ubuntu/neuron_cache_e2e/neuronxcc-2.23.6484.0+3b612583/MODULE_1982581477933138385+e30acd3a/model.neff
2026-09-09 08:45:13.000746:  50157  [INFO]: Using a cached neff at /home/ubuntu/neuron_cache_e2e/neuronxcc-2.23.6484.0+3b612583/MODULE_1982581477933138385+e30acd3a/model.neff
2026-09-09 08:45:13.000773:  50152  [INFO]: Using a cached neff at /home/ubuntu/neuron_cache_e2e/neuronxcc-2.23.6484.0+3b612583/MODULE_1982581477933138385+e30acd3a/model.neff
/home/ubuntu/train_llama10b_tp_families.py:627: DeprecationWarning: Use torch_xla.sync instead
  xm.mark_step()
2026-09-09 08:45:13.000799:  50158  [INFO]: Using a cached neff at /home/ubuntu/neuron_cache_e2e/neuronxcc-2.23.6484.0+3b612583/MODULE_1982581477933138385+e30acd3a/model.neff
/home/ubuntu/train_llama10b_tp_families.py:627: DeprecationWarning: Use torch_xla.sync instead
  xm.mark_step()
/home/ubuntu/train_llama10b_tp_families.py:627: DeprecationWarning: Use torch_xla.sync instead
  xm.mark_step()
/home/ubuntu/train_llama10b_tp_families.py:616: DeprecationWarning: Use torch_xla.sync instead
  xm.mark_step()
/home/ubuntu/train_llama10b_tp_families.py:627: DeprecationWarning: Use torch_xla.sync instead
  xm.mark_step()
2026-09-09 08:45:13.000821:  50149  [INFO]: Using a cached neff at /home/ubuntu/neuron_cache_e2e/neuronxcc-2.23.6484.0+3b612583/MODULE_5297984159468587655+e30acd3a/model.neff
/home/ubuntu/train_llama10b_tp_families.py:627: DeprecationWarning: Use torch_xla.sync instead
  xm.mark_step()
2026-09-09 08:45:13.000847:  50170  [INFO]: Using a cached neff at /home/ubuntu/neuron_cache_e2e/neuronxcc-2.23.6484.0+3b612583/MODULE_1982581477933138385+e30acd3a/model.neff
/home/ubuntu/train_llama10b_tp_families.py:627: DeprecationWarning: Use torch_xla.sync instead
  xm.mark_step()
2026-09-09 08:45:13.000879:  50140  [INFO]: Using a cached neff at /home/ubuntu/neuron_cache_e2e/neuronxcc-2.23.6484.0+3b612583/MODULE_1982581477933138385+e30acd3a/model.neff
2026-09-09 08:45:13.000905:  50169  [INFO]: Using a cached neff at /home/ubuntu/neuron_cache_e2e/neuronxcc-2.23.6484.0+3b612583/MODULE_1982581477933138385+e30acd3a/model.neff
/home/ubuntu/train_llama10b_tp_families.py:616: DeprecationWarning: Use torch_xla.sync instead
  xm.mark_step()
2026-09-09 08:45:13.000911:  50161  [INFO]: Using a cached neff at /home/ubuntu/neuron_cache_e2e/neuronxcc-2.23.6484.0+3b612583/MODULE_1982581477933138385+e30acd3a/model.neff
/home/ubuntu/train_llama10b_tp_families.py:627: DeprecationWarning: Use torch_xla.sync instead
  xm.mark_step()
2026-09-09 08:45:13.000927:  50142  [INFO]: Using a cached neff at /home/ubuntu/neuron_cache_e2e/neuronxcc-2.23.6484.0+3b612583/MODULE_1982581477933138385+e30acd3a/model.neff
2026-09-09 08:45:13.000937:  50150  [INFO]: Using a cached neff at /home/ubuntu/neuron_cache_e2e/neuronxcc-2.23.6484.0+3b612583/MODULE_1982581477933138385+e30acd3a/model.neff
/home/ubuntu/train_llama10b_tp_families.py:627: DeprecationWarning: Use torch_xla.sync instead
  xm.mark_step()
2026-09-09 08:45:13.000953:  50146  [INFO]: Using a cached neff at /home/ubuntu/neuron_cache_e2e/neuronxcc-2.23.6484.0+3b612583/MODULE_1982581477933138385+e30acd3a/model.neff
/home/ubuntu/train_llama10b_tp_families.py:627: DeprecationWarning: Use torch_xla.sync instead
  xm.mark_step()
2026-09-09 08:45:13.000984:  50139  [INFO]: Using a cached neff at /home/ubuntu/neuron_cache_e2e/neuronxcc-2.23.6484.0+3b612583/MODULE_1982581477933138385+e30acd3a/model.neff
/home/ubuntu/train_llama10b_tp_families.py:627: DeprecationWarning: Use torch_xla.sync instead
  xm.mark_step()
/home/ubuntu/train_llama10b_tp_families.py:627: DeprecationWarning: Use torch_xla.sync instead
  xm.mark_step()
2026-09-09 08:45:14.000005:  50154  [INFO]: Using a cached neff at /home/ubuntu/neuron_cache_e2e/neuronxcc-2.23.6484.0+3b612583/MODULE_1982581477933138385+e30acd3a/model.neff
/home/ubuntu/train_llama10b_tp_families.py:627: DeprecationWarning: Use torch_xla.sync instead
  xm.mark_step()
2026-09-09 08:45:14.000026:  50153  [INFO]: Using a cached neff at /home/ubuntu/neuron_cache_e2e/neuronxcc-2.23.6484.0+3b612583/MODULE_1982581477933138385+e30acd3a/model.neff
/home/ubuntu/train_llama10b_tp_families.py:627: DeprecationWarning: Use torch_xla.sync instead
  xm.mark_step()
/home/ubuntu/train_llama10b_tp_families.py:627: DeprecationWarning: Use torch_xla.sync instead
  xm.mark_step()
2026-09-09 08:45:14.000054:  50168  [INFO]: Using a cached neff at /home/ubuntu/neuron_cache_e2e/neuronxcc-2.23.6484.0+3b612583/MODULE_1982581477933138385+e30acd3a/model.neff
2026-09-09 08:45:14.000062:  50163  [INFO]: Using a cached neff at /home/ubuntu/neuron_cache_e2e/neuronxcc-2.23.6484.0+3b612583/MODULE_1982581477933138385+e30acd3a/model.neff
/home/ubuntu/train_llama10b_tp_families.py:627: DeprecationWarning: Use torch_xla.sync instead
  xm.mark_step()
2026-09-09 08:45:14.000070:  50151  [INFO]: Using a cached neff at /home/ubuntu/neuron_cache_e2e/neuronxcc-2.23.6484.0+3b612583/MODULE_9111549282147898643+e30acd3a/model.neff
/home/ubuntu/train_llama10b_tp_families.py:627: DeprecationWarning: Use torch_xla.sync instead
  xm.mark_step()
/home/ubuntu/train_llama10b_tp_families.py:616: DeprecationWarning: Use torch_xla.sync instead
  xm.mark_step()
2026-09-09 08:45:14.000089:  50167  [INFO]: Using a cached neff at /home/ubuntu/neuron_cache_e2e/neuronxcc-2.23.6484.0+3b612583/MODULE_9111549282147898643+e30acd3a/model.neff
/home/ubuntu/train_llama10b_tp_families.py:644: DeprecationWarning: Use torch_xla.sync instead
  xm.mark_step()
2026-09-09 08:45:14.000100:  50141  [INFO]: Using a cached neff at /home/ubuntu/neuron_cache_e2e/neuronxcc-2.23.6484.0+3b612583/MODULE_9111549282147898643+e30acd3a/model.neff
/home/ubuntu/train_llama10b_tp_families.py:627: DeprecationWarning: Use torch_xla.sync instead
  xm.mark_step()
2026-09-09 08:45:14.000103:  50157  [INFO]: Using a cached neff at /home/ubuntu/neuron_cache_e2e/neuronxcc-2.23.6484.0+3b612583/MODULE_9111549282147898643+e30acd3a/model.neff
/home/ubuntu/train_llama10b_tp_families.py:644: DeprecationWarning: Use torch_xla.sync instead
  xm.mark_step()
/home/ubuntu/train_llama10b_tp_families.py:627: DeprecationWarning: Use torch_xla.sync instead
  xm.mark_step()
2026-09-09 08:45:14.000113:  50147  [INFO]: Using a cached neff at /home/ubuntu/neuron_cache_e2e/neuronxcc-2.23.6484.0+3b612583/MODULE_5297984159468587655+e30acd3a/model.neff
/home/ubuntu/train_llama10b_tp_families.py:644: DeprecationWarning: Use torch_xla.sync instead
  xm.mark_step()
/home/ubuntu/train_llama10b_tp_families.py:644: DeprecationWarning: Use torch_xla.sync instead
  xm.mark_step()
2026-09-09 08:45:14.000131:  50152  [INFO]: Using a cached neff at /home/ubuntu/neuron_cache_e2e/neuronxcc-2.23.6484.0+3b612583/MODULE_9111549282147898643+e30acd3a/model.neff
2026-09-09 08:45:14.000144:  50158  [INFO]: Using a cached neff at /home/ubuntu/neuron_cache_e2e/neuronxcc-2.23.6484.0+3b612583/MODULE_9111549282147898643+e30acd3a/model.neff
2026-09-09 08:45:14.000162:  50156  [INFO]: Using a cached neff at /home/ubuntu/neuron_cache_e2e/neuronxcc-2.23.6484.0+3b612583/MODULE_5297984159468587655+e30acd3a/model.neff
/home/ubuntu/train_llama10b_tp_families.py:644: DeprecationWarning: Use torch_xla.sync instead
  xm.mark_step()
2026-09-09 08:45:14.000169:  50149  [INFO]: Using a cached neff at /home/ubuntu/neuron_cache_e2e/neuronxcc-2.23.6484.0+3b612583/MODULE_1982581477933138385+e30acd3a/model.neff
/home/ubuntu/train_llama10b_tp_families.py:644: DeprecationWarning: Use torch_xla.sync instead
  xm.mark_step()
2026-09-09 08:45:14.000174:  50170  [INFO]: Using a cached neff at /home/ubuntu/neuron_cache_e2e/neuronxcc-2.23.6484.0+3b612583/MODULE_9111549282147898643+e30acd3a/model.neff
2026-09-09 08:45:14.000189:  50169  [INFO]: Using a cached neff at /home/ubuntu/neuron_cache_e2e/neuronxcc-2.23.6484.0+3b612583/MODULE_9111549282147898643+e30acd3a/model.neff
2026-09-09 08:45:14.000196:  50140  [INFO]: Using a cached neff at /home/ubuntu/neuron_cache_e2e/neuronxcc-2.23.6484.0+3b612583/MODULE_9111549282147898643+e30acd3a/model.neff
2026-09-09 08:45:14.000204:  50161  [INFO]: Using a cached neff at /home/ubuntu/neuron_cache_e2e/neuronxcc-2.23.6484.0+3b612583/MODULE_9111549282147898643+e30acd3a/model.neff
2026-09-09 08:45:14.000205:  50142  [INFO]: Using a cached neff at /home/ubuntu/neuron_cache_e2e/neuronxcc-2.23.6484.0+3b612583/MODULE_9111549282147898643+e30acd3a/model.neff
/home/ubuntu/train_llama10b_tp_families.py:644: DeprecationWarning: Use torch_xla.sync instead
  xm.mark_step()
/home/ubuntu/train_llama10b_tp_families.py:644: DeprecationWarning: Use torch_xla.sync instead
  xm.mark_step()
2026-09-09 08:45:14.000212:  50150  [INFO]: Using a cached neff at /home/ubuntu/neuron_cache_e2e/neuronxcc-2.23.6484.0+3b612583/MODULE_9111549282147898643+e30acd3a/model.neff
/home/ubuntu/train_llama10b_tp_families.py:644: DeprecationWarning: Use torch_xla.sync instead
  xm.mark_step()
2026-09-09 08:45:14.000218:  50146  [INFO]: Using a cached neff at /home/ubuntu/neuron_cache_e2e/neuronxcc-2.23.6484.0+3b612583/MODULE_9111549282147898643+e30acd3a/model.neff
/home/ubuntu/train_llama10b_tp_families.py:627: DeprecationWarning: Use torch_xla.sync instead
  xm.mark_step()
/home/ubuntu/train_llama10b_tp_families.py:644: DeprecationWarning: Use torch_xla.sync instead
  xm.mark_step()
/home/ubuntu/train_llama10b_tp_families.py:644: DeprecationWarning: Use torch_xla.sync instead
  xm.mark_step()
/home/ubuntu/train_llama10b_tp_families.py:644: DeprecationWarning: Use torch_xla.sync instead
  xm.mark_step()
2026-09-09 08:45:14.000236:  50139  [INFO]: Using a cached neff at /home/ubuntu/neuron_cache_e2e/neuronxcc-2.23.6484.0+3b612583/MODULE_9111549282147898643+e30acd3a/model.neff
/home/ubuntu/train_llama10b_tp_families.py:644: DeprecationWarning: Use torch_xla.sync instead
  xm.mark_step()
2026-09-09 08:45:14.000247:  50154  [INFO]: Using a cached neff at /home/ubuntu/neuron_cache_e2e/neuronxcc-2.23.6484.0+3b612583/MODULE_9111549282147898643+e30acd3a/model.neff
/home/ubuntu/train_llama10b_tp_families.py:616: DeprecationWarning: Use torch_xla.sync instead
  xm.mark_step()
2026-09-09 08:45:14.000254:  50153  [INFO]: Using a cached neff at /home/ubuntu/neuron_cache_e2e/neuronxcc-2.23.6484.0+3b612583/MODULE_9111549282147898643+e30acd3a/model.neff
/home/ubuntu/train_llama10b_tp_families.py:616: DeprecationWarning: Use torch_xla.sync instead
  xm.mark_step()
/home/ubuntu/train_llama10b_tp_families.py:644: DeprecationWarning: Use torch_xla.sync instead
  xm.mark_step()
2026-09-09 08:45:14.000265:  50143  [INFO]: Using a cached neff at /home/ubuntu/neuron_cache_e2e/neuronxcc-2.23.6484.0+3b612583/MODULE_5297984159468587655+e30acd3a/model.neff
2026-09-09 08:45:14.000268:  50151  [INFO]: Using a cached neff at /home/ubuntu/neuron_cache_e2e/neuronxcc-2.23.6484.0+3b612583/MODULE_14060166962429309307+e30acd3a/model.neff
2026-09-09 08:45:14.000270:  50163  [INFO]: Using a cached neff at /home/ubuntu/neuron_cache_e2e/neuronxcc-2.23.6484.0+3b612583/MODULE_9111549282147898643+e30acd3a/model.neff
/home/ubuntu/train_llama10b_tp_families.py:644: DeprecationWarning: Use torch_xla.sync instead
  xm.mark_step()
/home/ubuntu/train_llama10b_tp_families.py:644: DeprecationWarning: Use torch_xla.sync instead
  xm.mark_step()
2026-09-09 08:45:14.000296:  50168  [INFO]: Using a cached neff at /home/ubuntu/neuron_cache_e2e/neuronxcc-2.23.6484.0+3b612583/MODULE_9111549282147898643+e30acd3a/model.neff
2026-09-09 08:45:14.000300:  50167  [INFO]: Using a cached neff at /home/ubuntu/neuron_cache_e2e/neuronxcc-2.23.6484.0+3b612583/MODULE_14060166962429309307+e30acd3a/model.neff
/home/ubuntu/train_llama10b_tp_families.py:644: DeprecationWarning: Use torch_xla.sync instead
  xm.mark_step()
/home/ubuntu/train_llama10b_tp_families.py:616: DeprecationWarning: Use torch_xla.sync instead
  xm.mark_step()
/home/ubuntu/train_llama10b_tp_families.py:616: DeprecationWarning: Use torch_xla.sync instead
  xm.mark_step()
/home/ubuntu/train_llama10b_tp_families.py:644: DeprecationWarning: Use torch_xla.sync instead
  xm.mark_step()
/home/ubuntu/train_llama10b_tp_families.py:616: DeprecationWarning: Use torch_xla.sync instead
  xm.mark_step()
2026-09-09 08:45:14.000325:  50157  [INFO]: Using a cached neff at /home/ubuntu/neuron_cache_e2e/neuronxcc-2.23.6484.0+3b612583/MODULE_14060166962429309307+e30acd3a/model.neff
/home/ubuntu/train_llama10b_tp_families.py:616: DeprecationWarning: Use torch_xla.sync instead
  xm.mark_step()
2026-09-09 08:45:14.000328:  50141  [INFO]: Using a cached neff at /home/ubuntu/neuron_cache_e2e/neuronxcc-2.23.6484.0+3b612583/MODULE_14060166962429309307+e30acd3a/model.neff
2026-09-09 08:45:14.000331:  50152  [INFO]: Using a cached neff at /home/ubuntu/neuron_cache_e2e/neuronxcc-2.23.6484.0+3b612583/MODULE_14060166962429309307+e30acd3a/model.neff
2026-09-09 08:45:14.000344:  50158  [INFO]: Using a cached neff at /home/ubuntu/neuron_cache_e2e/neuronxcc-2.23.6484.0+3b612583/MODULE_14060166962429309307+e30acd3a/model.neff
/home/ubuntu/train_llama10b_tp_families.py:616: DeprecationWarning: Use torch_xla.sync instead
  xm.mark_step()
2026-09-09 08:45:14.000360:  50170  [INFO]: Using a cached neff at /home/ubuntu/neuron_cache_e2e/neuronxcc-2.23.6484.0+3b612583/MODULE_14060166962429309307+e30acd3a/model.neff
2026-09-09 08:45:14.000366:  50169  [INFO]: Using a cached neff at /home/ubuntu/neuron_cache_e2e/neuronxcc-2.23.6484.0+3b612583/MODULE_14060166962429309307+e30acd3a/model.neff
/home/ubuntu/train_llama10b_tp_families.py:616: DeprecationWarning: Use torch_xla.sync instead
  xm.mark_step()
2026-09-09 08:45:14.000378:  50147  [INFO]: Using a cached neff at /home/ubuntu/neuron_cache_e2e/neuronxcc-2.23.6484.0+3b612583/MODULE_1982581477933138385+e30acd3a/model.neff
/home/ubuntu/train_llama10b_tp_families.py:616: DeprecationWarning: Use torch_xla.sync instead
  xm.mark_step()
2026-09-09 08:45:14.000393:  50140  [INFO]: Using a cached neff at /home/ubuntu/neuron_cache_e2e/neuronxcc-2.23.6484.0+3b612583/MODULE_14060166962429309307+e30acd3a/model.neff
2026-09-09 08:45:14.000404:  50149  [INFO]: Using a cached neff at /home/ubuntu/neuron_cache_e2e/neuronxcc-2.23.6484.0+3b612583/MODULE_9111549282147898643+e30acd3a/model.neff
2026-09-09 08:45:14.000416:  50142  [INFO]: Using a cached neff at /home/ubuntu/neuron_cache_e2e/neuronxcc-2.23.6484.0+3b612583/MODULE_14060166962429309307+e30acd3a/model.neff
2026-09-09 08:45:14.000421:  50161  [INFO]: Using a cached neff at /home/ubuntu/neuron_cache_e2e/neuronxcc-2.23.6484.0+3b612583/MODULE_14060166962429309307+e30acd3a/model.neff
/home/ubuntu/train_llama10b_tp_families.py:616: DeprecationWarning: Use torch_xla.sync instead
  xm.mark_step()
2026-09-09 08:45:14.000428:  50150  [INFO]: Using a cached neff at /home/ubuntu/neuron_cache_e2e/neuronxcc-2.23.6484.0+3b612583/MODULE_14060166962429309307+e30acd3a/model.neff
/home/ubuntu/train_llama10b_tp_families.py:644: DeprecationWarning: Use torch_xla.sync instead
  xm.mark_step()
/home/ubuntu/train_llama10b_tp_families.py:627: DeprecationWarning: Use torch_xla.sync instead
  xm.mark_step()
2026-09-09 08:45:14.000450:  50146  [INFO]: Using a cached neff at /home/ubuntu/neuron_cache_e2e/neuronxcc-2.23.6484.0+3b612583/MODULE_14060166962429309307+e30acd3a/model.neff
2026-09-09 08:45:14.000470:  50139  [INFO]: Using a cached neff at /home/ubuntu/neuron_cache_e2e/neuronxcc-2.23.6484.0+3b612583/MODULE_14060166962429309307+e30acd3a/model.neff
2026-09-09 08:45:14.000483:  50162  [INFO]: Using a cached neff at /home/ubuntu/neuron_cache_e2e/neuronxcc-2.23.6484.0+3b612583/MODULE_5297984159468587655+e30acd3a/model.neff
2026-09-09 08:45:14.000497:  50160  [INFO]: Using a cached neff at /home/ubuntu/neuron_cache_e2e/neuronxcc-2.23.6484.0+3b612583/MODULE_5297984159468587655+e30acd3a/model.neff
2026-09-09 08:45:14.000521:  50154  [INFO]: Using a cached neff at /home/ubuntu/neuron_cache_e2e/neuronxcc-2.23.6484.0+3b612583/MODULE_14060166962429309307+e30acd3a/model.neff
2026-09-09 08:45:14.000524:  50153  [INFO]: Using a cached neff at /home/ubuntu/neuron_cache_e2e/neuronxcc-2.23.6484.0+3b612583/MODULE_14060166962429309307+e30acd3a/model.neff
2026-09-09 08:45:14.000544:  50163  [INFO]: Using a cached neff at /home/ubuntu/neuron_cache_e2e/neuronxcc-2.23.6484.0+3b612583/MODULE_14060166962429309307+e30acd3a/model.neff
2026-09-09 08:45:14.000557:  50159  [INFO]: Using a cached neff at /home/ubuntu/neuron_cache_e2e/neuronxcc-2.23.6484.0+3b612583/MODULE_5297984159468587655+e30acd3a/model.neff
2026-09-09 08:45:14.000566:  50151  [INFO]: Using a cached neff at /home/ubuntu/neuron_cache_e2e/neuronxcc-2.23.6484.0+3b612583/MODULE_9156856424950103227+e30acd3a/model.neff
2026-09-09 08:45:14.000596:  50145  [INFO]: Using a cached neff at /home/ubuntu/neuron_cache_e2e/neuronxcc-2.23.6484.0+3b612583/MODULE_5297984159468587655+e30acd3a/model.neff
2026-09-09 08:45:14.000605:  50168  [INFO]: Using a cached neff at /home/ubuntu/neuron_cache_e2e/neuronxcc-2.23.6484.0+3b612583/MODULE_14060166962429309307+e30acd3a/model.neff
2026-09-09 08:45:14.000633:  50155  [INFO]: Using a cached neff at /home/ubuntu/neuron_cache_e2e/neuronxcc-2.23.6484.0+3b612583/MODULE_5297984159468587655+e30acd3a/model.neff
2026-09-09 08:45:14.000647:  50148  [INFO]: Using a cached neff at /home/ubuntu/neuron_cache_e2e/neuronxcc-2.23.6484.0+3b612583/MODULE_5297984159468587655+e30acd3a/model.neff
2026-09-09 08:45:14.000663:  50167  [INFO]: Using a cached neff at /home/ubuntu/neuron_cache_e2e/neuronxcc-2.23.6484.0+3b612583/MODULE_9156856424950103227+e30acd3a/model.neff
2026-09-09 08:45:14.000712:  50143  [INFO]: Using a cached neff at /home/ubuntu/neuron_cache_e2e/neuronxcc-2.23.6484.0+3b612583/MODULE_1982581477933138385+e30acd3a/model.neff
2026-09-09 08:45:14.000718:  50166  [INFO]: Using a cached neff at /home/ubuntu/neuron_cache_e2e/neuronxcc-2.23.6484.0+3b612583/MODULE_5297984159468587655+e30acd3a/model.neff
2026-09-09 08:45:14.000732:  50141  [INFO]: Using a cached neff at /home/ubuntu/neuron_cache_e2e/neuronxcc-2.23.6484.0+3b612583/MODULE_9156856424950103227+e30acd3a/model.neff
2026-09-09 08:45:14.000736:  50152  [INFO]: Using a cached neff at /home/ubuntu/neuron_cache_e2e/neuronxcc-2.23.6484.0+3b612583/MODULE_9156856424950103227+e30acd3a/model.neff
2026-09-09 08:45:14.000756:  50144  [INFO]: Using a cached neff at /home/ubuntu/neuron_cache_e2e/neuronxcc-2.23.6484.0+3b612583/MODULE_5297984159468587655+e30acd3a/model.neff
2026-09-09 08:45:14.000762:  50165  [INFO]: Using a cached neff at /home/ubuntu/neuron_cache_e2e/neuronxcc-2.23.6484.0+3b612583/MODULE_5297984159468587655+e30acd3a/model.neff
/home/ubuntu/train_llama10b_tp_families.py:627: DeprecationWarning: Use torch_xla.sync instead
  xm.mark_step()
2026-09-09 08:45:14.000807:  50158  [INFO]: Using a cached neff at /home/ubuntu/neuron_cache_e2e/neuronxcc-2.23.6484.0+3b612583/MODULE_9156856424950103227+e30acd3a/model.neff
2026-09-09 08:45:14.000810:  50157  [INFO]: Using a cached neff at /home/ubuntu/neuron_cache_e2e/neuronxcc-2.23.6484.0+3b612583/MODULE_9156856424950103227+e30acd3a/model.neff
2026-09-09 08:45:14.000827:  50170  [INFO]: Using a cached neff at /home/ubuntu/neuron_cache_e2e/neuronxcc-2.23.6484.0+3b612583/MODULE_9156856424950103227+e30acd3a/model.neff
2026-09-09 08:45:14.000839:  50169  [INFO]: Using a cached neff at /home/ubuntu/neuron_cache_e2e/neuronxcc-2.23.6484.0+3b612583/MODULE_9156856424950103227+e30acd3a/model.neff
2026-09-09 08:45:14.000850:  50156  [INFO]: Using a cached neff at /home/ubuntu/neuron_cache_e2e/neuronxcc-2.23.6484.0+3b612583/MODULE_1982581477933138385+e30acd3a/model.neff
2026-09-09 08:45:14.000866:  50164  [INFO]: Using a cached neff at /home/ubuntu/neuron_cache_e2e/neuronxcc-2.23.6484.0+3b612583/MODULE_5297984159468587655+e30acd3a/model.neff
2026-09-09 08:45:14.000875:  50147  [INFO]: Using a cached neff at /home/ubuntu/neuron_cache_e2e/neuronxcc-2.23.6484.0+3b612583/MODULE_9111549282147898643+e30acd3a/model.neff
2026-09-09 08:45:14.000898:  50149  [INFO]: Using a cached neff at /home/ubuntu/neuron_cache_e2e/neuronxcc-2.23.6484.0+3b612583/MODULE_14060166962429309307+e30acd3a/model.neff
2026-09-09 08:45:14.000901:  50140  [INFO]: Using a cached neff at /home/ubuntu/neuron_cache_e2e/neuronxcc-2.23.6484.0+3b612583/MODULE_9156856424950103227+e30acd3a/model.neff
/home/ubuntu/train_llama10b_tp_families.py:644: DeprecationWarning: Use torch_xla.sync instead
  xm.mark_step()
/home/ubuntu/train_llama10b_tp_families.py:627: DeprecationWarning: Use torch_xla.sync instead
  xm.mark_step()
2026-09-09 08:45:14.000920:  50142  [INFO]: Using a cached neff at /home/ubuntu/neuron_cache_e2e/neuronxcc-2.23.6484.0+3b612583/MODULE_9156856424950103227+e30acd3a/model.neff
2026-09-09 08:45:14.000926:  50161  [INFO]: Using a cached neff at /home/ubuntu/neuron_cache_e2e/neuronxcc-2.23.6484.0+3b612583/MODULE_9156856424950103227+e30acd3a/model.neff
2026-09-09 08:45:14.000945:  50150  [INFO]: Using a cached neff at /home/ubuntu/neuron_cache_e2e/neuronxcc-2.23.6484.0+3b612583/MODULE_9156856424950103227+e30acd3a/model.neff
2026-09-09 08:45:14.000955:  50146  [INFO]: Using a cached neff at /home/ubuntu/neuron_cache_e2e/neuronxcc-2.23.6484.0+3b612583/MODULE_9156856424950103227+e30acd3a/model.neff
2026-09-09 08:45:14.000964:  50139  [INFO]: Using a cached neff at /home/ubuntu/neuron_cache_e2e/neuronxcc-2.23.6484.0+3b612583/MODULE_9156856424950103227+e30acd3a/model.neff
2026-09-09 08:45:14.000985:  50153  [INFO]: Using a cached neff at /home/ubuntu/neuron_cache_e2e/neuronxcc-2.23.6484.0+3b612583/MODULE_9156856424950103227+e30acd3a/model.neff
2026-09-09 08:45:14.000997:  50154  [INFO]: Using a cached neff at /home/ubuntu/neuron_cache_e2e/neuronxcc-2.23.6484.0+3b612583/MODULE_9156856424950103227+e30acd3a/model.neff
2026-09-09 08:45:15.000014:  50162  [INFO]: Using a cached neff at /home/ubuntu/neuron_cache_e2e/neuronxcc-2.23.6484.0+3b612583/MODULE_1982581477933138385+e30acd3a/model.neff
2026-09-09 08:45:15.000034:  50163  [INFO]: Using a cached neff at /home/ubuntu/neuron_cache_e2e/neuronxcc-2.23.6484.0+3b612583/MODULE_9156856424950103227+e30acd3a/model.neff
2026-09-09 08:45:15.000047:  50160  [INFO]: Using a cached neff at /home/ubuntu/neuron_cache_e2e/neuronxcc-2.23.6484.0+3b612583/MODULE_1982581477933138385+e30acd3a/model.neff
2026-09-09 08:45:15.000063:  50151  [INFO]: Using a cached neff at /home/ubuntu/neuron_cache_e2e/neuronxcc-2.23.6484.0+3b612583/MODULE_5822669904513104586+e30acd3a/model.neff
/home/ubuntu/train_llama10b_tp_families.py:627: DeprecationWarning: Use torch_xla.sync instead
  xm.mark_step()
2026-09-09 08:45:15.000079:  50168  [INFO]: Using a cached neff at /home/ubuntu/neuron_cache_e2e/neuronxcc-2.23.6484.0+3b612583/MODULE_9156856424950103227+e30acd3a/model.neff
2026-09-09 08:45:15.000084:  50159  [INFO]: Using a cached neff at /home/ubuntu/neuron_cache_e2e/neuronxcc-2.23.6484.0+3b612583/MODULE_1982581477933138385+e30acd3a/model.neff
2026-09-09 08:45:15.000100:  50145  [INFO]: Using a cached neff at /home/ubuntu/neuron_cache_e2e/neuronxcc-2.23.6484.0+3b612583/MODULE_1982581477933138385+e30acd3a/model.neff
2026-09-09 08:45:15.000105:  50167  [INFO]: Using a cached neff at /home/ubuntu/neuron_cache_e2e/neuronxcc-2.23.6484.0+3b612583/MODULE_5822669904513104586+e30acd3a/model.neff
/home/ubuntu/train_llama10b_tp_families.py:627: DeprecationWarning: Use torch_xla.sync instead
  xm.mark_step()
2026-09-09 08:45:15.000135:  50155  [INFO]: Using a cached neff at /home/ubuntu/neuron_cache_e2e/neuronxcc-2.23.6484.0+3b612583/MODULE_1982581477933138385+e30acd3a/model.neff
2026-09-09 08:45:15.000141:  50148  [INFO]: Using a cached neff at /home/ubuntu/neuron_cache_e2e/neuronxcc-2.23.6484.0+3b612583/MODULE_1982581477933138385+e30acd3a/model.neff
/home/ubuntu/train_llama10b_tp_families.py:627: DeprecationWarning: Use torch_xla.sync instead
  xm.mark_step()
/home/ubuntu/train_llama10b_tp_families.py:627: DeprecationWarning: Use torch_xla.sync instead
  xm.mark_step()
2026-09-09 08:45:15.000164:  50141  [INFO]: Using a cached neff at /home/ubuntu/neuron_cache_e2e/neuronxcc-2.23.6484.0+3b612583/MODULE_5822669904513104586+e30acd3a/model.neff
2026-09-09 08:45:15.000164:  50152  [INFO]: Using a cached neff at /home/ubuntu/neuron_cache_e2e/neuronxcc-2.23.6484.0+3b612583/MODULE_5822669904513104586+e30acd3a/model.neff
2026-09-09 08:45:15.000171:  50143  [INFO]: Using a cached neff at /home/ubuntu/neuron_cache_e2e/neuronxcc-2.23.6484.0+3b612583/MODULE_9111549282147898643+e30acd3a/model.neff
2026-09-09 08:45:15.000181:  50166  [INFO]: Using a cached neff at /home/ubuntu/neuron_cache_e2e/neuronxcc-2.23.6484.0+3b612583/MODULE_1982581477933138385+e30acd3a/model.neff
/home/ubuntu/train_llama10b_tp_families.py:627: DeprecationWarning: Use torch_xla.sync instead
  xm.mark_step()
2026-09-09 08:45:15.000183:  50158  [INFO]: Using a cached neff at /home/ubuntu/neuron_cache_e2e/neuronxcc-2.23.6484.0+3b612583/MODULE_5822669904513104586+e30acd3a/model.neff
/home/ubuntu/train_llama10b_tp_families.py:644: DeprecationWarning: Use torch_xla.sync instead
  xm.mark_step()
/home/ubuntu/train_llama10b_tp_families.py:627: DeprecationWarning: Use torch_xla.sync instead
  xm.mark_step()
2026-09-09 08:45:15.000202:  50157  [INFO]: Using a cached neff at /home/ubuntu/neuron_cache_e2e/neuronxcc-2.23.6484.0+3b612583/MODULE_5822669904513104586+e30acd3a/model.neff
2026-09-09 08:45:15.000225:  50144  [INFO]: Using a cached neff at /home/ubuntu/neuron_cache_e2e/neuronxcc-2.23.6484.0+3b612583/MODULE_1982581477933138385+e30acd3a/model.neff
2026-09-09 08:45:15.000232:  50165  [INFO]: Using a cached neff at /home/ubuntu/neuron_cache_e2e/neuronxcc-2.23.6484.0+3b612583/MODULE_1982581477933138385+e30acd3a/model.neff
/home/ubuntu/train_llama10b_tp_families.py:627: DeprecationWarning: Use torch_xla.sync instead
  xm.mark_step()
2026-09-09 08:45:15.000234:  50170  [INFO]: Using a cached neff at /home/ubuntu/neuron_cache_e2e/neuronxcc-2.23.6484.0+3b612583/MODULE_5822669904513104586+e30acd3a/model.neff
2026-09-09 08:45:15.000248:  50169  [INFO]: Using a cached neff at /home/ubuntu/neuron_cache_e2e/neuronxcc-2.23.6484.0+3b612583/MODULE_5822669904513104586+e30acd3a/model.neff
2026-09-09 08:45:15.000254:  50147  [INFO]: Using a cached neff at /home/ubuntu/neuron_cache_e2e/neuronxcc-2.23.6484.0+3b612583/MODULE_14060166962429309307+e30acd3a/model.neff
2026-09-09 08:45:15.000269:  50156  [INFO]: Using a cached neff at /home/ubuntu/neuron_cache_e2e/neuronxcc-2.23.6484.0+3b612583/MODULE_9111549282147898643+e30acd3a/model.neff
2026-09-09 08:45:15.000273:  50149  [INFO]: Using a cached neff at /home/ubuntu/neuron_cache_e2e/neuronxcc-2.23.6484.0+3b612583/MODULE_9156856424950103227+e30acd3a/model.neff
/home/ubuntu/train_llama10b_tp_families.py:627: DeprecationWarning: Use torch_xla.sync instead
  xm.mark_step()
/home/ubuntu/train_llama10b_tp_families.py:627: DeprecationWarning: Use torch_xla.sync instead
  xm.mark_step()
2026-09-09 08:45:15.000285:  50161  [INFO]: Using a cached neff at /home/ubuntu/neuron_cache_e2e/neuronxcc-2.23.6484.0+3b612583/MODULE_5822669904513104586+e30acd3a/model.neff
2026-09-09 08:45:15.000286:  50140  [INFO]: Using a cached neff at /home/ubuntu/neuron_cache_e2e/neuronxcc-2.23.6484.0+3b612583/MODULE_5822669904513104586+e30acd3a/model.neff
/home/ubuntu/train_llama10b_tp_families.py:644: DeprecationWarning: Use torch_xla.sync instead
  xm.mark_step()
2026-09-09 08:45:15.000304:  50164  [INFO]: Using a cached neff at /home/ubuntu/neuron_cache_e2e/neuronxcc-2.23.6484.0+3b612583/MODULE_1982581477933138385+e30acd3a/model.neff
2026-09-09 08:45:15.000305:  50150  [INFO]: Using a cached neff at /home/ubuntu/neuron_cache_e2e/neuronxcc-2.23.6484.0+3b612583/MODULE_5822669904513104586+e30acd3a/model.neff
2026-09-09 08:45:15.000306:  50142  [INFO]: Using a cached neff at /home/ubuntu/neuron_cache_e2e/neuronxcc-2.23.6484.0+3b612583/MODULE_5822669904513104586+e30acd3a/model.neff
2026-09-09 08:45:15.000318:  50139  [INFO]: Using a cached neff at /home/ubuntu/neuron_cache_e2e/neuronxcc-2.23.6484.0+3b612583/MODULE_5822669904513104586+e30acd3a/model.neff
2026-09-09 08:45:15.000319:  50153  [INFO]: Using a cached neff at /home/ubuntu/neuron_cache_e2e/neuronxcc-2.23.6484.0+3b612583/MODULE_5822669904513104586+e30acd3a/model.neff
2026-09-09 08:45:15.000322:  50146  [INFO]: Using a cached neff at /home/ubuntu/neuron_cache_e2e/neuronxcc-2.23.6484.0+3b612583/MODULE_5822669904513104586+e30acd3a/model.neff
2026-09-09 08:45:15.000330:  50154  [INFO]: Using a cached neff at /home/ubuntu/neuron_cache_e2e/neuronxcc-2.23.6484.0+3b612583/MODULE_5822669904513104586+e30acd3a/model.neff
2026-09-09 08:45:15.000336:  50162  [INFO]: Using a cached neff at /home/ubuntu/neuron_cache_e2e/neuronxcc-2.23.6484.0+3b612583/MODULE_9111549282147898643+e30acd3a/model.neff
2026-09-09 08:45:15.000339:  50163  [INFO]: Using a cached neff at /home/ubuntu/neuron_cache_e2e/neuronxcc-2.23.6484.0+3b612583/MODULE_5822669904513104586+e30acd3a/model.neff
/home/ubuntu/train_llama10b_tp_families.py:627: DeprecationWarning: Use torch_xla.sync instead
  xm.mark_step()
2026-09-09 08:45:15.000353:  50160  [INFO]: Using a cached neff at /home/ubuntu/neuron_cache_e2e/neuronxcc-2.23.6484.0+3b612583/MODULE_9111549282147898643+e30acd3a/model.neff
/home/ubuntu/train_llama10b_tp_families.py:644: DeprecationWarning: Use torch_xla.sync instead
  xm.mark_step()
2026-09-09 08:45:15.000356:  50140  [INFO]: Using a cached neff at /home/ubuntu/neuron_cache_e2e/neuronxcc-2.23.6484.0+3b612583/MODULE_2373622694781085304+e30acd3a/model.neff
2026-09-09 08:45:15.000357:  50168  [INFO]: Using a cached neff at /home/ubuntu/neuron_cache_e2e/neuronxcc-2.23.6484.0+3b612583/MODULE_5822669904513104586+e30acd3a/model.neff
2026-09-09 08:45:15.000360:  50151  [INFO]: Using a cached neff at /home/ubuntu/neuron_cache_e2e/neuronxcc-2.23.6484.0+3b612583/MODULE_2373622694781085304+e30acd3a/model.neff
2026-09-09 08:45:15.000367:  50159  [INFO]: Using a cached neff at /home/ubuntu/neuron_cache_e2e/neuronxcc-2.23.6484.0+3b612583/MODULE_9111549282147898643+e30acd3a/model.neff
2026-09-09 08:45:15.000372:  50167  [INFO]: Using a cached neff at /home/ubuntu/neuron_cache_e2e/neuronxcc-2.23.6484.0+3b612583/MODULE_2373622694781085304+e30acd3a/model.neff
/home/ubuntu/train_llama10b_tp_families.py:644: DeprecationWarning: Use torch_xla.sync instead
  xm.mark_step()
2026-09-09 08:45:15.000374:  50145  [INFO]: Using a cached neff at /home/ubuntu/neuron_cache_e2e/neuronxcc-2.23.6484.0+3b612583/MODULE_9111549282147898643+e30acd3a/model.neff
2026-09-09 08:45:15.000380:  50155  [INFO]: Using a cached neff at /home/ubuntu/neuron_cache_e2e/neuronxcc-2.23.6484.0+3b612583/MODULE_9111549282147898643+e30acd3a/model.neff
2026-09-09 08:45:15.000391:  50143  [INFO]: Using a cached neff at /home/ubuntu/neuron_cache_e2e/neuronxcc-2.23.6484.0+3b612583/MODULE_14060166962429309307+e30acd3a/model.neff
/home/ubuntu/train_llama10b_tp_families.py:644: DeprecationWarning: Use torch_xla.sync instead
  xm.mark_step()
2026-09-09 08:45:15.000396:  50148  [INFO]: Using a cached neff at /home/ubuntu/neuron_cache_e2e/neuronxcc-2.23.6484.0+3b612583/MODULE_9111549282147898643+e30acd3a/model.neff
/home/ubuntu/train_llama10b_tp_families.py:644: DeprecationWarning: Use torch_xla.sync instead
  xm.mark_step()
2026-09-09 08:45:15.000401:  50141  [INFO]: Using a cached neff at /home/ubuntu/neuron_cache_e2e/neuronxcc-2.23.6484.0+3b612583/MODULE_2373622694781085304+e30acd3a/model.neff
/home/ubuntu/train_llama10b_tp_families.py:644: DeprecationWarning: Use torch_xla.sync instead
  xm.mark_step()
2026-09-09 08:45:15.000407:  50152  [INFO]: Using a cached neff at /home/ubuntu/neuron_cache_e2e/neuronxcc-2.23.6484.0+3b612583/MODULE_2373622694781085304+e30acd3a/model.neff
2026-09-09 08:45:15.000410:  50158  [INFO]: Using a cached neff at /home/ubuntu/neuron_cache_e2e/neuronxcc-2.23.6484.0+3b612583/MODULE_2373622694781085304+e30acd3a/model.neff
/home/ubuntu/train_llama10b_tp_families.py:644: DeprecationWarning: Use torch_xla.sync instead
  xm.mark_step()
2026-09-09 08:45:15.000421:  50166  [INFO]: Using a cached neff at /home/ubuntu/neuron_cache_e2e/neuronxcc-2.23.6484.0+3b612583/MODULE_9111549282147898643+e30acd3a/model.neff
2026-09-09 08:45:15.000425:  50170  [INFO]: Using a cached neff at /home/ubuntu/neuron_cache_e2e/neuronxcc-2.23.6484.0+3b612583/MODULE_2373622694781085304+e30acd3a/model.neff
2026-09-09 08:45:15.000426:  50157  [INFO]: Using a cached neff at /home/ubuntu/neuron_cache_e2e/neuronxcc-2.23.6484.0+3b612583/MODULE_2373622694781085304+e30acd3a/model.neff
2026-09-09 08:45:15.000429:  50144  [INFO]: Using a cached neff at /home/ubuntu/neuron_cache_e2e/neuronxcc-2.23.6484.0+3b612583/MODULE_9111549282147898643+e30acd3a/model.neff
/home/ubuntu/train_llama10b_tp_families.py:644: DeprecationWarning: Use torch_xla.sync instead
  xm.mark_step()
/home/ubuntu/train_llama10b_tp_families.py:644: DeprecationWarning: Use torch_xla.sync instead
  xm.mark_step()
2026-09-09 08:45:15.000447:  50165  [INFO]: Using a cached neff at /home/ubuntu/neuron_cache_e2e/neuronxcc-2.23.6484.0+3b612583/MODULE_9111549282147898643+e30acd3a/model.neff
2026-09-09 08:45:15.000448:  50169  [INFO]: Using a cached neff at /home/ubuntu/neuron_cache_e2e/neuronxcc-2.23.6484.0+3b612583/MODULE_2373622694781085304+e30acd3a/model.neff
2026-09-09 08:45:15.000459:  50147  [INFO]: Using a cached neff at /home/ubuntu/neuron_cache_e2e/neuronxcc-2.23.6484.0+3b612583/MODULE_9156856424950103227+e30acd3a/model.neff
2026-09-09 08:45:15.000465:  50156  [INFO]: Using a cached neff at /home/ubuntu/neuron_cache_e2e/neuronxcc-2.23.6484.0+3b612583/MODULE_14060166962429309307+e30acd3a/model.neff
2026-09-09 08:45:15.000466:  50149  [INFO]: Using a cached neff at /home/ubuntu/neuron_cache_e2e/neuronxcc-2.23.6484.0+3b612583/MODULE_5822669904513104586+e30acd3a/model.neff
/home/ubuntu/train_llama10b_tp_families.py:644: DeprecationWarning: Use torch_xla.sync instead
  xm.mark_step()
2026-09-09 08:45:15.000473:  50161  [INFO]: Using a cached neff at /home/ubuntu/neuron_cache_e2e/neuronxcc-2.23.6484.0+3b612583/MODULE_2373622694781085304+e30acd3a/model.neff
2026-09-09 08:45:15.000483:  50150  [INFO]: Using a cached neff at /home/ubuntu/neuron_cache_e2e/neuronxcc-2.23.6484.0+3b612583/MODULE_2373622694781085304+e30acd3a/model.neff
2026-09-09 08:45:15.000488:  50142  [INFO]: Using a cached neff at /home/ubuntu/neuron_cache_e2e/neuronxcc-2.23.6484.0+3b612583/MODULE_2373622694781085304+e30acd3a/model.neff
2026-09-09 08:45:15.000491:  50139  [INFO]: Using a cached neff at /home/ubuntu/neuron_cache_e2e/neuronxcc-2.23.6484.0+3b612583/MODULE_2373622694781085304+e30acd3a/model.neff
2026-09-09 08:45:15.000494:  50153  [INFO]: Using a cached neff at /home/ubuntu/neuron_cache_e2e/neuronxcc-2.23.6484.0+3b612583/MODULE_2373622694781085304+e30acd3a/model.neff
2026-09-09 08:45:15.000494:  50164  [INFO]: Using a cached neff at /home/ubuntu/neuron_cache_e2e/neuronxcc-2.23.6484.0+3b612583/MODULE_9111549282147898643+e30acd3a/model.neff
2026-09-09 08:45:15.000506:  50146  [INFO]: Using a cached neff at /home/ubuntu/neuron_cache_e2e/neuronxcc-2.23.6484.0+3b612583/MODULE_2373622694781085304+e30acd3a/model.neff
2026-09-09 08:45:15.000510:  50162  [INFO]: Using a cached neff at /home/ubuntu/neuron_cache_e2e/neuronxcc-2.23.6484.0+3b612583/MODULE_14060166962429309307+e30acd3a/model.neff
/home/ubuntu/train_llama10b_tp_families.py:644: DeprecationWarning: Use torch_xla.sync instead
  xm.mark_step()
2026-09-09 08:45:15.000519:  50154  [INFO]: Using a cached neff at /home/ubuntu/neuron_cache_e2e/neuronxcc-2.23.6484.0+3b612583/MODULE_2373622694781085304+e30acd3a/model.neff
2026-09-09 08:45:15.000520:  50163  [INFO]: Using a cached neff at /home/ubuntu/neuron_cache_e2e/neuronxcc-2.23.6484.0+3b612583/MODULE_2373622694781085304+e30acd3a/model.neff
2026-09-09 08:45:15.000536:  50160  [INFO]: Using a cached neff at /home/ubuntu/neuron_cache_e2e/neuronxcc-2.23.6484.0+3b612583/MODULE_14060166962429309307+e30acd3a/model.neff
2026-09-09 08:45:15.000537:  50140  [INFO]: Using a cached neff at /home/ubuntu/neuron_cache_e2e/neuronxcc-2.23.6484.0+3b612583/MODULE_15546749088224118202+e30acd3a/model.neff
2026-09-09 08:45:15.000538:  50168  [INFO]: Using a cached neff at /home/ubuntu/neuron_cache_e2e/neuronxcc-2.23.6484.0+3b612583/MODULE_2373622694781085304+e30acd3a/model.neff
2026-09-09 08:45:15.000556:  50151  [INFO]: Using a cached neff at /home/ubuntu/neuron_cache_e2e/neuronxcc-2.23.6484.0+3b612583/MODULE_15546749088224118202+e30acd3a/model.neff
2026-09-09 08:45:15.000556:  50159  [INFO]: Using a cached neff at /home/ubuntu/neuron_cache_e2e/neuronxcc-2.23.6484.0+3b612583/MODULE_14060166962429309307+e30acd3a/model.neff
2026-09-09 08:45:15.000572:  50145  [INFO]: Using a cached neff at /home/ubuntu/neuron_cache_e2e/neuronxcc-2.23.6484.0+3b612583/MODULE_14060166962429309307+e30acd3a/model.neff
2026-09-09 08:45:15.000572:  50167  [INFO]: Using a cached neff at /home/ubuntu/neuron_cache_e2e/neuronxcc-2.23.6484.0+3b612583/MODULE_15546749088224118202+e30acd3a/model.neff
2026-09-09 08:45:15.000582:  50155  [INFO]: Using a cached neff at /home/ubuntu/neuron_cache_e2e/neuronxcc-2.23.6484.0+3b612583/MODULE_14060166962429309307+e30acd3a/model.neff
2026-09-09 08:45:15.000593:  50148  [INFO]: Using a cached neff at /home/ubuntu/neuron_cache_e2e/neuronxcc-2.23.6484.0+3b612583/MODULE_14060166962429309307+e30acd3a/model.neff
2026-09-09 08:45:15.000602:  50143  [INFO]: Using a cached neff at /home/ubuntu/neuron_cache_e2e/neuronxcc-2.23.6484.0+3b612583/MODULE_9156856424950103227+e30acd3a/model.neff
2026-09-09 08:45:15.000611:  50141  [INFO]: Using a cached neff at /home/ubuntu/neuron_cache_e2e/neuronxcc-2.23.6484.0+3b612583/MODULE_15546749088224118202+e30acd3a/model.neff
2026-09-09 08:45:15.000613:  50152  [INFO]: Using a cached neff at /home/ubuntu/neuron_cache_e2e/neuronxcc-2.23.6484.0+3b612583/MODULE_15546749088224118202+e30acd3a/model.neff
2026-09-09 08:45:15.000618:  50158  [INFO]: Using a cached neff at /home/ubuntu/neuron_cache_e2e/neuronxcc-2.23.6484.0+3b612583/MODULE_15546749088224118202+e30acd3a/model.neff
2026-09-09 08:45:15.000636:  50144  [INFO]: Using a cached neff at /home/ubuntu/neuron_cache_e2e/neuronxcc-2.23.6484.0+3b612583/MODULE_14060166962429309307+e30acd3a/model.neff
2026-09-09 08:45:15.000638:  50166  [INFO]: Using a cached neff at /home/ubuntu/neuron_cache_e2e/neuronxcc-2.23.6484.0+3b612583/MODULE_14060166962429309307+e30acd3a/model.neff
2026-09-09 08:45:15.000638:  50170  [INFO]: Using a cached neff at /home/ubuntu/neuron_cache_e2e/neuronxcc-2.23.6484.0+3b612583/MODULE_15546749088224118202+e30acd3a/model.neff
2026-09-09 08:45:15.000645:  50157  [INFO]: Using a cached neff at /home/ubuntu/neuron_cache_e2e/neuronxcc-2.23.6484.0+3b612583/MODULE_15546749088224118202+e30acd3a/model.neff
2026-09-09 08:45:15.000654:  50165  [INFO]: Using a cached neff at /home/ubuntu/neuron_cache_e2e/neuronxcc-2.23.6484.0+3b612583/MODULE_14060166962429309307+e30acd3a/model.neff
2026-09-09 08:45:15.000662:  50169  [INFO]: Using a cached neff at /home/ubuntu/neuron_cache_e2e/neuronxcc-2.23.6484.0+3b612583/MODULE_15546749088224118202+e30acd3a/model.neff
2026-09-09 08:45:15.000667:  50147  [INFO]: Using a cached neff at /home/ubuntu/neuron_cache_e2e/neuronxcc-2.23.6484.0+3b612583/MODULE_5822669904513104586+e30acd3a/model.neff
2026-09-09 08:45:15.000669:  50149  [INFO]: Using a cached neff at /home/ubuntu/neuron_cache_e2e/neuronxcc-2.23.6484.0+3b612583/MODULE_2373622694781085304+e30acd3a/model.neff
2026-09-09 08:45:15.000685:  50156  [INFO]: Using a cached neff at /home/ubuntu/neuron_cache_e2e/neuronxcc-2.23.6484.0+3b612583/MODULE_9156856424950103227+e30acd3a/model.neff
2026-09-09 08:45:15.000686:  50161  [INFO]: Using a cached neff at /home/ubuntu/neuron_cache_e2e/neuronxcc-2.23.6484.0+3b612583/MODULE_15546749088224118202+e30acd3a/model.neff
2026-09-09 08:45:15.000691:  50150  [INFO]: Using a cached neff at /home/ubuntu/neuron_cache_e2e/neuronxcc-2.23.6484.0+3b612583/MODULE_15546749088224118202+e30acd3a/model.neff
2026-09-09 08:45:15.000700:  50142  [INFO]: Using a cached neff at /home/ubuntu/neuron_cache_e2e/neuronxcc-2.23.6484.0+3b612583/MODULE_15546749088224118202+e30acd3a/model.neff
2026-09-09 08:45:15.000704:  50164  [INFO]: Using a cached neff at /home/ubuntu/neuron_cache_e2e/neuronxcc-2.23.6484.0+3b612583/MODULE_14060166962429309307+e30acd3a/model.neff
2026-09-09 08:45:15.000711:  50153  [INFO]: Using a cached neff at /home/ubuntu/neuron_cache_e2e/neuronxcc-2.23.6484.0+3b612583/MODULE_15546749088224118202+e30acd3a/model.neff
2026-09-09 08:45:15.000716:  50139  [INFO]: Using a cached neff at /home/ubuntu/neuron_cache_e2e/neuronxcc-2.23.6484.0+3b612583/MODULE_15546749088224118202+e30acd3a/model.neff
2026-09-09 08:45:15.000721:  50146  [INFO]: Using a cached neff at /home/ubuntu/neuron_cache_e2e/neuronxcc-2.23.6484.0+3b612583/MODULE_15546749088224118202+e30acd3a/model.neff
2026-09-09 08:45:15.000731:  50162  [INFO]: Using a cached neff at /home/ubuntu/neuron_cache_e2e/neuronxcc-2.23.6484.0+3b612583/MODULE_9156856424950103227+e30acd3a/model.neff
2026-09-09 08:45:15.000733:  50163  [INFO]: Using a cached neff at /home/ubuntu/neuron_cache_e2e/neuronxcc-2.23.6484.0+3b612583/MODULE_15546749088224118202+e30acd3a/model.neff
2026-09-09 08:45:15.000742:  50154  [INFO]: Using a cached neff at /home/ubuntu/neuron_cache_e2e/neuronxcc-2.23.6484.0+3b612583/MODULE_15546749088224118202+e30acd3a/model.neff
2026-09-09 08:45:15.000754:  50140  [INFO]: Using a cached neff at /home/ubuntu/neuron_cache_e2e/neuronxcc-2.23.6484.0+3b612583/MODULE_6795776154388623675+e30acd3a/model.neff
2026-09-09 08:45:15.000761:  50168  [INFO]: Using a cached neff at /home/ubuntu/neuron_cache_e2e/neuronxcc-2.23.6484.0+3b612583/MODULE_15546749088224118202+e30acd3a/model.neff
2026-09-09 08:45:15.000777:  50160  [INFO]: Using a cached neff at /home/ubuntu/neuron_cache_e2e/neuronxcc-2.23.6484.0+3b612583/MODULE_9156856424950103227+e30acd3a/model.neff
2026-09-09 08:45:15.000785:  50151  [INFO]: Using a cached neff at /home/ubuntu/neuron_cache_e2e/neuronxcc-2.23.6484.0+3b612583/MODULE_6795776154388623675+e30acd3a/model.neff
2026-09-09 08:45:15.000788:  50159  [INFO]: Using a cached neff at /home/ubuntu/neuron_cache_e2e/neuronxcc-2.23.6484.0+3b612583/MODULE_9156856424950103227+e30acd3a/model.neff
2026-09-09 08:45:15.000809:  50167  [INFO]: Using a cached neff at /home/ubuntu/neuron_cache_e2e/neuronxcc-2.23.6484.0+3b612583/MODULE_6795776154388623675+e30acd3a/model.neff
2026-09-09 08:45:15.000819:  50145  [INFO]: Using a cached neff at /home/ubuntu/neuron_cache_e2e/neuronxcc-2.23.6484.0+3b612583/MODULE_9156856424950103227+e30acd3a/model.neff
2026-09-09 08:45:15.000829:  50155  [INFO]: Using a cached neff at /home/ubuntu/neuron_cache_e2e/neuronxcc-2.23.6484.0+3b612583/MODULE_9156856424950103227+e30acd3a/model.neff
2026-09-09 08:45:15.000840:  50148  [INFO]: Using a cached neff at /home/ubuntu/neuron_cache_e2e/neuronxcc-2.23.6484.0+3b612583/MODULE_9156856424950103227+e30acd3a/model.neff
2026-09-09 08:45:15.000843:  50143  [INFO]: Using a cached neff at /home/ubuntu/neuron_cache_e2e/neuronxcc-2.23.6484.0+3b612583/MODULE_5822669904513104586+e30acd3a/model.neff
2026-09-09 08:45:15.000863:  50141  [INFO]: Using a cached neff at /home/ubuntu/neuron_cache_e2e/neuronxcc-2.23.6484.0+3b612583/MODULE_6795776154388623675+e30acd3a/model.neff
2026-09-09 08:45:15.000869:  50158  [INFO]: Using a cached neff at /home/ubuntu/neuron_cache_e2e/neuronxcc-2.23.6484.0+3b612583/MODULE_6795776154388623675+e30acd3a/model.neff
2026-09-09 08:45:15.000890:  50152  [INFO]: Using a cached neff at /home/ubuntu/neuron_cache_e2e/neuronxcc-2.23.6484.0+3b612583/MODULE_6795776154388623675+e30acd3a/model.neff
2026-09-09 08:45:15.000896:  50170  [INFO]: Using a cached neff at /home/ubuntu/neuron_cache_e2e/neuronxcc-2.23.6484.0+3b612583/MODULE_6795776154388623675+e30acd3a/model.neff
2026-09-09 08:45:15.000909:  50144  [INFO]: Using a cached neff at /home/ubuntu/neuron_cache_e2e/neuronxcc-2.23.6484.0+3b612583/MODULE_9156856424950103227+e30acd3a/model.neff
2026-09-09 08:45:15.000921:  50157  [INFO]: Using a cached neff at /home/ubuntu/neuron_cache_e2e/neuronxcc-2.23.6484.0+3b612583/MODULE_6795776154388623675+e30acd3a/model.neff
2026-09-09 08:45:15.000934:  50166  [INFO]: Using a cached neff at /home/ubuntu/neuron_cache_e2e/neuronxcc-2.23.6484.0+3b612583/MODULE_9156856424950103227+e30acd3a/model.neff
2026-09-09 08:45:15.000944:  50165  [INFO]: Using a cached neff at /home/ubuntu/neuron_cache_e2e/neuronxcc-2.23.6484.0+3b612583/MODULE_9156856424950103227+e30acd3a/model.neff
2026-09-09 08:45:15.000952:  50169  [INFO]: Using a cached neff at /home/ubuntu/neuron_cache_e2e/neuronxcc-2.23.6484.0+3b612583/MODULE_6795776154388623675+e30acd3a/model.neff
2026-09-09 08:45:15.000959:  50147  [INFO]: Using a cached neff at /home/ubuntu/neuron_cache_e2e/neuronxcc-2.23.6484.0+3b612583/MODULE_2373622694781085304+e30acd3a/model.neff
2026-09-09 08:45:15.000968:  50149  [INFO]: Using a cached neff at /home/ubuntu/neuron_cache_e2e/neuronxcc-2.23.6484.0+3b612583/MODULE_15546749088224118202+e30acd3a/model.neff
2026-09-09 08:45:15.000977:  50161  [INFO]: Using a cached neff at /home/ubuntu/neuron_cache_e2e/neuronxcc-2.23.6484.0+3b612583/MODULE_6795776154388623675+e30acd3a/model.neff
2026-09-09 08:45:15.000984:  50156  [INFO]: Using a cached neff at /home/ubuntu/neuron_cache_e2e/neuronxcc-2.23.6484.0+3b612583/MODULE_5822669904513104586+e30acd3a/model.neff
2026-09-09 08:45:16.000000:  50150  [INFO]: Using a cached neff at /home/ubuntu/neuron_cache_e2e/neuronxcc-2.23.6484.0+3b612583/MODULE_6795776154388623675+e30acd3a/model.neff
2026-09-09 08:45:16.000013:  50142  [INFO]: Using a cached neff at /home/ubuntu/neuron_cache_e2e/neuronxcc-2.23.6484.0+3b612583/MODULE_6795776154388623675+e30acd3a/model.neff
2026-09-09 08:45:16.000025:  50164  [INFO]: Using a cached neff at /home/ubuntu/neuron_cache_e2e/neuronxcc-2.23.6484.0+3b612583/MODULE_9156856424950103227+e30acd3a/model.neff
2026-09-09 08:45:16.000028:  50153  [INFO]: Using a cached neff at /home/ubuntu/neuron_cache_e2e/neuronxcc-2.23.6484.0+3b612583/MODULE_6795776154388623675+e30acd3a/model.neff
2026-09-09 08:45:16.000032:  50139  [INFO]: Using a cached neff at /home/ubuntu/neuron_cache_e2e/neuronxcc-2.23.6484.0+3b612583/MODULE_6795776154388623675+e30acd3a/model.neff
2026-09-09 08:45:16.000055:  50146  [INFO]: Using a cached neff at /home/ubuntu/neuron_cache_e2e/neuronxcc-2.23.6484.0+3b612583/MODULE_6795776154388623675+e30acd3a/model.neff
2026-09-09 08:45:16.000061:  50162  [INFO]: Using a cached neff at /home/ubuntu/neuron_cache_e2e/neuronxcc-2.23.6484.0+3b612583/MODULE_5822669904513104586+e30acd3a/model.neff
2026-09-09 08:45:16.000076:  50163  [INFO]: Using a cached neff at /home/ubuntu/neuron_cache_e2e/neuronxcc-2.23.6484.0+3b612583/MODULE_6795776154388623675+e30acd3a/model.neff
2026-09-09 08:45:16.000087:  50154  [INFO]: Using a cached neff at /home/ubuntu/neuron_cache_e2e/neuronxcc-2.23.6484.0+3b612583/MODULE_6795776154388623675+e30acd3a/model.neff
2026-09-09 08:45:16.000091:  50140  [INFO]: Using a cached neff at /home/ubuntu/neuron_cache_e2e/neuronxcc-2.23.6484.0+3b612583/MODULE_6773386797833768649+e30acd3a/model.neff
2026-09-09 08:45:16.000099:  50168  [INFO]: Using a cached neff at /home/ubuntu/neuron_cache_e2e/neuronxcc-2.23.6484.0+3b612583/MODULE_6795776154388623675+e30acd3a/model.neff
2026-09-09 08:45:16.000102:  50160  [INFO]: Using a cached neff at /home/ubuntu/neuron_cache_e2e/neuronxcc-2.23.6484.0+3b612583/MODULE_5822669904513104586+e30acd3a/model.neff
2026-09-09 08:45:16.000120:  50151  [INFO]: Using a cached neff at /home/ubuntu/neuron_cache_e2e/neuronxcc-2.23.6484.0+3b612583/MODULE_6773386797833768649+e30acd3a/model.neff
2026-09-09 08:45:16.000123:  50159  [INFO]: Using a cached neff at /home/ubuntu/neuron_cache_e2e/neuronxcc-2.23.6484.0+3b612583/MODULE_5822669904513104586+e30acd3a/model.neff
2026-09-09 08:45:16.000133:  50167  [INFO]: Using a cached neff at /home/ubuntu/neuron_cache_e2e/neuronxcc-2.23.6484.0+3b612583/MODULE_6773386797833768649+e30acd3a/model.neff
2026-09-09 08:45:16.000134:  50145  [INFO]: Using a cached neff at /home/ubuntu/neuron_cache_e2e/neuronxcc-2.23.6484.0+3b612583/MODULE_5822669904513104586+e30acd3a/model.neff
2026-09-09 08:45:16.000137:  50155  [INFO]: Using a cached neff at /home/ubuntu/neuron_cache_e2e/neuronxcc-2.23.6484.0+3b612583/MODULE_5822669904513104586+e30acd3a/model.neff
2026-09-09 08:45:16.000142:  50143  [INFO]: Using a cached neff at /home/ubuntu/neuron_cache_e2e/neuronxcc-2.23.6484.0+3b612583/MODULE_2373622694781085304+e30acd3a/model.neff
2026-09-09 08:45:16.000152:  50148  [INFO]: Using a cached neff at /home/ubuntu/neuron_cache_e2e/neuronxcc-2.23.6484.0+3b612583/MODULE_5822669904513104586+e30acd3a/model.neff
2026-09-09 08:45:16.000161:  50141  [INFO]: Using a cached neff at /home/ubuntu/neuron_cache_e2e/neuronxcc-2.23.6484.0+3b612583/MODULE_6773386797833768649+e30acd3a/model.neff
2026-09-09 08:45:16.000167:  50158  [INFO]: Using a cached neff at /home/ubuntu/neuron_cache_e2e/neuronxcc-2.23.6484.0+3b612583/MODULE_6773386797833768649+e30acd3a/model.neff
2026-09-09 08:45:16.000183:  50152  [INFO]: Using a cached neff at /home/ubuntu/neuron_cache_e2e/neuronxcc-2.23.6484.0+3b612583/MODULE_6773386797833768649+e30acd3a/model.neff
2026-09-09 08:45:16.000186:  50170  [INFO]: Using a cached neff at /home/ubuntu/neuron_cache_e2e/neuronxcc-2.23.6484.0+3b612583/MODULE_6773386797833768649+e30acd3a/model.neff
2026-09-09 08:45:16.000189:  50144  [INFO]: Using a cached neff at /home/ubuntu/neuron_cache_e2e/neuronxcc-2.23.6484.0+3b612583/MODULE_5822669904513104586+e30acd3a/model.neff
2026-09-09 08:45:16.000202:  50166  [INFO]: Using a cached neff at /home/ubuntu/neuron_cache_e2e/neuronxcc-2.23.6484.0+3b612583/MODULE_5822669904513104586+e30acd3a/model.neff
2026-09-09 08:45:16.000206:  50157  [INFO]: Using a cached neff at /home/ubuntu/neuron_cache_e2e/neuronxcc-2.23.6484.0+3b612583/MODULE_6773386797833768649+e30acd3a/model.neff
2026-09-09 08:45:16.000214:  50165  [INFO]: Using a cached neff at /home/ubuntu/neuron_cache_e2e/neuronxcc-2.23.6484.0+3b612583/MODULE_5822669904513104586+e30acd3a/model.neff
2026-09-09 08:45:16.000220:  50169  [INFO]: Using a cached neff at /home/ubuntu/neuron_cache_e2e/neuronxcc-2.23.6484.0+3b612583/MODULE_6773386797833768649+e30acd3a/model.neff
2026-09-09 08:45:16.000225:  50147  [INFO]: Using a cached neff at /home/ubuntu/neuron_cache_e2e/neuronxcc-2.23.6484.0+3b612583/MODULE_15546749088224118202+e30acd3a/model.neff
2026-09-09 08:45:16.000236:  50149  [INFO]: Using a cached neff at /home/ubuntu/neuron_cache_e2e/neuronxcc-2.23.6484.0+3b612583/MODULE_6795776154388623675+e30acd3a/model.neff
2026-09-09 08:45:16.000246:  50161  [INFO]: Using a cached neff at /home/ubuntu/neuron_cache_e2e/neuronxcc-2.23.6484.0+3b612583/MODULE_6773386797833768649+e30acd3a/model.neff
2026-09-09 08:45:16.000249:  50156  [INFO]: Using a cached neff at /home/ubuntu/neuron_cache_e2e/neuronxcc-2.23.6484.0+3b612583/MODULE_2373622694781085304+e30acd3a/model.neff
2026-09-09 08:45:16.000262:  50150  [INFO]: Using a cached neff at /home/ubuntu/neuron_cache_e2e/neuronxcc-2.23.6484.0+3b612583/MODULE_6773386797833768649+e30acd3a/model.neff
2026-09-09 08:45:16.000268:  50142  [INFO]: Using a cached neff at /home/ubuntu/neuron_cache_e2e/neuronxcc-2.23.6484.0+3b612583/MODULE_6773386797833768649+e30acd3a/model.neff
2026-09-09 08:45:16.000272:  50164  [INFO]: Using a cached neff at /home/ubuntu/neuron_cache_e2e/neuronxcc-2.23.6484.0+3b612583/MODULE_5822669904513104586+e30acd3a/model.neff
2026-09-09 08:45:16.000290:  50153  [INFO]: Using a cached neff at /home/ubuntu/neuron_cache_e2e/neuronxcc-2.23.6484.0+3b612583/MODULE_6773386797833768649+e30acd3a/model.neff
2026-09-09 08:45:16.000296:  50139  [INFO]: Using a cached neff at /home/ubuntu/neuron_cache_e2e/neuronxcc-2.23.6484.0+3b612583/MODULE_6773386797833768649+e30acd3a/model.neff
2026-09-09 08:45:16.000299:  50146  [INFO]: Using a cached neff at /home/ubuntu/neuron_cache_e2e/neuronxcc-2.23.6484.0+3b612583/MODULE_6773386797833768649+e30acd3a/model.neff
2026-09-09 08:45:16.000306:  50162  [INFO]: Using a cached neff at /home/ubuntu/neuron_cache_e2e/neuronxcc-2.23.6484.0+3b612583/MODULE_2373622694781085304+e30acd3a/model.neff
2026-09-09 08:45:16.000324:  50154  [INFO]: Using a cached neff at /home/ubuntu/neuron_cache_e2e/neuronxcc-2.23.6484.0+3b612583/MODULE_6773386797833768649+e30acd3a/model.neff
2026-09-09 08:45:16.000326:  50163  [INFO]: Using a cached neff at /home/ubuntu/neuron_cache_e2e/neuronxcc-2.23.6484.0+3b612583/MODULE_6773386797833768649+e30acd3a/model.neff
2026-09-09 08:45:16.000332:  50140  [INFO]: Using a cached neff at /home/ubuntu/neuron_cache_e2e/neuronxcc-2.23.6484.0+3b612583/MODULE_14849796531781449780+e30acd3a/model.neff
2026-09-09 08:45:16.000340:  50160  [INFO]: Using a cached neff at /home/ubuntu/neuron_cache_e2e/neuronxcc-2.23.6484.0+3b612583/MODULE_2373622694781085304+e30acd3a/model.neff
2026-09-09 08:45:16.000350:  50168  [INFO]: Using a cached neff at /home/ubuntu/neuron_cache_e2e/neuronxcc-2.23.6484.0+3b612583/MODULE_6773386797833768649+e30acd3a/model.neff
2026-09-09 08:45:16.000366:  50151  [INFO]: Using a cached neff at /home/ubuntu/neuron_cache_e2e/neuronxcc-2.23.6484.0+3b612583/MODULE_14849796531781449780+e30acd3a/model.neff
2026-09-09 08:45:16.000371:  50167  [INFO]: Using a cached neff at /home/ubuntu/neuron_cache_e2e/neuronxcc-2.23.6484.0+3b612583/MODULE_14849796531781449780+e30acd3a/model.neff
2026-09-09 08:45:16.000371:  50159  [INFO]: Using a cached neff at /home/ubuntu/neuron_cache_e2e/neuronxcc-2.23.6484.0+3b612583/MODULE_2373622694781085304+e30acd3a/model.neff
2026-09-09 08:45:16.000376:  50143  [INFO]: Using a cached neff at /home/ubuntu/neuron_cache_e2e/neuronxcc-2.23.6484.0+3b612583/MODULE_15546749088224118202+e30acd3a/model.neff
2026-09-09 08:45:16.000381:  50145  [INFO]: Using a cached neff at /home/ubuntu/neuron_cache_e2e/neuronxcc-2.23.6484.0+3b612583/MODULE_2373622694781085304+e30acd3a/model.neff
2026-09-09 08:45:16.000388:  50155  [INFO]: Using a cached neff at /home/ubuntu/neuron_cache_e2e/neuronxcc-2.23.6484.0+3b612583/MODULE_2373622694781085304+e30acd3a/model.neff
2026-09-09 08:45:16.000397:  50148  [INFO]: Using a cached neff at /home/ubuntu/neuron_cache_e2e/neuronxcc-2.23.6484.0+3b612583/MODULE_2373622694781085304+e30acd3a/model.neff
2026-09-09 08:45:16.000404:  50141  [INFO]: Using a cached neff at /home/ubuntu/neuron_cache_e2e/neuronxcc-2.23.6484.0+3b612583/MODULE_14849796531781449780+e30acd3a/model.neff
2026-09-09 08:45:16.000414:  50158  [INFO]: Using a cached neff at /home/ubuntu/neuron_cache_e2e/neuronxcc-2.23.6484.0+3b612583/MODULE_14849796531781449780+e30acd3a/model.neff
2026-09-09 08:45:16.000423:  50170  [INFO]: Using a cached neff at /home/ubuntu/neuron_cache_e2e/neuronxcc-2.23.6484.0+3b612583/MODULE_14849796531781449780+e30acd3a/model.neff
2026-09-09 08:45:16.000426:  50152  [INFO]: Using a cached neff at /home/ubuntu/neuron_cache_e2e/neuronxcc-2.23.6484.0+3b612583/MODULE_14849796531781449780+e30acd3a/model.neff
2026-09-09 08:45:16.000427:  50144  [INFO]: Using a cached neff at /home/ubuntu/neuron_cache_e2e/neuronxcc-2.23.6484.0+3b612583/MODULE_2373622694781085304+e30acd3a/model.neff
2026-09-09 08:45:16.000428:  50166  [INFO]: Using a cached neff at /home/ubuntu/neuron_cache_e2e/neuronxcc-2.23.6484.0+3b612583/MODULE_2373622694781085304+e30acd3a/model.neff
2026-09-09 08:45:16.000447:  50165  [INFO]: Using a cached neff at /home/ubuntu/neuron_cache_e2e/neuronxcc-2.23.6484.0+3b612583/MODULE_2373622694781085304+e30acd3a/model.neff
2026-09-09 08:45:16.000450:  50157  [INFO]: Using a cached neff at /home/ubuntu/neuron_cache_e2e/neuronxcc-2.23.6484.0+3b612583/MODULE_14849796531781449780+e30acd3a/model.neff
2026-09-09 08:45:16.000464:  50169  [INFO]: Using a cached neff at /home/ubuntu/neuron_cache_e2e/neuronxcc-2.23.6484.0+3b612583/MODULE_14849796531781449780+e30acd3a/model.neff
2026-09-09 08:45:16.000471:  50147  [INFO]: Using a cached neff at /home/ubuntu/neuron_cache_e2e/neuronxcc-2.23.6484.0+3b612583/MODULE_6795776154388623675+e30acd3a/model.neff
2026-09-09 08:45:16.000478:  50149  [INFO]: Using a cached neff at /home/ubuntu/neuron_cache_e2e/neuronxcc-2.23.6484.0+3b612583/MODULE_6773386797833768649+e30acd3a/model.neff
2026-09-09 08:45:16.000494:  50156  [INFO]: Using a cached neff at /home/ubuntu/neuron_cache_e2e/neuronxcc-2.23.6484.0+3b612583/MODULE_15546749088224118202+e30acd3a/model.neff
2026-09-09 08:45:16.000494:  50161  [INFO]: Using a cached neff at /home/ubuntu/neuron_cache_e2e/neuronxcc-2.23.6484.0+3b612583/MODULE_14849796531781449780+e30acd3a/model.neff
2026-09-09 08:45:16.000507:  50150  [INFO]: Using a cached neff at /home/ubuntu/neuron_cache_e2e/neuronxcc-2.23.6484.0+3b612583/MODULE_14849796531781449780+e30acd3a/model.neff
2026-09-09 08:45:16.000510:  50164  [INFO]: Using a cached neff at /home/ubuntu/neuron_cache_e2e/neuronxcc-2.23.6484.0+3b612583/MODULE_2373622694781085304+e30acd3a/model.neff
2026-09-09 08:45:16.000516:  50142  [INFO]: Using a cached neff at /home/ubuntu/neuron_cache_e2e/neuronxcc-2.23.6484.0+3b612583/MODULE_14849796531781449780+e30acd3a/model.neff
2026-09-09 08:45:16.000527:  50153  [INFO]: Using a cached neff at /home/ubuntu/neuron_cache_e2e/neuronxcc-2.23.6484.0+3b612583/MODULE_14849796531781449780+e30acd3a/model.neff
2026-09-09 08:45:16.000540:  50162  [INFO]: Using a cached neff at /home/ubuntu/neuron_cache_e2e/neuronxcc-2.23.6484.0+3b612583/MODULE_15546749088224118202+e30acd3a/model.neff
2026-09-09 08:45:16.000544:  50146  [INFO]: Using a cached neff at /home/ubuntu/neuron_cache_e2e/neuronxcc-2.23.6484.0+3b612583/MODULE_14849796531781449780+e30acd3a/model.neff
2026-09-09 08:45:16.000555:  50154  [INFO]: Using a cached neff at /home/ubuntu/neuron_cache_e2e/neuronxcc-2.23.6484.0+3b612583/MODULE_14849796531781449780+e30acd3a/model.neff
2026-09-09 08:45:16.000558:  50139  [INFO]: Using a cached neff at /home/ubuntu/neuron_cache_e2e/neuronxcc-2.23.6484.0+3b612583/MODULE_14849796531781449780+e30acd3a/model.neff
2026-09-09 08:45:16.000570:  50140  [INFO]: Using a cached neff at /home/ubuntu/neuron_cache_e2e/neuronxcc-2.23.6484.0+3b612583/MODULE_15914079002818025199+e30acd3a/model.neff
2026-09-09 08:45:16.000577:  50160  [INFO]: Using a cached neff at /home/ubuntu/neuron_cache_e2e/neuronxcc-2.23.6484.0+3b612583/MODULE_15546749088224118202+e30acd3a/model.neff
2026-09-09 08:45:16.000580:  50163  [INFO]: Using a cached neff at /home/ubuntu/neuron_cache_e2e/neuronxcc-2.23.6484.0+3b612583/MODULE_14849796531781449780+e30acd3a/model.neff
2026-09-09 08:45:16.000586:  50151  [INFO]: Using a cached neff at /home/ubuntu/neuron_cache_e2e/neuronxcc-2.23.6484.0+3b612583/MODULE_15914079002818025199+e30acd3a/model.neff
2026-09-09 08:45:16.000597:  50143  [INFO]: Using a cached neff at /home/ubuntu/neuron_cache_e2e/neuronxcc-2.23.6484.0+3b612583/MODULE_6795776154388623675+e30acd3a/model.neff
2026-09-09 08:45:16.000598:  50167  [INFO]: Using a cached neff at /home/ubuntu/neuron_cache_e2e/neuronxcc-2.23.6484.0+3b612583/MODULE_15914079002818025199+e30acd3a/model.neff
2026-09-09 08:45:16.000601:  50159  [INFO]: Using a cached neff at /home/ubuntu/neuron_cache_e2e/neuronxcc-2.23.6484.0+3b612583/MODULE_15546749088224118202+e30acd3a/model.neff
2026-09-09 08:45:16.000605:  50168  [INFO]: Using a cached neff at /home/ubuntu/neuron_cache_e2e/neuronxcc-2.23.6484.0+3b612583/MODULE_14849796531781449780+e30acd3a/model.neff
2026-09-09 08:45:16.000609:  50145  [INFO]: Using a cached neff at /home/ubuntu/neuron_cache_e2e/neuronxcc-2.23.6484.0+3b612583/MODULE_15546749088224118202+e30acd3a/model.neff
2026-09-09 08:45:16.000619:  50155  [INFO]: Using a cached neff at /home/ubuntu/neuron_cache_e2e/neuronxcc-2.23.6484.0+3b612583/MODULE_15546749088224118202+e30acd3a/model.neff
2026-09-09 08:45:16.000621:  50148  [INFO]: Using a cached neff at /home/ubuntu/neuron_cache_e2e/neuronxcc-2.23.6484.0+3b612583/MODULE_15546749088224118202+e30acd3a/model.neff
2026-09-09 08:45:16.000625:  50141  [INFO]: Using a cached neff at /home/ubuntu/neuron_cache_e2e/neuronxcc-2.23.6484.0+3b612583/MODULE_15914079002818025199+e30acd3a/model.neff
2026-09-09 08:45:16.000628:  50158  [INFO]: Using a cached neff at /home/ubuntu/neuron_cache_e2e/neuronxcc-2.23.6484.0+3b612583/MODULE_15914079002818025199+e30acd3a/model.neff
2026-09-09 08:45:16.000631:  50170  [INFO]: Using a cached neff at /home/ubuntu/neuron_cache_e2e/neuronxcc-2.23.6484.0+3b612583/MODULE_15914079002818025199+e30acd3a/model.neff
2026-09-09 08:45:16.000634:  50152  [INFO]: Using a cached neff at /home/ubuntu/neuron_cache_e2e/neuronxcc-2.23.6484.0+3b612583/MODULE_15914079002818025199+e30acd3a/model.neff
2026-09-09 08:45:16.000646:  50166  [INFO]: Using a cached neff at /home/ubuntu/neuron_cache_e2e/neuronxcc-2.23.6484.0+3b612583/MODULE_15546749088224118202+e30acd3a/model.neff
2026-09-09 08:45:16.000649:  50151  [INFO]: Using a cached neff at /home/ubuntu/neuron_cache_e2e/neuronxcc-2.23.6484.0+3b612583/MODULE_13744807807430301687+e30acd3a/model.neff
2026-09-09 08:45:16.000651:  50157  [INFO]: Using a cached neff at /home/ubuntu/neuron_cache_e2e/neuronxcc-2.23.6484.0+3b612583/MODULE_15914079002818025199+e30acd3a/model.neff
2026-09-09 08:45:16.000659:  50169  [INFO]: Using a cached neff at /home/ubuntu/neuron_cache_e2e/neuronxcc-2.23.6484.0+3b612583/MODULE_15914079002818025199+e30acd3a/model.neff
2026-09-09 08:45:16.000663:  50165  [INFO]: Using a cached neff at /home/ubuntu/neuron_cache_e2e/neuronxcc-2.23.6484.0+3b612583/MODULE_15546749088224118202+e30acd3a/model.neff
/home/ubuntu/train_llama10b_tp_families.py:645: DeprecationWarning: Use torch_xla.sync instead
  xm.mark_step()   # slice: copy-back done
2026-09-09 08:45:16.000681:  50149  [INFO]: Using a cached neff at /home/ubuntu/neuron_cache_e2e/neuronxcc-2.23.6484.0+3b612583/MODULE_14849796531781449780+e30acd3a/model.neff
2026-09-09 08:45:16.000685:  50147  [INFO]: Using a cached neff at /home/ubuntu/neuron_cache_e2e/neuronxcc-2.23.6484.0+3b612583/MODULE_6773386797833768649+e30acd3a/model.neff
2026-09-09 08:45:16.000688:  50156  [INFO]: Using a cached neff at /home/ubuntu/neuron_cache_e2e/neuronxcc-2.23.6484.0+3b612583/MODULE_6795776154388623675+e30acd3a/model.neff
2026-09-09 08:45:16.000689:  50161  [INFO]: Using a cached neff at /home/ubuntu/neuron_cache_e2e/neuronxcc-2.23.6484.0+3b612583/MODULE_15914079002818025199+e30acd3a/model.neff
2026-09-09 08:45:16.000696:  50150  [INFO]: Using a cached neff at /home/ubuntu/neuron_cache_e2e/neuronxcc-2.23.6484.0+3b612583/MODULE_15914079002818025199+e30acd3a/model.neff
2026-09-09 08:45:16.000702:  50164  [INFO]: Using a cached neff at /home/ubuntu/neuron_cache_e2e/neuronxcc-2.23.6484.0+3b612583/MODULE_15546749088224118202+e30acd3a/model.neff
2026-09-09 08:45:16.000709:  50142  [INFO]: Using a cached neff at /home/ubuntu/neuron_cache_e2e/neuronxcc-2.23.6484.0+3b612583/MODULE_15914079002818025199+e30acd3a/model.neff
2026-09-09 08:45:16.000711:  50153  [INFO]: Using a cached neff at /home/ubuntu/neuron_cache_e2e/neuronxcc-2.23.6484.0+3b612583/MODULE_15914079002818025199+e30acd3a/model.neff
2026-09-09 08:45:16.000721:  50162  [INFO]: Using a cached neff at /home/ubuntu/neuron_cache_e2e/neuronxcc-2.23.6484.0+3b612583/MODULE_6795776154388623675+e30acd3a/model.neff
2026-09-09 08:45:16.000723:  50146  [INFO]: Using a cached neff at /home/ubuntu/neuron_cache_e2e/neuronxcc-2.23.6484.0+3b612583/MODULE_15914079002818025199+e30acd3a/model.neff
2026-09-09 08:45:16.000733:  50154  [INFO]: Using a cached neff at /home/ubuntu/neuron_cache_e2e/neuronxcc-2.23.6484.0+3b612583/MODULE_15914079002818025199+e30acd3a/model.neff
2026-09-09 08:45:16.000736:  50139  [INFO]: Using a cached neff at /home/ubuntu/neuron_cache_e2e/neuronxcc-2.23.6484.0+3b612583/MODULE_15914079002818025199+e30acd3a/model.neff
2026-09-09 08:45:16.000743:  50163  [INFO]: Using a cached neff at /home/ubuntu/neuron_cache_e2e/neuronxcc-2.23.6484.0+3b612583/MODULE_15914079002818025199+e30acd3a/model.neff
2026-09-09 08:45:16.000749:  50140  [INFO]: Using a cached neff at /home/ubuntu/neuron_cache_e2e/neuronxcc-2.23.6484.0+3b612583/MODULE_13744807807430301687+e30acd3a/model.neff
2026-09-09 08:45:16.000766:  50160  [INFO]: Using a cached neff at /home/ubuntu/neuron_cache_e2e/neuronxcc-2.23.6484.0+3b612583/MODULE_6795776154388623675+e30acd3a/model.neff
2026-09-09 08:45:16.000774:  50164  [INFO]: Using a cached neff at /home/ubuntu/neuron_cache_e2e/neuronxcc-2.23.6484.0+3b612583/MODULE_6795776154388623675+e30acd3a/model.neff
2026-09-09 08:45:16.000777:  50144  [INFO]: Using a cached neff at /home/ubuntu/neuron_cache_e2e/neuronxcc-2.23.6484.0+3b612583/MODULE_15546749088224118202+e30acd3a/model.neff
/home/ubuntu/train_llama10b_tp_families.py:645: DeprecationWarning: Use torch_xla.sync instead
  xm.mark_step()   # slice: copy-back done
2026-09-09 08:45:16.000787:  50167  [INFO]: Using a cached neff at /home/ubuntu/neuron_cache_e2e/neuronxcc-2.23.6484.0+3b612583/MODULE_13744807807430301687+e30acd3a/model.neff
2026-09-09 08:45:16.000799:  50159  [INFO]: Using a cached neff at /home/ubuntu/neuron_cache_e2e/neuronxcc-2.23.6484.0+3b612583/MODULE_6795776154388623675+e30acd3a/model.neff
2026-09-09 08:45:16.000808:  50143  [INFO]: Using a cached neff at /home/ubuntu/neuron_cache_e2e/neuronxcc-2.23.6484.0+3b612583/MODULE_6773386797833768649+e30acd3a/model.neff
2026-09-09 08:45:16.000818:  50145  [INFO]: Using a cached neff at /home/ubuntu/neuron_cache_e2e/neuronxcc-2.23.6484.0+3b612583/MODULE_6795776154388623675+e30acd3a/model.neff
2026-09-09 08:45:16.000821:  50168  [INFO]: Using a cached neff at /home/ubuntu/neuron_cache_e2e/neuronxcc-2.23.6484.0+3b612583/MODULE_15914079002818025199+e30acd3a/model.neff
/home/ubuntu/train_llama10b_tp_families.py:645: DeprecationWarning: Use torch_xla.sync instead
  xm.mark_step()   # slice: copy-back done
2026-09-09 08:45:16.000842:  50155  [INFO]: Using a cached neff at /home/ubuntu/neuron_cache_e2e/neuronxcc-2.23.6484.0+3b612583/MODULE_6795776154388623675+e30acd3a/model.neff
2026-09-09 08:45:16.000855:  50141  [INFO]: Using a cached neff at /home/ubuntu/neuron_cache_e2e/neuronxcc-2.23.6484.0+3b612583/MODULE_13744807807430301687+e30acd3a/model.neff
2026-09-09 08:45:16.000872:  50148  [INFO]: Using a cached neff at /home/ubuntu/neuron_cache_e2e/neuronxcc-2.23.6484.0+3b612583/MODULE_6795776154388623675+e30acd3a/model.neff
2026-09-09 08:45:16.000874:  50158  [INFO]: Using a cached neff at /home/ubuntu/neuron_cache_e2e/neuronxcc-2.23.6484.0+3b612583/MODULE_13744807807430301687+e30acd3a/model.neff
2026-09-09 08:45:16.000882:  50170  [INFO]: Using a cached neff at /home/ubuntu/neuron_cache_e2e/neuronxcc-2.23.6484.0+3b612583/MODULE_13744807807430301687+e30acd3a/model.neff
2026-09-09 08:45:16.000888:  50152  [INFO]: Using a cached neff at /home/ubuntu/neuron_cache_e2e/neuronxcc-2.23.6484.0+3b612583/MODULE_13744807807430301687+e30acd3a/model.neff
/home/ubuntu/train_llama10b_tp_families.py:645: DeprecationWarning: Use torch_xla.sync instead
  xm.mark_step()   # slice: copy-back done
2026-09-09 08:45:16.000898:  50166  [INFO]: Using a cached neff at /home/ubuntu/neuron_cache_e2e/neuronxcc-2.23.6484.0+3b612583/MODULE_6795776154388623675+e30acd3a/model.neff
2026-09-09 08:45:16.000904:  50157  [INFO]: Using a cached neff at /home/ubuntu/neuron_cache_e2e/neuronxcc-2.23.6484.0+3b612583/MODULE_13744807807430301687+e30acd3a/model.neff
/home/ubuntu/train_llama10b_tp_families.py:645: DeprecationWarning: Use torch_xla.sync instead
  xm.mark_step()   # slice: copy-back done
2026-09-09 08:45:16.000912:  50151  [INFO]: Using a cached neff at /home/ubuntu/neuron_cache_e2e/neuronxcc-2.23.6484.0+3b612583/MODULE_15427396631935572758+e30acd3a/model.neff
/home/ubuntu/train_llama10b_tp_families.py:645: DeprecationWarning: Use torch_xla.sync instead
  xm.mark_step()   # slice: copy-back done
2026-09-09 08:45:16.000922:  50169  [INFO]: Using a cached neff at /home/ubuntu/neuron_cache_e2e/neuronxcc-2.23.6484.0+3b612583/MODULE_13744807807430301687+e30acd3a/model.neff
/home/ubuntu/train_llama10b_tp_families.py:645: DeprecationWarning: Use torch_xla.sync instead
  xm.mark_step()   # slice: copy-back done
2026-09-09 08:45:16.000933:  50149  [INFO]: Using a cached neff at /home/ubuntu/neuron_cache_e2e/neuronxcc-2.23.6484.0+3b612583/MODULE_15914079002818025199+e30acd3a/model.neff
2026-09-09 08:45:16.000933:  50165  [INFO]: Using a cached neff at /home/ubuntu/neuron_cache_e2e/neuronxcc-2.23.6484.0+3b612583/MODULE_6795776154388623675+e30acd3a/model.neff
/home/ubuntu/train_llama10b_tp_families.py:645: DeprecationWarning: Use torch_xla.sync instead
  xm.mark_step()   # slice: copy-back done
2026-09-09 08:45:16.000948:  50161  [INFO]: Using a cached neff at /home/ubuntu/neuron_cache_e2e/neuronxcc-2.23.6484.0+3b612583/MODULE_13744807807430301687+e30acd3a/model.neff
/home/ubuntu/train_llama10b_tp_families.py:645: DeprecationWarning: Use torch_xla.sync instead
  xm.mark_step()   # slice: copy-back done
/home/ubuntu/train_llama10b_tp_families.py:653: DeprecationWarning: Use torch_xla.sync instead
  xm.mark_step()
2026-09-09 08:45:16.000964:  50150  [INFO]: Using a cached neff at /home/ubuntu/neuron_cache_e2e/neuronxcc-2.23.6484.0+3b612583/MODULE_13744807807430301687+e30acd3a/model.neff
2026-09-09 08:45:16.000973:  50147  [INFO]: Using a cached neff at /home/ubuntu/neuron_cache_e2e/neuronxcc-2.23.6484.0+3b612583/MODULE_14849796531781449780+e30acd3a/model.neff
/home/ubuntu/train_llama10b_tp_families.py:645: DeprecationWarning: Use torch_xla.sync instead
  xm.mark_step()   # slice: copy-back done
2026-09-09 08:45:16.000983:  50156  [INFO]: Using a cached neff at /home/ubuntu/neuron_cache_e2e/neuronxcc-2.23.6484.0+3b612583/MODULE_6773386797833768649+e30acd3a/model.neff
2026-09-09 08:45:16.000988:  50142  [INFO]: Using a cached neff at /home/ubuntu/neuron_cache_e2e/neuronxcc-2.23.6484.0+3b612583/MODULE_13744807807430301687+e30acd3a/model.neff
/home/ubuntu/train_llama10b_tp_families.py:645: DeprecationWarning: Use torch_xla.sync instead
  xm.mark_step()   # slice: copy-back done
2026-09-09 08:45:17.000003:  50146  [INFO]: Using a cached neff at /home/ubuntu/neuron_cache_e2e/neuronxcc-2.23.6484.0+3b612583/MODULE_13744807807430301687+e30acd3a/model.neff
2026-09-09 08:45:17.000008:  50153  [INFO]: Using a cached neff at /home/ubuntu/neuron_cache_e2e/neuronxcc-2.23.6484.0+3b612583/MODULE_13744807807430301687+e30acd3a/model.neff
2026-09-09 08:45:17.000018:  50154  [INFO]: Using a cached neff at /home/ubuntu/neuron_cache_e2e/neuronxcc-2.23.6484.0+3b612583/MODULE_13744807807430301687+e30acd3a/model.neff
/home/ubuntu/train_llama10b_tp_families.py:645: DeprecationWarning: Use torch_xla.sync instead
  xm.mark_step()   # slice: copy-back done
2026-09-09 08:45:17.000029:  50162  [INFO]: Using a cached neff at /home/ubuntu/neuron_cache_e2e/neuronxcc-2.23.6484.0+3b612583/MODULE_6773386797833768649+e30acd3a/model.neff
2026-09-09 08:45:17.000034:  50139  [INFO]: Using a cached neff at /home/ubuntu/neuron_cache_e2e/neuronxcc-2.23.6484.0+3b612583/MODULE_13744807807430301687+e30acd3a/model.neff
/home/ubuntu/train_llama10b_tp_families.py:645: DeprecationWarning: Use torch_xla.sync instead
  xm.mark_step()   # slice: copy-back done
/home/ubuntu/train_llama10b_tp_families.py:645: DeprecationWarning: Use torch_xla.sync instead
  xm.mark_step()   # slice: copy-back done
2026-09-09 08:45:17.000044:  50140  [INFO]: Using a cached neff at /home/ubuntu/neuron_cache_e2e/neuronxcc-2.23.6484.0+3b612583/MODULE_15427396631935572758+e30acd3a/model.neff
/home/ubuntu/train_llama10b_tp_families.py:645: DeprecationWarning: Use torch_xla.sync instead
  xm.mark_step()   # slice: copy-back done
2026-09-09 08:45:17.000053:  50163  [INFO]: Using a cached neff at /home/ubuntu/neuron_cache_e2e/neuronxcc-2.23.6484.0+3b612583/MODULE_13744807807430301687+e30acd3a/model.neff
2026-09-09 08:45:17.000059:  50144  [INFO]: Using a cached neff at /home/ubuntu/neuron_cache_e2e/neuronxcc-2.23.6484.0+3b612583/MODULE_6795776154388623675+e30acd3a/model.neff
2026-09-09 08:45:17.000066:  50160  [INFO]: Using a cached neff at /home/ubuntu/neuron_cache_e2e/neuronxcc-2.23.6484.0+3b612583/MODULE_6773386797833768649+e30acd3a/model.neff
/home/ubuntu/train_llama10b_tp_families.py:645: DeprecationWarning: Use torch_xla.sync instead
  xm.mark_step()   # slice: copy-back done
/home/ubuntu/train_llama10b_tp_families.py:653: DeprecationWarning: Use torch_xla.sync instead
  xm.mark_step()
2026-09-09 08:45:17.000082:  50167  [INFO]: Using a cached neff at /home/ubuntu/neuron_cache_e2e/neuronxcc-2.23.6484.0+3b612583/MODULE_15427396631935572758+e30acd3a/model.neff
/home/ubuntu/train_llama10b_tp_families.py:645: DeprecationWarning: Use torch_xla.sync instead
  xm.mark_step()   # slice: copy-back done
2026-09-09 08:45:17.000084:  50164  [INFO]: Using a cached neff at /home/ubuntu/neuron_cache_e2e/neuronxcc-2.23.6484.0+3b612583/MODULE_6773386797833768649+e30acd3a/model.neff
2026-09-09 08:45:17.000092:  50159  [INFO]: Using a cached neff at /home/ubuntu/neuron_cache_e2e/neuronxcc-2.23.6484.0+3b612583/MODULE_6773386797833768649+e30acd3a/model.neff
2026-09-09 08:45:17.000107:  50143  [INFO]: Using a cached neff at /home/ubuntu/neuron_cache_e2e/neuronxcc-2.23.6484.0+3b612583/MODULE_14849796531781449780+e30acd3a/model.neff
2026-09-09 08:45:17.000112:  50168  [INFO]: Using a cached neff at /home/ubuntu/neuron_cache_e2e/neuronxcc-2.23.6484.0+3b612583/MODULE_13744807807430301687+e30acd3a/model.neff
/home/ubuntu/train_llama10b_tp_families.py:653: DeprecationWarning: Use torch_xla.sync instead
  xm.mark_step()
2026-09-09 08:45:17.000120:  50145  [INFO]: Using a cached neff at /home/ubuntu/neuron_cache_e2e/neuronxcc-2.23.6484.0+3b612583/MODULE_6773386797833768649+e30acd3a/model.neff
2026-09-09 08:45:17.000124:  50141  [INFO]: Using a cached neff at /home/ubuntu/neuron_cache_e2e/neuronxcc-2.23.6484.0+3b612583/MODULE_15427396631935572758+e30acd3a/model.neff
2026-09-09 08:45:17.000133:  50155  [INFO]: Using a cached neff at /home/ubuntu/neuron_cache_e2e/neuronxcc-2.23.6484.0+3b612583/MODULE_6773386797833768649+e30acd3a/model.neff
2026-09-09 08:45:17.000136:  50148  [INFO]: Using a cached neff at /home/ubuntu/neuron_cache_e2e/neuronxcc-2.23.6484.0+3b612583/MODULE_6773386797833768649+e30acd3a/model.neff
2026-09-09 08:45:17.000138:  50158  [INFO]: Using a cached neff at /home/ubuntu/neuron_cache_e2e/neuronxcc-2.23.6484.0+3b612583/MODULE_15427396631935572758+e30acd3a/model.neff
2026-09-09 08:45:17.000138:  50170  [INFO]: Using a cached neff at /home/ubuntu/neuron_cache_e2e/neuronxcc-2.23.6484.0+3b612583/MODULE_15427396631935572758+e30acd3a/model.neff
/home/ubuntu/train_llama10b_tp_families.py:645: DeprecationWarning: Use torch_xla.sync instead
  xm.mark_step()   # slice: copy-back done
2026-09-09 08:45:17.000145:  50152  [INFO]: Using a cached neff at /home/ubuntu/neuron_cache_e2e/neuronxcc-2.23.6484.0+3b612583/MODULE_15427396631935572758+e30acd3a/model.neff
2026-09-09 08:45:17.000151:  50169  [INFO]: Using a cached neff at /home/ubuntu/neuron_cache_e2e/neuronxcc-2.23.6484.0+3b612583/MODULE_15427396631935572758+e30acd3a/model.neff
2026-09-09 08:45:17.000155:  50166  [INFO]: Using a cached neff at /home/ubuntu/neuron_cache_e2e/neuronxcc-2.23.6484.0+3b612583/MODULE_6773386797833768649+e30acd3a/model.neff
/home/ubuntu/train_llama10b_tp_families.py:653: DeprecationWarning: Use torch_xla.sync instead
  xm.mark_step()
2026-09-09 08:45:17.000165:  50161  [INFO]: Using a cached neff at /home/ubuntu/neuron_cache_e2e/neuronxcc-2.23.6484.0+3b612583/MODULE_15427396631935572758+e30acd3a/model.neff
2026-09-09 08:45:17.000165:  50150  [INFO]: Using a cached neff at /home/ubuntu/neuron_cache_e2e/neuronxcc-2.23.6484.0+3b612583/MODULE_15427396631935572758+e30acd3a/model.neff
/home/ubuntu/train_llama10b_tp_families.py:653: DeprecationWarning: Use torch_xla.sync instead
  xm.mark_step()
2026-09-09 08:45:17.000170:  50149  [INFO]: Using a cached neff at /home/ubuntu/neuron_cache_e2e/neuronxcc-2.23.6484.0+3b612583/MODULE_13744807807430301687+e30acd3a/model.neff
/home/ubuntu/train_llama10b_tp_families.py:653: DeprecationWarning: Use torch_xla.sync instead
  xm.mark_step()
2026-09-09 08:45:17.000173:  50147  [INFO]: Using a cached neff at /home/ubuntu/neuron_cache_e2e/neuronxcc-2.23.6484.0+3b612583/MODULE_15914079002818025199+e30acd3a/model.neff
2026-09-09 08:45:17.000173:  50165  [INFO]: Using a cached neff at /home/ubuntu/neuron_cache_e2e/neuronxcc-2.23.6484.0+3b612583/MODULE_6773386797833768649+e30acd3a/model.neff
/home/ubuntu/train_llama10b_tp_families.py:653: DeprecationWarning: Use torch_xla.sync instead
  xm.mark_step()
2026-09-09 08:45:17.000182:  50142  [INFO]: Using a cached neff at /home/ubuntu/neuron_cache_e2e/neuronxcc-2.23.6484.0+3b612583/MODULE_15427396631935572758+e30acd3a/model.neff
/home/ubuntu/train_llama10b_tp_families.py:653: DeprecationWarning: Use torch_xla.sync instead
  xm.mark_step()
2026-09-09 08:45:17.000186:  50153  [INFO]: Using a cached neff at /home/ubuntu/neuron_cache_e2e/neuronxcc-2.23.6484.0+3b612583/MODULE_15427396631935572758+e30acd3a/model.neff
2026-09-09 08:45:17.000187:  50146  [INFO]: Using a cached neff at /home/ubuntu/neuron_cache_e2e/neuronxcc-2.23.6484.0+3b612583/MODULE_15427396631935572758+e30acd3a/model.neff
2026-09-09 08:45:17.000190:  50154  [INFO]: Using a cached neff at /home/ubuntu/neuron_cache_e2e/neuronxcc-2.23.6484.0+3b612583/MODULE_15427396631935572758+e30acd3a/model.neff
2026-09-09 08:45:17.000190:  50156  [INFO]: Using a cached neff at /home/ubuntu/neuron_cache_e2e/neuronxcc-2.23.6484.0+3b612583/MODULE_14849796531781449780+e30acd3a/model.neff
/home/ubuntu/train_llama10b_tp_families.py:653: DeprecationWarning: Use torch_xla.sync instead
  xm.mark_step()
/home/ubuntu/train_llama10b_tp_families.py:653: DeprecationWarning: Use torch_xla.sync instead
  xm.mark_step()
/home/ubuntu/train_llama10b_tp_families.py:645: DeprecationWarning: Use torch_xla.sync instead
  xm.mark_step()   # slice: copy-back done
2026-09-09 08:45:17.000199:  50139  [INFO]: Using a cached neff at /home/ubuntu/neuron_cache_e2e/neuronxcc-2.23.6484.0+3b612583/MODULE_15427396631935572758+e30acd3a/model.neff
2026-09-09 08:45:17.000201:  50163  [INFO]: Using a cached neff at /home/ubuntu/neuron_cache_e2e/neuronxcc-2.23.6484.0+3b612583/MODULE_15427396631935572758+e30acd3a/model.neff
2026-09-09 08:45:17.000205:  50162  [INFO]: Using a cached neff at /home/ubuntu/neuron_cache_e2e/neuronxcc-2.23.6484.0+3b612583/MODULE_14849796531781449780+e30acd3a/model.neff
/home/ubuntu/train_llama10b_tp_families.py:653: DeprecationWarning: Use torch_xla.sync instead
  xm.mark_step()
/home/ubuntu/train_llama10b_tp_families.py:653: DeprecationWarning: Use torch_xla.sync instead
  xm.mark_step()
/home/ubuntu/train_llama10b_tp_families.py:653: DeprecationWarning: Use torch_xla.sync instead
  xm.mark_step()
/home/ubuntu/train_llama10b_tp_families.py:653: DeprecationWarning: Use torch_xla.sync instead
  xm.mark_step()
/home/ubuntu/train_llama10b_tp_families.py:653: DeprecationWarning: Use torch_xla.sync instead
  xm.mark_step()
2026-09-09 08:45:17.000232:  50144  [INFO]: Using a cached neff at /home/ubuntu/neuron_cache_e2e/neuronxcc-2.23.6484.0+3b612583/MODULE_6773386797833768649+e30acd3a/model.neff
/home/ubuntu/train_llama10b_tp_families.py:653: DeprecationWarning: Use torch_xla.sync instead
  xm.mark_step()
2026-09-09 08:45:17.000239:  50160  [INFO]: Using a cached neff at /home/ubuntu/neuron_cache_e2e/neuronxcc-2.23.6484.0+3b612583/MODULE_14849796531781449780+e30acd3a/model.neff
2026-09-09 08:45:17.000246:  50157  [INFO]: Using a cached neff at /home/ubuntu/neuron_cache_e2e/neuronxcc-2.23.6484.0+3b612583/MODULE_15427396631935572758+e30acd3a/model.neff
2026-09-09 08:45:17.000246:  50143  [INFO]: Using a cached neff at /home/ubuntu/neuron_cache_e2e/neuronxcc-2.23.6484.0+3b612583/MODULE_15914079002818025199+e30acd3a/model.neff
2026-09-09 08:45:17.000247:  50159  [INFO]: Using a cached neff at /home/ubuntu/neuron_cache_e2e/neuronxcc-2.23.6484.0+3b612583/MODULE_14849796531781449780+e30acd3a/model.neff
2026-09-09 08:45:17.000252:  50164  [INFO]: Using a cached neff at /home/ubuntu/neuron_cache_e2e/neuronxcc-2.23.6484.0+3b612583/MODULE_14849796531781449780+e30acd3a/model.neff
2026-09-09 08:45:17.000269:  50147  [INFO]: Using a cached neff at /home/ubuntu/neuron_cache_e2e/neuronxcc-2.23.6484.0+3b612583/MODULE_13744807807430301687+e30acd3a/model.neff
2026-09-09 08:45:17.000272:  50168  [INFO]: Using a cached neff at /home/ubuntu/neuron_cache_e2e/neuronxcc-2.23.6484.0+3b612583/MODULE_15427396631935572758+e30acd3a/model.neff
/home/ubuntu/train_llama10b_tp_families.py:653: DeprecationWarning: Use torch_xla.sync instead
  xm.mark_step()
2026-09-09 08:45:17.000287:  50155  [INFO]: Using a cached neff at /home/ubuntu/neuron_cache_e2e/neuronxcc-2.23.6484.0+3b612583/MODULE_14849796531781449780+e30acd3a/model.neff
2026-09-09 08:45:17.000290:  50151  [INFO]: Using a cached neff at /home/ubuntu/neuron_cache_e2e/neuronxcc-2.23.6484.0+3b612583/MODULE_256651043009643160+e30acd3a/model.neff
2026-09-09 08:45:17.000293:  50145  [INFO]: Using a cached neff at /home/ubuntu/neuron_cache_e2e/neuronxcc-2.23.6484.0+3b612583/MODULE_14849796531781449780+e30acd3a/model.neff
2026-09-09 08:45:17.000296:  50148  [INFO]: Using a cached neff at /home/ubuntu/neuron_cache_e2e/neuronxcc-2.23.6484.0+3b612583/MODULE_14849796531781449780+e30acd3a/model.neff
2026-09-09 08:45:17.000299:  50156  [INFO]: Using a cached neff at /home/ubuntu/neuron_cache_e2e/neuronxcc-2.23.6484.0+3b612583/MODULE_15914079002818025199+e30acd3a/model.neff
/home/ubuntu/train_llama10b_tp_families.py:645: DeprecationWarning: Use torch_xla.sync instead
  xm.mark_step()   # slice: copy-back done
/home/ubuntu/train_llama10b_tp_families.py:653: DeprecationWarning: Use torch_xla.sync instead
  xm.mark_step()
2026-09-09 08:45:17.000315:  50166  [INFO]: Using a cached neff at /home/ubuntu/neuron_cache_e2e/neuronxcc-2.23.6484.0+3b612583/MODULE_14849796531781449780+e30acd3a/model.neff
2026-09-09 08:45:17.000317:  50140  [INFO]: Using a cached neff at /home/ubuntu/neuron_cache_e2e/neuronxcc-2.23.6484.0+3b612583/MODULE_256651043009643160+e30acd3a/model.neff
2026-09-09 08:45:17.000331:  50149  [INFO]: Using a cached neff at /home/ubuntu/neuron_cache_e2e/neuronxcc-2.23.6484.0+3b612583/MODULE_15427396631935572758+e30acd3a/model.neff
2026-09-09 08:45:17.000337:  50165  [INFO]: Using a cached neff at /home/ubuntu/neuron_cache_e2e/neuronxcc-2.23.6484.0+3b612583/MODULE_14849796531781449780+e30acd3a/model.neff
2026-09-09 08:45:17.000340:  50167  [INFO]: Using a cached neff at /home/ubuntu/neuron_cache_e2e/neuronxcc-2.23.6484.0+3b612583/MODULE_256651043009643160+e30acd3a/model.neff
2026-09-09 08:45:17.000348:  50162  [INFO]: Using a cached neff at /home/ubuntu/neuron_cache_e2e/neuronxcc-2.23.6484.0+3b612583/MODULE_15914079002818025199+e30acd3a/model.neff
/home/ubuntu/train_llama10b_tp_families.py:653: DeprecationWarning: Use torch_xla.sync instead
  xm.mark_step()
2026-09-09 08:45:17.000364:  50144  [INFO]: Using a cached neff at /home/ubuntu/neuron_cache_e2e/neuronxcc-2.23.6484.0+3b612583/MODULE_14849796531781449780+e30acd3a/model.neff
2026-09-09 08:45:17.000365:  50164  [INFO]: Using a cached neff at /home/ubuntu/neuron_cache_e2e/neuronxcc-2.23.6484.0+3b612583/MODULE_15914079002818025199+e30acd3a/model.neff
2026-09-09 08:45:17.000368:  50143  [INFO]: Using a cached neff at /home/ubuntu/neuron_cache_e2e/neuronxcc-2.23.6484.0+3b612583/MODULE_13744807807430301687+e30acd3a/model.neff
2026-09-09 08:45:17.000373:  50160  [INFO]: Using a cached neff at /home/ubuntu/neuron_cache_e2e/neuronxcc-2.23.6484.0+3b612583/MODULE_15914079002818025199+e30acd3a/model.neff
2026-09-09 08:45:17.000378:  50159  [INFO]: Using a cached neff at /home/ubuntu/neuron_cache_e2e/neuronxcc-2.23.6484.0+3b612583/MODULE_15914079002818025199+e30acd3a/model.neff
2026-09-09 08:45:17.000381:  50147  [INFO]: Using a cached neff at /home/ubuntu/neuron_cache_e2e/neuronxcc-2.23.6484.0+3b612583/MODULE_15427396631935572758+e30acd3a/model.neff
2026-09-09 08:45:17.000384:  50145  [INFO]: Using a cached neff at /home/ubuntu/neuron_cache_e2e/neuronxcc-2.23.6484.0+3b612583/MODULE_15914079002818025199+e30acd3a/model.neff
2026-09-09 08:45:17.000389:  50155  [INFO]: Using a cached neff at /home/ubuntu/neuron_cache_e2e/neuronxcc-2.23.6484.0+3b612583/MODULE_15914079002818025199+e30acd3a/model.neff
/home/ubuntu/train_llama10b_tp_families.py:645: DeprecationWarning: Use torch_xla.sync instead
  xm.mark_step()   # slice: copy-back done
2026-09-09 08:45:17.000405:  50156  [INFO]: Using a cached neff at /home/ubuntu/neuron_cache_e2e/neuronxcc-2.23.6484.0+3b612583/MODULE_13744807807430301687+e30acd3a/model.neff
2026-09-09 08:45:17.000408:  50141  [INFO]: Using a cached neff at /home/ubuntu/neuron_cache_e2e/neuronxcc-2.23.6484.0+3b612583/MODULE_256651043009643160+e30acd3a/model.neff
2026-09-09 08:45:17.000412:  50148  [INFO]: Using a cached neff at /home/ubuntu/neuron_cache_e2e/neuronxcc-2.23.6484.0+3b612583/MODULE_15914079002818025199+e30acd3a/model.neff
2026-09-09 08:45:17.000415:  50166  [INFO]: Using a cached neff at /home/ubuntu/neuron_cache_e2e/neuronxcc-2.23.6484.0+3b612583/MODULE_15914079002818025199+e30acd3a/model.neff
/home/ubuntu/train_llama10b_tp_families.py:653: DeprecationWarning: Use torch_xla.sync instead
  xm.mark_step()
2026-09-09 08:45:17.000430:  50165  [INFO]: Using a cached neff at /home/ubuntu/neuron_cache_e2e/neuronxcc-2.23.6484.0+3b612583/MODULE_15914079002818025199+e30acd3a/model.neff
/home/ubuntu/train_llama10b_tp_families.py:645: DeprecationWarning: Use torch_xla.sync instead
  xm.mark_step()   # slice: copy-back done
2026-09-09 08:45:17.000471:  50162  [INFO]: Using a cached neff at /home/ubuntu/neuron_cache_e2e/neuronxcc-2.23.6484.0+3b612583/MODULE_13744807807430301687+e30acd3a/model.neff
2026-09-09 08:45:17.000477:  50160  [INFO]: Using a cached neff at /home/ubuntu/neuron_cache_e2e/neuronxcc-2.23.6484.0+3b612583/MODULE_13744807807430301687+e30acd3a/model.neff
2026-09-09 08:45:17.000483:  50158  [INFO]: Using a cached neff at /home/ubuntu/neuron_cache_e2e/neuronxcc-2.23.6484.0+3b612583/MODULE_256651043009643160+e30acd3a/model.neff
2026-09-09 08:45:17.000494:  50164  [INFO]: Using a cached neff at /home/ubuntu/neuron_cache_e2e/neuronxcc-2.23.6484.0+3b612583/MODULE_13744807807430301687+e30acd3a/model.neff
2026-09-09 08:45:17.000502:  50143  [INFO]: Using a cached neff at /home/ubuntu/neuron_cache_e2e/neuronxcc-2.23.6484.0+3b612583/MODULE_15427396631935572758+e30acd3a/model.neff
2026-09-09 08:45:17.000520:  50170  [INFO]: Using a cached neff at /home/ubuntu/neuron_cache_e2e/neuronxcc-2.23.6484.0+3b612583/MODULE_256651043009643160+e30acd3a/model.neff
2026-09-09 08:45:17.000526:  50144  [INFO]: Using a cached neff at /home/ubuntu/neuron_cache_e2e/neuronxcc-2.23.6484.0+3b612583/MODULE_15914079002818025199+e30acd3a/model.neff
2026-09-09 08:45:17.000540:  50152  [INFO]: Using a cached neff at /home/ubuntu/neuron_cache_e2e/neuronxcc-2.23.6484.0+3b612583/MODULE_256651043009643160+e30acd3a/model.neff
2026-09-09 08:45:17.000542:  50146  [INFO]: Using a cached neff at /home/ubuntu/neuron_cache_e2e/neuronxcc-2.23.6484.0+3b612583/MODULE_256651043009643160+e30acd3a/model.neff
2026-09-09 08:45:17.000545:  50142  [INFO]: Using a cached neff at /home/ubuntu/neuron_cache_e2e/neuronxcc-2.23.6484.0+3b612583/MODULE_256651043009643160+e30acd3a/model.neff
/home/ubuntu/train_llama10b_tp_families.py:645: DeprecationWarning: Use torch_xla.sync instead
  xm.mark_step()   # slice: copy-back done
2026-09-09 08:45:17.000555:  50159  [INFO]: Using a cached neff at /home/ubuntu/neuron_cache_e2e/neuronxcc-2.23.6484.0+3b612583/MODULE_13744807807430301687+e30acd3a/model.neff
2026-09-09 08:45:17.000563:  50150  [INFO]: Using a cached neff at /home/ubuntu/neuron_cache_e2e/neuronxcc-2.23.6484.0+3b612583/MODULE_256651043009643160+e30acd3a/model.neff
/home/ubuntu/train_llama10b_tp_families.py:645: DeprecationWarning: Use torch_xla.sync instead
  xm.mark_step()   # slice: copy-back done
2026-09-09 08:45:17.000568:  50151  [INFO]: Using a cached neff at /home/ubuntu/neuron_cache_e2e/neuronxcc-2.23.6484.0+3b612583/MODULE_14874200043798254035+e30acd3a/model.neff
2026-09-09 08:45:17.000571:  50169  [INFO]: Using a cached neff at /home/ubuntu/neuron_cache_e2e/neuronxcc-2.23.6484.0+3b612583/MODULE_256651043009643160+e30acd3a/model.neff
2026-09-09 08:45:17.000578:  50153  [INFO]: Using a cached neff at /home/ubuntu/neuron_cache_e2e/neuronxcc-2.23.6484.0+3b612583/MODULE_256651043009643160+e30acd3a/model.neff
2026-09-09 08:45:17.000580:  50161  [INFO]: Using a cached neff at /home/ubuntu/neuron_cache_e2e/neuronxcc-2.23.6484.0+3b612583/MODULE_256651043009643160+e30acd3a/model.neff
2026-09-09 08:45:17.000586:  50163  [INFO]: Using a cached neff at /home/ubuntu/neuron_cache_e2e/neuronxcc-2.23.6484.0+3b612583/MODULE_256651043009643160+e30acd3a/model.neff
/home/ubuntu/train_llama10b_tp_families.py:645: DeprecationWarning: Use torch_xla.sync instead
  xm.mark_step()   # slice: copy-back done
2026-09-09 08:45:17.000592:  50145  [INFO]: Using a cached neff at /home/ubuntu/neuron_cache_e2e/neuronxcc-2.23.6484.0+3b612583/MODULE_13744807807430301687+e30acd3a/model.neff
2026-09-09 08:45:17.000598:  50139  [INFO]: Using a cached neff at /home/ubuntu/neuron_cache_e2e/neuronxcc-2.23.6484.0+3b612583/MODULE_256651043009643160+e30acd3a/model.neff
/home/ubuntu/train_llama10b_tp_families.py:653: DeprecationWarning: Use torch_xla.sync instead
  xm.mark_step()
2026-09-09 08:45:17.000606:  50154  [INFO]: Using a cached neff at /home/ubuntu/neuron_cache_e2e/neuronxcc-2.23.6484.0+3b612583/MODULE_256651043009643160+e30acd3a/model.neff
2026-09-09 08:45:17.000620:  50168  [INFO]: Using a cached neff at /home/ubuntu/neuron_cache_e2e/neuronxcc-2.23.6484.0+3b612583/MODULE_256651043009643160+e30acd3a/model.neff
2026-09-09 08:45:17.000629:  50155  [INFO]: Using a cached neff at /home/ubuntu/neuron_cache_e2e/neuronxcc-2.23.6484.0+3b612583/MODULE_13744807807430301687+e30acd3a/model.neff
2026-09-09 08:45:17.000634:  50157  [INFO]: Using a cached neff at /home/ubuntu/neuron_cache_e2e/neuronxcc-2.23.6484.0+3b612583/MODULE_256651043009643160+e30acd3a/model.neff
/home/ubuntu/train_llama10b_tp_families.py:645: DeprecationWarning: Use torch_xla.sync instead
  xm.mark_step()   # slice: copy-back done
2026-09-09 08:45:17.000658:  50149  [INFO]: Using a cached neff at /home/ubuntu/neuron_cache_e2e/neuronxcc-2.23.6484.0+3b612583/MODULE_256651043009643160+e30acd3a/model.neff
2026-09-09 08:45:17.000658:  50140  [INFO]: Using a cached neff at /home/ubuntu/neuron_cache_e2e/neuronxcc-2.23.6484.0+3b612583/MODULE_14874200043798254035+e30acd3a/model.neff
2026-09-09 08:45:17.000658:  50167  [INFO]: Using a cached neff at /home/ubuntu/neuron_cache_e2e/neuronxcc-2.23.6484.0+3b612583/MODULE_14874200043798254035+e30acd3a/model.neff
2026-09-09 08:45:17.000664:  50156  [INFO]: Using a cached neff at /home/ubuntu/neuron_cache_e2e/neuronxcc-2.23.6484.0+3b612583/MODULE_15427396631935572758+e30acd3a/model.neff
/home/ubuntu/train_llama10b_tp_families.py:645: DeprecationWarning: Use torch_xla.sync instead
  xm.mark_step()   # slice: copy-back done
/home/ubuntu/train_llama10b_tp_families.py:645: DeprecationWarning: Use torch_xla.sync instead
  xm.mark_step()   # slice: copy-back done
2026-09-09 08:45:17.000675:  50141  [INFO]: Using a cached neff at /home/ubuntu/neuron_cache_e2e/neuronxcc-2.23.6484.0+3b612583/MODULE_14874200043798254035+e30acd3a/model.neff
2026-09-09 08:45:17.000676:  50166  [INFO]: Using a cached neff at /home/ubuntu/neuron_cache_e2e/neuronxcc-2.23.6484.0+3b612583/MODULE_13744807807430301687+e30acd3a/model.neff
2026-09-09 08:45:17.000679:  50162  [INFO]: Using a cached neff at /home/ubuntu/neuron_cache_e2e/neuronxcc-2.23.6484.0+3b612583/MODULE_15427396631935572758+e30acd3a/model.neff
2026-09-09 08:45:17.000679:  50165  [INFO]: Using a cached neff at /home/ubuntu/neuron_cache_e2e/neuronxcc-2.23.6484.0+3b612583/MODULE_13744807807430301687+e30acd3a/model.neff
2026-09-09 08:45:17.000681:  50160  [INFO]: Using a cached neff at /home/ubuntu/neuron_cache_e2e/neuronxcc-2.23.6484.0+3b612583/MODULE_15427396631935572758+e30acd3a/model.neff
2026-09-09 08:45:17.000694:  50164  [INFO]: Using a cached neff at /home/ubuntu/neuron_cache_e2e/neuronxcc-2.23.6484.0+3b612583/MODULE_15427396631935572758+e30acd3a/model.neff
2026-09-09 08:45:17.000697:  50144  [INFO]: Using a cached neff at /home/ubuntu/neuron_cache_e2e/neuronxcc-2.23.6484.0+3b612583/MODULE_13744807807430301687+e30acd3a/model.neff
2026-09-09 08:45:17.000699:  50158  [INFO]: Using a cached neff at /home/ubuntu/neuron_cache_e2e/neuronxcc-2.23.6484.0+3b612583/MODULE_14874200043798254035+e30acd3a/model.neff
/home/ubuntu/train_llama10b_tp_families.py:653: DeprecationWarning: Use torch_xla.sync instead
  xm.mark_step()
2026-09-09 08:45:17.000700:  50159  [INFO]: Using a cached neff at /home/ubuntu/neuron_cache_e2e/neuronxcc-2.23.6484.0+3b612583/MODULE_15427396631935572758+e30acd3a/model.neff
2026-09-09 08:45:17.000700:  50170  [INFO]: Using a cached neff at /home/ubuntu/neuron_cache_e2e/neuronxcc-2.23.6484.0+3b612583/MODULE_14874200043798254035+e30acd3a/model.neff
2026-09-09 08:45:17.000700:  50145  [INFO]: Using a cached neff at /home/ubuntu/neuron_cache_e2e/neuronxcc-2.23.6484.0+3b612583/MODULE_15427396631935572758+e30acd3a/model.neff
/home/ubuntu/train_llama10b_tp_families.py:645: DeprecationWarning: Use torch_xla.sync instead
  xm.mark_step()   # slice: copy-back done
2026-09-09 08:45:17.000706:  50148  [INFO]: Using a cached neff at /home/ubuntu/neuron_cache_e2e/neuronxcc-2.23.6484.0+3b612583/MODULE_13744807807430301687+e30acd3a/model.neff
2026-09-09 08:45:17.000707:  50155  [INFO]: Using a cached neff at /home/ubuntu/neuron_cache_e2e/neuronxcc-2.23.6484.0+3b612583/MODULE_15427396631935572758+e30acd3a/model.neff
2026-09-09 08:45:17.000707:  50169  [INFO]: Using a cached neff at /home/ubuntu/neuron_cache_e2e/neuronxcc-2.23.6484.0+3b612583/MODULE_14874200043798254035+e30acd3a/model.neff
/home/ubuntu/train_llama10b_tp_families.py:645: DeprecationWarning: Use torch_xla.sync instead
  xm.mark_step()   # slice: copy-back done
2026-09-09 08:45:17.000710:  50153  [INFO]: Using a cached neff at /home/ubuntu/neuron_cache_e2e/neuronxcc-2.23.6484.0+3b612583/MODULE_14874200043798254035+e30acd3a/model.neff
2026-09-09 08:45:17.000711:  50150  [INFO]: Using a cached neff at /home/ubuntu/neuron_cache_e2e/neuronxcc-2.23.6484.0+3b612583/MODULE_14874200043798254035+e30acd3a/model.neff
2026-09-09 08:45:17.000713:  50166  [INFO]: Using a cached neff at /home/ubuntu/neuron_cache_e2e/neuronxcc-2.23.6484.0+3b612583/MODULE_15427396631935572758+e30acd3a/model.neff
/home/ubuntu/train_llama10b_tp_families.py:653: DeprecationWarning: Use torch_xla.sync instead
  xm.mark_step()
2026-09-09 08:45:17.000716:  50165  [INFO]: Using a cached neff at /home/ubuntu/neuron_cache_e2e/neuronxcc-2.23.6484.0+3b612583/MODULE_15427396631935572758+e30acd3a/model.neff
/home/ubuntu/train_llama10b_tp_families.py:653: DeprecationWarning: Use torch_xla.sync instead
  xm.mark_step()
2026-09-09 08:45:17.000721:  50146  [INFO]: Using a cached neff at /home/ubuntu/neuron_cache_e2e/neuronxcc-2.23.6484.0+3b612583/MODULE_14874200043798254035+e30acd3a/model.neff
2026-09-09 08:45:17.000727:  50142  [INFO]: Using a cached neff at /home/ubuntu/neuron_cache_e2e/neuronxcc-2.23.6484.0+3b612583/MODULE_14874200043798254035+e30acd3a/model.neff
/home/ubuntu/train_llama10b_tp_families.py:645: DeprecationWarning: Use torch_xla.sync instead
  xm.mark_step()   # slice: copy-back done
/home/ubuntu/train_llama10b_tp_families.py:653: DeprecationWarning: Use torch_xla.sync instead
  xm.mark_step()
2026-09-09 08:45:17.000730:  50152  [INFO]: Using a cached neff at /home/ubuntu/neuron_cache_e2e/neuronxcc-2.23.6484.0+3b612583/MODULE_14874200043798254035+e30acd3a/model.neff
/home/ubuntu/train_llama10b_tp_families.py:653: DeprecationWarning: Use torch_xla.sync instead
  xm.mark_step()
/home/ubuntu/train_llama10b_tp_families.py:653: DeprecationWarning: Use torch_xla.sync instead
  xm.mark_step()
/home/ubuntu/train_llama10b_tp_families.py:653: DeprecationWarning: Use torch_xla.sync instead
  xm.mark_step()
2026-09-09 08:45:17.000737:  50154  [INFO]: Using a cached neff at /home/ubuntu/neuron_cache_e2e/neuronxcc-2.23.6484.0+3b612583/MODULE_14874200043798254035+e30acd3a/model.neff
2026-09-09 08:45:17.000737:  50144  [INFO]: Using a cached neff at /home/ubuntu/neuron_cache_e2e/neuronxcc-2.23.6484.0+3b612583/MODULE_15427396631935572758+e30acd3a/model.neff
2026-09-09 08:45:17.000741:  50163  [INFO]: Using a cached neff at /home/ubuntu/neuron_cache_e2e/neuronxcc-2.23.6484.0+3b612583/MODULE_14874200043798254035+e30acd3a/model.neff
/home/ubuntu/train_llama10b_tp_families.py:653: DeprecationWarning: Use torch_xla.sync instead
  xm.mark_step()
/home/ubuntu/train_llama10b_tp_families.py:645: DeprecationWarning: Use torch_xla.sync instead
  xm.mark_step()   # slice: copy-back done
2026-09-09 08:45:17.000745:  50161  [INFO]: Using a cached neff at /home/ubuntu/neuron_cache_e2e/neuronxcc-2.23.6484.0+3b612583/MODULE_14874200043798254035+e30acd3a/model.neff
/home/ubuntu/train_llama10b_tp_families.py:653: DeprecationWarning: Use torch_xla.sync instead
  xm.mark_step()
2026-09-09 08:45:17.000746:  50147  [INFO]: Using a cached neff at /home/ubuntu/neuron_cache_e2e/neuronxcc-2.23.6484.0+3b612583/MODULE_256651043009643160+e30acd3a/model.neff
2026-09-09 08:45:17.000749:  50148  [INFO]: Using a cached neff at /home/ubuntu/neuron_cache_e2e/neuronxcc-2.23.6484.0+3b612583/MODULE_15427396631935572758+e30acd3a/model.neff
2026-09-09 08:45:17.000750:  50168  [INFO]: Using a cached neff at /home/ubuntu/neuron_cache_e2e/neuronxcc-2.23.6484.0+3b612583/MODULE_14874200043798254035+e30acd3a/model.neff
2026-09-09 08:45:17.000751:  50157  [INFO]: Using a cached neff at /home/ubuntu/neuron_cache_e2e/neuronxcc-2.23.6484.0+3b612583/MODULE_14874200043798254035+e30acd3a/model.neff
2026-09-09 08:45:17.000760:  50149  [INFO]: Using a cached neff at /home/ubuntu/neuron_cache_e2e/neuronxcc-2.23.6484.0+3b612583/MODULE_14874200043798254035+e30acd3a/model.neff
2026-09-09 08:45:17.000761:  50139  [INFO]: Using a cached neff at /home/ubuntu/neuron_cache_e2e/neuronxcc-2.23.6484.0+3b612583/MODULE_14874200043798254035+e30acd3a/model.neff
/home/ubuntu/train_llama10b_tp_families.py:653: DeprecationWarning: Use torch_xla.sync instead
  xm.mark_step()
/home/ubuntu/train_llama10b_tp_families.py:653: DeprecationWarning: Use torch_xla.sync instead
  xm.mark_step()
2026-09-09 08:45:17.000805:  50143  [INFO]: Using a cached neff at /home/ubuntu/neuron_cache_e2e/neuronxcc-2.23.6484.0+3b612583/MODULE_256651043009643160+e30acd3a/model.neff
2026-09-09 08:45:17.000849:  50147  [INFO]: Using a cached neff at /home/ubuntu/neuron_cache_e2e/neuronxcc-2.23.6484.0+3b612583/MODULE_14874200043798254035+e30acd3a/model.neff
2026-09-09 08:45:17.000868:  50156  [INFO]: Using a cached neff at /home/ubuntu/neuron_cache_e2e/neuronxcc-2.23.6484.0+3b612583/MODULE_256651043009643160+e30acd3a/model.neff
2026-09-09 08:45:17.000877:  50145  [INFO]: Using a cached neff at /home/ubuntu/neuron_cache_e2e/neuronxcc-2.23.6484.0+3b612583/MODULE_256651043009643160+e30acd3a/model.neff
2026-09-09 08:45:17.000878:  50160  [INFO]: Using a cached neff at /home/ubuntu/neuron_cache_e2e/neuronxcc-2.23.6484.0+3b612583/MODULE_256651043009643160+e30acd3a/model.neff
2026-09-09 08:45:17.000880:  50162  [INFO]: Using a cached neff at /home/ubuntu/neuron_cache_e2e/neuronxcc-2.23.6484.0+3b612583/MODULE_256651043009643160+e30acd3a/model.neff
2026-09-09 08:45:17.000886:  50155  [INFO]: Using a cached neff at /home/ubuntu/neuron_cache_e2e/neuronxcc-2.23.6484.0+3b612583/MODULE_256651043009643160+e30acd3a/model.neff
2026-09-09 08:45:17.000889:  50159  [INFO]: Using a cached neff at /home/ubuntu/neuron_cache_e2e/neuronxcc-2.23.6484.0+3b612583/MODULE_256651043009643160+e30acd3a/model.neff
2026-09-09 08:45:17.000893:  50164  [INFO]: Using a cached neff at /home/ubuntu/neuron_cache_e2e/neuronxcc-2.23.6484.0+3b612583/MODULE_256651043009643160+e30acd3a/model.neff
2026-09-09 08:45:17.000898:  50165  [INFO]: Using a cached neff at /home/ubuntu/neuron_cache_e2e/neuronxcc-2.23.6484.0+3b612583/MODULE_256651043009643160+e30acd3a/model.neff
2026-09-09 08:45:17.000906:  50143  [INFO]: Using a cached neff at /home/ubuntu/neuron_cache_e2e/neuronxcc-2.23.6484.0+3b612583/MODULE_14874200043798254035+e30acd3a/model.neff
2026-09-09 08:45:17.000943:  50148  [INFO]: Using a cached neff at /home/ubuntu/neuron_cache_e2e/neuronxcc-2.23.6484.0+3b612583/MODULE_256651043009643160+e30acd3a/model.neff
2026-09-09 08:45:17.000945:  50166  [INFO]: Using a cached neff at /home/ubuntu/neuron_cache_e2e/neuronxcc-2.23.6484.0+3b612583/MODULE_256651043009643160+e30acd3a/model.neff
2026-09-09 08:45:17.000960:  50144  [INFO]: Using a cached neff at /home/ubuntu/neuron_cache_e2e/neuronxcc-2.23.6484.0+3b612583/MODULE_256651043009643160+e30acd3a/model.neff
2026-09-09 08:45:17.000975:  50156  [INFO]: Using a cached neff at /home/ubuntu/neuron_cache_e2e/neuronxcc-2.23.6484.0+3b612583/MODULE_14874200043798254035+e30acd3a/model.neff
2026-09-09 08:45:17.000975:  50145  [INFO]: Using a cached neff at /home/ubuntu/neuron_cache_e2e/neuronxcc-2.23.6484.0+3b612583/MODULE_14874200043798254035+e30acd3a/model.neff
2026-09-09 08:45:17.000990:  50162  [INFO]: Using a cached neff at /home/ubuntu/neuron_cache_e2e/neuronxcc-2.23.6484.0+3b612583/MODULE_14874200043798254035+e30acd3a/model.neff
2026-09-09 08:45:17.000992:  50164  [INFO]: Using a cached neff at /home/ubuntu/neuron_cache_e2e/neuronxcc-2.23.6484.0+3b612583/MODULE_14874200043798254035+e30acd3a/model.neff
2026-09-09 08:45:17.000994:  50159  [INFO]: Using a cached neff at /home/ubuntu/neuron_cache_e2e/neuronxcc-2.23.6484.0+3b612583/MODULE_14874200043798254035+e30acd3a/model.neff
2026-09-09 08:45:17.000995:  50160  [INFO]: Using a cached neff at /home/ubuntu/neuron_cache_e2e/neuronxcc-2.23.6484.0+3b612583/MODULE_14874200043798254035+e30acd3a/model.neff
2026-09-09 08:45:17.000995:  50155  [INFO]: Using a cached neff at /home/ubuntu/neuron_cache_e2e/neuronxcc-2.23.6484.0+3b612583/MODULE_14874200043798254035+e30acd3a/model.neff
2026-09-09 08:45:18.000000:  50165  [INFO]: Using a cached neff at /home/ubuntu/neuron_cache_e2e/neuronxcc-2.23.6484.0+3b612583/MODULE_14874200043798254035+e30acd3a/model.neff
2026-09-09 08:45:18.000045:  50166  [INFO]: Using a cached neff at /home/ubuntu/neuron_cache_e2e/neuronxcc-2.23.6484.0+3b612583/MODULE_14874200043798254035+e30acd3a/model.neff
2026-09-09 08:45:18.000057:  50148  [INFO]: Using a cached neff at /home/ubuntu/neuron_cache_e2e/neuronxcc-2.23.6484.0+3b612583/MODULE_14874200043798254035+e30acd3a/model.neff
2026-09-09 08:45:18.000061:  50144  [INFO]: Using a cached neff at /home/ubuntu/neuron_cache_e2e/neuronxcc-2.23.6484.0+3b612583/MODULE_14874200043798254035+e30acd3a/model.neff
2026-09-09 08:45:39.000145:  50152  [INFO]: Using a cached neff at /home/ubuntu/neuron_cache_e2e/neuronxcc-2.23.6484.0+3b612583/MODULE_11439406683618181514+e30acd3a/model.neff
2026-09-09 08:45:39.000148:  50168  [INFO]: Using a cached neff at /home/ubuntu/neuron_cache_e2e/neuronxcc-2.23.6484.0+3b612583/MODULE_11439406683618181514+e30acd3a/model.neff
2026-09-09 08:45:39.000156:  50141  [INFO]: Using a cached neff at /home/ubuntu/neuron_cache_e2e/neuronxcc-2.23.6484.0+3b612583/MODULE_11439406683618181514+e30acd3a/model.neff
2026-09-09 08:45:39.000157:  50151  [INFO]: Using a cached neff at /home/ubuntu/neuron_cache_e2e/neuronxcc-2.23.6484.0+3b612583/MODULE_11439406683618181514+e30acd3a/model.neff
2026-09-09 08:45:39.000163:  50170  [INFO]: Using a cached neff at /home/ubuntu/neuron_cache_e2e/neuronxcc-2.23.6484.0+3b612583/MODULE_11439406683618181514+e30acd3a/model.neff
2026-09-09 08:45:39.000165:  50167  [INFO]: Using a cached neff at /home/ubuntu/neuron_cache_e2e/neuronxcc-2.23.6484.0+3b612583/MODULE_11439406683618181514+e30acd3a/model.neff
2026-09-09 08:45:39.000173:  50157  [INFO]: Using a cached neff at /home/ubuntu/neuron_cache_e2e/neuronxcc-2.23.6484.0+3b612583/MODULE_11439406683618181514+e30acd3a/model.neff
2026-09-09 08:45:39.000185:  50146  [INFO]: Using a cached neff at /home/ubuntu/neuron_cache_e2e/neuronxcc-2.23.6484.0+3b612583/MODULE_11439406683618181514+e30acd3a/model.neff
2026-09-09 08:45:39.000189:  50161  [INFO]: Using a cached neff at /home/ubuntu/neuron_cache_e2e/neuronxcc-2.23.6484.0+3b612583/MODULE_11439406683618181514+e30acd3a/model.neff
2026-09-09 08:45:39.000198:  50158  [INFO]: Using a cached neff at /home/ubuntu/neuron_cache_e2e/neuronxcc-2.23.6484.0+3b612583/MODULE_11439406683618181514+e30acd3a/model.neff
2026-09-09 08:45:39.000204:  50150  [INFO]: Using a cached neff at /home/ubuntu/neuron_cache_e2e/neuronxcc-2.23.6484.0+3b612583/MODULE_11439406683618181514+e30acd3a/model.neff
2026-09-09 08:45:39.000207:  50139  [INFO]: Using a cached neff at /home/ubuntu/neuron_cache_e2e/neuronxcc-2.23.6484.0+3b612583/MODULE_11439406683618181514+e30acd3a/model.neff
2026-09-09 08:45:39.000211:  50156  [INFO]: Using a cached neff at /home/ubuntu/neuron_cache_e2e/neuronxcc-2.23.6484.0+3b612583/MODULE_11439406683618181514+e30acd3a/model.neff
2026-09-09 08:45:39.000213:  50154  [INFO]: Using a cached neff at /home/ubuntu/neuron_cache_e2e/neuronxcc-2.23.6484.0+3b612583/MODULE_11439406683618181514+e30acd3a/model.neff
2026-09-09 08:45:39.000223:  50159  [INFO]: Using a cached neff at /home/ubuntu/neuron_cache_e2e/neuronxcc-2.23.6484.0+3b612583/MODULE_11439406683618181514+e30acd3a/model.neff
2026-09-09 08:45:39.000223:  50164  [INFO]: Using a cached neff at /home/ubuntu/neuron_cache_e2e/neuronxcc-2.23.6484.0+3b612583/MODULE_11439406683618181514+e30acd3a/model.neff
2026-09-09 08:45:39.000233:  50153  [INFO]: Using a cached neff at /home/ubuntu/neuron_cache_e2e/neuronxcc-2.23.6484.0+3b612583/MODULE_11439406683618181514+e30acd3a/model.neff
2026-09-09 08:45:39.000235:  50165  [INFO]: Using a cached neff at /home/ubuntu/neuron_cache_e2e/neuronxcc-2.23.6484.0+3b612583/MODULE_11439406683618181514+e30acd3a/model.neff
2026-09-09 08:45:39.000239:  50142  [INFO]: Using a cached neff at /home/ubuntu/neuron_cache_e2e/neuronxcc-2.23.6484.0+3b612583/MODULE_11439406683618181514+e30acd3a/model.neff
2026-09-09 08:45:39.000245:  50169  [INFO]: Using a cached neff at /home/ubuntu/neuron_cache_e2e/neuronxcc-2.23.6484.0+3b612583/MODULE_11439406683618181514+e30acd3a/model.neff
2026-09-09 08:45:39.000251:  50147  [INFO]: Using a cached neff at /home/ubuntu/neuron_cache_e2e/neuronxcc-2.23.6484.0+3b612583/MODULE_11439406683618181514+e30acd3a/model.neff
2026-09-09 08:45:39.000255:  50155  [INFO]: Using a cached neff at /home/ubuntu/neuron_cache_e2e/neuronxcc-2.23.6484.0+3b612583/MODULE_11439406683618181514+e30acd3a/model.neff
2026-09-09 08:45:39.000255:  50148  [INFO]: Using a cached neff at /home/ubuntu/neuron_cache_e2e/neuronxcc-2.23.6484.0+3b612583/MODULE_11439406683618181514+e30acd3a/model.neff
2026-09-09 08:45:39.000261:  50140  [INFO]: Using a cached neff at /home/ubuntu/neuron_cache_e2e/neuronxcc-2.23.6484.0+3b612583/MODULE_11439406683618181514+e30acd3a/model.neff
2026-09-09 08:45:39.000263:  50166  [INFO]: Using a cached neff at /home/ubuntu/neuron_cache_e2e/neuronxcc-2.23.6484.0+3b612583/MODULE_11439406683618181514+e30acd3a/model.neff
2026-09-09 08:45:39.000269:  50162  [INFO]: Using a cached neff at /home/ubuntu/neuron_cache_e2e/neuronxcc-2.23.6484.0+3b612583/MODULE_11439406683618181514+e30acd3a/model.neff
2026-09-09 08:45:39.000272:  50152  [INFO]: Using a cached neff at /home/ubuntu/neuron_cache_e2e/neuronxcc-2.23.6484.0+3b612583/MODULE_1165850746759386942+e30acd3a/model.neff
2026-09-09 08:45:39.000272:  50145  [INFO]: Using a cached neff at /home/ubuntu/neuron_cache_e2e/neuronxcc-2.23.6484.0+3b612583/MODULE_11439406683618181514+e30acd3a/model.neff
2026-09-09 08:45:39.000274:  50144  [INFO]: Using a cached neff at /home/ubuntu/neuron_cache_e2e/neuronxcc-2.23.6484.0+3b612583/MODULE_11439406683618181514+e30acd3a/model.neff
2026-09-09 08:45:39.000278:  50168  [INFO]: Using a cached neff at /home/ubuntu/neuron_cache_e2e/neuronxcc-2.23.6484.0+3b612583/MODULE_1165850746759386942+e30acd3a/model.neff
2026-09-09 08:45:39.000280:  50163  [INFO]: Using a cached neff at /home/ubuntu/neuron_cache_e2e/neuronxcc-2.23.6484.0+3b612583/MODULE_11439406683618181514+e30acd3a/model.neff
2026-09-09 08:45:39.000280:  50149  [INFO]: Using a cached neff at /home/ubuntu/neuron_cache_e2e/neuronxcc-2.23.6484.0+3b612583/MODULE_11439406683618181514+e30acd3a/model.neff
2026-09-09 08:45:39.000282:  50160  [INFO]: Using a cached neff at /home/ubuntu/neuron_cache_e2e/neuronxcc-2.23.6484.0+3b612583/MODULE_11439406683618181514+e30acd3a/model.neff
2026-09-09 08:45:39.000283:  50141  [INFO]: Using a cached neff at /home/ubuntu/neuron_cache_e2e/neuronxcc-2.23.6484.0+3b612583/MODULE_1165850746759386942+e30acd3a/model.neff
2026-09-09 08:45:39.000284:  50143  [INFO]: Using a cached neff at /home/ubuntu/neuron_cache_e2e/neuronxcc-2.23.6484.0+3b612583/MODULE_11439406683618181514+e30acd3a/model.neff
2026-09-09 08:45:39.000287:  50170  [INFO]: Using a cached neff at /home/ubuntu/neuron_cache_e2e/neuronxcc-2.23.6484.0+3b612583/MODULE_1165850746759386942+e30acd3a/model.neff
2026-09-09 08:45:39.000289:  50151  [INFO]: Using a cached neff at /home/ubuntu/neuron_cache_e2e/neuronxcc-2.23.6484.0+3b612583/MODULE_1165850746759386942+e30acd3a/model.neff
2026-09-09 08:45:39.000296:  50167  [INFO]: Using a cached neff at /home/ubuntu/neuron_cache_e2e/neuronxcc-2.23.6484.0+3b612583/MODULE_1165850746759386942+e30acd3a/model.neff
2026-09-09 08:45:39.000297:  50157  [INFO]: Using a cached neff at /home/ubuntu/neuron_cache_e2e/neuronxcc-2.23.6484.0+3b612583/MODULE_1165850746759386942+e30acd3a/model.neff
2026-09-09 08:45:39.000298:  50161  [INFO]: Using a cached neff at /home/ubuntu/neuron_cache_e2e/neuronxcc-2.23.6484.0+3b612583/MODULE_1165850746759386942+e30acd3a/model.neff
2026-09-09 08:45:39.000302:  50158  [INFO]: Using a cached neff at /home/ubuntu/neuron_cache_e2e/neuronxcc-2.23.6484.0+3b612583/MODULE_1165850746759386942+e30acd3a/model.neff
2026-09-09 08:45:39.000306:  50146  [INFO]: Using a cached neff at /home/ubuntu/neuron_cache_e2e/neuronxcc-2.23.6484.0+3b612583/MODULE_1165850746759386942+e30acd3a/model.neff
2026-09-09 08:45:39.000308:  50139  [INFO]: Using a cached neff at /home/ubuntu/neuron_cache_e2e/neuronxcc-2.23.6484.0+3b612583/MODULE_1165850746759386942+e30acd3a/model.neff
2026-09-09 08:45:39.000313:  50154  [INFO]: Using a cached neff at /home/ubuntu/neuron_cache_e2e/neuronxcc-2.23.6484.0+3b612583/MODULE_1165850746759386942+e30acd3a/model.neff
2026-09-09 08:45:39.000313:  50156  [INFO]: Using a cached neff at /home/ubuntu/neuron_cache_e2e/neuronxcc-2.23.6484.0+3b612583/MODULE_1165850746759386942+e30acd3a/model.neff
2026-09-09 08:45:39.000315:  50150  [INFO]: Using a cached neff at /home/ubuntu/neuron_cache_e2e/neuronxcc-2.23.6484.0+3b612583/MODULE_1165850746759386942+e30acd3a/model.neff
2026-09-09 08:45:39.000322:  50164  [INFO]: Using a cached neff at /home/ubuntu/neuron_cache_e2e/neuronxcc-2.23.6484.0+3b612583/MODULE_1165850746759386942+e30acd3a/model.neff
2026-09-09 08:45:39.000323:  50153  [INFO]: Using a cached neff at /home/ubuntu/neuron_cache_e2e/neuronxcc-2.23.6484.0+3b612583/MODULE_1165850746759386942+e30acd3a/model.neff
2026-09-09 08:45:39.000323:  50165  [INFO]: Using a cached neff at /home/ubuntu/neuron_cache_e2e/neuronxcc-2.23.6484.0+3b612583/MODULE_1165850746759386942+e30acd3a/model.neff
2026-09-09 08:45:39.000324:  50159  [INFO]: Using a cached neff at /home/ubuntu/neuron_cache_e2e/neuronxcc-2.23.6484.0+3b612583/MODULE_1165850746759386942+e30acd3a/model.neff
2026-09-09 08:45:39.000326:  50142  [INFO]: Using a cached neff at /home/ubuntu/neuron_cache_e2e/neuronxcc-2.23.6484.0+3b612583/MODULE_1165850746759386942+e30acd3a/model.neff
2026-09-09 08:45:39.000326:  50169  [INFO]: Using a cached neff at /home/ubuntu/neuron_cache_e2e/neuronxcc-2.23.6484.0+3b612583/MODULE_1165850746759386942+e30acd3a/model.neff
2026-09-09 08:45:39.000333:  50155  [INFO]: Using a cached neff at /home/ubuntu/neuron_cache_e2e/neuronxcc-2.23.6484.0+3b612583/MODULE_1165850746759386942+e30acd3a/model.neff
2026-09-09 08:45:39.000336:  50147  [INFO]: Using a cached neff at /home/ubuntu/neuron_cache_e2e/neuronxcc-2.23.6484.0+3b612583/MODULE_1165850746759386942+e30acd3a/model.neff
2026-09-09 08:45:39.000338:  50166  [INFO]: Using a cached neff at /home/ubuntu/neuron_cache_e2e/neuronxcc-2.23.6484.0+3b612583/MODULE_1165850746759386942+e30acd3a/model.neff
2026-09-09 08:45:39.000341:  50148  [INFO]: Using a cached neff at /home/ubuntu/neuron_cache_e2e/neuronxcc-2.23.6484.0+3b612583/MODULE_1165850746759386942+e30acd3a/model.neff
2026-09-09 08:45:39.000342:  50140  [INFO]: Using a cached neff at /home/ubuntu/neuron_cache_e2e/neuronxcc-2.23.6484.0+3b612583/MODULE_1165850746759386942+e30acd3a/model.neff
2026-09-09 08:45:39.000346:  50145  [INFO]: Using a cached neff at /home/ubuntu/neuron_cache_e2e/neuronxcc-2.23.6484.0+3b612583/MODULE_1165850746759386942+e30acd3a/model.neff
2026-09-09 08:45:39.000348:  50162  [INFO]: Using a cached neff at /home/ubuntu/neuron_cache_e2e/neuronxcc-2.23.6484.0+3b612583/MODULE_1165850746759386942+e30acd3a/model.neff
2026-09-09 08:45:39.000350:  50144  [INFO]: Using a cached neff at /home/ubuntu/neuron_cache_e2e/neuronxcc-2.23.6484.0+3b612583/MODULE_1165850746759386942+e30acd3a/model.neff
2026-09-09 08:45:39.000354:  50160  [INFO]: Using a cached neff at /home/ubuntu/neuron_cache_e2e/neuronxcc-2.23.6484.0+3b612583/MODULE_1165850746759386942+e30acd3a/model.neff
2026-09-09 08:45:39.000359:  50149  [INFO]: Using a cached neff at /home/ubuntu/neuron_cache_e2e/neuronxcc-2.23.6484.0+3b612583/MODULE_1165850746759386942+e30acd3a/model.neff
2026-09-09 08:45:39.000359:  50163  [INFO]: Using a cached neff at /home/ubuntu/neuron_cache_e2e/neuronxcc-2.23.6484.0+3b612583/MODULE_1165850746759386942+e30acd3a/model.neff
2026-09-09 08:45:39.000359:  50143  [INFO]: Using a cached neff at /home/ubuntu/neuron_cache_e2e/neuronxcc-2.23.6484.0+3b612583/MODULE_1165850746759386942+e30acd3a/model.neff
2026-09-09 08:45:39.000553:  50168  [INFO]: Using a cached neff at /home/ubuntu/neuron_cache_e2e/neuronxcc-2.23.6484.0+3b612583/MODULE_4443475598379848522+e30acd3a/model.neff
2026-09-09 08:45:39.000555:  50161  [INFO]: Using a cached neff at /home/ubuntu/neuron_cache_e2e/neuronxcc-2.23.6484.0+3b612583/MODULE_4443475598379848522+e30acd3a/model.neff
2026-09-09 08:45:39.000557:  50167  [INFO]: Using a cached neff at /home/ubuntu/neuron_cache_e2e/neuronxcc-2.23.6484.0+3b612583/MODULE_4443475598379848522+e30acd3a/model.neff
2026-09-09 08:45:39.000577:  50141  [INFO]: Using a cached neff at /home/ubuntu/neuron_cache_e2e/neuronxcc-2.23.6484.0+3b612583/MODULE_4443475598379848522+e30acd3a/model.neff
2026-09-09 08:45:39.000582:  50158  [INFO]: Using a cached neff at /home/ubuntu/neuron_cache_e2e/neuronxcc-2.23.6484.0+3b612583/MODULE_4443475598379848522+e30acd3a/model.neff
2026-09-09 08:45:39.000588:  50152  [INFO]: Using a cached neff at /home/ubuntu/neuron_cache_e2e/neuronxcc-2.23.6484.0+3b612583/MODULE_4443475598379848522+e30acd3a/model.neff
2026-09-09 08:45:39.000610:  50170  [INFO]: Using a cached neff at /home/ubuntu/neuron_cache_e2e/neuronxcc-2.23.6484.0+3b612583/MODULE_4443475598379848522+e30acd3a/model.neff
2026-09-09 08:45:39.000616:  50154  [INFO]: Using a cached neff at /home/ubuntu/neuron_cache_e2e/neuronxcc-2.23.6484.0+3b612583/MODULE_4443475598379848522+e30acd3a/model.neff
2026-09-09 08:45:39.000639:  50164  [INFO]: Using a cached neff at /home/ubuntu/neuron_cache_e2e/neuronxcc-2.23.6484.0+3b612583/MODULE_4443475598379848522+e30acd3a/model.neff
2026-09-09 08:45:39.000651:  50150  [INFO]: Using a cached neff at /home/ubuntu/neuron_cache_e2e/neuronxcc-2.23.6484.0+3b612583/MODULE_4443475598379848522+e30acd3a/model.neff
2026-09-09 08:45:39.000651:  50142  [INFO]: Using a cached neff at /home/ubuntu/neuron_cache_e2e/neuronxcc-2.23.6484.0+3b612583/MODULE_4443475598379848522+e30acd3a/model.neff
2026-09-09 08:45:39.000653:  50169  [INFO]: Using a cached neff at /home/ubuntu/neuron_cache_e2e/neuronxcc-2.23.6484.0+3b612583/MODULE_4443475598379848522+e30acd3a/model.neff
2026-09-09 08:45:39.000658:  50139  [INFO]: Using a cached neff at /home/ubuntu/neuron_cache_e2e/neuronxcc-2.23.6484.0+3b612583/MODULE_4443475598379848522+e30acd3a/model.neff
2026-09-09 08:45:39.000662:  50157  [INFO]: Using a cached neff at /home/ubuntu/neuron_cache_e2e/neuronxcc-2.23.6484.0+3b612583/MODULE_4443475598379848522+e30acd3a/model.neff
2026-09-09 08:45:39.000667:  50140  [INFO]: Using a cached neff at /home/ubuntu/neuron_cache_e2e/neuronxcc-2.23.6484.0+3b612583/MODULE_4443475598379848522+e30acd3a/model.neff
2026-09-09 08:45:39.000669:  50166  [INFO]: Using a cached neff at /home/ubuntu/neuron_cache_e2e/neuronxcc-2.23.6484.0+3b612583/MODULE_4443475598379848522+e30acd3a/model.neff
2026-09-09 08:45:39.000671:  50147  [INFO]: Using a cached neff at /home/ubuntu/neuron_cache_e2e/neuronxcc-2.23.6484.0+3b612583/MODULE_4443475598379848522+e30acd3a/model.neff
2026-09-09 08:45:39.000673:  50155  [INFO]: Using a cached neff at /home/ubuntu/neuron_cache_e2e/neuronxcc-2.23.6484.0+3b612583/MODULE_4443475598379848522+e30acd3a/model.neff
2026-09-09 08:45:39.000674:  50146  [INFO]: Using a cached neff at /home/ubuntu/neuron_cache_e2e/neuronxcc-2.23.6484.0+3b612583/MODULE_4443475598379848522+e30acd3a/model.neff
2026-09-09 08:45:39.000674:  50151  [INFO]: Using a cached neff at /home/ubuntu/neuron_cache_e2e/neuronxcc-2.23.6484.0+3b612583/MODULE_4443475598379848522+e30acd3a/model.neff
2026-09-09 08:45:39.000675:  50159  [INFO]: Using a cached neff at /home/ubuntu/neuron_cache_e2e/neuronxcc-2.23.6484.0+3b612583/MODULE_4443475598379848522+e30acd3a/model.neff
2026-09-09 08:45:39.000676:  50162  [INFO]: Using a cached neff at /home/ubuntu/neuron_cache_e2e/neuronxcc-2.23.6484.0+3b612583/MODULE_4443475598379848522+e30acd3a/model.neff
2026-09-09 08:45:39.000676:  50163  [INFO]: Using a cached neff at /home/ubuntu/neuron_cache_e2e/neuronxcc-2.23.6484.0+3b612583/MODULE_4443475598379848522+e30acd3a/model.neff
2026-09-09 08:45:39.000677:  50153  [INFO]: Using a cached neff at /home/ubuntu/neuron_cache_e2e/neuronxcc-2.23.6484.0+3b612583/MODULE_4443475598379848522+e30acd3a/model.neff
2026-09-09 08:45:39.000678:  50149  [INFO]: Using a cached neff at /home/ubuntu/neuron_cache_e2e/neuronxcc-2.23.6484.0+3b612583/MODULE_4443475598379848522+e30acd3a/model.neff
2026-09-09 08:45:39.000679:  50165  [INFO]: Using a cached neff at /home/ubuntu/neuron_cache_e2e/neuronxcc-2.23.6484.0+3b612583/MODULE_4443475598379848522+e30acd3a/model.neff
2026-09-09 08:45:39.000680:  50148  [INFO]: Using a cached neff at /home/ubuntu/neuron_cache_e2e/neuronxcc-2.23.6484.0+3b612583/MODULE_4443475598379848522+e30acd3a/model.neff
2026-09-09 08:45:39.000681:  50144  [INFO]: Using a cached neff at /home/ubuntu/neuron_cache_e2e/neuronxcc-2.23.6484.0+3b612583/MODULE_4443475598379848522+e30acd3a/model.neff
2026-09-09 08:45:39.000681:  50156  [INFO]: Using a cached neff at /home/ubuntu/neuron_cache_e2e/neuronxcc-2.23.6484.0+3b612583/MODULE_4443475598379848522+e30acd3a/model.neff
2026-09-09 08:45:39.000683:  50160  [INFO]: Using a cached neff at /home/ubuntu/neuron_cache_e2e/neuronxcc-2.23.6484.0+3b612583/MODULE_4443475598379848522+e30acd3a/model.neff
2026-09-09 08:45:39.000683:  50143  [INFO]: Using a cached neff at /home/ubuntu/neuron_cache_e2e/neuronxcc-2.23.6484.0+3b612583/MODULE_4443475598379848522+e30acd3a/model.neff
2026-09-09 08:45:39.000684:  50145  [INFO]: Using a cached neff at /home/ubuntu/neuron_cache_e2e/neuronxcc-2.23.6484.0+3b612583/MODULE_4443475598379848522+e30acd3a/model.neff
