2026-09-09 08:50:24.706212: W neuron/pjrt-api/neuronpjrt.cc:1781] Use PJRT C-API 0.79 as client did not specify a PJRT C-API version
2026-09-09 08:50:24.934817: W neuron/pjrt-api/neuronpjrt.cc:1781] Use PJRT C-API 0.79 as client did not specify a PJRT C-API version
2026-09-09 08:50:24.938478: W neuron/pjrt-api/neuronpjrt.cc:1781] Use PJRT C-API 0.79 as client did not specify a PJRT C-API version
2026-09-09 08:50:24.946816: W neuron/pjrt-api/neuronpjrt.cc:1781] Use PJRT C-API 0.79 as client did not specify a PJRT C-API version
2026-09-09 08:50:24.972660: W neuron/pjrt-api/neuronpjrt.cc:1781] Use PJRT C-API 0.79 as client did not specify a PJRT C-API version
2026-09-09 08:50:25.025301: W neuron/pjrt-api/neuronpjrt.cc:1781] Use PJRT C-API 0.79 as client did not specify a PJRT C-API version
2026-09-09 08:50:25.051906: W neuron/pjrt-api/neuronpjrt.cc:1781] Use PJRT C-API 0.79 as client did not specify a PJRT C-API version
2026-09-09 08:50:25.057790: W neuron/pjrt-api/neuronpjrt.cc:1781] Use PJRT C-API 0.79 as client did not specify a PJRT C-API version
2026-09-09 08:50:25.060060: W neuron/pjrt-api/neuronpjrt.cc:1781] Use PJRT C-API 0.79 as client did not specify a PJRT C-API version
2026-09-09 08:50:25.067835: W neuron/pjrt-api/neuronpjrt.cc:1781] Use PJRT C-API 0.79 as client did not specify a PJRT C-API version
2026-09-09 08:50:25.077323: W neuron/pjrt-api/neuronpjrt.cc:1781] Use PJRT C-API 0.79 as client did not specify a PJRT C-API version
2026-09-09 08:50:25.104187: W neuron/pjrt-api/neuronpjrt.cc:1781] Use PJRT C-API 0.79 as client did not specify a PJRT C-API version
2026-09-09 08:50:25.114470: W neuron/pjrt-api/neuronpjrt.cc:1781] Use PJRT C-API 0.79 as client did not specify a PJRT C-API version
2026-09-09 08:50:25.119070: W neuron/pjrt-api/neuronpjrt.cc:1781] Use PJRT C-API 0.79 as client did not specify a PJRT C-API version
2026-09-09 08:50:25.119428: W neuron/pjrt-api/neuronpjrt.cc:1781] Use PJRT C-API 0.79 as client did not specify a PJRT C-API version
2026-09-09 08:50:25.122402: W neuron/pjrt-api/neuronpjrt.cc:1781] Use PJRT C-API 0.79 as client did not specify a PJRT C-API version
2026-09-09 08:50:25.123100: W neuron/pjrt-api/neuronpjrt.cc:1781] Use PJRT C-API 0.79 as client did not specify a PJRT C-API version
2026-09-09 08:50:25.125665: W neuron/pjrt-api/neuronpjrt.cc:1781] Use PJRT C-API 0.79 as client did not specify a PJRT C-API version
2026-09-09 08:50:25.132764: W neuron/pjrt-api/neuronpjrt.cc:1781] Use PJRT C-API 0.79 as client did not specify a PJRT C-API version
2026-09-09 08:50:25.153854: W neuron/pjrt-api/neuronpjrt.cc:1781] Use PJRT C-API 0.79 as client did not specify a PJRT C-API version
2026-09-09 08:50:25.163350: W neuron/pjrt-api/neuronpjrt.cc:1781] Use PJRT C-API 0.79 as client did not specify a PJRT C-API version
2026-09-09 08:50:25.185826: W neuron/pjrt-api/neuronpjrt.cc:1781] Use PJRT C-API 0.79 as client did not specify a PJRT C-API version
2026-09-09 08:50:25.190613: W neuron/pjrt-api/neuronpjrt.cc:1781] Use PJRT C-API 0.79 as client did not specify a PJRT C-API version
2026-09-09 08:50:25.195238: W neuron/pjrt-api/neuronpjrt.cc:1781] Use PJRT C-API 0.79 as client did not specify a PJRT C-API version
2026-09-09 08:50:25.202329: W neuron/pjrt-api/neuronpjrt.cc:1781] Use PJRT C-API 0.79 as client did not specify a PJRT C-API version
2026-09-09 08:50:25.211873: W neuron/pjrt-api/neuronpjrt.cc:1781] Use PJRT C-API 0.79 as client did not specify a PJRT C-API version
2026-09-09 08:50:25.225162: W neuron/pjrt-api/neuronpjrt.cc:1781] Use PJRT C-API 0.79 as client did not specify a PJRT C-API version
2026-09-09 08:50:25.237540: W neuron/pjrt-api/neuronpjrt.cc:1781] Use PJRT C-API 0.79 as client did not specify a PJRT C-API version
2026-09-09 08:50:25.258058: W neuron/pjrt-api/neuronpjrt.cc:1781] Use PJRT C-API 0.79 as client did not specify a PJRT C-API version
2026-09-09 08:50:25.351298: W neuron/pjrt-api/neuronpjrt.cc:1781] Use PJRT C-API 0.79 as client did not specify a PJRT C-API version
2026-09-09 08:50:25.404925: W neuron/pjrt-api/neuronpjrt.cc:1781] Use PJRT C-API 0.79 as client did not specify a PJRT C-API version
2026-09-09 08:50:25.407147: W neuron/pjrt-api/neuronpjrt.cc:1781] Use PJRT C-API 0.79 as client did not specify a PJRT C-API version
/home/ubuntu/train_llama10b_tp_families.py:356: DeprecationWarning: Use torch_xla.sync instead
  xm.mark_step()
/home/ubuntu/train_llama10b_tp_families.py:356: DeprecationWarning: Use torch_xla.sync instead
  xm.mark_step()
/home/ubuntu/train_llama10b_tp_families.py:356: DeprecationWarning: Use torch_xla.sync instead
  xm.mark_step()
/home/ubuntu/train_llama10b_tp_families.py:356: DeprecationWarning: Use torch_xla.sync instead
  xm.mark_step()
/home/ubuntu/train_llama10b_tp_families.py:356: DeprecationWarning: Use torch_xla.sync instead
  xm.mark_step()
/home/ubuntu/train_llama10b_tp_families.py:356: DeprecationWarning: Use torch_xla.sync instead
  xm.mark_step()
/home/ubuntu/train_llama10b_tp_families.py:356: DeprecationWarning: Use torch_xla.sync instead
  xm.mark_step()
/home/ubuntu/train_llama10b_tp_families.py:356: DeprecationWarning: Use torch_xla.sync instead
  xm.mark_step()
/home/ubuntu/train_llama10b_tp_families.py:356: DeprecationWarning: Use torch_xla.sync instead
  xm.mark_step()
/home/ubuntu/train_llama10b_tp_families.py:356: DeprecationWarning: Use torch_xla.sync instead
  xm.mark_step()
/home/ubuntu/train_llama10b_tp_families.py:356: DeprecationWarning: Use torch_xla.sync instead
  xm.mark_step()
/home/ubuntu/train_llama10b_tp_families.py:356: DeprecationWarning: Use torch_xla.sync instead
  xm.mark_step()
/home/ubuntu/train_llama10b_tp_families.py:356: DeprecationWarning: Use torch_xla.sync instead
  xm.mark_step()
/home/ubuntu/train_llama10b_tp_families.py:356: DeprecationWarning: Use torch_xla.sync instead
  xm.mark_step()
/home/ubuntu/train_llama10b_tp_families.py:356: DeprecationWarning: Use torch_xla.sync instead
  xm.mark_step()
/home/ubuntu/train_llama10b_tp_families.py:356: DeprecationWarning: Use torch_xla.sync instead
  xm.mark_step()
/home/ubuntu/train_llama10b_tp_families.py:356: DeprecationWarning: Use torch_xla.sync instead
  xm.mark_step()
/home/ubuntu/train_llama10b_tp_families.py:356: DeprecationWarning: Use torch_xla.sync instead
  xm.mark_step()
/home/ubuntu/train_llama10b_tp_families.py:356: DeprecationWarning: Use torch_xla.sync instead
  xm.mark_step()
/home/ubuntu/train_llama10b_tp_families.py:356: DeprecationWarning: Use torch_xla.sync instead
  xm.mark_step()
/home/ubuntu/train_llama10b_tp_families.py:356: DeprecationWarning: Use torch_xla.sync instead
  xm.mark_step()
/home/ubuntu/train_llama10b_tp_families.py:356: DeprecationWarning: Use torch_xla.sync instead
  xm.mark_step()
/home/ubuntu/train_llama10b_tp_families.py:356: DeprecationWarning: Use torch_xla.sync instead
  xm.mark_step()
/home/ubuntu/train_llama10b_tp_families.py:356: DeprecationWarning: Use torch_xla.sync instead
  xm.mark_step()
/home/ubuntu/train_llama10b_tp_families.py:356: DeprecationWarning: Use torch_xla.sync instead
  xm.mark_step()
/home/ubuntu/train_llama10b_tp_families.py:356: DeprecationWarning: Use torch_xla.sync instead
  xm.mark_step()
/home/ubuntu/train_llama10b_tp_families.py:356: DeprecationWarning: Use torch_xla.sync instead
  xm.mark_step()
/home/ubuntu/train_llama10b_tp_families.py:356: DeprecationWarning: Use torch_xla.sync instead
  xm.mark_step()
/home/ubuntu/train_llama10b_tp_families.py:356: DeprecationWarning: Use torch_xla.sync instead
  xm.mark_step()
/home/ubuntu/train_llama10b_tp_families.py:356: DeprecationWarning: Use torch_xla.sync instead
  xm.mark_step()
/home/ubuntu/train_llama10b_tp_families.py:356: DeprecationWarning: Use torch_xla.sync instead
  xm.mark_step()
/home/ubuntu/train_llama10b_tp_families.py:356: DeprecationWarning: Use torch_xla.sync instead
  xm.mark_step()
/home/ubuntu/train_llama10b_tp_families.py:412: DeprecationWarning: Use torch_xla.sync instead
  xm.mark_step()
/home/ubuntu/train_llama10b_tp_families.py:412: DeprecationWarning: Use torch_xla.sync instead
  xm.mark_step()
/home/ubuntu/train_llama10b_tp_families.py:412: DeprecationWarning: Use torch_xla.sync instead
  xm.mark_step()
/home/ubuntu/train_llama10b_tp_families.py:412: DeprecationWarning: Use torch_xla.sync instead
  xm.mark_step()
/home/ubuntu/train_llama10b_tp_families.py:412: DeprecationWarning: Use torch_xla.sync instead
  xm.mark_step()
2026-09-09 08:50:50.000527:  69468  [INFO]: Using a cached neff at /home/ubuntu/neuron_cache_e2e/neuronxcc-2.23.6484.0+3b612583/MODULE_9392992193530532174+e30acd3a/model.neff
/home/ubuntu/train_llama10b_tp_families.py:412: DeprecationWarning: Use torch_xla.sync instead
  xm.mark_step()
/home/ubuntu/train_llama10b_tp_families.py:412: DeprecationWarning: Use torch_xla.sync instead
  xm.mark_step()
/home/ubuntu/train_llama10b_tp_families.py:412: DeprecationWarning: Use torch_xla.sync instead
  xm.mark_step()
/home/ubuntu/train_llama10b_tp_families.py:412: DeprecationWarning: Use torch_xla.sync instead
  xm.mark_step()
/home/ubuntu/train_llama10b_tp_families.py:412: DeprecationWarning: Use torch_xla.sync instead
  xm.mark_step()
2026-09-09 08:50:50.000594:  69493  [INFO]: Using a cached neff at /home/ubuntu/neuron_cache_e2e/neuronxcc-2.23.6484.0+3b612583/MODULE_9392992193530532174+e30acd3a/model.neff
2026-09-09 08:50:50.000615:  69495  [INFO]: Using a cached neff at /home/ubuntu/neuron_cache_e2e/neuronxcc-2.23.6484.0+3b612583/MODULE_9392992193530532174+e30acd3a/model.neff
/home/ubuntu/train_llama10b_tp_families.py:412: DeprecationWarning: Use torch_xla.sync instead
  xm.mark_step()
/home/ubuntu/train_llama10b_tp_families.py:412: DeprecationWarning: Use torch_xla.sync instead
  xm.mark_step()
/home/ubuntu/train_llama10b_tp_families.py:412: DeprecationWarning: Use torch_xla.sync instead
  xm.mark_step()
/home/ubuntu/train_llama10b_tp_families.py:412: DeprecationWarning: Use torch_xla.sync instead
  xm.mark_step()
2026-09-09 08:50:50.000675:  69492  [INFO]: Using a cached neff at /home/ubuntu/neuron_cache_e2e/neuronxcc-2.23.6484.0+3b612583/MODULE_9392992193530532174+e30acd3a/model.neff
/home/ubuntu/train_llama10b_tp_families.py:412: DeprecationWarning: Use torch_xla.sync instead
  xm.mark_step()
2026-09-09 08:50:50.000728:  69476  [INFO]: Using a cached neff at /home/ubuntu/neuron_cache_e2e/neuronxcc-2.23.6484.0+3b612583/MODULE_9392992193530532174+e30acd3a/model.neff
/home/ubuntu/train_llama10b_tp_families.py:412: DeprecationWarning: Use torch_xla.sync instead
  xm.mark_step()
2026-09-09 08:50:50.000736:  69467  [INFO]: Using a cached neff at /home/ubuntu/neuron_cache_e2e/neuronxcc-2.23.6484.0+3b612583/MODULE_9392992193530532174+e30acd3a/model.neff
2026-09-09 08:50:50.000746:  69480  [INFO]: Using a cached neff at /home/ubuntu/neuron_cache_e2e/neuronxcc-2.23.6484.0+3b612583/MODULE_9392992193530532174+e30acd3a/model.neff
/home/ubuntu/train_llama10b_tp_families.py:412: DeprecationWarning: Use torch_xla.sync instead
  xm.mark_step()
2026-09-09 08:50:50.000763:  69484  [INFO]: Using a cached neff at /home/ubuntu/neuron_cache_e2e/neuronxcc-2.23.6484.0+3b612583/MODULE_9392992193530532174+e30acd3a/model.neff
/home/ubuntu/train_llama10b_tp_families.py:412: DeprecationWarning: Use torch_xla.sync instead
  xm.mark_step()
/home/ubuntu/train_llama10b_tp_families.py:412: DeprecationWarning: Use torch_xla.sync instead
  xm.mark_step()
/home/ubuntu/train_llama10b_tp_families.py:412: DeprecationWarning: Use torch_xla.sync instead
  xm.mark_step()
2026-09-09 08:50:50.000775:  69497  [INFO]: Using a cached neff at /home/ubuntu/neuron_cache_e2e/neuronxcc-2.23.6484.0+3b612583/MODULE_9392992193530532174+e30acd3a/model.neff
/home/ubuntu/train_llama10b_tp_families.py:412: DeprecationWarning: Use torch_xla.sync instead
  xm.mark_step()
/home/ubuntu/train_llama10b_tp_families.py:412: DeprecationWarning: Use torch_xla.sync instead
  xm.mark_step()
/home/ubuntu/train_llama10b_tp_families.py:412: DeprecationWarning: Use torch_xla.sync instead
  xm.mark_step()
/home/ubuntu/train_llama10b_tp_families.py:412: DeprecationWarning: Use torch_xla.sync instead
  xm.mark_step()
/home/ubuntu/train_llama10b_tp_families.py:412: DeprecationWarning: Use torch_xla.sync instead
  xm.mark_step()
/home/ubuntu/train_llama10b_tp_families.py:412: DeprecationWarning: Use torch_xla.sync instead
  xm.mark_step()
/home/ubuntu/train_llama10b_tp_families.py:412: DeprecationWarning: Use torch_xla.sync instead
  xm.mark_step()
/home/ubuntu/train_llama10b_tp_families.py:412: DeprecationWarning: Use torch_xla.sync instead
  xm.mark_step()
/home/ubuntu/train_llama10b_tp_families.py:412: DeprecationWarning: Use torch_xla.sync instead
  xm.mark_step()
/home/ubuntu/train_llama10b_tp_families.py:412: DeprecationWarning: Use torch_xla.sync instead
  xm.mark_step()
2026-09-09 08:50:51.000038:  69494  [INFO]: Using a cached neff at /home/ubuntu/neuron_cache_e2e/neuronxcc-2.23.6484.0+3b612583/MODULE_9392992193530532174+e30acd3a/model.neff
/home/ubuntu/train_llama10b_tp_families.py:412: DeprecationWarning: Use torch_xla.sync instead
  xm.mark_step()
/home/ubuntu/train_llama10b_tp_families.py:412: DeprecationWarning: Use torch_xla.sync instead
  xm.mark_step()
2026-09-09 08:50:51.000474:  69491  [INFO]: Using a cached neff at /home/ubuntu/neuron_cache_e2e/neuronxcc-2.23.6484.0+3b612583/MODULE_9392992193530532174+e30acd3a/model.neff
2026-09-09 08:50:51.000474:  69473  [INFO]: Using a cached neff at /home/ubuntu/neuron_cache_e2e/neuronxcc-2.23.6484.0+3b612583/MODULE_9392992193530532174+e30acd3a/model.neff
2026-09-09 08:50:51.000613:  69498  [INFO]: Using a cached neff at /home/ubuntu/neuron_cache_e2e/neuronxcc-2.23.6484.0+3b612583/MODULE_9392992193530532174+e30acd3a/model.neff
2026-09-09 08:50:51.000886:  69470  [INFO]: Using a cached neff at /home/ubuntu/neuron_cache_e2e/neuronxcc-2.23.6484.0+3b612583/MODULE_9392992193530532174+e30acd3a/model.neff
2026-09-09 08:50:51.000886:  69485  [INFO]: Using a cached neff at /home/ubuntu/neuron_cache_e2e/neuronxcc-2.23.6484.0+3b612583/MODULE_9392992193530532174+e30acd3a/model.neff
2026-09-09 08:50:51.000979:  69471  [INFO]: Using a cached neff at /home/ubuntu/neuron_cache_e2e/neuronxcc-2.23.6484.0+3b612583/MODULE_9392992193530532174+e30acd3a/model.neff
2026-09-09 08:50:52.000068:  69477  [INFO]: Using a cached neff at /home/ubuntu/neuron_cache_e2e/neuronxcc-2.23.6484.0+3b612583/MODULE_9392992193530532174+e30acd3a/model.neff
2026-09-09 08:50:52.000203:  69488  [INFO]: Using a cached neff at /home/ubuntu/neuron_cache_e2e/neuronxcc-2.23.6484.0+3b612583/MODULE_9392992193530532174+e30acd3a/model.neff
2026-09-09 08:50:52.000296:  69472  [INFO]: Using a cached neff at /home/ubuntu/neuron_cache_e2e/neuronxcc-2.23.6484.0+3b612583/MODULE_9392992193530532174+e30acd3a/model.neff
/home/ubuntu/train_llama10b_tp_families.py:436: DeprecationWarning: Use torch_xla.sync instead
  xm.mark_step()
/home/ubuntu/train_llama10b_tp_families.py:436: DeprecationWarning: Use torch_xla.sync instead
  xm.mark_step()
/home/ubuntu/train_llama10b_tp_families.py:436: DeprecationWarning: Use torch_xla.sync instead
  xm.mark_step()
2026-09-09 08:50:52.000575:  69489  [INFO]: Using a cached neff at /home/ubuntu/neuron_cache_e2e/neuronxcc-2.23.6484.0+3b612583/MODULE_9392992193530532174+e30acd3a/model.neff
2026-09-09 08:50:52.000575:  69474  [INFO]: Using a cached neff at /home/ubuntu/neuron_cache_e2e/neuronxcc-2.23.6484.0+3b612583/MODULE_9392992193530532174+e30acd3a/model.neff
/home/ubuntu/train_llama10b_tp_families.py:436: DeprecationWarning: Use torch_xla.sync instead
  xm.mark_step()
/home/ubuntu/train_llama10b_tp_families.py:436: DeprecationWarning: Use torch_xla.sync instead
  xm.mark_step()
/home/ubuntu/train_llama10b_tp_families.py:436: DeprecationWarning: Use torch_xla.sync instead
  xm.mark_step()
/home/ubuntu/train_llama10b_tp_families.py:436: DeprecationWarning: Use torch_xla.sync instead
  xm.mark_step()
/home/ubuntu/train_llama10b_tp_families.py:436: DeprecationWarning: Use torch_xla.sync instead
  xm.mark_step()
/home/ubuntu/train_llama10b_tp_families.py:436: DeprecationWarning: Use torch_xla.sync instead
  xm.mark_step()
2026-09-09 08:50:53.000025:  69479  [INFO]: Using a cached neff at /home/ubuntu/neuron_cache_e2e/neuronxcc-2.23.6484.0+3b612583/MODULE_9392992193530532174+e30acd3a/model.neff
2026-09-09 08:50:53.000025:  69486  [INFO]: Using a cached neff at /home/ubuntu/neuron_cache_e2e/neuronxcc-2.23.6484.0+3b612583/MODULE_9392992193530532174+e30acd3a/model.neff
2026-09-09 08:50:53.000080:  69469  [INFO]: Using a cached neff at /home/ubuntu/neuron_cache_e2e/neuronxcc-2.23.6484.0+3b612583/MODULE_9392992193530532174+e30acd3a/model.neff
/home/ubuntu/train_llama10b_tp_families.py:436: DeprecationWarning: Use torch_xla.sync instead
  xm.mark_step()
2026-09-09 08:50:53.000169:  69468  [INFO]: Using a cached neff at /home/ubuntu/neuron_cache_e2e/neuronxcc-2.23.6484.0+3b612583/MODULE_15432031550951634479+e30acd3a/model.neff
2026-09-09 08:50:53.000169:  69493  [INFO]: Using a cached neff at /home/ubuntu/neuron_cache_e2e/neuronxcc-2.23.6484.0+3b612583/MODULE_15432031550951634479+e30acd3a/model.neff
2026-09-09 08:50:53.000169:  69487  [INFO]: Using a cached neff at /home/ubuntu/neuron_cache_e2e/neuronxcc-2.23.6484.0+3b612583/MODULE_9392992193530532174+e30acd3a/model.neff
2026-09-09 08:50:53.000255:  69475  [INFO]: Using a cached neff at /home/ubuntu/neuron_cache_e2e/neuronxcc-2.23.6484.0+3b612583/MODULE_9392992193530532174+e30acd3a/model.neff
/home/ubuntu/train_llama10b_tp_families.py:443: DeprecationWarning: Use torch_xla.sync instead
  xm.mark_step()
/home/ubuntu/train_llama10b_tp_families.py:443: DeprecationWarning: Use torch_xla.sync instead
  xm.mark_step()
2026-09-09 08:50:53.000384:  69495  [INFO]: Using a cached neff at /home/ubuntu/neuron_cache_e2e/neuronxcc-2.23.6484.0+3b612583/MODULE_15432031550951634479+e30acd3a/model.neff
2026-09-09 08:50:53.000384:  69483  [INFO]: Using a cached neff at /home/ubuntu/neuron_cache_e2e/neuronxcc-2.23.6484.0+3b612583/MODULE_9392992193530532174+e30acd3a/model.neff
2026-09-09 08:50:53.000384:  69490  [INFO]: Using a cached neff at /home/ubuntu/neuron_cache_e2e/neuronxcc-2.23.6484.0+3b612583/MODULE_9392992193530532174+e30acd3a/model.neff
/home/ubuntu/train_llama10b_tp_families.py:436: DeprecationWarning: Use torch_xla.sync instead
  xm.mark_step()
2026-09-09 08:50:53.000468:  69481  [INFO]: Using a cached neff at /home/ubuntu/neuron_cache_e2e/neuronxcc-2.23.6484.0+3b612583/MODULE_9392992193530532174+e30acd3a/model.neff
2026-09-09 08:50:53.000476:  69480  [INFO]: Using a cached neff at /home/ubuntu/neuron_cache_e2e/neuronxcc-2.23.6484.0+3b612583/MODULE_15432031550951634479+e30acd3a/model.neff
2026-09-09 08:50:53.000502:  69478  [INFO]: Using a cached neff at /home/ubuntu/neuron_cache_e2e/neuronxcc-2.23.6484.0+3b612583/MODULE_9392992193530532174+e30acd3a/model.neff
2026-09-09 08:50:53.000515:  69492  [INFO]: Using a cached neff at /home/ubuntu/neuron_cache_e2e/neuronxcc-2.23.6484.0+3b612583/MODULE_15432031550951634479+e30acd3a/model.neff
2026-09-09 08:50:53.000518:  69496  [INFO]: Using a cached neff at /home/ubuntu/neuron_cache_e2e/neuronxcc-2.23.6484.0+3b612583/MODULE_9392992193530532174+e30acd3a/model.neff
/home/ubuntu/train_llama10b_tp_families.py:443: DeprecationWarning: Use torch_xla.sync instead
  xm.mark_step()
/home/ubuntu/train_llama10b_tp_families.py:436: DeprecationWarning: Use torch_xla.sync instead
  xm.mark_step()
2026-09-09 08:50:53.000564:  69482  [INFO]: Using a cached neff at /home/ubuntu/neuron_cache_e2e/neuronxcc-2.23.6484.0+3b612583/MODULE_9392992193530532174+e30acd3a/model.neff
/home/ubuntu/train_llama10b_tp_families.py:443: DeprecationWarning: Use torch_xla.sync instead
  xm.mark_step()
/home/ubuntu/train_llama10b_tp_families.py:443: DeprecationWarning: Use torch_xla.sync instead
  xm.mark_step()
2026-09-09 08:50:53.000664:  69467  [INFO]: Using a cached neff at /home/ubuntu/neuron_cache_e2e/neuronxcc-2.23.6484.0+3b612583/MODULE_15432031550951634479+e30acd3a/model.neff
/home/ubuntu/train_llama10b_tp_families.py:436: DeprecationWarning: Use torch_xla.sync instead
  xm.mark_step()
2026-09-09 08:50:53.000682:  69484  [INFO]: Using a cached neff at /home/ubuntu/neuron_cache_e2e/neuronxcc-2.23.6484.0+3b612583/MODULE_15432031550951634479+e30acd3a/model.neff
2026-09-09 08:50:53.000699:  69497  [INFO]: Using a cached neff at /home/ubuntu/neuron_cache_e2e/neuronxcc-2.23.6484.0+3b612583/MODULE_15432031550951634479+e30acd3a/model.neff
2026-09-09 08:50:53.000699:  69476  [INFO]: Using a cached neff at /home/ubuntu/neuron_cache_e2e/neuronxcc-2.23.6484.0+3b612583/MODULE_15432031550951634479+e30acd3a/model.neff
2026-09-09 08:50:53.000701:  69494  [INFO]: Using a cached neff at /home/ubuntu/neuron_cache_e2e/neuronxcc-2.23.6484.0+3b612583/MODULE_15432031550951634479+e30acd3a/model.neff
2026-09-09 08:50:53.000702:  69493  [INFO]: Using a cached neff at /home/ubuntu/neuron_cache_e2e/neuronxcc-2.23.6484.0+3b612583/MODULE_13438219581461298073+e30acd3a/model.neff
2026-09-09 08:50:53.000706:  69491  [INFO]: Using a cached neff at /home/ubuntu/neuron_cache_e2e/neuronxcc-2.23.6484.0+3b612583/MODULE_15432031550951634479+e30acd3a/model.neff
2026-09-09 08:50:53.000709:  69468  [INFO]: Using a cached neff at /home/ubuntu/neuron_cache_e2e/neuronxcc-2.23.6484.0+3b612583/MODULE_13438219581461298073+e30acd3a/model.neff
/home/ubuntu/train_llama10b_tp_families.py:443: DeprecationWarning: Use torch_xla.sync instead
  xm.mark_step()
2026-09-09 08:50:53.000713:  69473  [INFO]: Using a cached neff at /home/ubuntu/neuron_cache_e2e/neuronxcc-2.23.6484.0+3b612583/MODULE_15432031550951634479+e30acd3a/model.neff
/home/ubuntu/train_llama10b_tp_families.py:443: DeprecationWarning: Use torch_xla.sync instead
  xm.mark_step()
/home/ubuntu/train_llama10b_tp_families.py:443: DeprecationWarning: Use torch_xla.sync instead
  xm.mark_step()
2026-09-09 08:50:53.000716:  69498  [INFO]: Using a cached neff at /home/ubuntu/neuron_cache_e2e/neuronxcc-2.23.6484.0+3b612583/MODULE_15432031550951634479+e30acd3a/model.neff
/home/ubuntu/train_llama10b_tp_families.py:443: DeprecationWarning: Use torch_xla.sync instead
  xm.mark_step()
2026-09-09 08:50:53.000718:  69495  [INFO]: Using a cached neff at /home/ubuntu/neuron_cache_e2e/neuronxcc-2.23.6484.0+3b612583/MODULE_13438219581461298073+e30acd3a/model.neff
/home/ubuntu/train_llama10b_tp_families.py:443: DeprecationWarning: Use torch_xla.sync instead
  xm.mark_step()
/home/ubuntu/train_llama10b_tp_families.py:443: DeprecationWarning: Use torch_xla.sync instead
  xm.mark_step()
/home/ubuntu/train_llama10b_tp_families.py:443: DeprecationWarning: Use torch_xla.sync instead
  xm.mark_step()
2026-09-09 08:50:53.000731:  69480  [INFO]: Using a cached neff at /home/ubuntu/neuron_cache_e2e/neuronxcc-2.23.6484.0+3b612583/MODULE_13438219581461298073+e30acd3a/model.neff
2026-09-09 08:50:53.000732:  69492  [INFO]: Using a cached neff at /home/ubuntu/neuron_cache_e2e/neuronxcc-2.23.6484.0+3b612583/MODULE_13438219581461298073+e30acd3a/model.neff
/home/ubuntu/train_llama10b_tp_families.py:443: DeprecationWarning: Use torch_xla.sync instead
  xm.mark_step()
2026-09-09 08:50:53.000745:  69484  [INFO]: Using a cached neff at /home/ubuntu/neuron_cache_e2e/neuronxcc-2.23.6484.0+3b612583/MODULE_13438219581461298073+e30acd3a/model.neff
2026-09-09 08:50:53.000753:  69476  [INFO]: Using a cached neff at /home/ubuntu/neuron_cache_e2e/neuronxcc-2.23.6484.0+3b612583/MODULE_13438219581461298073+e30acd3a/model.neff
2026-09-09 08:50:53.000764:  69467  [INFO]: Using a cached neff at /home/ubuntu/neuron_cache_e2e/neuronxcc-2.23.6484.0+3b612583/MODULE_13438219581461298073+e30acd3a/model.neff
2026-09-09 08:50:53.000766:  69491  [INFO]: Using a cached neff at /home/ubuntu/neuron_cache_e2e/neuronxcc-2.23.6484.0+3b612583/MODULE_13438219581461298073+e30acd3a/model.neff
2026-09-09 08:50:53.000780:  69497  [INFO]: Using a cached neff at /home/ubuntu/neuron_cache_e2e/neuronxcc-2.23.6484.0+3b612583/MODULE_13438219581461298073+e30acd3a/model.neff
2026-09-09 08:50:53.000784:  69473  [INFO]: Using a cached neff at /home/ubuntu/neuron_cache_e2e/neuronxcc-2.23.6484.0+3b612583/MODULE_13438219581461298073+e30acd3a/model.neff
2026-09-09 08:50:53.000793:  69494  [INFO]: Using a cached neff at /home/ubuntu/neuron_cache_e2e/neuronxcc-2.23.6484.0+3b612583/MODULE_13438219581461298073+e30acd3a/model.neff
/home/ubuntu/train_llama10b_tp_families.py:436: DeprecationWarning: Use torch_xla.sync instead
  xm.mark_step()
2026-09-09 08:50:53.000833:  69485  [INFO]: Using a cached neff at /home/ubuntu/neuron_cache_e2e/neuronxcc-2.23.6484.0+3b612583/MODULE_15432031550951634479+e30acd3a/model.neff
/home/ubuntu/train_llama10b_tp_families.py:443: DeprecationWarning: Use torch_xla.sync instead
  xm.mark_step()
/home/ubuntu/train_llama10b_tp_families.py:436: DeprecationWarning: Use torch_xla.sync instead
  xm.mark_step()
2026-09-09 08:50:53.000848:  69470  [INFO]: Using a cached neff at /home/ubuntu/neuron_cache_e2e/neuronxcc-2.23.6484.0+3b612583/MODULE_15432031550951634479+e30acd3a/model.neff
/home/ubuntu/train_llama10b_tp_families.py:443: DeprecationWarning: Use torch_xla.sync instead
  xm.mark_step()
2026-09-09 08:50:53.000887:  69498  [INFO]: Using a cached neff at /home/ubuntu/neuron_cache_e2e/neuronxcc-2.23.6484.0+3b612583/MODULE_13438219581461298073+e30acd3a/model.neff
/home/ubuntu/train_llama10b_tp_families.py:436: DeprecationWarning: Use torch_xla.sync instead
  xm.mark_step()
2026-09-09 08:50:54.000021:  69471  [INFO]: Using a cached neff at /home/ubuntu/neuron_cache_e2e/neuronxcc-2.23.6484.0+3b612583/MODULE_15432031550951634479+e30acd3a/model.neff
2026-09-09 08:50:54.000025:  69485  [INFO]: Using a cached neff at /home/ubuntu/neuron_cache_e2e/neuronxcc-2.23.6484.0+3b612583/MODULE_13438219581461298073+e30acd3a/model.neff
/home/ubuntu/train_llama10b_tp_families.py:443: DeprecationWarning: Use torch_xla.sync instead
  xm.mark_step()
2026-09-09 08:50:54.000042:  69470  [INFO]: Using a cached neff at /home/ubuntu/neuron_cache_e2e/neuronxcc-2.23.6484.0+3b612583/MODULE_13438219581461298073+e30acd3a/model.neff
/home/ubuntu/train_llama10b_tp_families.py:436: DeprecationWarning: Use torch_xla.sync instead
  xm.mark_step()
2026-09-09 08:50:54.000102:  69477  [INFO]: Using a cached neff at /home/ubuntu/neuron_cache_e2e/neuronxcc-2.23.6484.0+3b612583/MODULE_15432031550951634479+e30acd3a/model.neff
/home/ubuntu/train_llama10b_tp_families.py:443: DeprecationWarning: Use torch_xla.sync instead
  xm.mark_step()
2026-09-09 08:50:54.000213:  69471  [INFO]: Using a cached neff at /home/ubuntu/neuron_cache_e2e/neuronxcc-2.23.6484.0+3b612583/MODULE_13438219581461298073+e30acd3a/model.neff
/home/ubuntu/train_llama10b_tp_families.py:436: DeprecationWarning: Use torch_xla.sync instead
  xm.mark_step()
2026-09-09 08:50:54.000252:  69488  [INFO]: Using a cached neff at /home/ubuntu/neuron_cache_e2e/neuronxcc-2.23.6484.0+3b612583/MODULE_15432031550951634479+e30acd3a/model.neff
/home/ubuntu/train_llama10b_tp_families.py:443: DeprecationWarning: Use torch_xla.sync instead
  xm.mark_step()
2026-09-09 08:50:54.000295:  69477  [INFO]: Using a cached neff at /home/ubuntu/neuron_cache_e2e/neuronxcc-2.23.6484.0+3b612583/MODULE_13438219581461298073+e30acd3a/model.neff
/home/ubuntu/train_llama10b_tp_families.py:436: DeprecationWarning: Use torch_xla.sync instead
  xm.mark_step()
2026-09-09 08:50:54.000381:  69472  [INFO]: Using a cached neff at /home/ubuntu/neuron_cache_e2e/neuronxcc-2.23.6484.0+3b612583/MODULE_15432031550951634479+e30acd3a/model.neff
/home/ubuntu/train_llama10b_tp_families.py:443: DeprecationWarning: Use torch_xla.sync instead
  xm.mark_step()
2026-09-09 08:50:54.000464:  69488  [INFO]: Using a cached neff at /home/ubuntu/neuron_cache_e2e/neuronxcc-2.23.6484.0+3b612583/MODULE_13438219581461298073+e30acd3a/model.neff
2026-09-09 08:50:54.000595:  69472  [INFO]: Using a cached neff at /home/ubuntu/neuron_cache_e2e/neuronxcc-2.23.6484.0+3b612583/MODULE_13438219581461298073+e30acd3a/model.neff
/home/ubuntu/train_llama10b_tp_families.py:436: DeprecationWarning: Use torch_xla.sync instead
  xm.mark_step()
2026-09-09 08:50:54.000622:  69489  [INFO]: Using a cached neff at /home/ubuntu/neuron_cache_e2e/neuronxcc-2.23.6484.0+3b612583/MODULE_15432031550951634479+e30acd3a/model.neff
/home/ubuntu/train_llama10b_tp_families.py:443: DeprecationWarning: Use torch_xla.sync instead
  xm.mark_step()
/home/ubuntu/train_llama10b_tp_families.py:436: DeprecationWarning: Use torch_xla.sync instead
  xm.mark_step()
2026-09-09 08:50:54.000721:  69474  [INFO]: Using a cached neff at /home/ubuntu/neuron_cache_e2e/neuronxcc-2.23.6484.0+3b612583/MODULE_15432031550951634479+e30acd3a/model.neff
/home/ubuntu/train_llama10b_tp_families.py:443: DeprecationWarning: Use torch_xla.sync instead
  xm.mark_step()
2026-09-09 08:50:54.000814:  69489  [INFO]: Using a cached neff at /home/ubuntu/neuron_cache_e2e/neuronxcc-2.23.6484.0+3b612583/MODULE_13438219581461298073+e30acd3a/model.neff
2026-09-09 08:50:54.000914:  69474  [INFO]: Using a cached neff at /home/ubuntu/neuron_cache_e2e/neuronxcc-2.23.6484.0+3b612583/MODULE_13438219581461298073+e30acd3a/model.neff
/home/ubuntu/train_llama10b_tp_families.py:436: DeprecationWarning: Use torch_xla.sync instead
  xm.mark_step()
2026-09-09 08:50:54.000961:  69479  [INFO]: Using a cached neff at /home/ubuntu/neuron_cache_e2e/neuronxcc-2.23.6484.0+3b612583/MODULE_15432031550951634479+e30acd3a/model.neff
/home/ubuntu/train_llama10b_tp_families.py:443: DeprecationWarning: Use torch_xla.sync instead
  xm.mark_step()
/home/ubuntu/train_llama10b_tp_families.py:436: DeprecationWarning: Use torch_xla.sync instead
  xm.mark_step()
2026-09-09 08:50:55.000052:  69486  [INFO]: Using a cached neff at /home/ubuntu/neuron_cache_e2e/neuronxcc-2.23.6484.0+3b612583/MODULE_15432031550951634479+e30acd3a/model.neff
/home/ubuntu/train_llama10b_tp_families.py:443: DeprecationWarning: Use torch_xla.sync instead
  xm.mark_step()
2026-09-09 08:50:55.000151:  69479  [INFO]: Using a cached neff at /home/ubuntu/neuron_cache_e2e/neuronxcc-2.23.6484.0+3b612583/MODULE_13438219581461298073+e30acd3a/model.neff
/home/ubuntu/train_llama10b_tp_families.py:436: DeprecationWarning: Use torch_xla.sync instead
  xm.mark_step()
2026-09-09 08:50:55.000179:  69487  [INFO]: Using a cached neff at /home/ubuntu/neuron_cache_e2e/neuronxcc-2.23.6484.0+3b612583/MODULE_15432031550951634479+e30acd3a/model.neff
/home/ubuntu/train_llama10b_tp_families.py:443: DeprecationWarning: Use torch_xla.sync instead
  xm.mark_step()
/home/ubuntu/train_llama10b_tp_families.py:436: DeprecationWarning: Use torch_xla.sync instead
  xm.mark_step()
2026-09-09 08:50:55.000244:  69486  [INFO]: Using a cached neff at /home/ubuntu/neuron_cache_e2e/neuronxcc-2.23.6484.0+3b612583/MODULE_13438219581461298073+e30acd3a/model.neff
2026-09-09 08:50:55.000246:  69475  [INFO]: Using a cached neff at /home/ubuntu/neuron_cache_e2e/neuronxcc-2.23.6484.0+3b612583/MODULE_15432031550951634479+e30acd3a/model.neff
/home/ubuntu/train_llama10b_tp_families.py:443: DeprecationWarning: Use torch_xla.sync instead
  xm.mark_step()
/home/ubuntu/train_llama10b_tp_families.py:436: DeprecationWarning: Use torch_xla.sync instead
  xm.mark_step()
2026-09-09 08:50:55.000285:  69469  [INFO]: Using a cached neff at /home/ubuntu/neuron_cache_e2e/neuronxcc-2.23.6484.0+3b612583/MODULE_15432031550951634479+e30acd3a/model.neff
/home/ubuntu/train_llama10b_tp_families.py:443: DeprecationWarning: Use torch_xla.sync instead
  xm.mark_step()
2026-09-09 08:50:55.000371:  69487  [INFO]: Using a cached neff at /home/ubuntu/neuron_cache_e2e/neuronxcc-2.23.6484.0+3b612583/MODULE_13438219581461298073+e30acd3a/model.neff
/home/ubuntu/train_llama10b_tp_families.py:436: DeprecationWarning: Use torch_xla.sync instead
  xm.mark_step()
2026-09-09 08:50:55.000415:  69483  [INFO]: Using a cached neff at /home/ubuntu/neuron_cache_e2e/neuronxcc-2.23.6484.0+3b612583/MODULE_15432031550951634479+e30acd3a/model.neff
/home/ubuntu/train_llama10b_tp_families.py:436: DeprecationWarning: Use torch_xla.sync instead
  xm.mark_step()
2026-09-09 08:50:55.000423:  69490  [INFO]: Using a cached neff at /home/ubuntu/neuron_cache_e2e/neuronxcc-2.23.6484.0+3b612583/MODULE_15432031550951634479+e30acd3a/model.neff
/home/ubuntu/train_llama10b_tp_families.py:443: DeprecationWarning: Use torch_xla.sync instead
  xm.mark_step()
/home/ubuntu/train_llama10b_tp_families.py:443: DeprecationWarning: Use torch_xla.sync instead
  xm.mark_step()
2026-09-09 08:50:55.000437:  69475  [INFO]: Using a cached neff at /home/ubuntu/neuron_cache_e2e/neuronxcc-2.23.6484.0+3b612583/MODULE_13438219581461298073+e30acd3a/model.neff
/home/ubuntu/train_llama10b_tp_families.py:436: DeprecationWarning: Use torch_xla.sync instead
  xm.mark_step()
2026-09-09 08:50:55.000470:  69478  [INFO]: Using a cached neff at /home/ubuntu/neuron_cache_e2e/neuronxcc-2.23.6484.0+3b612583/MODULE_15432031550951634479+e30acd3a/model.neff
2026-09-09 08:50:55.000476:  69469  [INFO]: Using a cached neff at /home/ubuntu/neuron_cache_e2e/neuronxcc-2.23.6484.0+3b612583/MODULE_13438219581461298073+e30acd3a/model.neff
/home/ubuntu/train_llama10b_tp_families.py:443: DeprecationWarning: Use torch_xla.sync instead
  xm.mark_step()
/home/ubuntu/train_llama10b_tp_families.py:436: DeprecationWarning: Use torch_xla.sync instead
  xm.mark_step()
2026-09-09 08:50:55.000508:  69481  [INFO]: Using a cached neff at /home/ubuntu/neuron_cache_e2e/neuronxcc-2.23.6484.0+3b612583/MODULE_15432031550951634479+e30acd3a/model.neff
/home/ubuntu/train_llama10b_tp_families.py:443: DeprecationWarning: Use torch_xla.sync instead
  xm.mark_step()
/home/ubuntu/train_llama10b_tp_families.py:436: DeprecationWarning: Use torch_xla.sync instead
  xm.mark_step()
2026-09-09 08:50:55.000558:  69482  [INFO]: Using a cached neff at /home/ubuntu/neuron_cache_e2e/neuronxcc-2.23.6484.0+3b612583/MODULE_15432031550951634479+e30acd3a/model.neff
/home/ubuntu/train_llama10b_tp_families.py:443: DeprecationWarning: Use torch_xla.sync instead
  xm.mark_step()
2026-09-09 08:50:55.000607:  69483  [INFO]: Using a cached neff at /home/ubuntu/neuron_cache_e2e/neuronxcc-2.23.6484.0+3b612583/MODULE_13438219581461298073+e30acd3a/model.neff
2026-09-09 08:50:55.000615:  69490  [INFO]: Using a cached neff at /home/ubuntu/neuron_cache_e2e/neuronxcc-2.23.6484.0+3b612583/MODULE_13438219581461298073+e30acd3a/model.neff
/home/ubuntu/train_llama10b_tp_families.py:436: DeprecationWarning: Use torch_xla.sync instead
  xm.mark_step()
2026-09-09 08:50:55.000662:  69478  [INFO]: Using a cached neff at /home/ubuntu/neuron_cache_e2e/neuronxcc-2.23.6484.0+3b612583/MODULE_13438219581461298073+e30acd3a/model.neff
2026-09-09 08:50:55.000662:  69496  [INFO]: Using a cached neff at /home/ubuntu/neuron_cache_e2e/neuronxcc-2.23.6484.0+3b612583/MODULE_15432031550951634479+e30acd3a/model.neff
/home/ubuntu/train_llama10b_tp_families.py:443: DeprecationWarning: Use torch_xla.sync instead
  xm.mark_step()
2026-09-09 08:50:55.000696:  69481  [INFO]: Using a cached neff at /home/ubuntu/neuron_cache_e2e/neuronxcc-2.23.6484.0+3b612583/MODULE_13438219581461298073+e30acd3a/model.neff
2026-09-09 08:50:55.000750:  69482  [INFO]: Using a cached neff at /home/ubuntu/neuron_cache_e2e/neuronxcc-2.23.6484.0+3b612583/MODULE_13438219581461298073+e30acd3a/model.neff
2026-09-09 08:50:55.000852:  69496  [INFO]: Using a cached neff at /home/ubuntu/neuron_cache_e2e/neuronxcc-2.23.6484.0+3b612583/MODULE_13438219581461298073+e30acd3a/model.neff
/home/ubuntu/train_llama10b_tp_families.py:449: DeprecationWarning: Use torch_xla.sync instead
  xm.mark_step()
/home/ubuntu/train_llama10b_tp_families.py:449: DeprecationWarning: Use torch_xla.sync instead
  xm.mark_step()
/home/ubuntu/train_llama10b_tp_families.py:449: DeprecationWarning: Use torch_xla.sync instead
  xm.mark_step()
/home/ubuntu/train_llama10b_tp_families.py:449: DeprecationWarning: Use torch_xla.sync instead
  xm.mark_step()
/home/ubuntu/train_llama10b_tp_families.py:449: DeprecationWarning: Use torch_xla.sync instead
  xm.mark_step()
/home/ubuntu/train_llama10b_tp_families.py:449: DeprecationWarning: Use torch_xla.sync instead
  xm.mark_step()
/home/ubuntu/train_llama10b_tp_families.py:449: DeprecationWarning: Use torch_xla.sync instead
  xm.mark_step()
/home/ubuntu/train_llama10b_tp_families.py:449: DeprecationWarning: Use torch_xla.sync instead
  xm.mark_step()
/home/ubuntu/train_llama10b_tp_families.py:449: DeprecationWarning: Use torch_xla.sync instead
  xm.mark_step()
/home/ubuntu/train_llama10b_tp_families.py:449: DeprecationWarning: Use torch_xla.sync instead
  xm.mark_step()
/home/ubuntu/train_llama10b_tp_families.py:449: DeprecationWarning: Use torch_xla.sync instead
  xm.mark_step()
/home/ubuntu/train_llama10b_tp_families.py:449: DeprecationWarning: Use torch_xla.sync instead
  xm.mark_step()
/home/ubuntu/train_llama10b_tp_families.py:449: DeprecationWarning: Use torch_xla.sync instead
  xm.mark_step()
/home/ubuntu/train_llama10b_tp_families.py:449: DeprecationWarning: Use torch_xla.sync instead
  xm.mark_step()
/home/ubuntu/train_llama10b_tp_families.py:449: DeprecationWarning: Use torch_xla.sync instead
  xm.mark_step()
/home/ubuntu/train_llama10b_tp_families.py:449: DeprecationWarning: Use torch_xla.sync instead
  xm.mark_step()
/home/ubuntu/train_llama10b_tp_families.py:449: DeprecationWarning: Use torch_xla.sync instead
  xm.mark_step()
/home/ubuntu/train_llama10b_tp_families.py:449: DeprecationWarning: Use torch_xla.sync instead
  xm.mark_step()
/home/ubuntu/train_llama10b_tp_families.py:449: DeprecationWarning: Use torch_xla.sync instead
  xm.mark_step()
/home/ubuntu/train_llama10b_tp_families.py:449: DeprecationWarning: Use torch_xla.sync instead
  xm.mark_step()
/home/ubuntu/train_llama10b_tp_families.py:449: DeprecationWarning: Use torch_xla.sync instead
  xm.mark_step()
/home/ubuntu/train_llama10b_tp_families.py:449: DeprecationWarning: Use torch_xla.sync instead
  xm.mark_step()
/home/ubuntu/train_llama10b_tp_families.py:449: DeprecationWarning: Use torch_xla.sync instead
  xm.mark_step()
/home/ubuntu/train_llama10b_tp_families.py:449: DeprecationWarning: Use torch_xla.sync instead
  xm.mark_step()
/home/ubuntu/train_llama10b_tp_families.py:449: DeprecationWarning: Use torch_xla.sync instead
  xm.mark_step()
/home/ubuntu/train_llama10b_tp_families.py:449: DeprecationWarning: Use torch_xla.sync instead
  xm.mark_step()
/home/ubuntu/train_llama10b_tp_families.py:449: DeprecationWarning: Use torch_xla.sync instead
  xm.mark_step()
/home/ubuntu/train_llama10b_tp_families.py:449: DeprecationWarning: Use torch_xla.sync instead
  xm.mark_step()
/home/ubuntu/train_llama10b_tp_families.py:449: DeprecationWarning: Use torch_xla.sync instead
  xm.mark_step()
/home/ubuntu/train_llama10b_tp_families.py:449: DeprecationWarning: Use torch_xla.sync instead
  xm.mark_step()
/home/ubuntu/train_llama10b_tp_families.py:449: DeprecationWarning: Use torch_xla.sync instead
  xm.mark_step()
/home/ubuntu/train_llama10b_tp_families.py:449: DeprecationWarning: Use torch_xla.sync instead
  xm.mark_step()
2026-09-09 08:50:57.000378:  69489  [INFO]: Using a cached neff at /home/ubuntu/neuron_cache_e2e/neuronxcc-2.23.6484.0+3b612583/MODULE_2708653688611057852+e30acd3a/model.neff
2026-09-09 08:50:57.000378:  69473  [INFO]: Using a cached neff at /home/ubuntu/neuron_cache_e2e/neuronxcc-2.23.6484.0+3b612583/MODULE_2708653688611057852+e30acd3a/model.neff
2026-09-09 08:50:57.000378:  69485  [INFO]: Using a cached neff at /home/ubuntu/neuron_cache_e2e/neuronxcc-2.23.6484.0+3b612583/MODULE_2708653688611057852+e30acd3a/model.neff
2026-09-09 08:50:57.000379:  69468  [INFO]: Using a cached neff at /home/ubuntu/neuron_cache_e2e/neuronxcc-2.23.6484.0+3b612583/MODULE_2708653688611057852+e30acd3a/model.neff
2026-09-09 08:50:57.000379:  69482  [INFO]: Using a cached neff at /home/ubuntu/neuron_cache_e2e/neuronxcc-2.23.6484.0+3b612583/MODULE_2708653688611057852+e30acd3a/model.neff
2026-09-09 08:50:57.000379:  69484  [INFO]: Using a cached neff at /home/ubuntu/neuron_cache_e2e/neuronxcc-2.23.6484.0+3b612583/MODULE_2708653688611057852+e30acd3a/model.neff
2026-09-09 08:50:57.000379:  69492  [INFO]: Using a cached neff at /home/ubuntu/neuron_cache_e2e/neuronxcc-2.23.6484.0+3b612583/MODULE_2708653688611057852+e30acd3a/model.neff
2026-09-09 08:50:57.000380:  69486  [INFO]: Using a cached neff at /home/ubuntu/neuron_cache_e2e/neuronxcc-2.23.6484.0+3b612583/MODULE_2708653688611057852+e30acd3a/model.neff
2026-09-09 08:50:57.000380:  69475  [INFO]: Using a cached neff at /home/ubuntu/neuron_cache_e2e/neuronxcc-2.23.6484.0+3b612583/MODULE_2708653688611057852+e30acd3a/model.neff
2026-09-09 08:50:57.000380:  69494  [INFO]: Using a cached neff at /home/ubuntu/neuron_cache_e2e/neuronxcc-2.23.6484.0+3b612583/MODULE_2708653688611057852+e30acd3a/model.neff
2026-09-09 08:50:57.000380:  69483  [INFO]: Using a cached neff at /home/ubuntu/neuron_cache_e2e/neuronxcc-2.23.6484.0+3b612583/MODULE_2708653688611057852+e30acd3a/model.neff
2026-09-09 08:50:57.000381:  69478  [INFO]: Using a cached neff at /home/ubuntu/neuron_cache_e2e/neuronxcc-2.23.6484.0+3b612583/MODULE_2708653688611057852+e30acd3a/model.neff
2026-09-09 08:50:57.000381:  69469  [INFO]: Using a cached neff at /home/ubuntu/neuron_cache_e2e/neuronxcc-2.23.6484.0+3b612583/MODULE_2708653688611057852+e30acd3a/model.neff
2026-09-09 08:50:57.000382:  69487  [INFO]: Using a cached neff at /home/ubuntu/neuron_cache_e2e/neuronxcc-2.23.6484.0+3b612583/MODULE_2708653688611057852+e30acd3a/model.neff
2026-09-09 08:50:57.000382:  69477  [INFO]: Using a cached neff at /home/ubuntu/neuron_cache_e2e/neuronxcc-2.23.6484.0+3b612583/MODULE_2708653688611057852+e30acd3a/model.neff
2026-09-09 08:50:57.000383:  69490  [INFO]: Using a cached neff at /home/ubuntu/neuron_cache_e2e/neuronxcc-2.23.6484.0+3b612583/MODULE_2708653688611057852+e30acd3a/model.neff
2026-09-09 08:50:57.000384:  69496  [INFO]: Using a cached neff at /home/ubuntu/neuron_cache_e2e/neuronxcc-2.23.6484.0+3b612583/MODULE_2708653688611057852+e30acd3a/model.neff
2026-09-09 08:50:57.000386:  69498  [INFO]: Using a cached neff at /home/ubuntu/neuron_cache_e2e/neuronxcc-2.23.6484.0+3b612583/MODULE_2708653688611057852+e30acd3a/model.neff
2026-09-09 08:50:57.000386:  69470  [INFO]: Using a cached neff at /home/ubuntu/neuron_cache_e2e/neuronxcc-2.23.6484.0+3b612583/MODULE_2708653688611057852+e30acd3a/model.neff
2026-09-09 08:50:57.000387:  69479  [INFO]: Using a cached neff at /home/ubuntu/neuron_cache_e2e/neuronxcc-2.23.6484.0+3b612583/MODULE_2708653688611057852+e30acd3a/model.neff
2026-09-09 08:50:57.000387:  69476  [INFO]: Using a cached neff at /home/ubuntu/neuron_cache_e2e/neuronxcc-2.23.6484.0+3b612583/MODULE_2708653688611057852+e30acd3a/model.neff
2026-09-09 08:50:57.000387:  69493  [INFO]: Using a cached neff at /home/ubuntu/neuron_cache_e2e/neuronxcc-2.23.6484.0+3b612583/MODULE_2708653688611057852+e30acd3a/model.neff
2026-09-09 08:50:57.000387:  69472  [INFO]: Using a cached neff at /home/ubuntu/neuron_cache_e2e/neuronxcc-2.23.6484.0+3b612583/MODULE_2708653688611057852+e30acd3a/model.neff
2026-09-09 08:50:57.000389:  69474  [INFO]: Using a cached neff at /home/ubuntu/neuron_cache_e2e/neuronxcc-2.23.6484.0+3b612583/MODULE_2708653688611057852+e30acd3a/model.neff
2026-09-09 08:50:57.000389:  69497  [INFO]: Using a cached neff at /home/ubuntu/neuron_cache_e2e/neuronxcc-2.23.6484.0+3b612583/MODULE_2708653688611057852+e30acd3a/model.neff
2026-09-09 08:50:57.000389:  69488  [INFO]: Using a cached neff at /home/ubuntu/neuron_cache_e2e/neuronxcc-2.23.6484.0+3b612583/MODULE_2708653688611057852+e30acd3a/model.neff
2026-09-09 08:50:57.000391:  69471  [INFO]: Using a cached neff at /home/ubuntu/neuron_cache_e2e/neuronxcc-2.23.6484.0+3b612583/MODULE_2708653688611057852+e30acd3a/model.neff
2026-09-09 08:50:57.000391:  69467  [INFO]: Using a cached neff at /home/ubuntu/neuron_cache_e2e/neuronxcc-2.23.6484.0+3b612583/MODULE_2708653688611057852+e30acd3a/model.neff
2026-09-09 08:50:57.000392:  69480  [INFO]: Using a cached neff at /home/ubuntu/neuron_cache_e2e/neuronxcc-2.23.6484.0+3b612583/MODULE_2708653688611057852+e30acd3a/model.neff
2026-09-09 08:50:57.000392:  69491  [INFO]: Using a cached neff at /home/ubuntu/neuron_cache_e2e/neuronxcc-2.23.6484.0+3b612583/MODULE_2708653688611057852+e30acd3a/model.neff
2026-09-09 08:50:57.000393:  69481  [INFO]: Using a cached neff at /home/ubuntu/neuron_cache_e2e/neuronxcc-2.23.6484.0+3b612583/MODULE_2708653688611057852+e30acd3a/model.neff
2026-09-09 08:50:57.000393:  69495  [INFO]: Using a cached neff at /home/ubuntu/neuron_cache_e2e/neuronxcc-2.23.6484.0+3b612583/MODULE_2708653688611057852+e30acd3a/model.neff
/home/ubuntu/train_llama10b_tp_families.py:455: DeprecationWarning: Use torch_xla.sync instead
  xm.mark_step()
/home/ubuntu/train_llama10b_tp_families.py:455: DeprecationWarning: Use torch_xla.sync instead
  xm.mark_step()
/home/ubuntu/train_llama10b_tp_families.py:455: DeprecationWarning: Use torch_xla.sync instead
  xm.mark_step()
/home/ubuntu/train_llama10b_tp_families.py:455: DeprecationWarning: Use torch_xla.sync instead
  xm.mark_step()
/home/ubuntu/train_llama10b_tp_families.py:455: DeprecationWarning: Use torch_xla.sync instead
  xm.mark_step()
/home/ubuntu/train_llama10b_tp_families.py:455: DeprecationWarning: Use torch_xla.sync instead
  xm.mark_step()
/home/ubuntu/train_llama10b_tp_families.py:455: DeprecationWarning: Use torch_xla.sync instead
  xm.mark_step()
/home/ubuntu/train_llama10b_tp_families.py:455: DeprecationWarning: Use torch_xla.sync instead
  xm.mark_step()
/home/ubuntu/train_llama10b_tp_families.py:455: DeprecationWarning: Use torch_xla.sync instead
  xm.mark_step()
/home/ubuntu/train_llama10b_tp_families.py:455: DeprecationWarning: Use torch_xla.sync instead
  xm.mark_step()
/home/ubuntu/train_llama10b_tp_families.py:455: DeprecationWarning: Use torch_xla.sync instead
  xm.mark_step()
/home/ubuntu/train_llama10b_tp_families.py:455: DeprecationWarning: Use torch_xla.sync instead
  xm.mark_step()
/home/ubuntu/train_llama10b_tp_families.py:455: DeprecationWarning: Use torch_xla.sync instead
  xm.mark_step()
/home/ubuntu/train_llama10b_tp_families.py:455: DeprecationWarning: Use torch_xla.sync instead
  xm.mark_step()
/home/ubuntu/train_llama10b_tp_families.py:455: DeprecationWarning: Use torch_xla.sync instead
  xm.mark_step()
/home/ubuntu/train_llama10b_tp_families.py:455: DeprecationWarning: Use torch_xla.sync instead
  xm.mark_step()
/home/ubuntu/train_llama10b_tp_families.py:455: DeprecationWarning: Use torch_xla.sync instead
  xm.mark_step()
/home/ubuntu/train_llama10b_tp_families.py:455: DeprecationWarning: Use torch_xla.sync instead
  xm.mark_step()
/home/ubuntu/train_llama10b_tp_families.py:455: DeprecationWarning: Use torch_xla.sync instead
  xm.mark_step()
/home/ubuntu/train_llama10b_tp_families.py:455: DeprecationWarning: Use torch_xla.sync instead
  xm.mark_step()
/home/ubuntu/train_llama10b_tp_families.py:455: DeprecationWarning: Use torch_xla.sync instead
  xm.mark_step()
/home/ubuntu/train_llama10b_tp_families.py:455: DeprecationWarning: Use torch_xla.sync instead
  xm.mark_step()
/home/ubuntu/train_llama10b_tp_families.py:455: DeprecationWarning: Use torch_xla.sync instead
  xm.mark_step()
/home/ubuntu/train_llama10b_tp_families.py:455: DeprecationWarning: Use torch_xla.sync instead
  xm.mark_step()
/home/ubuntu/train_llama10b_tp_families.py:455: DeprecationWarning: Use torch_xla.sync instead
  xm.mark_step()
/home/ubuntu/train_llama10b_tp_families.py:455: DeprecationWarning: Use torch_xla.sync instead
  xm.mark_step()
/home/ubuntu/train_llama10b_tp_families.py:455: DeprecationWarning: Use torch_xla.sync instead
  xm.mark_step()
/home/ubuntu/train_llama10b_tp_families.py:455: DeprecationWarning: Use torch_xla.sync instead
  xm.mark_step()
/home/ubuntu/train_llama10b_tp_families.py:455: DeprecationWarning: Use torch_xla.sync instead
  xm.mark_step()
/home/ubuntu/train_llama10b_tp_families.py:455: DeprecationWarning: Use torch_xla.sync instead
  xm.mark_step()
/home/ubuntu/train_llama10b_tp_families.py:455: DeprecationWarning: Use torch_xla.sync instead
  xm.mark_step()
/home/ubuntu/train_llama10b_tp_families.py:455: DeprecationWarning: Use torch_xla.sync instead
  xm.mark_step()
2026-09-09 08:50:57.000435:  69485  [INFO]: Using a cached neff at /home/ubuntu/neuron_cache_e2e/neuronxcc-2.23.6484.0+3b612583/MODULE_8952394002023911792+e30acd3a/model.neff
2026-09-09 08:50:57.000436:  69468  [INFO]: Using a cached neff at /home/ubuntu/neuron_cache_e2e/neuronxcc-2.23.6484.0+3b612583/MODULE_8952394002023911792+e30acd3a/model.neff
2026-09-09 08:50:57.000437:  69489  [INFO]: Using a cached neff at /home/ubuntu/neuron_cache_e2e/neuronxcc-2.23.6484.0+3b612583/MODULE_8952394002023911792+e30acd3a/model.neff
2026-09-09 08:50:57.000440:  69486  [INFO]: Using a cached neff at /home/ubuntu/neuron_cache_e2e/neuronxcc-2.23.6484.0+3b612583/MODULE_8952394002023911792+e30acd3a/model.neff
2026-09-09 08:50:57.000440:  69475  [INFO]: Using a cached neff at /home/ubuntu/neuron_cache_e2e/neuronxcc-2.23.6484.0+3b612583/MODULE_8952394002023911792+e30acd3a/model.neff
2026-09-09 08:50:57.000442:  69482  [INFO]: Using a cached neff at /home/ubuntu/neuron_cache_e2e/neuronxcc-2.23.6484.0+3b612583/MODULE_8952394002023911792+e30acd3a/model.neff
2026-09-09 08:50:57.000442:  69484  [INFO]: Using a cached neff at /home/ubuntu/neuron_cache_e2e/neuronxcc-2.23.6484.0+3b612583/MODULE_8952394002023911792+e30acd3a/model.neff
2026-09-09 08:50:57.000444:  69483  [INFO]: Using a cached neff at /home/ubuntu/neuron_cache_e2e/neuronxcc-2.23.6484.0+3b612583/MODULE_8952394002023911792+e30acd3a/model.neff
2026-09-09 08:50:57.000444:  69478  [INFO]: Using a cached neff at /home/ubuntu/neuron_cache_e2e/neuronxcc-2.23.6484.0+3b612583/MODULE_8952394002023911792+e30acd3a/model.neff
2026-09-09 08:50:57.000445:  69469  [INFO]: Using a cached neff at /home/ubuntu/neuron_cache_e2e/neuronxcc-2.23.6484.0+3b612583/MODULE_8952394002023911792+e30acd3a/model.neff
2026-09-09 08:50:57.000447:  69487  [INFO]: Using a cached neff at /home/ubuntu/neuron_cache_e2e/neuronxcc-2.23.6484.0+3b612583/MODULE_8952394002023911792+e30acd3a/model.neff
2026-09-09 08:50:57.000447:  69492  [INFO]: Using a cached neff at /home/ubuntu/neuron_cache_e2e/neuronxcc-2.23.6484.0+3b612583/MODULE_8952394002023911792+e30acd3a/model.neff
2026-09-09 08:50:57.000448:  69490  [INFO]: Using a cached neff at /home/ubuntu/neuron_cache_e2e/neuronxcc-2.23.6484.0+3b612583/MODULE_8952394002023911792+e30acd3a/model.neff
2026-09-09 08:50:57.000449:  69477  [INFO]: Using a cached neff at /home/ubuntu/neuron_cache_e2e/neuronxcc-2.23.6484.0+3b612583/MODULE_8952394002023911792+e30acd3a/model.neff
2026-09-09 08:50:57.000450:  69479  [INFO]: Using a cached neff at /home/ubuntu/neuron_cache_e2e/neuronxcc-2.23.6484.0+3b612583/MODULE_8952394002023911792+e30acd3a/model.neff
2026-09-09 08:50:57.000451:  69493  [INFO]: Using a cached neff at /home/ubuntu/neuron_cache_e2e/neuronxcc-2.23.6484.0+3b612583/MODULE_8952394002023911792+e30acd3a/model.neff
2026-09-09 08:50:57.000452:  69496  [INFO]: Using a cached neff at /home/ubuntu/neuron_cache_e2e/neuronxcc-2.23.6484.0+3b612583/MODULE_8952394002023911792+e30acd3a/model.neff
2026-09-09 08:50:57.000452:  69476  [INFO]: Using a cached neff at /home/ubuntu/neuron_cache_e2e/neuronxcc-2.23.6484.0+3b612583/MODULE_8952394002023911792+e30acd3a/model.neff
2026-09-09 08:50:57.000454:  69472  [INFO]: Using a cached neff at /home/ubuntu/neuron_cache_e2e/neuronxcc-2.23.6484.0+3b612583/MODULE_8952394002023911792+e30acd3a/model.neff
2026-09-09 08:50:57.000454:  69494  [INFO]: Using a cached neff at /home/ubuntu/neuron_cache_e2e/neuronxcc-2.23.6484.0+3b612583/MODULE_8952394002023911792+e30acd3a/model.neff
2026-09-09 08:50:57.000455:  69497  [INFO]: Using a cached neff at /home/ubuntu/neuron_cache_e2e/neuronxcc-2.23.6484.0+3b612583/MODULE_8952394002023911792+e30acd3a/model.neff
2026-09-09 08:50:57.000456:  69470  [INFO]: Using a cached neff at /home/ubuntu/neuron_cache_e2e/neuronxcc-2.23.6484.0+3b612583/MODULE_8952394002023911792+e30acd3a/model.neff
2026-09-09 08:50:57.000457:  69471  [INFO]: Using a cached neff at /home/ubuntu/neuron_cache_e2e/neuronxcc-2.23.6484.0+3b612583/MODULE_8952394002023911792+e30acd3a/model.neff
2026-09-09 08:50:57.000458:  69488  [INFO]: Using a cached neff at /home/ubuntu/neuron_cache_e2e/neuronxcc-2.23.6484.0+3b612583/MODULE_8952394002023911792+e30acd3a/model.neff
2026-09-09 08:50:57.000459:  69480  [INFO]: Using a cached neff at /home/ubuntu/neuron_cache_e2e/neuronxcc-2.23.6484.0+3b612583/MODULE_8952394002023911792+e30acd3a/model.neff
2026-09-09 08:50:57.000461:  69467  [INFO]: Using a cached neff at /home/ubuntu/neuron_cache_e2e/neuronxcc-2.23.6484.0+3b612583/MODULE_8952394002023911792+e30acd3a/model.neff
2026-09-09 08:50:57.000463:  69473  [INFO]: Using a cached neff at /home/ubuntu/neuron_cache_e2e/neuronxcc-2.23.6484.0+3b612583/MODULE_8952394002023911792+e30acd3a/model.neff
2026-09-09 08:50:57.000466:  69491  [INFO]: Using a cached neff at /home/ubuntu/neuron_cache_e2e/neuronxcc-2.23.6484.0+3b612583/MODULE_8952394002023911792+e30acd3a/model.neff
2026-09-09 08:50:57.000467:  69498  [INFO]: Using a cached neff at /home/ubuntu/neuron_cache_e2e/neuronxcc-2.23.6484.0+3b612583/MODULE_8952394002023911792+e30acd3a/model.neff
2026-09-09 08:50:57.000469:  69474  [INFO]: Using a cached neff at /home/ubuntu/neuron_cache_e2e/neuronxcc-2.23.6484.0+3b612583/MODULE_8952394002023911792+e30acd3a/model.neff
2026-09-09 08:50:57.000472:  69481  [INFO]: Using a cached neff at /home/ubuntu/neuron_cache_e2e/neuronxcc-2.23.6484.0+3b612583/MODULE_8952394002023911792+e30acd3a/model.neff
2026-09-09 08:50:57.000473:  69495  [INFO]: Using a cached neff at /home/ubuntu/neuron_cache_e2e/neuronxcc-2.23.6484.0+3b612583/MODULE_8952394002023911792+e30acd3a/model.neff
/home/ubuntu/train_llama10b_tp_families.py:459: DeprecationWarning: Use torch_xla.sync instead
  xm.mark_step()
/home/ubuntu/train_llama10b_tp_families.py:459: DeprecationWarning: Use torch_xla.sync instead
  xm.mark_step()
/home/ubuntu/train_llama10b_tp_families.py:459: DeprecationWarning: Use torch_xla.sync instead
  xm.mark_step()
/home/ubuntu/train_llama10b_tp_families.py:459: DeprecationWarning: Use torch_xla.sync instead
  xm.mark_step()
/home/ubuntu/train_llama10b_tp_families.py:459: DeprecationWarning: Use torch_xla.sync instead
  xm.mark_step()
/home/ubuntu/train_llama10b_tp_families.py:459: DeprecationWarning: Use torch_xla.sync instead
  xm.mark_step()
/home/ubuntu/train_llama10b_tp_families.py:459: DeprecationWarning: Use torch_xla.sync instead
  xm.mark_step()
/home/ubuntu/train_llama10b_tp_families.py:459: DeprecationWarning: Use torch_xla.sync instead
  xm.mark_step()
/home/ubuntu/train_llama10b_tp_families.py:459: DeprecationWarning: Use torch_xla.sync instead
  xm.mark_step()
/home/ubuntu/train_llama10b_tp_families.py:459: DeprecationWarning: Use torch_xla.sync instead
  xm.mark_step()
/home/ubuntu/train_llama10b_tp_families.py:459: DeprecationWarning: Use torch_xla.sync instead
  xm.mark_step()
/home/ubuntu/train_llama10b_tp_families.py:459: DeprecationWarning: Use torch_xla.sync instead
  xm.mark_step()
/home/ubuntu/train_llama10b_tp_families.py:459: DeprecationWarning: Use torch_xla.sync instead
  xm.mark_step()
/home/ubuntu/train_llama10b_tp_families.py:459: DeprecationWarning: Use torch_xla.sync instead
  xm.mark_step()
/home/ubuntu/train_llama10b_tp_families.py:459: DeprecationWarning: Use torch_xla.sync instead
  xm.mark_step()
/home/ubuntu/train_llama10b_tp_families.py:459: DeprecationWarning: Use torch_xla.sync instead
  xm.mark_step()
/home/ubuntu/train_llama10b_tp_families.py:459: DeprecationWarning: Use torch_xla.sync instead
  xm.mark_step()
/home/ubuntu/train_llama10b_tp_families.py:459: DeprecationWarning: Use torch_xla.sync instead
  xm.mark_step()
/home/ubuntu/train_llama10b_tp_families.py:459: DeprecationWarning: Use torch_xla.sync instead
  xm.mark_step()
/home/ubuntu/train_llama10b_tp_families.py:459: DeprecationWarning: Use torch_xla.sync instead
  xm.mark_step()
/home/ubuntu/train_llama10b_tp_families.py:459: DeprecationWarning: Use torch_xla.sync instead
  xm.mark_step()
/home/ubuntu/train_llama10b_tp_families.py:459: DeprecationWarning: Use torch_xla.sync instead
  xm.mark_step()
/home/ubuntu/train_llama10b_tp_families.py:459: DeprecationWarning: Use torch_xla.sync instead
  xm.mark_step()
/home/ubuntu/train_llama10b_tp_families.py:459: DeprecationWarning: Use torch_xla.sync instead
  xm.mark_step()
/home/ubuntu/train_llama10b_tp_families.py:459: DeprecationWarning: Use torch_xla.sync instead
  xm.mark_step()
/home/ubuntu/train_llama10b_tp_families.py:459: DeprecationWarning: Use torch_xla.sync instead
  xm.mark_step()
/home/ubuntu/train_llama10b_tp_families.py:459: DeprecationWarning: Use torch_xla.sync instead
  xm.mark_step()
/home/ubuntu/train_llama10b_tp_families.py:459: DeprecationWarning: Use torch_xla.sync instead
  xm.mark_step()
/home/ubuntu/train_llama10b_tp_families.py:459: DeprecationWarning: Use torch_xla.sync instead
  xm.mark_step()
/home/ubuntu/train_llama10b_tp_families.py:459: DeprecationWarning: Use torch_xla.sync instead
  xm.mark_step()
/home/ubuntu/train_llama10b_tp_families.py:459: DeprecationWarning: Use torch_xla.sync instead
  xm.mark_step()
/home/ubuntu/train_llama10b_tp_families.py:459: DeprecationWarning: Use torch_xla.sync instead
  xm.mark_step()
2026-09-09 08:50:57.000721:  69471  [INFO]: Using a cached neff at /home/ubuntu/neuron_cache_e2e/neuronxcc-2.23.6484.0+3b612583/MODULE_11729072656154999563+e30acd3a/model.neff
2026-09-09 08:50:57.000721:  69497  [INFO]: Using a cached neff at /home/ubuntu/neuron_cache_e2e/neuronxcc-2.23.6484.0+3b612583/MODULE_11729072656154999563+e30acd3a/model.neff
2026-09-09 08:50:57.000721:  69491  [INFO]: Using a cached neff at /home/ubuntu/neuron_cache_e2e/neuronxcc-2.23.6484.0+3b612583/MODULE_11729072656154999563+e30acd3a/model.neff
2026-09-09 08:50:57.000721:  69469  [INFO]: Using a cached neff at /home/ubuntu/neuron_cache_e2e/neuronxcc-2.23.6484.0+3b612583/MODULE_11729072656154999563+e30acd3a/model.neff
2026-09-09 08:50:57.000722:  69486  [INFO]: Using a cached neff at /home/ubuntu/neuron_cache_e2e/neuronxcc-2.23.6484.0+3b612583/MODULE_11729072656154999563+e30acd3a/model.neff
2026-09-09 08:50:57.000722:  69467  [INFO]: Using a cached neff at /home/ubuntu/neuron_cache_e2e/neuronxcc-2.23.6484.0+3b612583/MODULE_11729072656154999563+e30acd3a/model.neff
2026-09-09 08:50:57.000723:  69493  [INFO]: Using a cached neff at /home/ubuntu/neuron_cache_e2e/neuronxcc-2.23.6484.0+3b612583/MODULE_11729072656154999563+e30acd3a/model.neff
2026-09-09 08:50:57.000723:  69478  [INFO]: Using a cached neff at /home/ubuntu/neuron_cache_e2e/neuronxcc-2.23.6484.0+3b612583/MODULE_11729072656154999563+e30acd3a/model.neff
2026-09-09 08:50:57.000724:  69495  [INFO]: Using a cached neff at /home/ubuntu/neuron_cache_e2e/neuronxcc-2.23.6484.0+3b612583/MODULE_11729072656154999563+e30acd3a/model.neff
2026-09-09 08:50:57.000724:  69481  [INFO]: Using a cached neff at /home/ubuntu/neuron_cache_e2e/neuronxcc-2.23.6484.0+3b612583/MODULE_11729072656154999563+e30acd3a/model.neff
2026-09-09 08:50:57.000724:  69470  [INFO]: Using a cached neff at /home/ubuntu/neuron_cache_e2e/neuronxcc-2.23.6484.0+3b612583/MODULE_11729072656154999563+e30acd3a/model.neff
2026-09-09 08:50:57.000726:  69482  [INFO]: Using a cached neff at /home/ubuntu/neuron_cache_e2e/neuronxcc-2.23.6484.0+3b612583/MODULE_11729072656154999563+e30acd3a/model.neff
2026-09-09 08:50:57.000727:  69487  [INFO]: Using a cached neff at /home/ubuntu/neuron_cache_e2e/neuronxcc-2.23.6484.0+3b612583/MODULE_11729072656154999563+e30acd3a/model.neff
2026-09-09 08:50:57.000727:  69476  [INFO]: Using a cached neff at /home/ubuntu/neuron_cache_e2e/neuronxcc-2.23.6484.0+3b612583/MODULE_11729072656154999563+e30acd3a/model.neff
2026-09-09 08:50:57.000727:  69489  [INFO]: Using a cached neff at /home/ubuntu/neuron_cache_e2e/neuronxcc-2.23.6484.0+3b612583/MODULE_11729072656154999563+e30acd3a/model.neff
/home/ubuntu/train_llama10b_tp_families.py:486: DeprecationWarning: Use torch_xla.sync instead
  xm.mark_step()
/home/ubuntu/train_llama10b_tp_families.py:486: DeprecationWarning: Use torch_xla.sync instead
  xm.mark_step()
/home/ubuntu/train_llama10b_tp_families.py:486: DeprecationWarning: Use torch_xla.sync instead
  xm.mark_step()
2026-09-09 08:50:57.000728:  69498  [INFO]: Using a cached neff at /home/ubuntu/neuron_cache_e2e/neuronxcc-2.23.6484.0+3b612583/MODULE_11729072656154999563+e30acd3a/model.neff
/home/ubuntu/train_llama10b_tp_families.py:486: DeprecationWarning: Use torch_xla.sync instead
  xm.mark_step()
/home/ubuntu/train_llama10b_tp_families.py:486: DeprecationWarning: Use torch_xla.sync instead
  xm.mark_step()
/home/ubuntu/train_llama10b_tp_families.py:486: DeprecationWarning: Use torch_xla.sync instead
  xm.mark_step()
/home/ubuntu/train_llama10b_tp_families.py:486: DeprecationWarning: Use torch_xla.sync instead
  xm.mark_step()
2026-09-09 08:50:57.000730:  69472  [INFO]: Using a cached neff at /home/ubuntu/neuron_cache_e2e/neuronxcc-2.23.6484.0+3b612583/MODULE_11729072656154999563+e30acd3a/model.neff
2026-09-09 08:50:57.000730:  69488  [INFO]: Using a cached neff at /home/ubuntu/neuron_cache_e2e/neuronxcc-2.23.6484.0+3b612583/MODULE_11729072656154999563+e30acd3a/model.neff
2026-09-09 08:50:57.000730:  69477  [INFO]: Using a cached neff at /home/ubuntu/neuron_cache_e2e/neuronxcc-2.23.6484.0+3b612583/MODULE_11729072656154999563+e30acd3a/model.neff
/home/ubuntu/train_llama10b_tp_families.py:486: DeprecationWarning: Use torch_xla.sync instead
  xm.mark_step()
2026-09-09 08:50:57.000731:  69475  [INFO]: Using a cached neff at /home/ubuntu/neuron_cache_e2e/neuronxcc-2.23.6484.0+3b612583/MODULE_11729072656154999563+e30acd3a/model.neff
2026-09-09 08:50:57.000731:  69490  [INFO]: Using a cached neff at /home/ubuntu/neuron_cache_e2e/neuronxcc-2.23.6484.0+3b612583/MODULE_11729072656154999563+e30acd3a/model.neff
2026-09-09 08:50:57.000731:  69485  [INFO]: Using a cached neff at /home/ubuntu/neuron_cache_e2e/neuronxcc-2.23.6484.0+3b612583/MODULE_11729072656154999563+e30acd3a/model.neff
/home/ubuntu/train_llama10b_tp_families.py:486: DeprecationWarning: Use torch_xla.sync instead
  xm.mark_step()
/home/ubuntu/train_llama10b_tp_families.py:486: DeprecationWarning: Use torch_xla.sync instead
  xm.mark_step()
/home/ubuntu/train_llama10b_tp_families.py:486: DeprecationWarning: Use torch_xla.sync instead
  xm.mark_step()
2026-09-09 08:50:57.000732:  69473  [INFO]: Using a cached neff at /home/ubuntu/neuron_cache_e2e/neuronxcc-2.23.6484.0+3b612583/MODULE_11729072656154999563+e30acd3a/model.neff
2026-09-09 08:50:57.000732:  69479  [INFO]: Using a cached neff at /home/ubuntu/neuron_cache_e2e/neuronxcc-2.23.6484.0+3b612583/MODULE_11729072656154999563+e30acd3a/model.neff
2026-09-09 08:50:57.000732:  69496  [INFO]: Using a cached neff at /home/ubuntu/neuron_cache_e2e/neuronxcc-2.23.6484.0+3b612583/MODULE_11729072656154999563+e30acd3a/model.neff
2026-09-09 08:50:57.000732:  69480  [INFO]: Using a cached neff at /home/ubuntu/neuron_cache_e2e/neuronxcc-2.23.6484.0+3b612583/MODULE_11729072656154999563+e30acd3a/model.neff
2026-09-09 08:50:57.000733:  69494  [INFO]: Using a cached neff at /home/ubuntu/neuron_cache_e2e/neuronxcc-2.23.6484.0+3b612583/MODULE_11729072656154999563+e30acd3a/model.neff
/home/ubuntu/train_llama10b_tp_families.py:486: DeprecationWarning: Use torch_xla.sync instead
  xm.mark_step()
2026-09-09 08:50:57.000733:  69492  [INFO]: Using a cached neff at /home/ubuntu/neuron_cache_e2e/neuronxcc-2.23.6484.0+3b612583/MODULE_11729072656154999563+e30acd3a/model.neff
/home/ubuntu/train_llama10b_tp_families.py:486: DeprecationWarning: Use torch_xla.sync instead
  xm.mark_step()
/home/ubuntu/train_llama10b_tp_families.py:486: DeprecationWarning: Use torch_xla.sync instead
  xm.mark_step()
/home/ubuntu/train_llama10b_tp_families.py:486: DeprecationWarning: Use torch_xla.sync instead
  xm.mark_step()
2026-09-09 08:50:57.000735:  69483  [INFO]: Using a cached neff at /home/ubuntu/neuron_cache_e2e/neuronxcc-2.23.6484.0+3b612583/MODULE_11729072656154999563+e30acd3a/model.neff
2026-09-09 08:50:57.000735:  69468  [INFO]: Using a cached neff at /home/ubuntu/neuron_cache_e2e/neuronxcc-2.23.6484.0+3b612583/MODULE_11729072656154999563+e30acd3a/model.neff
2026-09-09 08:50:57.000735:  69474  [INFO]: Using a cached neff at /home/ubuntu/neuron_cache_e2e/neuronxcc-2.23.6484.0+3b612583/MODULE_11729072656154999563+e30acd3a/model.neff
/home/ubuntu/train_llama10b_tp_families.py:486: DeprecationWarning: Use torch_xla.sync instead
  xm.mark_step()
2026-09-09 08:50:57.000736:  69484  [INFO]: Using a cached neff at /home/ubuntu/neuron_cache_e2e/neuronxcc-2.23.6484.0+3b612583/MODULE_11729072656154999563+e30acd3a/model.neff
2026-09-09 08:50:57.000737:  69491  [INFO]: Using a cached neff at /home/ubuntu/neuron_cache_e2e/neuronxcc-2.23.6484.0+3b612583/MODULE_9907504738751219654+e30acd3a/model.neff
2026-09-09 08:50:57.000737:  69469  [INFO]: Using a cached neff at /home/ubuntu/neuron_cache_e2e/neuronxcc-2.23.6484.0+3b612583/MODULE_9907504738751219654+e30acd3a/model.neff
/home/ubuntu/train_llama10b_tp_families.py:486: DeprecationWarning: Use torch_xla.sync instead
  xm.mark_step()
/home/ubuntu/train_llama10b_tp_families.py:486: DeprecationWarning: Use torch_xla.sync instead
  xm.mark_step()
/home/ubuntu/train_llama10b_tp_families.py:486: DeprecationWarning: Use torch_xla.sync instead
  xm.mark_step()
2026-09-09 08:50:57.000738:  69471  [INFO]: Using a cached neff at /home/ubuntu/neuron_cache_e2e/neuronxcc-2.23.6484.0+3b612583/MODULE_9907504738751219654+e30acd3a/model.neff
2026-09-09 08:50:57.000738:  69497  [INFO]: Using a cached neff at /home/ubuntu/neuron_cache_e2e/neuronxcc-2.23.6484.0+3b612583/MODULE_9907504738751219654+e30acd3a/model.neff
/home/ubuntu/train_llama10b_tp_families.py:486: DeprecationWarning: Use torch_xla.sync instead
  xm.mark_step()
/home/ubuntu/train_llama10b_tp_families.py:486: DeprecationWarning: Use torch_xla.sync instead
  xm.mark_step()
2026-09-09 08:50:57.000739:  69478  [INFO]: Using a cached neff at /home/ubuntu/neuron_cache_e2e/neuronxcc-2.23.6484.0+3b612583/MODULE_9907504738751219654+e30acd3a/model.neff
/home/ubuntu/train_llama10b_tp_families.py:486: DeprecationWarning: Use torch_xla.sync instead
  xm.mark_step()
/home/ubuntu/train_llama10b_tp_families.py:486: DeprecationWarning: Use torch_xla.sync instead
  xm.mark_step()
2026-09-09 08:50:57.000739:  69486  [INFO]: Using a cached neff at /home/ubuntu/neuron_cache_e2e/neuronxcc-2.23.6484.0+3b612583/MODULE_9907504738751219654+e30acd3a/model.neff
/home/ubuntu/train_llama10b_tp_families.py:486: DeprecationWarning: Use torch_xla.sync instead
  xm.mark_step()
2026-09-09 08:50:57.000740:  69467  [INFO]: Using a cached neff at /home/ubuntu/neuron_cache_e2e/neuronxcc-2.23.6484.0+3b612583/MODULE_9907504738751219654+e30acd3a/model.neff
/home/ubuntu/train_llama10b_tp_families.py:486: DeprecationWarning: Use torch_xla.sync instead
  xm.mark_step()
/home/ubuntu/train_llama10b_tp_families.py:486: DeprecationWarning: Use torch_xla.sync instead
  xm.mark_step()
2026-09-09 08:50:57.000741:  69481  [INFO]: Using a cached neff at /home/ubuntu/neuron_cache_e2e/neuronxcc-2.23.6484.0+3b612583/MODULE_9907504738751219654+e30acd3a/model.neff
/home/ubuntu/train_llama10b_tp_families.py:486: DeprecationWarning: Use torch_xla.sync instead
  xm.mark_step()
/home/ubuntu/train_llama10b_tp_families.py:486: DeprecationWarning: Use torch_xla.sync instead
  xm.mark_step()
2026-09-09 08:50:57.000741:  69495  [INFO]: Using a cached neff at /home/ubuntu/neuron_cache_e2e/neuronxcc-2.23.6484.0+3b612583/MODULE_9907504738751219654+e30acd3a/model.neff
2026-09-09 08:50:57.000741:  69493  [INFO]: Using a cached neff at /home/ubuntu/neuron_cache_e2e/neuronxcc-2.23.6484.0+3b612583/MODULE_9907504738751219654+e30acd3a/model.neff
/home/ubuntu/train_llama10b_tp_families.py:486: DeprecationWarning: Use torch_xla.sync instead
  xm.mark_step()
/home/ubuntu/train_llama10b_tp_families.py:486: DeprecationWarning: Use torch_xla.sync instead
  xm.mark_step()
2026-09-09 08:50:57.000743:  69487  [INFO]: Using a cached neff at /home/ubuntu/neuron_cache_e2e/neuronxcc-2.23.6484.0+3b612583/MODULE_9907504738751219654+e30acd3a/model.neff
/home/ubuntu/train_llama10b_tp_families.py:486: DeprecationWarning: Use torch_xla.sync instead
  xm.mark_step()
/home/ubuntu/train_llama10b_tp_families.py:486: DeprecationWarning: Use torch_xla.sync instead
  xm.mark_step()
2026-09-09 08:50:57.000745:  69470  [INFO]: Using a cached neff at /home/ubuntu/neuron_cache_e2e/neuronxcc-2.23.6484.0+3b612583/MODULE_9907504738751219654+e30acd3a/model.neff
2026-09-09 08:50:57.000745:  69476  [INFO]: Using a cached neff at /home/ubuntu/neuron_cache_e2e/neuronxcc-2.23.6484.0+3b612583/MODULE_9907504738751219654+e30acd3a/model.neff
2026-09-09 08:50:57.000745:  69482  [INFO]: Using a cached neff at /home/ubuntu/neuron_cache_e2e/neuronxcc-2.23.6484.0+3b612583/MODULE_9907504738751219654+e30acd3a/model.neff
2026-09-09 08:50:57.000746:  69489  [INFO]: Using a cached neff at /home/ubuntu/neuron_cache_e2e/neuronxcc-2.23.6484.0+3b612583/MODULE_9907504738751219654+e30acd3a/model.neff
2026-09-09 08:50:57.000747:  69477  [INFO]: Using a cached neff at /home/ubuntu/neuron_cache_e2e/neuronxcc-2.23.6484.0+3b612583/MODULE_9907504738751219654+e30acd3a/model.neff
2026-09-09 08:50:57.000747:  69485  [INFO]: Using a cached neff at /home/ubuntu/neuron_cache_e2e/neuronxcc-2.23.6484.0+3b612583/MODULE_9907504738751219654+e30acd3a/model.neff
2026-09-09 08:50:57.000748:  69498  [INFO]: Using a cached neff at /home/ubuntu/neuron_cache_e2e/neuronxcc-2.23.6484.0+3b612583/MODULE_9907504738751219654+e30acd3a/model.neff
2026-09-09 08:50:57.000749:  69496  [INFO]: Using a cached neff at /home/ubuntu/neuron_cache_e2e/neuronxcc-2.23.6484.0+3b612583/MODULE_9907504738751219654+e30acd3a/model.neff
2026-09-09 08:50:57.000749:  69472  [INFO]: Using a cached neff at /home/ubuntu/neuron_cache_e2e/neuronxcc-2.23.6484.0+3b612583/MODULE_9907504738751219654+e30acd3a/model.neff
2026-09-09 08:50:57.000750:  69479  [INFO]: Using a cached neff at /home/ubuntu/neuron_cache_e2e/neuronxcc-2.23.6484.0+3b612583/MODULE_9907504738751219654+e30acd3a/model.neff
2026-09-09 08:50:57.000751:  69494  [INFO]: Using a cached neff at /home/ubuntu/neuron_cache_e2e/neuronxcc-2.23.6484.0+3b612583/MODULE_9907504738751219654+e30acd3a/model.neff
2026-09-09 08:50:57.000751:  69480  [INFO]: Using a cached neff at /home/ubuntu/neuron_cache_e2e/neuronxcc-2.23.6484.0+3b612583/MODULE_9907504738751219654+e30acd3a/model.neff
2026-09-09 08:50:57.000751:  69468  [INFO]: Using a cached neff at /home/ubuntu/neuron_cache_e2e/neuronxcc-2.23.6484.0+3b612583/MODULE_9907504738751219654+e30acd3a/model.neff
2026-09-09 08:50:57.000751:  69475  [INFO]: Using a cached neff at /home/ubuntu/neuron_cache_e2e/neuronxcc-2.23.6484.0+3b612583/MODULE_9907504738751219654+e30acd3a/model.neff
2026-09-09 08:50:57.000751:  69488  [INFO]: Using a cached neff at /home/ubuntu/neuron_cache_e2e/neuronxcc-2.23.6484.0+3b612583/MODULE_9907504738751219654+e30acd3a/model.neff
2026-09-09 08:50:57.000751:  69473  [INFO]: Using a cached neff at /home/ubuntu/neuron_cache_e2e/neuronxcc-2.23.6484.0+3b612583/MODULE_9907504738751219654+e30acd3a/model.neff
2026-09-09 08:50:57.000751:  69483  [INFO]: Using a cached neff at /home/ubuntu/neuron_cache_e2e/neuronxcc-2.23.6484.0+3b612583/MODULE_9907504738751219654+e30acd3a/model.neff
2026-09-09 08:50:57.000751:  69490  [INFO]: Using a cached neff at /home/ubuntu/neuron_cache_e2e/neuronxcc-2.23.6484.0+3b612583/MODULE_9907504738751219654+e30acd3a/model.neff
2026-09-09 08:50:57.000752:  69492  [INFO]: Using a cached neff at /home/ubuntu/neuron_cache_e2e/neuronxcc-2.23.6484.0+3b612583/MODULE_9907504738751219654+e30acd3a/model.neff
2026-09-09 08:50:57.000752:  69474  [INFO]: Using a cached neff at /home/ubuntu/neuron_cache_e2e/neuronxcc-2.23.6484.0+3b612583/MODULE_9907504738751219654+e30acd3a/model.neff
2026-09-09 08:50:57.000755:  69484  [INFO]: Using a cached neff at /home/ubuntu/neuron_cache_e2e/neuronxcc-2.23.6484.0+3b612583/MODULE_9907504738751219654+e30acd3a/model.neff
2026-09-09 08:50:57.000924:  69476  [INFO]: Using a cached neff at /home/ubuntu/neuron_cache_e2e/neuronxcc-2.23.6484.0+3b612583/MODULE_1499171137088151669+e30acd3a/model.neff
2026-09-09 08:50:57.000924:  69480  [INFO]: Using a cached neff at /home/ubuntu/neuron_cache_e2e/neuronxcc-2.23.6484.0+3b612583/MODULE_1499171137088151669+e30acd3a/model.neff
2026-09-09 08:50:57.000925:  69493  [INFO]: Using a cached neff at /home/ubuntu/neuron_cache_e2e/neuronxcc-2.23.6484.0+3b612583/MODULE_1499171137088151669+e30acd3a/model.neff
2026-09-09 08:50:57.000925:  69491  [INFO]: Using a cached neff at /home/ubuntu/neuron_cache_e2e/neuronxcc-2.23.6484.0+3b612583/MODULE_1499171137088151669+e30acd3a/model.neff
2026-09-09 08:50:57.000925:  69496  [INFO]: Using a cached neff at /home/ubuntu/neuron_cache_e2e/neuronxcc-2.23.6484.0+3b612583/MODULE_1499171137088151669+e30acd3a/model.neff
2026-09-09 08:50:57.000925:  69482  [INFO]: Using a cached neff at /home/ubuntu/neuron_cache_e2e/neuronxcc-2.23.6484.0+3b612583/MODULE_1499171137088151669+e30acd3a/model.neff
2026-09-09 08:50:57.000926:  69479  [INFO]: Using a cached neff at /home/ubuntu/neuron_cache_e2e/neuronxcc-2.23.6484.0+3b612583/MODULE_1499171137088151669+e30acd3a/model.neff
2026-09-09 08:50:57.000926:  69477  [INFO]: Using a cached neff at /home/ubuntu/neuron_cache_e2e/neuronxcc-2.23.6484.0+3b612583/MODULE_1499171137088151669+e30acd3a/model.neff
2026-09-09 08:50:57.000926:  69469  [INFO]: Using a cached neff at /home/ubuntu/neuron_cache_e2e/neuronxcc-2.23.6484.0+3b612583/MODULE_1499171137088151669+e30acd3a/model.neff
2026-09-09 08:50:57.000926:  69490  [INFO]: Using a cached neff at /home/ubuntu/neuron_cache_e2e/neuronxcc-2.23.6484.0+3b612583/MODULE_1499171137088151669+e30acd3a/model.neff
2026-09-09 08:50:57.000927:  69487  [INFO]: Using a cached neff at /home/ubuntu/neuron_cache_e2e/neuronxcc-2.23.6484.0+3b612583/MODULE_1499171137088151669+e30acd3a/model.neff
2026-09-09 08:50:57.000927:  69483  [INFO]: Using a cached neff at /home/ubuntu/neuron_cache_e2e/neuronxcc-2.23.6484.0+3b612583/MODULE_1499171137088151669+e30acd3a/model.neff
2026-09-09 08:50:57.000927:  69486  [INFO]: Using a cached neff at /home/ubuntu/neuron_cache_e2e/neuronxcc-2.23.6484.0+3b612583/MODULE_1499171137088151669+e30acd3a/model.neff
2026-09-09 08:50:57.000927:  69473  [INFO]: Using a cached neff at /home/ubuntu/neuron_cache_e2e/neuronxcc-2.23.6484.0+3b612583/MODULE_1499171137088151669+e30acd3a/model.neff
2026-09-09 08:50:57.000928:  69497  [INFO]: Using a cached neff at /home/ubuntu/neuron_cache_e2e/neuronxcc-2.23.6484.0+3b612583/MODULE_1499171137088151669+e30acd3a/model.neff
2026-09-09 08:50:57.000928:  69495  [INFO]: Using a cached neff at /home/ubuntu/neuron_cache_e2e/neuronxcc-2.23.6484.0+3b612583/MODULE_1499171137088151669+e30acd3a/model.neff
2026-09-09 08:50:57.000929:  69485  [INFO]: Using a cached neff at /home/ubuntu/neuron_cache_e2e/neuronxcc-2.23.6484.0+3b612583/MODULE_1499171137088151669+e30acd3a/model.neff
2026-09-09 08:50:57.000930:  69478  [INFO]: Using a cached neff at /home/ubuntu/neuron_cache_e2e/neuronxcc-2.23.6484.0+3b612583/MODULE_1499171137088151669+e30acd3a/model.neff
2026-09-09 08:50:57.000932:  69498  [INFO]: Using a cached neff at /home/ubuntu/neuron_cache_e2e/neuronxcc-2.23.6484.0+3b612583/MODULE_1499171137088151669+e30acd3a/model.neff
2026-09-09 08:50:57.000935:  69489  [INFO]: Using a cached neff at /home/ubuntu/neuron_cache_e2e/neuronxcc-2.23.6484.0+3b612583/MODULE_1499171137088151669+e30acd3a/model.neff
2026-09-09 08:50:57.000935:  69484  [INFO]: Using a cached neff at /home/ubuntu/neuron_cache_e2e/neuronxcc-2.23.6484.0+3b612583/MODULE_1499171137088151669+e30acd3a/model.neff
2026-09-09 08:50:57.000936:  69467  [INFO]: Using a cached neff at /home/ubuntu/neuron_cache_e2e/neuronxcc-2.23.6484.0+3b612583/MODULE_1499171137088151669+e30acd3a/model.neff
2026-09-09 08:50:57.000936:  69472  [INFO]: Using a cached neff at /home/ubuntu/neuron_cache_e2e/neuronxcc-2.23.6484.0+3b612583/MODULE_1499171137088151669+e30acd3a/model.neff
2026-09-09 08:50:57.000937:  69474  [INFO]: Using a cached neff at /home/ubuntu/neuron_cache_e2e/neuronxcc-2.23.6484.0+3b612583/MODULE_1499171137088151669+e30acd3a/model.neff
2026-09-09 08:50:57.000937:  69471  [INFO]: Using a cached neff at /home/ubuntu/neuron_cache_e2e/neuronxcc-2.23.6484.0+3b612583/MODULE_1499171137088151669+e30acd3a/model.neff
2026-09-09 08:50:57.000939:  69481  [INFO]: Using a cached neff at /home/ubuntu/neuron_cache_e2e/neuronxcc-2.23.6484.0+3b612583/MODULE_1499171137088151669+e30acd3a/model.neff
2026-09-09 08:50:57.000940:  69468  [INFO]: Using a cached neff at /home/ubuntu/neuron_cache_e2e/neuronxcc-2.23.6484.0+3b612583/MODULE_1499171137088151669+e30acd3a/model.neff
2026-09-09 08:50:57.000940:  69494  [INFO]: Using a cached neff at /home/ubuntu/neuron_cache_e2e/neuronxcc-2.23.6484.0+3b612583/MODULE_1499171137088151669+e30acd3a/model.neff
2026-09-09 08:50:57.000941:  69470  [INFO]: Using a cached neff at /home/ubuntu/neuron_cache_e2e/neuronxcc-2.23.6484.0+3b612583/MODULE_1499171137088151669+e30acd3a/model.neff
2026-09-09 08:50:57.000941:  69475  [INFO]: Using a cached neff at /home/ubuntu/neuron_cache_e2e/neuronxcc-2.23.6484.0+3b612583/MODULE_1499171137088151669+e30acd3a/model.neff
2026-09-09 08:50:57.000944:  69492  [INFO]: Using a cached neff at /home/ubuntu/neuron_cache_e2e/neuronxcc-2.23.6484.0+3b612583/MODULE_1499171137088151669+e30acd3a/model.neff
2026-09-09 08:50:57.000944:  69488  [INFO]: Using a cached neff at /home/ubuntu/neuron_cache_e2e/neuronxcc-2.23.6484.0+3b612583/MODULE_1499171137088151669+e30acd3a/model.neff
2026-09-09 08:50:57.000986:  69496  [INFO]: Using a cached neff at /home/ubuntu/neuron_cache_e2e/neuronxcc-2.23.6484.0+3b612583/MODULE_17648644002933114688+e30acd3a/model.neff
2026-09-09 08:50:57.000986:  69476  [INFO]: Using a cached neff at /home/ubuntu/neuron_cache_e2e/neuronxcc-2.23.6484.0+3b612583/MODULE_17648644002933114688+e30acd3a/model.neff
2026-09-09 08:50:57.000987:  69487  [INFO]: Using a cached neff at /home/ubuntu/neuron_cache_e2e/neuronxcc-2.23.6484.0+3b612583/MODULE_17648644002933114688+e30acd3a/model.neff
2026-09-09 08:50:57.000987:  69479  [INFO]: Using a cached neff at /home/ubuntu/neuron_cache_e2e/neuronxcc-2.23.6484.0+3b612583/MODULE_17648644002933114688+e30acd3a/model.neff
2026-09-09 08:50:57.000988:  69483  [INFO]: Using a cached neff at /home/ubuntu/neuron_cache_e2e/neuronxcc-2.23.6484.0+3b612583/MODULE_17648644002933114688+e30acd3a/model.neff
2026-09-09 08:50:57.000989:  69486  [INFO]: Using a cached neff at /home/ubuntu/neuron_cache_e2e/neuronxcc-2.23.6484.0+3b612583/MODULE_17648644002933114688+e30acd3a/model.neff
2026-09-09 08:50:57.000990:  69469  [INFO]: Using a cached neff at /home/ubuntu/neuron_cache_e2e/neuronxcc-2.23.6484.0+3b612583/MODULE_17648644002933114688+e30acd3a/model.neff
2026-09-09 08:50:57.000993:  69482  [INFO]: Using a cached neff at /home/ubuntu/neuron_cache_e2e/neuronxcc-2.23.6484.0+3b612583/MODULE_17648644002933114688+e30acd3a/model.neff
2026-09-09 08:50:57.000994:  69495  [INFO]: Using a cached neff at /home/ubuntu/neuron_cache_e2e/neuronxcc-2.23.6484.0+3b612583/MODULE_17648644002933114688+e30acd3a/model.neff
2026-09-09 08:50:57.000995:  69473  [INFO]: Using a cached neff at /home/ubuntu/neuron_cache_e2e/neuronxcc-2.23.6484.0+3b612583/MODULE_17648644002933114688+e30acd3a/model.neff
2026-09-09 08:50:57.000995:  69490  [INFO]: Using a cached neff at /home/ubuntu/neuron_cache_e2e/neuronxcc-2.23.6484.0+3b612583/MODULE_17648644002933114688+e30acd3a/model.neff
2026-09-09 08:50:57.000996:  69477  [INFO]: Using a cached neff at /home/ubuntu/neuron_cache_e2e/neuronxcc-2.23.6484.0+3b612583/MODULE_17648644002933114688+e30acd3a/model.neff
2026-09-09 08:50:57.000996:  69491  [INFO]: Using a cached neff at /home/ubuntu/neuron_cache_e2e/neuronxcc-2.23.6484.0+3b612583/MODULE_17648644002933114688+e30acd3a/model.neff
2026-09-09 08:50:57.000997:  69497  [INFO]: Using a cached neff at /home/ubuntu/neuron_cache_e2e/neuronxcc-2.23.6484.0+3b612583/MODULE_17648644002933114688+e30acd3a/model.neff
2026-09-09 08:50:57.000999:  69485  [INFO]: Using a cached neff at /home/ubuntu/neuron_cache_e2e/neuronxcc-2.23.6484.0+3b612583/MODULE_17648644002933114688+e30acd3a/model.neff
2026-09-09 08:50:57.000999:  69478  [INFO]: Using a cached neff at /home/ubuntu/neuron_cache_e2e/neuronxcc-2.23.6484.0+3b612583/MODULE_17648644002933114688+e30acd3a/model.neff
2026-09-09 08:50:58.000000:  69498  [INFO]: Using a cached neff at /home/ubuntu/neuron_cache_e2e/neuronxcc-2.23.6484.0+3b612583/MODULE_17648644002933114688+e30acd3a/model.neff
2026-09-09 08:50:58.000001:  69489  [INFO]: Using a cached neff at /home/ubuntu/neuron_cache_e2e/neuronxcc-2.23.6484.0+3b612583/MODULE_17648644002933114688+e30acd3a/model.neff
2026-09-09 08:50:58.000002:  69467  [INFO]: Using a cached neff at /home/ubuntu/neuron_cache_e2e/neuronxcc-2.23.6484.0+3b612583/MODULE_17648644002933114688+e30acd3a/model.neff
2026-09-09 08:50:58.000002:  69471  [INFO]: Using a cached neff at /home/ubuntu/neuron_cache_e2e/neuronxcc-2.23.6484.0+3b612583/MODULE_17648644002933114688+e30acd3a/model.neff
2026-09-09 08:50:58.000005:  69484  [INFO]: Using a cached neff at /home/ubuntu/neuron_cache_e2e/neuronxcc-2.23.6484.0+3b612583/MODULE_17648644002933114688+e30acd3a/model.neff
2026-09-09 08:50:58.000006:  69472  [INFO]: Using a cached neff at /home/ubuntu/neuron_cache_e2e/neuronxcc-2.23.6484.0+3b612583/MODULE_17648644002933114688+e30acd3a/model.neff
2026-09-09 08:50:58.000007:  69474  [INFO]: Using a cached neff at /home/ubuntu/neuron_cache_e2e/neuronxcc-2.23.6484.0+3b612583/MODULE_17648644002933114688+e30acd3a/model.neff
2026-09-09 08:50:58.000008:  69481  [INFO]: Using a cached neff at /home/ubuntu/neuron_cache_e2e/neuronxcc-2.23.6484.0+3b612583/MODULE_17648644002933114688+e30acd3a/model.neff
2026-09-09 08:50:58.000008:  69494  [INFO]: Using a cached neff at /home/ubuntu/neuron_cache_e2e/neuronxcc-2.23.6484.0+3b612583/MODULE_17648644002933114688+e30acd3a/model.neff
2026-09-09 08:50:58.000009:  69475  [INFO]: Using a cached neff at /home/ubuntu/neuron_cache_e2e/neuronxcc-2.23.6484.0+3b612583/MODULE_17648644002933114688+e30acd3a/model.neff
2026-09-09 08:50:58.000010:  69468  [INFO]: Using a cached neff at /home/ubuntu/neuron_cache_e2e/neuronxcc-2.23.6484.0+3b612583/MODULE_17648644002933114688+e30acd3a/model.neff
2026-09-09 08:50:58.000012:  69488  [INFO]: Using a cached neff at /home/ubuntu/neuron_cache_e2e/neuronxcc-2.23.6484.0+3b612583/MODULE_17648644002933114688+e30acd3a/model.neff
2026-09-09 08:50:58.000013:  69470  [INFO]: Using a cached neff at /home/ubuntu/neuron_cache_e2e/neuronxcc-2.23.6484.0+3b612583/MODULE_17648644002933114688+e30acd3a/model.neff
2026-09-09 08:50:58.000018:  69492  [INFO]: Using a cached neff at /home/ubuntu/neuron_cache_e2e/neuronxcc-2.23.6484.0+3b612583/MODULE_17648644002933114688+e30acd3a/model.neff
2026-09-09 08:50:58.000020:  69480  [INFO]: Using a cached neff at /home/ubuntu/neuron_cache_e2e/neuronxcc-2.23.6484.0+3b612583/MODULE_17648644002933114688+e30acd3a/model.neff
2026-09-09 08:50:58.000021:  69493  [INFO]: Using a cached neff at /home/ubuntu/neuron_cache_e2e/neuronxcc-2.23.6484.0+3b612583/MODULE_17648644002933114688+e30acd3a/model.neff
2026-09-09 08:50:58.000292:  69473  [INFO]: Using a cached neff at /home/ubuntu/neuron_cache_e2e/neuronxcc-2.23.6484.0+3b612583/MODULE_18195731349635810011+e30acd3a/model.neff
2026-09-09 08:50:58.000292:  69474  [INFO]: Using a cached neff at /home/ubuntu/neuron_cache_e2e/neuronxcc-2.23.6484.0+3b612583/MODULE_18195731349635810011+e30acd3a/model.neff
2026-09-09 08:50:58.000292:  69467  [INFO]: Using a cached neff at /home/ubuntu/neuron_cache_e2e/neuronxcc-2.23.6484.0+3b612583/MODULE_18195731349635810011+e30acd3a/model.neff
2026-09-09 08:50:58.000292:  69483  [INFO]: Using a cached neff at /home/ubuntu/neuron_cache_e2e/neuronxcc-2.23.6484.0+3b612583/MODULE_18195731349635810011+e30acd3a/model.neff
2026-09-09 08:50:58.000292:  69488  [INFO]: Using a cached neff at /home/ubuntu/neuron_cache_e2e/neuronxcc-2.23.6484.0+3b612583/MODULE_18195731349635810011+e30acd3a/model.neff
2026-09-09 08:50:58.000293:  69485  [INFO]: Using a cached neff at /home/ubuntu/neuron_cache_e2e/neuronxcc-2.23.6484.0+3b612583/MODULE_18195731349635810011+e30acd3a/model.neff
2026-09-09 08:50:58.000293:  69498  [INFO]: Using a cached neff at /home/ubuntu/neuron_cache_e2e/neuronxcc-2.23.6484.0+3b612583/MODULE_18195731349635810011+e30acd3a/model.neff
2026-09-09 08:50:58.000293:  69480  [INFO]: Using a cached neff at /home/ubuntu/neuron_cache_e2e/neuronxcc-2.23.6484.0+3b612583/MODULE_18195731349635810011+e30acd3a/model.neff
2026-09-09 08:50:58.000294:  69493  [INFO]: Using a cached neff at /home/ubuntu/neuron_cache_e2e/neuronxcc-2.23.6484.0+3b612583/MODULE_18195731349635810011+e30acd3a/model.neff
2026-09-09 08:50:58.000294:  69491  [INFO]: Using a cached neff at /home/ubuntu/neuron_cache_e2e/neuronxcc-2.23.6484.0+3b612583/MODULE_18195731349635810011+e30acd3a/model.neff
2026-09-09 08:50:58.000295:  69490  [INFO]: Using a cached neff at /home/ubuntu/neuron_cache_e2e/neuronxcc-2.23.6484.0+3b612583/MODULE_18195731349635810011+e30acd3a/model.neff
2026-09-09 08:50:58.000296:  69478  [INFO]: Using a cached neff at /home/ubuntu/neuron_cache_e2e/neuronxcc-2.23.6484.0+3b612583/MODULE_18195731349635810011+e30acd3a/model.neff
2026-09-09 08:50:58.000296:  69494  [INFO]: Using a cached neff at /home/ubuntu/neuron_cache_e2e/neuronxcc-2.23.6484.0+3b612583/MODULE_18195731349635810011+e30acd3a/model.neff
2026-09-09 08:50:58.000296:  69484  [INFO]: Using a cached neff at /home/ubuntu/neuron_cache_e2e/neuronxcc-2.23.6484.0+3b612583/MODULE_18195731349635810011+e30acd3a/model.neff
2026-09-09 08:50:58.000296:  69469  [INFO]: Using a cached neff at /home/ubuntu/neuron_cache_e2e/neuronxcc-2.23.6484.0+3b612583/MODULE_18195731349635810011+e30acd3a/model.neff
2026-09-09 08:50:58.000298:  69489  [INFO]: Using a cached neff at /home/ubuntu/neuron_cache_e2e/neuronxcc-2.23.6484.0+3b612583/MODULE_18195731349635810011+e30acd3a/model.neff
2026-09-09 08:50:58.000298:  69496  [INFO]: Using a cached neff at /home/ubuntu/neuron_cache_e2e/neuronxcc-2.23.6484.0+3b612583/MODULE_18195731349635810011+e30acd3a/model.neff
2026-09-09 08:50:58.000299:  69479  [INFO]: Using a cached neff at /home/ubuntu/neuron_cache_e2e/neuronxcc-2.23.6484.0+3b612583/MODULE_18195731349635810011+e30acd3a/model.neff
2026-09-09 08:50:58.000299:  69482  [INFO]: Using a cached neff at /home/ubuntu/neuron_cache_e2e/neuronxcc-2.23.6484.0+3b612583/MODULE_18195731349635810011+e30acd3a/model.neff
2026-09-09 08:50:58.000299:  69486  [INFO]: Using a cached neff at /home/ubuntu/neuron_cache_e2e/neuronxcc-2.23.6484.0+3b612583/MODULE_18195731349635810011+e30acd3a/model.neff
2026-09-09 08:50:58.000299:  69487  [INFO]: Using a cached neff at /home/ubuntu/neuron_cache_e2e/neuronxcc-2.23.6484.0+3b612583/MODULE_18195731349635810011+e30acd3a/model.neff
2026-09-09 08:50:58.000301:  69471  [INFO]: Using a cached neff at /home/ubuntu/neuron_cache_e2e/neuronxcc-2.23.6484.0+3b612583/MODULE_18195731349635810011+e30acd3a/model.neff
2026-09-09 08:50:58.000302:  69468  [INFO]: Using a cached neff at /home/ubuntu/neuron_cache_e2e/neuronxcc-2.23.6484.0+3b612583/MODULE_18195731349635810011+e30acd3a/model.neff
2026-09-09 08:50:58.000302:  69475  [INFO]: Using a cached neff at /home/ubuntu/neuron_cache_e2e/neuronxcc-2.23.6484.0+3b612583/MODULE_18195731349635810011+e30acd3a/model.neff
2026-09-09 08:50:58.000303:  69476  [INFO]: Using a cached neff at /home/ubuntu/neuron_cache_e2e/neuronxcc-2.23.6484.0+3b612583/MODULE_18195731349635810011+e30acd3a/model.neff
2026-09-09 08:50:58.000303:  69492  [INFO]: Using a cached neff at /home/ubuntu/neuron_cache_e2e/neuronxcc-2.23.6484.0+3b612583/MODULE_18195731349635810011+e30acd3a/model.neff
2026-09-09 08:50:58.000303:  69477  [INFO]: Using a cached neff at /home/ubuntu/neuron_cache_e2e/neuronxcc-2.23.6484.0+3b612583/MODULE_18195731349635810011+e30acd3a/model.neff
2026-09-09 08:50:58.000303:  69495  [INFO]: Using a cached neff at /home/ubuntu/neuron_cache_e2e/neuronxcc-2.23.6484.0+3b612583/MODULE_18195731349635810011+e30acd3a/model.neff
2026-09-09 08:50:58.000304:  69481  [INFO]: Using a cached neff at /home/ubuntu/neuron_cache_e2e/neuronxcc-2.23.6484.0+3b612583/MODULE_18195731349635810011+e30acd3a/model.neff
2026-09-09 08:50:58.000304:  69472  [INFO]: Using a cached neff at /home/ubuntu/neuron_cache_e2e/neuronxcc-2.23.6484.0+3b612583/MODULE_18195731349635810011+e30acd3a/model.neff
2026-09-09 08:50:58.000304:  69467  [INFO]: Using a cached neff at /home/ubuntu/neuron_cache_e2e/neuronxcc-2.23.6484.0+3b612583/MODULE_8612601412218940330+e30acd3a/model.neff
2026-09-09 08:50:58.000305:  69497  [INFO]: Using a cached neff at /home/ubuntu/neuron_cache_e2e/neuronxcc-2.23.6484.0+3b612583/MODULE_18195731349635810011+e30acd3a/model.neff
2026-09-09 08:50:58.000306:  69470  [INFO]: Using a cached neff at /home/ubuntu/neuron_cache_e2e/neuronxcc-2.23.6484.0+3b612583/MODULE_18195731349635810011+e30acd3a/model.neff
2026-09-09 08:50:58.000306:  69474  [INFO]: Using a cached neff at /home/ubuntu/neuron_cache_e2e/neuronxcc-2.23.6484.0+3b612583/MODULE_8612601412218940330+e30acd3a/model.neff
2026-09-09 08:50:58.000306:  69483  [INFO]: Using a cached neff at /home/ubuntu/neuron_cache_e2e/neuronxcc-2.23.6484.0+3b612583/MODULE_8612601412218940330+e30acd3a/model.neff
2026-09-09 08:50:58.000307:  69473  [INFO]: Using a cached neff at /home/ubuntu/neuron_cache_e2e/neuronxcc-2.23.6484.0+3b612583/MODULE_8612601412218940330+e30acd3a/model.neff
2026-09-09 08:50:58.000307:  69485  [INFO]: Using a cached neff at /home/ubuntu/neuron_cache_e2e/neuronxcc-2.23.6484.0+3b612583/MODULE_8612601412218940330+e30acd3a/model.neff
2026-09-09 08:50:58.000308:  69488  [INFO]: Using a cached neff at /home/ubuntu/neuron_cache_e2e/neuronxcc-2.23.6484.0+3b612583/MODULE_8612601412218940330+e30acd3a/model.neff
2026-09-09 08:50:58.000308:  69491  [INFO]: Using a cached neff at /home/ubuntu/neuron_cache_e2e/neuronxcc-2.23.6484.0+3b612583/MODULE_8612601412218940330+e30acd3a/model.neff
2026-09-09 08:50:58.000308:  69493  [INFO]: Using a cached neff at /home/ubuntu/neuron_cache_e2e/neuronxcc-2.23.6484.0+3b612583/MODULE_8612601412218940330+e30acd3a/model.neff
2026-09-09 08:50:58.000308:  69480  [INFO]: Using a cached neff at /home/ubuntu/neuron_cache_e2e/neuronxcc-2.23.6484.0+3b612583/MODULE_8612601412218940330+e30acd3a/model.neff
2026-09-09 08:50:58.000310:  69494  [INFO]: Using a cached neff at /home/ubuntu/neuron_cache_e2e/neuronxcc-2.23.6484.0+3b612583/MODULE_8612601412218940330+e30acd3a/model.neff
2026-09-09 08:50:58.000311:  69469  [INFO]: Using a cached neff at /home/ubuntu/neuron_cache_e2e/neuronxcc-2.23.6484.0+3b612583/MODULE_8612601412218940330+e30acd3a/model.neff
2026-09-09 08:50:58.000311:  69498  [INFO]: Using a cached neff at /home/ubuntu/neuron_cache_e2e/neuronxcc-2.23.6484.0+3b612583/MODULE_8612601412218940330+e30acd3a/model.neff
2026-09-09 08:50:58.000311:  69478  [INFO]: Using a cached neff at /home/ubuntu/neuron_cache_e2e/neuronxcc-2.23.6484.0+3b612583/MODULE_8612601412218940330+e30acd3a/model.neff
2026-09-09 08:50:58.000311:  69490  [INFO]: Using a cached neff at /home/ubuntu/neuron_cache_e2e/neuronxcc-2.23.6484.0+3b612583/MODULE_8612601412218940330+e30acd3a/model.neff
2026-09-09 08:50:58.000312:  69484  [INFO]: Using a cached neff at /home/ubuntu/neuron_cache_e2e/neuronxcc-2.23.6484.0+3b612583/MODULE_8612601412218940330+e30acd3a/model.neff
2026-09-09 08:50:58.000312:  69489  [INFO]: Using a cached neff at /home/ubuntu/neuron_cache_e2e/neuronxcc-2.23.6484.0+3b612583/MODULE_8612601412218940330+e30acd3a/model.neff
2026-09-09 08:50:58.000313:  69496  [INFO]: Using a cached neff at /home/ubuntu/neuron_cache_e2e/neuronxcc-2.23.6484.0+3b612583/MODULE_8612601412218940330+e30acd3a/model.neff
2026-09-09 08:50:58.000314:  69486  [INFO]: Using a cached neff at /home/ubuntu/neuron_cache_e2e/neuronxcc-2.23.6484.0+3b612583/MODULE_8612601412218940330+e30acd3a/model.neff
2026-09-09 08:50:58.000314:  69479  [INFO]: Using a cached neff at /home/ubuntu/neuron_cache_e2e/neuronxcc-2.23.6484.0+3b612583/MODULE_8612601412218940330+e30acd3a/model.neff
2026-09-09 08:50:58.000314:  69487  [INFO]: Using a cached neff at /home/ubuntu/neuron_cache_e2e/neuronxcc-2.23.6484.0+3b612583/MODULE_8612601412218940330+e30acd3a/model.neff
2026-09-09 08:50:58.000315:  69471  [INFO]: Using a cached neff at /home/ubuntu/neuron_cache_e2e/neuronxcc-2.23.6484.0+3b612583/MODULE_8612601412218940330+e30acd3a/model.neff
2026-09-09 08:50:58.000316:  69482  [INFO]: Using a cached neff at /home/ubuntu/neuron_cache_e2e/neuronxcc-2.23.6484.0+3b612583/MODULE_8612601412218940330+e30acd3a/model.neff
2026-09-09 08:50:58.000317:  69475  [INFO]: Using a cached neff at /home/ubuntu/neuron_cache_e2e/neuronxcc-2.23.6484.0+3b612583/MODULE_8612601412218940330+e30acd3a/model.neff
2026-09-09 08:50:58.000317:  69468  [INFO]: Using a cached neff at /home/ubuntu/neuron_cache_e2e/neuronxcc-2.23.6484.0+3b612583/MODULE_8612601412218940330+e30acd3a/model.neff
2026-09-09 08:50:58.000317:  69476  [INFO]: Using a cached neff at /home/ubuntu/neuron_cache_e2e/neuronxcc-2.23.6484.0+3b612583/MODULE_8612601412218940330+e30acd3a/model.neff
2026-09-09 08:50:58.000318:  69492  [INFO]: Using a cached neff at /home/ubuntu/neuron_cache_e2e/neuronxcc-2.23.6484.0+3b612583/MODULE_8612601412218940330+e30acd3a/model.neff
2026-09-09 08:50:58.000319:  69477  [INFO]: Using a cached neff at /home/ubuntu/neuron_cache_e2e/neuronxcc-2.23.6484.0+3b612583/MODULE_8612601412218940330+e30acd3a/model.neff
2026-09-09 08:50:58.000319:  69481  [INFO]: Using a cached neff at /home/ubuntu/neuron_cache_e2e/neuronxcc-2.23.6484.0+3b612583/MODULE_8612601412218940330+e30acd3a/model.neff
2026-09-09 08:50:58.000319:  69497  [INFO]: Using a cached neff at /home/ubuntu/neuron_cache_e2e/neuronxcc-2.23.6484.0+3b612583/MODULE_8612601412218940330+e30acd3a/model.neff
2026-09-09 08:50:58.000319:  69472  [INFO]: Using a cached neff at /home/ubuntu/neuron_cache_e2e/neuronxcc-2.23.6484.0+3b612583/MODULE_8612601412218940330+e30acd3a/model.neff
2026-09-09 08:50:58.000319:  69495  [INFO]: Using a cached neff at /home/ubuntu/neuron_cache_e2e/neuronxcc-2.23.6484.0+3b612583/MODULE_8612601412218940330+e30acd3a/model.neff
2026-09-09 08:50:58.000321:  69470  [INFO]: Using a cached neff at /home/ubuntu/neuron_cache_e2e/neuronxcc-2.23.6484.0+3b612583/MODULE_8612601412218940330+e30acd3a/model.neff
/home/ubuntu/train_llama10b_tp_families.py:490: DeprecationWarning: Use torch_xla.sync instead
  xm.mark_step()
/home/ubuntu/train_llama10b_tp_families.py:490: DeprecationWarning: Use torch_xla.sync instead
  xm.mark_step()
/home/ubuntu/train_llama10b_tp_families.py:490: DeprecationWarning: Use torch_xla.sync instead
  xm.mark_step()
/home/ubuntu/train_llama10b_tp_families.py:490: DeprecationWarning: Use torch_xla.sync instead
  xm.mark_step()
/home/ubuntu/train_llama10b_tp_families.py:490: DeprecationWarning: Use torch_xla.sync instead
  xm.mark_step()
/home/ubuntu/train_llama10b_tp_families.py:490: DeprecationWarning: Use torch_xla.sync instead
  xm.mark_step()
/home/ubuntu/train_llama10b_tp_families.py:490: DeprecationWarning: Use torch_xla.sync instead
  xm.mark_step()
/home/ubuntu/train_llama10b_tp_families.py:490: DeprecationWarning: Use torch_xla.sync instead
  xm.mark_step()
/home/ubuntu/train_llama10b_tp_families.py:490: DeprecationWarning: Use torch_xla.sync instead
  xm.mark_step()
/home/ubuntu/train_llama10b_tp_families.py:490: DeprecationWarning: Use torch_xla.sync instead
  xm.mark_step()
/home/ubuntu/train_llama10b_tp_families.py:490: DeprecationWarning: Use torch_xla.sync instead
  xm.mark_step()
/home/ubuntu/train_llama10b_tp_families.py:490: DeprecationWarning: Use torch_xla.sync instead
  xm.mark_step()
/home/ubuntu/train_llama10b_tp_families.py:490: DeprecationWarning: Use torch_xla.sync instead
  xm.mark_step()
/home/ubuntu/train_llama10b_tp_families.py:490: DeprecationWarning: Use torch_xla.sync instead
  xm.mark_step()
/home/ubuntu/train_llama10b_tp_families.py:490: DeprecationWarning: Use torch_xla.sync instead
  xm.mark_step()
/home/ubuntu/train_llama10b_tp_families.py:490: DeprecationWarning: Use torch_xla.sync instead
  xm.mark_step()
/home/ubuntu/train_llama10b_tp_families.py:490: DeprecationWarning: Use torch_xla.sync instead
  xm.mark_step()
/home/ubuntu/train_llama10b_tp_families.py:490: DeprecationWarning: Use torch_xla.sync instead
  xm.mark_step()
/home/ubuntu/train_llama10b_tp_families.py:490: DeprecationWarning: Use torch_xla.sync instead
  xm.mark_step()
/home/ubuntu/train_llama10b_tp_families.py:490: DeprecationWarning: Use torch_xla.sync instead
  xm.mark_step()
/home/ubuntu/train_llama10b_tp_families.py:490: DeprecationWarning: Use torch_xla.sync instead
  xm.mark_step()
/home/ubuntu/train_llama10b_tp_families.py:490: DeprecationWarning: Use torch_xla.sync instead
  xm.mark_step()
/home/ubuntu/train_llama10b_tp_families.py:490: DeprecationWarning: Use torch_xla.sync instead
  xm.mark_step()
/home/ubuntu/train_llama10b_tp_families.py:490: DeprecationWarning: Use torch_xla.sync instead
  xm.mark_step()
/home/ubuntu/train_llama10b_tp_families.py:490: DeprecationWarning: Use torch_xla.sync instead
  xm.mark_step()
/home/ubuntu/train_llama10b_tp_families.py:490: DeprecationWarning: Use torch_xla.sync instead
  xm.mark_step()
/home/ubuntu/train_llama10b_tp_families.py:490: DeprecationWarning: Use torch_xla.sync instead
  xm.mark_step()
/home/ubuntu/train_llama10b_tp_families.py:490: DeprecationWarning: Use torch_xla.sync instead
  xm.mark_step()
/home/ubuntu/train_llama10b_tp_families.py:490: DeprecationWarning: Use torch_xla.sync instead
  xm.mark_step()
/home/ubuntu/train_llama10b_tp_families.py:490: DeprecationWarning: Use torch_xla.sync instead
  xm.mark_step()
/home/ubuntu/train_llama10b_tp_families.py:490: DeprecationWarning: Use torch_xla.sync instead
  xm.mark_step()
/home/ubuntu/train_llama10b_tp_families.py:490: DeprecationWarning: Use torch_xla.sync instead
  xm.mark_step()
2026-09-09 08:51:03.000514:  69491  [INFO]: Using a cached neff at /home/ubuntu/neuron_cache_e2e/neuronxcc-2.23.6484.0+3b612583/MODULE_8732584952886592803+e30acd3a/model.neff
2026-09-09 08:51:03.000514:  69471  [INFO]: Using a cached neff at /home/ubuntu/neuron_cache_e2e/neuronxcc-2.23.6484.0+3b612583/MODULE_8732584952886592803+e30acd3a/model.neff
2026-09-09 08:51:03.000514:  69473  [INFO]: Using a cached neff at /home/ubuntu/neuron_cache_e2e/neuronxcc-2.23.6484.0+3b612583/MODULE_8732584952886592803+e30acd3a/model.neff
2026-09-09 08:51:03.000514:  69494  [INFO]: Using a cached neff at /home/ubuntu/neuron_cache_e2e/neuronxcc-2.23.6484.0+3b612583/MODULE_8732584952886592803+e30acd3a/model.neff
2026-09-09 08:51:03.000514:  69485  [INFO]: Using a cached neff at /home/ubuntu/neuron_cache_e2e/neuronxcc-2.23.6484.0+3b612583/MODULE_8732584952886592803+e30acd3a/model.neff
2026-09-09 08:51:03.000515:  69470  [INFO]: Using a cached neff at /home/ubuntu/neuron_cache_e2e/neuronxcc-2.23.6484.0+3b612583/MODULE_8732584952886592803+e30acd3a/model.neff
2026-09-09 08:51:03.000515:  69481  [INFO]: Using a cached neff at /home/ubuntu/neuron_cache_e2e/neuronxcc-2.23.6484.0+3b612583/MODULE_8732584952886592803+e30acd3a/model.neff
2026-09-09 08:51:03.000517:  69489  [INFO]: Using a cached neff at /home/ubuntu/neuron_cache_e2e/neuronxcc-2.23.6484.0+3b612583/MODULE_8732584952886592803+e30acd3a/model.neff
2026-09-09 08:51:03.000517:  69480  [INFO]: Using a cached neff at /home/ubuntu/neuron_cache_e2e/neuronxcc-2.23.6484.0+3b612583/MODULE_8732584952886592803+e30acd3a/model.neff
2026-09-09 08:51:03.000518:  69477  [INFO]: Using a cached neff at /home/ubuntu/neuron_cache_e2e/neuronxcc-2.23.6484.0+3b612583/MODULE_8732584952886592803+e30acd3a/model.neff
2026-09-09 08:51:03.000519:  69496  [INFO]: Using a cached neff at /home/ubuntu/neuron_cache_e2e/neuronxcc-2.23.6484.0+3b612583/MODULE_8732584952886592803+e30acd3a/model.neff
2026-09-09 08:51:03.000519:  69479  [INFO]: Using a cached neff at /home/ubuntu/neuron_cache_e2e/neuronxcc-2.23.6484.0+3b612583/MODULE_8732584952886592803+e30acd3a/model.neff
2026-09-09 08:51:03.000520:  69484  [INFO]: Using a cached neff at /home/ubuntu/neuron_cache_e2e/neuronxcc-2.23.6484.0+3b612583/MODULE_8732584952886592803+e30acd3a/model.neff
2026-09-09 08:51:03.000522:  69497  [INFO]: Using a cached neff at /home/ubuntu/neuron_cache_e2e/neuronxcc-2.23.6484.0+3b612583/MODULE_8732584952886592803+e30acd3a/model.neff
2026-09-09 08:51:03.000524:  69469  [INFO]: Using a cached neff at /home/ubuntu/neuron_cache_e2e/neuronxcc-2.23.6484.0+3b612583/MODULE_8732584952886592803+e30acd3a/model.neff
2026-09-09 08:51:03.000524:  69488  [INFO]: Using a cached neff at /home/ubuntu/neuron_cache_e2e/neuronxcc-2.23.6484.0+3b612583/MODULE_8732584952886592803+e30acd3a/model.neff
2026-09-09 08:51:03.000526:  69486  [INFO]: Using a cached neff at /home/ubuntu/neuron_cache_e2e/neuronxcc-2.23.6484.0+3b612583/MODULE_8732584952886592803+e30acd3a/model.neff
2026-09-09 08:51:03.000526:  69495  [INFO]: Using a cached neff at /home/ubuntu/neuron_cache_e2e/neuronxcc-2.23.6484.0+3b612583/MODULE_8732584952886592803+e30acd3a/model.neff
2026-09-09 08:51:03.000526:  69475  [INFO]: Using a cached neff at /home/ubuntu/neuron_cache_e2e/neuronxcc-2.23.6484.0+3b612583/MODULE_8732584952886592803+e30acd3a/model.neff
2026-09-09 08:51:03.000526:  69467  [INFO]: Using a cached neff at /home/ubuntu/neuron_cache_e2e/neuronxcc-2.23.6484.0+3b612583/MODULE_8732584952886592803+e30acd3a/model.neff
2026-09-09 08:51:03.000527:  69483  [INFO]: Using a cached neff at /home/ubuntu/neuron_cache_e2e/neuronxcc-2.23.6484.0+3b612583/MODULE_8732584952886592803+e30acd3a/model.neff
2026-09-09 08:51:03.000527:  69478  [INFO]: Using a cached neff at /home/ubuntu/neuron_cache_e2e/neuronxcc-2.23.6484.0+3b612583/MODULE_8732584952886592803+e30acd3a/model.neff
/home/ubuntu/train_llama10b_tp_families.py:513: DeprecationWarning: Use torch_xla.sync instead
  xm.mark_step()   # slice sync graph: norms done
/home/ubuntu/train_llama10b_tp_families.py:513: DeprecationWarning: Use torch_xla.sync instead
  xm.mark_step()   # slice sync graph: norms done
/home/ubuntu/train_llama10b_tp_families.py:513: DeprecationWarning: Use torch_xla.sync instead
  xm.mark_step()   # slice sync graph: norms done
2026-09-09 08:51:03.000529:  69476  [INFO]: Using a cached neff at /home/ubuntu/neuron_cache_e2e/neuronxcc-2.23.6484.0+3b612583/MODULE_8732584952886592803+e30acd3a/model.neff
/home/ubuntu/train_llama10b_tp_families.py:513: DeprecationWarning: Use torch_xla.sync instead
  xm.mark_step()   # slice sync graph: norms done
/home/ubuntu/train_llama10b_tp_families.py:513: DeprecationWarning: Use torch_xla.sync instead
  xm.mark_step()   # slice sync graph: norms done
2026-09-09 08:51:03.000529:  69474  [INFO]: Using a cached neff at /home/ubuntu/neuron_cache_e2e/neuronxcc-2.23.6484.0+3b612583/MODULE_8732584952886592803+e30acd3a/model.neff
/home/ubuntu/train_llama10b_tp_families.py:513: DeprecationWarning: Use torch_xla.sync instead
  xm.mark_step()   # slice sync graph: norms done
2026-09-09 08:51:03.000529:  69490  [INFO]: Using a cached neff at /home/ubuntu/neuron_cache_e2e/neuronxcc-2.23.6484.0+3b612583/MODULE_8732584952886592803+e30acd3a/model.neff
/home/ubuntu/train_llama10b_tp_families.py:513: DeprecationWarning: Use torch_xla.sync instead
  xm.mark_step()   # slice sync graph: norms done
/home/ubuntu/train_llama10b_tp_families.py:513: DeprecationWarning: Use torch_xla.sync instead
  xm.mark_step()   # slice sync graph: norms done
2026-09-09 08:51:03.000531:  69492  [INFO]: Using a cached neff at /home/ubuntu/neuron_cache_e2e/neuronxcc-2.23.6484.0+3b612583/MODULE_8732584952886592803+e30acd3a/model.neff
2026-09-09 08:51:03.000532:  69487  [INFO]: Using a cached neff at /home/ubuntu/neuron_cache_e2e/neuronxcc-2.23.6484.0+3b612583/MODULE_8732584952886592803+e30acd3a/model.neff
/home/ubuntu/train_llama10b_tp_families.py:513: DeprecationWarning: Use torch_xla.sync instead
  xm.mark_step()   # slice sync graph: norms done
2026-09-09 08:51:03.000532:  69498  [INFO]: Using a cached neff at /home/ubuntu/neuron_cache_e2e/neuronxcc-2.23.6484.0+3b612583/MODULE_8732584952886592803+e30acd3a/model.neff
2026-09-09 08:51:03.000533:  69472  [INFO]: Using a cached neff at /home/ubuntu/neuron_cache_e2e/neuronxcc-2.23.6484.0+3b612583/MODULE_8732584952886592803+e30acd3a/model.neff
/home/ubuntu/train_llama10b_tp_families.py:513: DeprecationWarning: Use torch_xla.sync instead
  xm.mark_step()   # slice sync graph: norms done
2026-09-09 08:51:03.000534:  69493  [INFO]: Using a cached neff at /home/ubuntu/neuron_cache_e2e/neuronxcc-2.23.6484.0+3b612583/MODULE_8732584952886592803+e30acd3a/model.neff
2026-09-09 08:51:03.000534:  69468  [INFO]: Using a cached neff at /home/ubuntu/neuron_cache_e2e/neuronxcc-2.23.6484.0+3b612583/MODULE_8732584952886592803+e30acd3a/model.neff
2026-09-09 08:51:03.000534:  69482  [INFO]: Using a cached neff at /home/ubuntu/neuron_cache_e2e/neuronxcc-2.23.6484.0+3b612583/MODULE_8732584952886592803+e30acd3a/model.neff
/home/ubuntu/train_llama10b_tp_families.py:513: DeprecationWarning: Use torch_xla.sync instead
  xm.mark_step()   # slice sync graph: norms done
/home/ubuntu/train_llama10b_tp_families.py:513: DeprecationWarning: Use torch_xla.sync instead
  xm.mark_step()   # slice sync graph: norms done
/home/ubuntu/train_llama10b_tp_families.py:513: DeprecationWarning: Use torch_xla.sync instead
  xm.mark_step()   # slice sync graph: norms done
/home/ubuntu/train_llama10b_tp_families.py:513: DeprecationWarning: Use torch_xla.sync instead
  xm.mark_step()   # slice sync graph: norms done
/home/ubuntu/train_llama10b_tp_families.py:513: DeprecationWarning: Use torch_xla.sync instead
  xm.mark_step()   # slice sync graph: norms done
/home/ubuntu/train_llama10b_tp_families.py:513: DeprecationWarning: Use torch_xla.sync instead
  xm.mark_step()   # slice sync graph: norms done
/home/ubuntu/train_llama10b_tp_families.py:513: DeprecationWarning: Use torch_xla.sync instead
  xm.mark_step()   # slice sync graph: norms done
/home/ubuntu/train_llama10b_tp_families.py:513: DeprecationWarning: Use torch_xla.sync instead
  xm.mark_step()   # slice sync graph: norms done
/home/ubuntu/train_llama10b_tp_families.py:513: DeprecationWarning: Use torch_xla.sync instead
  xm.mark_step()   # slice sync graph: norms done
/home/ubuntu/train_llama10b_tp_families.py:513: DeprecationWarning: Use torch_xla.sync instead
  xm.mark_step()   # slice sync graph: norms done
/home/ubuntu/train_llama10b_tp_families.py:513: DeprecationWarning: Use torch_xla.sync instead
  xm.mark_step()   # slice sync graph: norms done
/home/ubuntu/train_llama10b_tp_families.py:513: DeprecationWarning: Use torch_xla.sync instead
  xm.mark_step()   # slice sync graph: norms done
/home/ubuntu/train_llama10b_tp_families.py:513: DeprecationWarning: Use torch_xla.sync instead
  xm.mark_step()   # slice sync graph: norms done
/home/ubuntu/train_llama10b_tp_families.py:513: DeprecationWarning: Use torch_xla.sync instead
  xm.mark_step()   # slice sync graph: norms done
/home/ubuntu/train_llama10b_tp_families.py:513: DeprecationWarning: Use torch_xla.sync instead
  xm.mark_step()   # slice sync graph: norms done
/home/ubuntu/train_llama10b_tp_families.py:513: DeprecationWarning: Use torch_xla.sync instead
  xm.mark_step()   # slice sync graph: norms done
/home/ubuntu/train_llama10b_tp_families.py:513: DeprecationWarning: Use torch_xla.sync instead
  xm.mark_step()   # slice sync graph: norms done
/home/ubuntu/train_llama10b_tp_families.py:513: DeprecationWarning: Use torch_xla.sync instead
  xm.mark_step()   # slice sync graph: norms done
/home/ubuntu/train_llama10b_tp_families.py:513: DeprecationWarning: Use torch_xla.sync instead
  xm.mark_step()   # slice sync graph: norms done
/home/ubuntu/train_llama10b_tp_families.py:513: DeprecationWarning: Use torch_xla.sync instead
  xm.mark_step()   # slice sync graph: norms done
/home/ubuntu/train_llama10b_tp_families.py:513: DeprecationWarning: Use torch_xla.sync instead
  xm.mark_step()   # slice sync graph: norms done
/home/ubuntu/train_llama10b_tp_families.py:513: DeprecationWarning: Use torch_xla.sync instead
  xm.mark_step()   # slice sync graph: norms done
2026-09-09 08:51:03.000582:  69471  [INFO]: Using a cached neff at /home/ubuntu/neuron_cache_e2e/neuronxcc-2.23.6484.0+3b612583/MODULE_3717679725840786226+e30acd3a/model.neff
2026-09-09 08:51:03.000585:  69494  [INFO]: Using a cached neff at /home/ubuntu/neuron_cache_e2e/neuronxcc-2.23.6484.0+3b612583/MODULE_3717679725840786226+e30acd3a/model.neff
2026-09-09 08:51:03.000587:  69491  [INFO]: Using a cached neff at /home/ubuntu/neuron_cache_e2e/neuronxcc-2.23.6484.0+3b612583/MODULE_3717679725840786226+e30acd3a/model.neff
2026-09-09 08:51:03.000588:  69481  [INFO]: Using a cached neff at /home/ubuntu/neuron_cache_e2e/neuronxcc-2.23.6484.0+3b612583/MODULE_3717679725840786226+e30acd3a/model.neff
2026-09-09 08:51:03.000591:  69485  [INFO]: Using a cached neff at /home/ubuntu/neuron_cache_e2e/neuronxcc-2.23.6484.0+3b612583/MODULE_3717679725840786226+e30acd3a/model.neff
2026-09-09 08:51:03.000592:  69496  [INFO]: Using a cached neff at /home/ubuntu/neuron_cache_e2e/neuronxcc-2.23.6484.0+3b612583/MODULE_3717679725840786226+e30acd3a/model.neff
2026-09-09 08:51:03.000594:  69480  [INFO]: Using a cached neff at /home/ubuntu/neuron_cache_e2e/neuronxcc-2.23.6484.0+3b612583/MODULE_3717679725840786226+e30acd3a/model.neff
2026-09-09 08:51:03.000595:  69479  [INFO]: Using a cached neff at /home/ubuntu/neuron_cache_e2e/neuronxcc-2.23.6484.0+3b612583/MODULE_3717679725840786226+e30acd3a/model.neff
2026-09-09 08:51:03.000596:  69477  [INFO]: Using a cached neff at /home/ubuntu/neuron_cache_e2e/neuronxcc-2.23.6484.0+3b612583/MODULE_3717679725840786226+e30acd3a/model.neff
2026-09-09 08:51:03.000597:  69473  [INFO]: Using a cached neff at /home/ubuntu/neuron_cache_e2e/neuronxcc-2.23.6484.0+3b612583/MODULE_3717679725840786226+e30acd3a/model.neff
2026-09-09 08:51:03.000598:  69470  [INFO]: Using a cached neff at /home/ubuntu/neuron_cache_e2e/neuronxcc-2.23.6484.0+3b612583/MODULE_3717679725840786226+e30acd3a/model.neff
2026-09-09 08:51:03.000601:  69488  [INFO]: Using a cached neff at /home/ubuntu/neuron_cache_e2e/neuronxcc-2.23.6484.0+3b612583/MODULE_3717679725840786226+e30acd3a/model.neff
2026-09-09 08:51:03.000604:  69486  [INFO]: Using a cached neff at /home/ubuntu/neuron_cache_e2e/neuronxcc-2.23.6484.0+3b612583/MODULE_3717679725840786226+e30acd3a/model.neff
2026-09-09 08:51:03.000604:  69467  [INFO]: Using a cached neff at /home/ubuntu/neuron_cache_e2e/neuronxcc-2.23.6484.0+3b612583/MODULE_3717679725840786226+e30acd3a/model.neff
2026-09-09 08:51:03.000605:  69475  [INFO]: Using a cached neff at /home/ubuntu/neuron_cache_e2e/neuronxcc-2.23.6484.0+3b612583/MODULE_3717679725840786226+e30acd3a/model.neff
2026-09-09 08:51:03.000607:  69487  [INFO]: Using a cached neff at /home/ubuntu/neuron_cache_e2e/neuronxcc-2.23.6484.0+3b612583/MODULE_3717679725840786226+e30acd3a/model.neff
2026-09-09 08:51:03.000608:  69483  [INFO]: Using a cached neff at /home/ubuntu/neuron_cache_e2e/neuronxcc-2.23.6484.0+3b612583/MODULE_3717679725840786226+e30acd3a/model.neff
2026-09-09 08:51:03.000610:  69484  [INFO]: Using a cached neff at /home/ubuntu/neuron_cache_e2e/neuronxcc-2.23.6484.0+3b612583/MODULE_3717679725840786226+e30acd3a/model.neff
2026-09-09 08:51:03.000611:  69489  [INFO]: Using a cached neff at /home/ubuntu/neuron_cache_e2e/neuronxcc-2.23.6484.0+3b612583/MODULE_3717679725840786226+e30acd3a/model.neff
2026-09-09 08:51:03.000614:  69498  [INFO]: Using a cached neff at /home/ubuntu/neuron_cache_e2e/neuronxcc-2.23.6484.0+3b612583/MODULE_3717679725840786226+e30acd3a/model.neff
2026-09-09 08:51:03.000615:  69468  [INFO]: Using a cached neff at /home/ubuntu/neuron_cache_e2e/neuronxcc-2.23.6484.0+3b612583/MODULE_3717679725840786226+e30acd3a/model.neff
2026-09-09 08:51:03.000615:  69492  [INFO]: Using a cached neff at /home/ubuntu/neuron_cache_e2e/neuronxcc-2.23.6484.0+3b612583/MODULE_3717679725840786226+e30acd3a/model.neff
2026-09-09 08:51:03.000616:  69474  [INFO]: Using a cached neff at /home/ubuntu/neuron_cache_e2e/neuronxcc-2.23.6484.0+3b612583/MODULE_3717679725840786226+e30acd3a/model.neff
2026-09-09 08:51:03.000617:  69497  [INFO]: Using a cached neff at /home/ubuntu/neuron_cache_e2e/neuronxcc-2.23.6484.0+3b612583/MODULE_3717679725840786226+e30acd3a/model.neff
2026-09-09 08:51:03.000628:  69469  [INFO]: Using a cached neff at /home/ubuntu/neuron_cache_e2e/neuronxcc-2.23.6484.0+3b612583/MODULE_3717679725840786226+e30acd3a/model.neff
2026-09-09 08:51:03.000637:  69478  [INFO]: Using a cached neff at /home/ubuntu/neuron_cache_e2e/neuronxcc-2.23.6484.0+3b612583/MODULE_3717679725840786226+e30acd3a/model.neff
2026-09-09 08:51:03.000638:  69493  [INFO]: Using a cached neff at /home/ubuntu/neuron_cache_e2e/neuronxcc-2.23.6484.0+3b612583/MODULE_3717679725840786226+e30acd3a/model.neff
2026-09-09 08:51:03.000639:  69476  [INFO]: Using a cached neff at /home/ubuntu/neuron_cache_e2e/neuronxcc-2.23.6484.0+3b612583/MODULE_3717679725840786226+e30acd3a/model.neff
2026-09-09 08:51:03.000646:  69490  [INFO]: Using a cached neff at /home/ubuntu/neuron_cache_e2e/neuronxcc-2.23.6484.0+3b612583/MODULE_3717679725840786226+e30acd3a/model.neff
2026-09-09 08:51:03.000647:  69482  [INFO]: Using a cached neff at /home/ubuntu/neuron_cache_e2e/neuronxcc-2.23.6484.0+3b612583/MODULE_3717679725840786226+e30acd3a/model.neff
2026-09-09 08:51:03.000647:  69495  [INFO]: Using a cached neff at /home/ubuntu/neuron_cache_e2e/neuronxcc-2.23.6484.0+3b612583/MODULE_3717679725840786226+e30acd3a/model.neff
/home/ubuntu/train_llama10b_tp_families.py:522: DeprecationWarning: Use torch_xla.sync instead
  xm.mark_step()   # slice sync graph: F4b done
2026-09-09 08:51:03.000654:  69472  [INFO]: Using a cached neff at /home/ubuntu/neuron_cache_e2e/neuronxcc-2.23.6484.0+3b612583/MODULE_3717679725840786226+e30acd3a/model.neff
/home/ubuntu/train_llama10b_tp_families.py:522: DeprecationWarning: Use torch_xla.sync instead
  xm.mark_step()   # slice sync graph: F4b done
/home/ubuntu/train_llama10b_tp_families.py:538: DeprecationWarning: Use torch_xla.sync instead
  xm.mark_step()   # slice sync graph: F6/F7 done
/home/ubuntu/train_llama10b_tp_families.py:538: DeprecationWarning: Use torch_xla.sync instead
  xm.mark_step()   # slice sync graph: F6/F7 done
/home/ubuntu/train_llama10b_tp_families.py:522: DeprecationWarning: Use torch_xla.sync instead
  xm.mark_step()   # slice sync graph: F4b done
/home/ubuntu/train_llama10b_tp_families.py:522: DeprecationWarning: Use torch_xla.sync instead
  xm.mark_step()   # slice sync graph: F4b done
/home/ubuntu/train_llama10b_tp_families.py:522: DeprecationWarning: Use torch_xla.sync instead
  xm.mark_step()   # slice sync graph: F4b done
/home/ubuntu/train_llama10b_tp_families.py:538: DeprecationWarning: Use torch_xla.sync instead
  xm.mark_step()   # slice sync graph: F6/F7 done
/home/ubuntu/train_llama10b_tp_families.py:522: DeprecationWarning: Use torch_xla.sync instead
  xm.mark_step()   # slice sync graph: F4b done
/home/ubuntu/train_llama10b_tp_families.py:522: DeprecationWarning: Use torch_xla.sync instead
  xm.mark_step()   # slice sync graph: F4b done
/home/ubuntu/train_llama10b_tp_families.py:522: DeprecationWarning: Use torch_xla.sync instead
  xm.mark_step()   # slice sync graph: F4b done
/home/ubuntu/train_llama10b_tp_families.py:538: DeprecationWarning: Use torch_xla.sync instead
  xm.mark_step()   # slice sync graph: F6/F7 done
/home/ubuntu/train_llama10b_tp_families.py:522: DeprecationWarning: Use torch_xla.sync instead
  xm.mark_step()   # slice sync graph: F4b done
/home/ubuntu/train_llama10b_tp_families.py:538: DeprecationWarning: Use torch_xla.sync instead
  xm.mark_step()   # slice sync graph: F6/F7 done
/home/ubuntu/train_llama10b_tp_families.py:538: DeprecationWarning: Use torch_xla.sync instead
  xm.mark_step()   # slice sync graph: F6/F7 done
/home/ubuntu/train_llama10b_tp_families.py:538: DeprecationWarning: Use torch_xla.sync instead
  xm.mark_step()   # slice sync graph: F6/F7 done
/home/ubuntu/train_llama10b_tp_families.py:538: DeprecationWarning: Use torch_xla.sync instead
  xm.mark_step()   # slice sync graph: F6/F7 done
/home/ubuntu/train_llama10b_tp_families.py:522: DeprecationWarning: Use torch_xla.sync instead
  xm.mark_step()   # slice sync graph: F4b done
/home/ubuntu/train_llama10b_tp_families.py:538: DeprecationWarning: Use torch_xla.sync instead
  xm.mark_step()   # slice sync graph: F6/F7 done
/home/ubuntu/train_llama10b_tp_families.py:538: DeprecationWarning: Use torch_xla.sync instead
  xm.mark_step()   # slice sync graph: F6/F7 done
/home/ubuntu/train_llama10b_tp_families.py:522: DeprecationWarning: Use torch_xla.sync instead
  xm.mark_step()   # slice sync graph: F4b done
/home/ubuntu/train_llama10b_tp_families.py:522: DeprecationWarning: Use torch_xla.sync instead
  xm.mark_step()   # slice sync graph: F4b done
/home/ubuntu/train_llama10b_tp_families.py:522: DeprecationWarning: Use torch_xla.sync instead
  xm.mark_step()   # slice sync graph: F4b done
/home/ubuntu/train_llama10b_tp_families.py:538: DeprecationWarning: Use torch_xla.sync instead
  xm.mark_step()   # slice sync graph: F6/F7 done
/home/ubuntu/train_llama10b_tp_families.py:538: DeprecationWarning: Use torch_xla.sync instead
  xm.mark_step()   # slice sync graph: F6/F7 done
/home/ubuntu/train_llama10b_tp_families.py:522: DeprecationWarning: Use torch_xla.sync instead
  xm.mark_step()   # slice sync graph: F4b done
/home/ubuntu/train_llama10b_tp_families.py:522: DeprecationWarning: Use torch_xla.sync instead
  xm.mark_step()   # slice sync graph: F4b done
/home/ubuntu/train_llama10b_tp_families.py:538: DeprecationWarning: Use torch_xla.sync instead
  xm.mark_step()   # slice sync graph: F6/F7 done
/home/ubuntu/train_llama10b_tp_families.py:522: DeprecationWarning: Use torch_xla.sync instead
  xm.mark_step()   # slice sync graph: F4b done
/home/ubuntu/train_llama10b_tp_families.py:522: DeprecationWarning: Use torch_xla.sync instead
  xm.mark_step()   # slice sync graph: F4b done
/home/ubuntu/train_llama10b_tp_families.py:538: DeprecationWarning: Use torch_xla.sync instead
  xm.mark_step()   # slice sync graph: F6/F7 done
/home/ubuntu/train_llama10b_tp_families.py:522: DeprecationWarning: Use torch_xla.sync instead
  xm.mark_step()   # slice sync graph: F4b done
/home/ubuntu/train_llama10b_tp_families.py:538: DeprecationWarning: Use torch_xla.sync instead
  xm.mark_step()   # slice sync graph: F6/F7 done
/home/ubuntu/train_llama10b_tp_families.py:538: DeprecationWarning: Use torch_xla.sync instead
  xm.mark_step()   # slice sync graph: F6/F7 done
/home/ubuntu/train_llama10b_tp_families.py:538: DeprecationWarning: Use torch_xla.sync instead
  xm.mark_step()   # slice sync graph: F6/F7 done
/home/ubuntu/train_llama10b_tp_families.py:538: DeprecationWarning: Use torch_xla.sync instead
  xm.mark_step()   # slice sync graph: F6/F7 done
/home/ubuntu/train_llama10b_tp_families.py:522: DeprecationWarning: Use torch_xla.sync instead
  xm.mark_step()   # slice sync graph: F4b done
/home/ubuntu/train_llama10b_tp_families.py:522: DeprecationWarning: Use torch_xla.sync instead
  xm.mark_step()   # slice sync graph: F4b done
/home/ubuntu/train_llama10b_tp_families.py:522: DeprecationWarning: Use torch_xla.sync instead
  xm.mark_step()   # slice sync graph: F4b done
/home/ubuntu/train_llama10b_tp_families.py:538: DeprecationWarning: Use torch_xla.sync instead
  xm.mark_step()   # slice sync graph: F6/F7 done
/home/ubuntu/train_llama10b_tp_families.py:538: DeprecationWarning: Use torch_xla.sync instead
  xm.mark_step()   # slice sync graph: F6/F7 done
/home/ubuntu/train_llama10b_tp_families.py:522: DeprecationWarning: Use torch_xla.sync instead
  xm.mark_step()   # slice sync graph: F4b done
/home/ubuntu/train_llama10b_tp_families.py:538: DeprecationWarning: Use torch_xla.sync instead
  xm.mark_step()   # slice sync graph: F6/F7 done
/home/ubuntu/train_llama10b_tp_families.py:522: DeprecationWarning: Use torch_xla.sync instead
  xm.mark_step()   # slice sync graph: F4b done
/home/ubuntu/train_llama10b_tp_families.py:522: DeprecationWarning: Use torch_xla.sync instead
  xm.mark_step()   # slice sync graph: F4b done
/home/ubuntu/train_llama10b_tp_families.py:538: DeprecationWarning: Use torch_xla.sync instead
  xm.mark_step()   # slice sync graph: F6/F7 done
/home/ubuntu/train_llama10b_tp_families.py:538: DeprecationWarning: Use torch_xla.sync instead
  xm.mark_step()   # slice sync graph: F6/F7 done
/home/ubuntu/train_llama10b_tp_families.py:538: DeprecationWarning: Use torch_xla.sync instead
  xm.mark_step()   # slice sync graph: F6/F7 done
/home/ubuntu/train_llama10b_tp_families.py:522: DeprecationWarning: Use torch_xla.sync instead
  xm.mark_step()   # slice sync graph: F4b done
/home/ubuntu/train_llama10b_tp_families.py:538: DeprecationWarning: Use torch_xla.sync instead
  xm.mark_step()   # slice sync graph: F6/F7 done
/home/ubuntu/train_llama10b_tp_families.py:522: DeprecationWarning: Use torch_xla.sync instead
  xm.mark_step()   # slice sync graph: F4b done
/home/ubuntu/train_llama10b_tp_families.py:522: DeprecationWarning: Use torch_xla.sync instead
  xm.mark_step()   # slice sync graph: F4b done
/home/ubuntu/train_llama10b_tp_families.py:522: DeprecationWarning: Use torch_xla.sync instead
  xm.mark_step()   # slice sync graph: F4b done
/home/ubuntu/train_llama10b_tp_families.py:522: DeprecationWarning: Use torch_xla.sync instead
  xm.mark_step()   # slice sync graph: F4b done
/home/ubuntu/train_llama10b_tp_families.py:538: DeprecationWarning: Use torch_xla.sync instead
  xm.mark_step()   # slice sync graph: F6/F7 done
/home/ubuntu/train_llama10b_tp_families.py:522: DeprecationWarning: Use torch_xla.sync instead
  xm.mark_step()   # slice sync graph: F4b done
/home/ubuntu/train_llama10b_tp_families.py:538: DeprecationWarning: Use torch_xla.sync instead
  xm.mark_step()   # slice sync graph: F6/F7 done
/home/ubuntu/train_llama10b_tp_families.py:538: DeprecationWarning: Use torch_xla.sync instead
  xm.mark_step()   # slice sync graph: F6/F7 done
/home/ubuntu/train_llama10b_tp_families.py:522: DeprecationWarning: Use torch_xla.sync instead
  xm.mark_step()   # slice sync graph: F4b done
/home/ubuntu/train_llama10b_tp_families.py:538: DeprecationWarning: Use torch_xla.sync instead
  xm.mark_step()   # slice sync graph: F6/F7 done
/home/ubuntu/train_llama10b_tp_families.py:538: DeprecationWarning: Use torch_xla.sync instead
  xm.mark_step()   # slice sync graph: F6/F7 done
/home/ubuntu/train_llama10b_tp_families.py:538: DeprecationWarning: Use torch_xla.sync instead
  xm.mark_step()   # slice sync graph: F6/F7 done
/home/ubuntu/train_llama10b_tp_families.py:522: DeprecationWarning: Use torch_xla.sync instead
  xm.mark_step()   # slice sync graph: F4b done
/home/ubuntu/train_llama10b_tp_families.py:538: DeprecationWarning: Use torch_xla.sync instead
  xm.mark_step()   # slice sync graph: F6/F7 done
.
Compiler status PASS
2026-09-09 08:51:09.000447:  69471  [INFO]: Compilation Successfully Completed for model.MODULE_4599069280531176627+e30acd3a.hlo_module.pb
/home/ubuntu/train_llama10b_tp_families.py:557: DeprecationWarning: Use torch_xla.sync instead
  xm.mark_step()
2026-09-09 08:51:09.000543:  69471  [INFO]: Using a cached neff at /home/ubuntu/neuron_cache_e2e/neuronxcc-2.23.6484.0+3b612583/MODULE_2126413186853582282+e30acd3a/model.neff
/home/ubuntu/train_llama10b_tp_families.py:616: DeprecationWarning: Use torch_xla.sync instead
  xm.mark_step()
2026-09-09 08:51:13.000707:  69494  [INFO]: Using a cached neff at /home/ubuntu/neuron_cache_e2e/neuronxcc-2.23.6484.0+3b612583/MODULE_4599069280531176627+e30acd3a/model.neff
2026-09-09 08:51:13.000713:  69485  [INFO]: Using a cached neff at /home/ubuntu/neuron_cache_e2e/neuronxcc-2.23.6484.0+3b612583/MODULE_4599069280531176627+e30acd3a/model.neff
2026-09-09 08:51:13.000714:  69479  [INFO]: Using a cached neff at /home/ubuntu/neuron_cache_e2e/neuronxcc-2.23.6484.0+3b612583/MODULE_4599069280531176627+e30acd3a/model.neff
2026-09-09 08:51:13.000714:  69491  [INFO]: Using a cached neff at /home/ubuntu/neuron_cache_e2e/neuronxcc-2.23.6484.0+3b612583/MODULE_4599069280531176627+e30acd3a/model.neff
2026-09-09 08:51:13.000716:  69473  [INFO]: Using a cached neff at /home/ubuntu/neuron_cache_e2e/neuronxcc-2.23.6484.0+3b612583/MODULE_4599069280531176627+e30acd3a/model.neff
2026-09-09 08:51:13.000716:  69496  [INFO]: Using a cached neff at /home/ubuntu/neuron_cache_e2e/neuronxcc-2.23.6484.0+3b612583/MODULE_4599069280531176627+e30acd3a/model.neff
2026-09-09 08:51:13.000716:  69481  [INFO]: Using a cached neff at /home/ubuntu/neuron_cache_e2e/neuronxcc-2.23.6484.0+3b612583/MODULE_4599069280531176627+e30acd3a/model.neff
2026-09-09 08:51:13.000720:  69477  [INFO]: Using a cached neff at /home/ubuntu/neuron_cache_e2e/neuronxcc-2.23.6484.0+3b612583/MODULE_4599069280531176627+e30acd3a/model.neff
2026-09-09 08:51:13.000721:  69480  [INFO]: Using a cached neff at /home/ubuntu/neuron_cache_e2e/neuronxcc-2.23.6484.0+3b612583/MODULE_4599069280531176627+e30acd3a/model.neff
2026-09-09 08:51:13.000724:  69467  [INFO]: Using a cached neff at /home/ubuntu/neuron_cache_e2e/neuronxcc-2.23.6484.0+3b612583/MODULE_4599069280531176627+e30acd3a/model.neff
2026-09-09 08:51:13.000725:  69487  [INFO]: Using a cached neff at /home/ubuntu/neuron_cache_e2e/neuronxcc-2.23.6484.0+3b612583/MODULE_4599069280531176627+e30acd3a/model.neff
2026-09-09 08:51:13.000726:  69488  [INFO]: Using a cached neff at /home/ubuntu/neuron_cache_e2e/neuronxcc-2.23.6484.0+3b612583/MODULE_4599069280531176627+e30acd3a/model.neff
2026-09-09 08:51:13.000729:  69486  [INFO]: Using a cached neff at /home/ubuntu/neuron_cache_e2e/neuronxcc-2.23.6484.0+3b612583/MODULE_4599069280531176627+e30acd3a/model.neff
2026-09-09 08:51:13.000730:  69498  [INFO]: Using a cached neff at /home/ubuntu/neuron_cache_e2e/neuronxcc-2.23.6484.0+3b612583/MODULE_4599069280531176627+e30acd3a/model.neff
2026-09-09 08:51:13.000731:  69470  [INFO]: Using a cached neff at /home/ubuntu/neuron_cache_e2e/neuronxcc-2.23.6484.0+3b612583/MODULE_4599069280531176627+e30acd3a/model.neff
2026-09-09 08:51:13.000734:  69475  [INFO]: Using a cached neff at /home/ubuntu/neuron_cache_e2e/neuronxcc-2.23.6484.0+3b612583/MODULE_4599069280531176627+e30acd3a/model.neff
2026-09-09 08:51:13.000735:  69483  [INFO]: Using a cached neff at /home/ubuntu/neuron_cache_e2e/neuronxcc-2.23.6484.0+3b612583/MODULE_4599069280531176627+e30acd3a/model.neff
2026-09-09 08:51:13.000739:  69484  [INFO]: Using a cached neff at /home/ubuntu/neuron_cache_e2e/neuronxcc-2.23.6484.0+3b612583/MODULE_4599069280531176627+e30acd3a/model.neff
2026-09-09 08:51:13.000739:  69474  [INFO]: Using a cached neff at /home/ubuntu/neuron_cache_e2e/neuronxcc-2.23.6484.0+3b612583/MODULE_4599069280531176627+e30acd3a/model.neff
2026-09-09 08:51:13.000742:  69497  [INFO]: Using a cached neff at /home/ubuntu/neuron_cache_e2e/neuronxcc-2.23.6484.0+3b612583/MODULE_4599069280531176627+e30acd3a/model.neff
2026-09-09 08:51:13.000744:  69492  [INFO]: Using a cached neff at /home/ubuntu/neuron_cache_e2e/neuronxcc-2.23.6484.0+3b612583/MODULE_4599069280531176627+e30acd3a/model.neff
2026-09-09 08:51:13.000745:  69489  [INFO]: Using a cached neff at /home/ubuntu/neuron_cache_e2e/neuronxcc-2.23.6484.0+3b612583/MODULE_4599069280531176627+e30acd3a/model.neff
2026-09-09 08:51:13.000748:  69468  [INFO]: Using a cached neff at /home/ubuntu/neuron_cache_e2e/neuronxcc-2.23.6484.0+3b612583/MODULE_4599069280531176627+e30acd3a/model.neff
2026-09-09 08:51:13.000754:  69469  [INFO]: Using a cached neff at /home/ubuntu/neuron_cache_e2e/neuronxcc-2.23.6484.0+3b612583/MODULE_4599069280531176627+e30acd3a/model.neff
/home/ubuntu/train_llama10b_tp_families.py:557: DeprecationWarning: Use torch_xla.sync instead
  xm.mark_step()
/home/ubuntu/train_llama10b_tp_families.py:557: DeprecationWarning: Use torch_xla.sync instead
  xm.mark_step()
/home/ubuntu/train_llama10b_tp_families.py:557: DeprecationWarning: Use torch_xla.sync instead
  xm.mark_step()
/home/ubuntu/train_llama10b_tp_families.py:557: DeprecationWarning: Use torch_xla.sync instead
  xm.mark_step()
2026-09-09 08:51:13.000769:  69493  [INFO]: Using a cached neff at /home/ubuntu/neuron_cache_e2e/neuronxcc-2.23.6484.0+3b612583/MODULE_4599069280531176627+e30acd3a/model.neff
/home/ubuntu/train_llama10b_tp_families.py:557: DeprecationWarning: Use torch_xla.sync instead
  xm.mark_step()
/home/ubuntu/train_llama10b_tp_families.py:557: DeprecationWarning: Use torch_xla.sync instead
  xm.mark_step()
2026-09-09 08:51:13.000771:  69478  [INFO]: Using a cached neff at /home/ubuntu/neuron_cache_e2e/neuronxcc-2.23.6484.0+3b612583/MODULE_4599069280531176627+e30acd3a/model.neff
/home/ubuntu/train_llama10b_tp_families.py:557: DeprecationWarning: Use torch_xla.sync instead
  xm.mark_step()
2026-09-09 08:51:13.000773:  69482  [INFO]: Using a cached neff at /home/ubuntu/neuron_cache_e2e/neuronxcc-2.23.6484.0+3b612583/MODULE_4599069280531176627+e30acd3a/model.neff
2026-09-09 08:51:13.000773:  69490  [INFO]: Using a cached neff at /home/ubuntu/neuron_cache_e2e/neuronxcc-2.23.6484.0+3b612583/MODULE_4599069280531176627+e30acd3a/model.neff
/home/ubuntu/train_llama10b_tp_families.py:557: DeprecationWarning: Use torch_xla.sync instead
  xm.mark_step()
/home/ubuntu/train_llama10b_tp_families.py:557: DeprecationWarning: Use torch_xla.sync instead
  xm.mark_step()
/home/ubuntu/train_llama10b_tp_families.py:557: DeprecationWarning: Use torch_xla.sync instead
  xm.mark_step()
2026-09-09 08:51:13.000779:  69495  [INFO]: Using a cached neff at /home/ubuntu/neuron_cache_e2e/neuronxcc-2.23.6484.0+3b612583/MODULE_4599069280531176627+e30acd3a/model.neff
/home/ubuntu/train_llama10b_tp_families.py:557: DeprecationWarning: Use torch_xla.sync instead
  xm.mark_step()
/home/ubuntu/train_llama10b_tp_families.py:557: DeprecationWarning: Use torch_xla.sync instead
  xm.mark_step()
/home/ubuntu/train_llama10b_tp_families.py:557: DeprecationWarning: Use torch_xla.sync instead
  xm.mark_step()
/home/ubuntu/train_llama10b_tp_families.py:557: DeprecationWarning: Use torch_xla.sync instead
  xm.mark_step()
/home/ubuntu/train_llama10b_tp_families.py:557: DeprecationWarning: Use torch_xla.sync instead
  xm.mark_step()
2026-09-09 08:51:13.000788:  69476  [INFO]: Using a cached neff at /home/ubuntu/neuron_cache_e2e/neuronxcc-2.23.6484.0+3b612583/MODULE_4599069280531176627+e30acd3a/model.neff
/home/ubuntu/train_llama10b_tp_families.py:557: DeprecationWarning: Use torch_xla.sync instead
  xm.mark_step()
/home/ubuntu/train_llama10b_tp_families.py:557: DeprecationWarning: Use torch_xla.sync instead
  xm.mark_step()
/home/ubuntu/train_llama10b_tp_families.py:557: DeprecationWarning: Use torch_xla.sync instead
  xm.mark_step()
/home/ubuntu/train_llama10b_tp_families.py:557: DeprecationWarning: Use torch_xla.sync instead
  xm.mark_step()
/home/ubuntu/train_llama10b_tp_families.py:557: DeprecationWarning: Use torch_xla.sync instead
  xm.mark_step()
/home/ubuntu/train_llama10b_tp_families.py:557: DeprecationWarning: Use torch_xla.sync instead
  xm.mark_step()
2026-09-09 08:51:13.000801:  69472  [INFO]: Using a cached neff at /home/ubuntu/neuron_cache_e2e/neuronxcc-2.23.6484.0+3b612583/MODULE_4599069280531176627+e30acd3a/model.neff
/home/ubuntu/train_llama10b_tp_families.py:557: DeprecationWarning: Use torch_xla.sync instead
  xm.mark_step()
/home/ubuntu/train_llama10b_tp_families.py:557: DeprecationWarning: Use torch_xla.sync instead
  xm.mark_step()
/home/ubuntu/train_llama10b_tp_families.py:557: DeprecationWarning: Use torch_xla.sync instead
  xm.mark_step()
/home/ubuntu/train_llama10b_tp_families.py:557: DeprecationWarning: Use torch_xla.sync instead
  xm.mark_step()
/home/ubuntu/train_llama10b_tp_families.py:557: DeprecationWarning: Use torch_xla.sync instead
  xm.mark_step()
/home/ubuntu/train_llama10b_tp_families.py:557: DeprecationWarning: Use torch_xla.sync instead
  xm.mark_step()
/home/ubuntu/train_llama10b_tp_families.py:557: DeprecationWarning: Use torch_xla.sync instead
  xm.mark_step()
/home/ubuntu/train_llama10b_tp_families.py:557: DeprecationWarning: Use torch_xla.sync instead
  xm.mark_step()
/home/ubuntu/train_llama10b_tp_families.py:557: DeprecationWarning: Use torch_xla.sync instead
  xm.mark_step()
/home/ubuntu/train_llama10b_tp_families.py:557: DeprecationWarning: Use torch_xla.sync instead
  xm.mark_step()
2026-09-09 08:51:14.000205:  69494  [INFO]: Using a cached neff at /home/ubuntu/neuron_cache_e2e/neuronxcc-2.23.6484.0+3b612583/MODULE_2126413186853582282+e30acd3a/model.neff
2026-09-09 08:51:14.000289:  69485  [INFO]: Using a cached neff at /home/ubuntu/neuron_cache_e2e/neuronxcc-2.23.6484.0+3b612583/MODULE_2126413186853582282+e30acd3a/model.neff
2026-09-09 08:51:14.000731:  69481  [INFO]: Using a cached neff at /home/ubuntu/neuron_cache_e2e/neuronxcc-2.23.6484.0+3b612583/MODULE_2126413186853582282+e30acd3a/model.neff
2026-09-09 08:51:14.000731:  69496  [INFO]: Using a cached neff at /home/ubuntu/neuron_cache_e2e/neuronxcc-2.23.6484.0+3b612583/MODULE_2126413186853582282+e30acd3a/model.neff
2026-09-09 08:51:14.000731:  69467  [INFO]: Using a cached neff at /home/ubuntu/neuron_cache_e2e/neuronxcc-2.23.6484.0+3b612583/MODULE_2126413186853582282+e30acd3a/model.neff
2026-09-09 08:51:14.000731:  69491  [INFO]: Using a cached neff at /home/ubuntu/neuron_cache_e2e/neuronxcc-2.23.6484.0+3b612583/MODULE_2126413186853582282+e30acd3a/model.neff
2026-09-09 08:51:14.000731:  69479  [INFO]: Using a cached neff at /home/ubuntu/neuron_cache_e2e/neuronxcc-2.23.6484.0+3b612583/MODULE_2126413186853582282+e30acd3a/model.neff
2026-09-09 08:51:14.000731:  69473  [INFO]: Using a cached neff at /home/ubuntu/neuron_cache_e2e/neuronxcc-2.23.6484.0+3b612583/MODULE_2126413186853582282+e30acd3a/model.neff
2026-09-09 08:51:14.000848:  69487  [INFO]: Using a cached neff at /home/ubuntu/neuron_cache_e2e/neuronxcc-2.23.6484.0+3b612583/MODULE_2126413186853582282+e30acd3a/model.neff
2026-09-09 08:51:14.000848:  69475  [INFO]: Using a cached neff at /home/ubuntu/neuron_cache_e2e/neuronxcc-2.23.6484.0+3b612583/MODULE_2126413186853582282+e30acd3a/model.neff
.2026-09-09 08:51:14.000943:  69488  [INFO]: Using a cached neff at /home/ubuntu/neuron_cache_e2e/neuronxcc-2.23.6484.0+3b612583/MODULE_2126413186853582282+e30acd3a/model.neff
2026-09-09 08:51:15.000079:  69498  [INFO]: Using a cached neff at /home/ubuntu/neuron_cache_e2e/neuronxcc-2.23.6484.0+3b612583/MODULE_2126413186853582282+e30acd3a/model.neff
2026-09-09 08:51:15.000174:  69468  [INFO]: Using a cached neff at /home/ubuntu/neuron_cache_e2e/neuronxcc-2.23.6484.0+3b612583/MODULE_2126413186853582282+e30acd3a/model.neff
2026-09-09 08:51:15.000303:  69486  [INFO]: Using a cached neff at /home/ubuntu/neuron_cache_e2e/neuronxcc-2.23.6484.0+3b612583/MODULE_2126413186853582282+e30acd3a/model.neff
2026-09-09 08:51:15.000303:  69474  [INFO]: Using a cached neff at /home/ubuntu/neuron_cache_e2e/neuronxcc-2.23.6484.0+3b612583/MODULE_2126413186853582282+e30acd3a/model.neff
2026-09-09 08:51:15.000303:  69480  [INFO]: Using a cached neff at /home/ubuntu/neuron_cache_e2e/neuronxcc-2.23.6484.0+3b612583/MODULE_2126413186853582282+e30acd3a/model.neff
2026-09-09 08:51:15.000303:  69484  [INFO]: Using a cached neff at /home/ubuntu/neuron_cache_e2e/neuronxcc-2.23.6484.0+3b612583/MODULE_2126413186853582282+e30acd3a/model.neff
2026-09-09 08:51:15.000303:  69497  [INFO]: Using a cached neff at /home/ubuntu/neuron_cache_e2e/neuronxcc-2.23.6484.0+3b612583/MODULE_2126413186853582282+e30acd3a/model.neff
2026-09-09 08:51:15.000303:  69470  [INFO]: Using a cached neff at /home/ubuntu/neuron_cache_e2e/neuronxcc-2.23.6484.0+3b612583/MODULE_2126413186853582282+e30acd3a/model.neff
2026-09-09 08:51:15.000303:  69477  [INFO]: Using a cached neff at /home/ubuntu/neuron_cache_e2e/neuronxcc-2.23.6484.0+3b612583/MODULE_2126413186853582282+e30acd3a/model.neff
2026-09-09 08:51:15.000307:  69490  [INFO]: Using a cached neff at /home/ubuntu/neuron_cache_e2e/neuronxcc-2.23.6484.0+3b612583/MODULE_2126413186853582282+e30acd3a/model.neff
2026-09-09 08:51:15.000308:  69495  [INFO]: Using a cached neff at /home/ubuntu/neuron_cache_e2e/neuronxcc-2.23.6484.0+3b612583/MODULE_2126413186853582282+e30acd3a/model.neff
2026-09-09 08:51:15.000353:  69483  [INFO]: Using a cached neff at /home/ubuntu/neuron_cache_e2e/neuronxcc-2.23.6484.0+3b612583/MODULE_2126413186853582282+e30acd3a/model.neff
2026-09-09 08:51:15.000353:  69482  [INFO]: Using a cached neff at /home/ubuntu/neuron_cache_e2e/neuronxcc-2.23.6484.0+3b612583/MODULE_2126413186853582282+e30acd3a/model.neff
2026-09-09 08:51:15.000364:  69492  [INFO]: Using a cached neff at /home/ubuntu/neuron_cache_e2e/neuronxcc-2.23.6484.0+3b612583/MODULE_2126413186853582282+e30acd3a/model.neff
/home/ubuntu/train_llama10b_tp_families.py:616: DeprecationWarning: Use torch_xla.sync instead
  xm.mark_step()
2026-09-09 08:51:15.000497:  69489  [INFO]: Using a cached neff at /home/ubuntu/neuron_cache_e2e/neuronxcc-2.23.6484.0+3b612583/MODULE_2126413186853582282+e30acd3a/model.neff
2026-09-09 08:51:15.000497:  69476  [INFO]: Using a cached neff at /home/ubuntu/neuron_cache_e2e/neuronxcc-2.23.6484.0+3b612583/MODULE_2126413186853582282+e30acd3a/model.neff
2026-09-09 08:51:15.000497:  69469  [INFO]: Using a cached neff at /home/ubuntu/neuron_cache_e2e/neuronxcc-2.23.6484.0+3b612583/MODULE_2126413186853582282+e30acd3a/model.neff
2026-09-09 08:51:15.000499:  69493  [INFO]: Using a cached neff at /home/ubuntu/neuron_cache_e2e/neuronxcc-2.23.6484.0+3b612583/MODULE_2126413186853582282+e30acd3a/model.neff
2026-09-09 08:51:15.000499:  69478  [INFO]: Using a cached neff at /home/ubuntu/neuron_cache_e2e/neuronxcc-2.23.6484.0+3b612583/MODULE_2126413186853582282+e30acd3a/model.neff
2026-09-09 08:51:15.000634:  69472  [INFO]: Using a cached neff at /home/ubuntu/neuron_cache_e2e/neuronxcc-2.23.6484.0+3b612583/MODULE_2126413186853582282+e30acd3a/model.neff
/home/ubuntu/train_llama10b_tp_families.py:616: DeprecationWarning: Use torch_xla.sync instead
  xm.mark_step()
/home/ubuntu/train_llama10b_tp_families.py:616: DeprecationWarning: Use torch_xla.sync instead
  xm.mark_step()
/home/ubuntu/train_llama10b_tp_families.py:616: DeprecationWarning: Use torch_xla.sync instead
  xm.mark_step()
/home/ubuntu/train_llama10b_tp_families.py:616: DeprecationWarning: Use torch_xla.sync instead
  xm.mark_step()
/home/ubuntu/train_llama10b_tp_families.py:616: DeprecationWarning: Use torch_xla.sync instead
  xm.mark_step()
/home/ubuntu/train_llama10b_tp_families.py:616: DeprecationWarning: Use torch_xla.sync instead
  xm.mark_step()
/home/ubuntu/train_llama10b_tp_families.py:616: DeprecationWarning: Use torch_xla.sync instead
  xm.mark_step()
/home/ubuntu/train_llama10b_tp_families.py:616: DeprecationWarning: Use torch_xla.sync instead
  xm.mark_step()
/home/ubuntu/train_llama10b_tp_families.py:616: DeprecationWarning: Use torch_xla.sync instead
  xm.mark_step()
/home/ubuntu/train_llama10b_tp_families.py:616: DeprecationWarning: Use torch_xla.sync instead
  xm.mark_step()
/home/ubuntu/train_llama10b_tp_families.py:616: DeprecationWarning: Use torch_xla.sync instead
  xm.mark_step()
/home/ubuntu/train_llama10b_tp_families.py:616: DeprecationWarning: Use torch_xla.sync instead
  xm.mark_step()
/home/ubuntu/train_llama10b_tp_families.py:616: DeprecationWarning: Use torch_xla.sync instead
  xm.mark_step()
/home/ubuntu/train_llama10b_tp_families.py:616: DeprecationWarning: Use torch_xla.sync instead
  xm.mark_step()
/home/ubuntu/train_llama10b_tp_families.py:616: DeprecationWarning: Use torch_xla.sync instead
  xm.mark_step()
/home/ubuntu/train_llama10b_tp_families.py:616: DeprecationWarning: Use torch_xla.sync instead
  xm.mark_step()
/home/ubuntu/train_llama10b_tp_families.py:616: DeprecationWarning: Use torch_xla.sync instead
  xm.mark_step()
/home/ubuntu/train_llama10b_tp_families.py:616: DeprecationWarning: Use torch_xla.sync instead
  xm.mark_step()
/home/ubuntu/train_llama10b_tp_families.py:616: DeprecationWarning: Use torch_xla.sync instead
  xm.mark_step()
/home/ubuntu/train_llama10b_tp_families.py:616: DeprecationWarning: Use torch_xla.sync instead
  xm.mark_step()
/home/ubuntu/train_llama10b_tp_families.py:616: DeprecationWarning: Use torch_xla.sync instead
  xm.mark_step()
/home/ubuntu/train_llama10b_tp_families.py:616: DeprecationWarning: Use torch_xla.sync instead
  xm.mark_step()
/home/ubuntu/train_llama10b_tp_families.py:616: DeprecationWarning: Use torch_xla.sync instead
  xm.mark_step()
/home/ubuntu/train_llama10b_tp_families.py:616: DeprecationWarning: Use torch_xla.sync instead
  xm.mark_step()
/home/ubuntu/train_llama10b_tp_families.py:616: DeprecationWarning: Use torch_xla.sync instead
  xm.mark_step()
/home/ubuntu/train_llama10b_tp_families.py:616: DeprecationWarning: Use torch_xla.sync instead
  xm.mark_step()
/home/ubuntu/train_llama10b_tp_families.py:616: DeprecationWarning: Use torch_xla.sync instead
  xm.mark_step()
/home/ubuntu/train_llama10b_tp_families.py:616: DeprecationWarning: Use torch_xla.sync instead
  xm.mark_step()
/home/ubuntu/train_llama10b_tp_families.py:616: DeprecationWarning: Use torch_xla.sync instead
  xm.mark_step()
/home/ubuntu/train_llama10b_tp_families.py:616: DeprecationWarning: Use torch_xla.sync instead
  xm.mark_step()
.
Compiler status PASS
2026-09-09 08:51:52.000900:  69471  [INFO]: Compilation Successfully Completed for model.MODULE_15471561942199109669+e30acd3a.hlo_module.pb
/home/ubuntu/train_llama10b_tp_families.py:616: DeprecationWarning: Use torch_xla.sync instead
  xm.mark_step()
.2026-09-09 08:51:53.000765:  69472  [INFO]: Using a cached neff at /home/ubuntu/neuron_cache_e2e/neuronxcc-2.23.6484.0+3b612583/MODULE_15471561942199109669+e30acd3a/model.neff
2026-09-09 08:51:53.000784:  69486  [INFO]: Using a cached neff at /home/ubuntu/neuron_cache_e2e/neuronxcc-2.23.6484.0+3b612583/MODULE_15471561942199109669+e30acd3a/model.neff
2026-09-09 08:51:53.000794:  69475  [INFO]: Using a cached neff at /home/ubuntu/neuron_cache_e2e/neuronxcc-2.23.6484.0+3b612583/MODULE_15471561942199109669+e30acd3a/model.neff
2026-09-09 08:51:53.000805:  69490  [INFO]: Using a cached neff at /home/ubuntu/neuron_cache_e2e/neuronxcc-2.23.6484.0+3b612583/MODULE_15471561942199109669+e30acd3a/model.neff
2026-09-09 08:51:53.000850:  69483  [INFO]: Using a cached neff at /home/ubuntu/neuron_cache_e2e/neuronxcc-2.23.6484.0+3b612583/MODULE_15471561942199109669+e30acd3a/model.neff
2026-09-09 08:51:53.000896:  69467  [INFO]: Using a cached neff at /home/ubuntu/neuron_cache_e2e/neuronxcc-2.23.6484.0+3b612583/MODULE_15471561942199109669+e30acd3a/model.neff
2026-09-09 08:51:53.000941:  69481  [INFO]: Using a cached neff at /home/ubuntu/neuron_cache_e2e/neuronxcc-2.23.6484.0+3b612583/MODULE_15471561942199109669+e30acd3a/model.neff
2026-09-09 08:51:54.000065:  69489  [INFO]: Using a cached neff at /home/ubuntu/neuron_cache_e2e/neuronxcc-2.23.6484.0+3b612583/MODULE_15471561942199109669+e30acd3a/model.neff
2026-09-09 08:51:54.000109:  69478  [INFO]: Using a cached neff at /home/ubuntu/neuron_cache_e2e/neuronxcc-2.23.6484.0+3b612583/MODULE_15471561942199109669+e30acd3a/model.neff
2026-09-09 08:51:55.000585:  69494  [INFO]: Using a cached neff at /home/ubuntu/neuron_cache_e2e/neuronxcc-2.23.6484.0+3b612583/MODULE_15471561942199109669+e30acd3a/model.neff
2026-09-09 08:51:55.000981:  69485  [INFO]: Using a cached neff at /home/ubuntu/neuron_cache_e2e/neuronxcc-2.23.6484.0+3b612583/MODULE_15471561942199109669+e30acd3a/model.neff
2026-09-09 08:51:56.000064:  69473  [INFO]: Using a cached neff at /home/ubuntu/neuron_cache_e2e/neuronxcc-2.23.6484.0+3b612583/MODULE_15471561942199109669+e30acd3a/model.neff
2026-09-09 08:51:56.000091:  69496  [INFO]: Using a cached neff at /home/ubuntu/neuron_cache_e2e/neuronxcc-2.23.6484.0+3b612583/MODULE_15471561942199109669+e30acd3a/model.neff
2026-09-09 08:51:56.000156:  69491  [INFO]: Using a cached neff at /home/ubuntu/neuron_cache_e2e/neuronxcc-2.23.6484.0+3b612583/MODULE_15471561942199109669+e30acd3a/model.neff
2026-09-09 08:51:56.000198:  69487  [INFO]: Using a cached neff at /home/ubuntu/neuron_cache_e2e/neuronxcc-2.23.6484.0+3b612583/MODULE_15471561942199109669+e30acd3a/model.neff
2026-09-09 08:51:56.000204:  69479  [INFO]: Using a cached neff at /home/ubuntu/neuron_cache_e2e/neuronxcc-2.23.6484.0+3b612583/MODULE_15471561942199109669+e30acd3a/model.neff
2026-09-09 08:51:56.000542:  69488  [INFO]: Using a cached neff at /home/ubuntu/neuron_cache_e2e/neuronxcc-2.23.6484.0+3b612583/MODULE_15471561942199109669+e30acd3a/model.neff
2026-09-09 08:51:56.000585:  69474  [INFO]: Using a cached neff at /home/ubuntu/neuron_cache_e2e/neuronxcc-2.23.6484.0+3b612583/MODULE_15471561942199109669+e30acd3a/model.neff
2026-09-09 08:51:56.000637:  69468  [INFO]: Using a cached neff at /home/ubuntu/neuron_cache_e2e/neuronxcc-2.23.6484.0+3b612583/MODULE_15471561942199109669+e30acd3a/model.neff
2026-09-09 08:51:56.000644:  69498  [INFO]: Using a cached neff at /home/ubuntu/neuron_cache_e2e/neuronxcc-2.23.6484.0+3b612583/MODULE_15471561942199109669+e30acd3a/model.neff
2026-09-09 08:51:57.000596:  69477  [INFO]: Using a cached neff at /home/ubuntu/neuron_cache_e2e/neuronxcc-2.23.6484.0+3b612583/MODULE_15471561942199109669+e30acd3a/model.neff
2026-09-09 08:51:57.000924:  69495  [INFO]: Using a cached neff at /home/ubuntu/neuron_cache_e2e/neuronxcc-2.23.6484.0+3b612583/MODULE_15471561942199109669+e30acd3a/model.neff
2026-09-09 08:51:58.000215:  69484  [INFO]: Using a cached neff at /home/ubuntu/neuron_cache_e2e/neuronxcc-2.23.6484.0+3b612583/MODULE_15471561942199109669+e30acd3a/model.neff
2026-09-09 08:51:58.000389:  69497  [INFO]: Using a cached neff at /home/ubuntu/neuron_cache_e2e/neuronxcc-2.23.6484.0+3b612583/MODULE_15471561942199109669+e30acd3a/model.neff
2026-09-09 08:51:58.000390:  69482  [INFO]: Using a cached neff at /home/ubuntu/neuron_cache_e2e/neuronxcc-2.23.6484.0+3b612583/MODULE_15471561942199109669+e30acd3a/model.neff
2026-09-09 08:51:58.000390:  69493  [INFO]: Using a cached neff at /home/ubuntu/neuron_cache_e2e/neuronxcc-2.23.6484.0+3b612583/MODULE_15471561942199109669+e30acd3a/model.neff
2026-09-09 08:51:58.000390:  69470  [INFO]: Using a cached neff at /home/ubuntu/neuron_cache_e2e/neuronxcc-2.23.6484.0+3b612583/MODULE_15471561942199109669+e30acd3a/model.neff
2026-09-09 08:51:58.000449:  69492  [INFO]: Using a cached neff at /home/ubuntu/neuron_cache_e2e/neuronxcc-2.23.6484.0+3b612583/MODULE_15471561942199109669+e30acd3a/model.neff
2026-09-09 08:51:58.000452:  69476  [INFO]: Using a cached neff at /home/ubuntu/neuron_cache_e2e/neuronxcc-2.23.6484.0+3b612583/MODULE_15471561942199109669+e30acd3a/model.neff
2026-09-09 08:51:58.000481:  69469  [INFO]: Using a cached neff at /home/ubuntu/neuron_cache_e2e/neuronxcc-2.23.6484.0+3b612583/MODULE_15471561942199109669+e30acd3a/model.neff
2026-09-09 08:51:58.000481:  69480  [INFO]: Using a cached neff at /home/ubuntu/neuron_cache_e2e/neuronxcc-2.23.6484.0+3b612583/MODULE_15471561942199109669+e30acd3a/model.neff
..
Compiler status PASS
2026-09-09 08:52:50.000590:  69471  [INFO]: Compilation Successfully Completed for model.MODULE_8581184631312811179+e30acd3a.hlo_module.pb
/home/ubuntu/train_llama10b_tp_families.py:616: DeprecationWarning: Use torch_xla.sync instead
  xm.mark_step()
2026-09-09 08:52:50.000970:  69494  [INFO]: Using a cached neff at /home/ubuntu/neuron_cache_e2e/neuronxcc-2.23.6484.0+3b612583/MODULE_8581184631312811179+e30acd3a/model.neff
2026-09-09 08:52:51.000384:  69485  [INFO]: Using a cached neff at /home/ubuntu/neuron_cache_e2e/neuronxcc-2.23.6484.0+3b612583/MODULE_8581184631312811179+e30acd3a/model.neff
2026-09-09 08:52:51.000471:  69496  [INFO]: Using a cached neff at /home/ubuntu/neuron_cache_e2e/neuronxcc-2.23.6484.0+3b612583/MODULE_8581184631312811179+e30acd3a/model.neff
2026-09-09 08:52:51.000613:  69473  [INFO]: Using a cached neff at /home/ubuntu/neuron_cache_e2e/neuronxcc-2.23.6484.0+3b612583/MODULE_8581184631312811179+e30acd3a/model.neff
2026-09-09 08:52:51.000714:  69491  [INFO]: Using a cached neff at /home/ubuntu/neuron_cache_e2e/neuronxcc-2.23.6484.0+3b612583/MODULE_8581184631312811179+e30acd3a/model.neff
2026-09-09 08:52:51.000804:  69487  [INFO]: Using a cached neff at /home/ubuntu/neuron_cache_e2e/neuronxcc-2.23.6484.0+3b612583/MODULE_8581184631312811179+e30acd3a/model.neff
2026-09-09 08:52:51.000858:  69479  [INFO]: Using a cached neff at /home/ubuntu/neuron_cache_e2e/neuronxcc-2.23.6484.0+3b612583/MODULE_8581184631312811179+e30acd3a/model.neff
2026-09-09 08:52:52.000386:  69488  [INFO]: Using a cached neff at /home/ubuntu/neuron_cache_e2e/neuronxcc-2.23.6484.0+3b612583/MODULE_8581184631312811179+e30acd3a/model.neff
2026-09-09 08:52:52.000668:  69468  [INFO]: Using a cached neff at /home/ubuntu/neuron_cache_e2e/neuronxcc-2.23.6484.0+3b612583/MODULE_8581184631312811179+e30acd3a/model.neff
2026-09-09 08:52:52.000730:  69474  [INFO]: Using a cached neff at /home/ubuntu/neuron_cache_e2e/neuronxcc-2.23.6484.0+3b612583/MODULE_8581184631312811179+e30acd3a/model.neff
2026-09-09 08:52:52.000950:  69498  [INFO]: Using a cached neff at /home/ubuntu/neuron_cache_e2e/neuronxcc-2.23.6484.0+3b612583/MODULE_8581184631312811179+e30acd3a/model.neff
2026-09-09 08:52:53.000217:  69477  [INFO]: Using a cached neff at /home/ubuntu/neuron_cache_e2e/neuronxcc-2.23.6484.0+3b612583/MODULE_8581184631312811179+e30acd3a/model.neff
2026-09-09 08:52:53.000568:  69495  [INFO]: Using a cached neff at /home/ubuntu/neuron_cache_e2e/neuronxcc-2.23.6484.0+3b612583/MODULE_8581184631312811179+e30acd3a/model.neff
2026-09-09 08:52:53.000752:  69484  [INFO]: Using a cached neff at /home/ubuntu/neuron_cache_e2e/neuronxcc-2.23.6484.0+3b612583/MODULE_8581184631312811179+e30acd3a/model.neff
2026-09-09 08:52:54.000131:  69486  [INFO]: Another process must be compiling /home/ubuntu/neuron_cache_e2e/neuronxcc-2.23.6484.0+3b612583/MODULE_8581184631312811179+e30acd3a/model.hlo_module.pb, been waiting for: 1.0 minutes
2026-09-09 08:52:54.000167:  69472  [INFO]: Another process must be compiling /home/ubuntu/neuron_cache_e2e/neuronxcc-2.23.6484.0+3b612583/MODULE_8581184631312811179+e30acd3a/model.hlo_module.pb, been waiting for: 1.0 minutes
2026-09-09 08:52:54.000176:  69475  [INFO]: Another process must be compiling /home/ubuntu/neuron_cache_e2e/neuronxcc-2.23.6484.0+3b612583/MODULE_8581184631312811179+e30acd3a/model.hlo_module.pb, been waiting for: 1.0 minutes
2026-09-09 08:52:54.000217:  69490  [INFO]: Another process must be compiling /home/ubuntu/neuron_cache_e2e/neuronxcc-2.23.6484.0+3b612583/MODULE_8581184631312811179+e30acd3a/model.hlo_module.pb, been waiting for: 1.0 minutes
2026-09-09 08:52:54.000260:  69483  [INFO]: Another process must be compiling /home/ubuntu/neuron_cache_e2e/neuronxcc-2.23.6484.0+3b612583/MODULE_8581184631312811179+e30acd3a/model.hlo_module.pb, been waiting for: 1.0 minutes
2026-09-09 08:52:54.000261:  69467  [INFO]: Another process must be compiling /home/ubuntu/neuron_cache_e2e/neuronxcc-2.23.6484.0+3b612583/MODULE_8581184631312811179+e30acd3a/model.hlo_module.pb, been waiting for: 1.0 minutes
2026-09-09 08:52:54.000334:  69481  [INFO]: Another process must be compiling /home/ubuntu/neuron_cache_e2e/neuronxcc-2.23.6484.0+3b612583/MODULE_8581184631312811179+e30acd3a/model.hlo_module.pb, been waiting for: 1.0 minutes
2026-09-09 08:52:54.000467:  69489  [INFO]: Another process must be compiling /home/ubuntu/neuron_cache_e2e/neuronxcc-2.23.6484.0+3b612583/MODULE_8581184631312811179+e30acd3a/model.hlo_module.pb, been waiting for: 1.0 minutes
2026-09-09 08:52:54.000503:  69478  [INFO]: Another process must be compiling /home/ubuntu/neuron_cache_e2e/neuronxcc-2.23.6484.0+3b612583/MODULE_8581184631312811179+e30acd3a/model.hlo_module.pb, been waiting for: 1.0 minutes
/home/ubuntu/train_llama10b_tp_families.py:627: DeprecationWarning: Use torch_xla.sync instead
  xm.mark_step()
/home/ubuntu/train_llama10b_tp_families.py:627: DeprecationWarning: Use torch_xla.sync instead
  xm.mark_step()
.2026-09-09 08:52:57.000490:  69493  [INFO]: Using a cached neff at /home/ubuntu/neuron_cache_e2e/neuronxcc-2.23.6484.0+3b612583/MODULE_8581184631312811179+e30acd3a/model.neff
2026-09-09 08:52:57.000490:  69478  [INFO]: Using a cached neff at /home/ubuntu/neuron_cache_e2e/neuronxcc-2.23.6484.0+3b612583/MODULE_8581184631312811179+e30acd3a/model.neff
2026-09-09 08:52:58.000027:  69486  [INFO]: Using a cached neff at /home/ubuntu/neuron_cache_e2e/neuronxcc-2.23.6484.0+3b612583/MODULE_8581184631312811179+e30acd3a/model.neff
2026-09-09 08:52:58.000027:  69497  [INFO]: Using a cached neff at /home/ubuntu/neuron_cache_e2e/neuronxcc-2.23.6484.0+3b612583/MODULE_8581184631312811179+e30acd3a/model.neff
2026-09-09 08:52:58.000027:  69470  [INFO]: Using a cached neff at /home/ubuntu/neuron_cache_e2e/neuronxcc-2.23.6484.0+3b612583/MODULE_8581184631312811179+e30acd3a/model.neff
2026-09-09 08:52:58.000027:  69476  [INFO]: Using a cached neff at /home/ubuntu/neuron_cache_e2e/neuronxcc-2.23.6484.0+3b612583/MODULE_8581184631312811179+e30acd3a/model.neff
2026-09-09 08:52:58.000027:  69492  [INFO]: Using a cached neff at /home/ubuntu/neuron_cache_e2e/neuronxcc-2.23.6484.0+3b612583/MODULE_8581184631312811179+e30acd3a/model.neff
2026-09-09 08:52:58.000027:  69467  [INFO]: Using a cached neff at /home/ubuntu/neuron_cache_e2e/neuronxcc-2.23.6484.0+3b612583/MODULE_8581184631312811179+e30acd3a/model.neff
2026-09-09 08:52:58.000027:  69482  [INFO]: Using a cached neff at /home/ubuntu/neuron_cache_e2e/neuronxcc-2.23.6484.0+3b612583/MODULE_8581184631312811179+e30acd3a/model.neff
2026-09-09 08:52:58.000027:  69481  [INFO]: Using a cached neff at /home/ubuntu/neuron_cache_e2e/neuronxcc-2.23.6484.0+3b612583/MODULE_8581184631312811179+e30acd3a/model.neff
2026-09-09 08:52:58.000027:  69490  [INFO]: Using a cached neff at /home/ubuntu/neuron_cache_e2e/neuronxcc-2.23.6484.0+3b612583/MODULE_8581184631312811179+e30acd3a/model.neff
2026-09-09 08:52:58.000027:  69489  [INFO]: Using a cached neff at /home/ubuntu/neuron_cache_e2e/neuronxcc-2.23.6484.0+3b612583/MODULE_8581184631312811179+e30acd3a/model.neff
2026-09-09 08:52:58.000027:  69475  [INFO]: Using a cached neff at /home/ubuntu/neuron_cache_e2e/neuronxcc-2.23.6484.0+3b612583/MODULE_8581184631312811179+e30acd3a/model.neff
2026-09-09 08:52:58.000291:  69472  [INFO]: Using a cached neff at /home/ubuntu/neuron_cache_e2e/neuronxcc-2.23.6484.0+3b612583/MODULE_8581184631312811179+e30acd3a/model.neff
2026-09-09 08:52:58.000291:  69469  [INFO]: Using a cached neff at /home/ubuntu/neuron_cache_e2e/neuronxcc-2.23.6484.0+3b612583/MODULE_8581184631312811179+e30acd3a/model.neff
2026-09-09 08:52:58.000291:  69480  [INFO]: Using a cached neff at /home/ubuntu/neuron_cache_e2e/neuronxcc-2.23.6484.0+3b612583/MODULE_8581184631312811179+e30acd3a/model.neff
2026-09-09 08:52:58.000301:  69483  [INFO]: Using a cached neff at /home/ubuntu/neuron_cache_e2e/neuronxcc-2.23.6484.0+3b612583/MODULE_8581184631312811179+e30acd3a/model.neff
/home/ubuntu/train_llama10b_tp_families.py:627: DeprecationWarning: Use torch_xla.sync instead
  xm.mark_step()
/home/ubuntu/train_llama10b_tp_families.py:627: DeprecationWarning: Use torch_xla.sync instead
  xm.mark_step()
/home/ubuntu/train_llama10b_tp_families.py:627: DeprecationWarning: Use torch_xla.sync instead
  xm.mark_step()
/home/ubuntu/train_llama10b_tp_families.py:627: DeprecationWarning: Use torch_xla.sync instead
  xm.mark_step()
/home/ubuntu/train_llama10b_tp_families.py:627: DeprecationWarning: Use torch_xla.sync instead
  xm.mark_step()
/home/ubuntu/train_llama10b_tp_families.py:627: DeprecationWarning: Use torch_xla.sync instead
  xm.mark_step()
/home/ubuntu/train_llama10b_tp_families.py:627: DeprecationWarning: Use torch_xla.sync instead
  xm.mark_step()
/home/ubuntu/train_llama10b_tp_families.py:627: DeprecationWarning: Use torch_xla.sync instead
  xm.mark_step()
/home/ubuntu/train_llama10b_tp_families.py:627: DeprecationWarning: Use torch_xla.sync instead
  xm.mark_step()
/home/ubuntu/train_llama10b_tp_families.py:627: DeprecationWarning: Use torch_xla.sync instead
  xm.mark_step()
/home/ubuntu/train_llama10b_tp_families.py:627: DeprecationWarning: Use torch_xla.sync instead
  xm.mark_step()
/home/ubuntu/train_llama10b_tp_families.py:627: DeprecationWarning: Use torch_xla.sync instead
  xm.mark_step()
/home/ubuntu/train_llama10b_tp_families.py:627: DeprecationWarning: Use torch_xla.sync instead
  xm.mark_step()
/home/ubuntu/train_llama10b_tp_families.py:627: DeprecationWarning: Use torch_xla.sync instead
  xm.mark_step()
/home/ubuntu/train_llama10b_tp_families.py:627: DeprecationWarning: Use torch_xla.sync instead
  xm.mark_step()
/home/ubuntu/train_llama10b_tp_families.py:627: DeprecationWarning: Use torch_xla.sync instead
  xm.mark_step()
/home/ubuntu/train_llama10b_tp_families.py:627: DeprecationWarning: Use torch_xla.sync instead
  xm.mark_step()
/home/ubuntu/train_llama10b_tp_families.py:627: DeprecationWarning: Use torch_xla.sync instead
  xm.mark_step()
/home/ubuntu/train_llama10b_tp_families.py:627: DeprecationWarning: Use torch_xla.sync instead
  xm.mark_step()
/home/ubuntu/train_llama10b_tp_families.py:627: DeprecationWarning: Use torch_xla.sync instead
  xm.mark_step()
/home/ubuntu/train_llama10b_tp_families.py:627: DeprecationWarning: Use torch_xla.sync instead
  xm.mark_step()
/home/ubuntu/train_llama10b_tp_families.py:627: DeprecationWarning: Use torch_xla.sync instead
  xm.mark_step()
/home/ubuntu/train_llama10b_tp_families.py:627: DeprecationWarning: Use torch_xla.sync instead
  xm.mark_step()
/home/ubuntu/train_llama10b_tp_families.py:627: DeprecationWarning: Use torch_xla.sync instead
  xm.mark_step()
/home/ubuntu/train_llama10b_tp_families.py:627: DeprecationWarning: Use torch_xla.sync instead
  xm.mark_step()
/home/ubuntu/train_llama10b_tp_families.py:627: DeprecationWarning: Use torch_xla.sync instead
  xm.mark_step()
/home/ubuntu/train_llama10b_tp_families.py:627: DeprecationWarning: Use torch_xla.sync instead
  xm.mark_step()
/home/ubuntu/train_llama10b_tp_families.py:627: DeprecationWarning: Use torch_xla.sync instead
  xm.mark_step()
/home/ubuntu/train_llama10b_tp_families.py:627: DeprecationWarning: Use torch_xla.sync instead
  xm.mark_step()
/home/ubuntu/train_llama10b_tp_families.py:627: DeprecationWarning: Use torch_xla.sync instead
  xm.mark_step()

Compiler status PASS
2026-09-09 08:53:06.000439:  69487  [INFO]: Compilation Successfully Completed for model.MODULE_9715013359532217420+e30acd3a.hlo_module.pb
/home/ubuntu/train_llama10b_tp_families.py:644: DeprecationWarning: Use torch_xla.sync instead
  xm.mark_step()
2026-09-09 08:53:06.000881:  69487  [INFO]: Using a cached neff at /home/ubuntu/neuron_cache_e2e/neuronxcc-2.23.6484.0+3b612583/MODULE_14060166962429309307+e30acd3a/model.neff
2026-09-09 08:53:06.000892:  69491  [INFO]: Using a cached neff at /home/ubuntu/neuron_cache_e2e/neuronxcc-2.23.6484.0+3b612583/MODULE_9715013359532217420+e30acd3a/model.neff
2026-09-09 08:53:06.000914:  69487  [INFO]: Using a cached neff at /home/ubuntu/neuron_cache_e2e/neuronxcc-2.23.6484.0+3b612583/MODULE_9156856424950103227+e30acd3a/model.neff
/home/ubuntu/train_llama10b_tp_families.py:644: DeprecationWarning: Use torch_xla.sync instead
  xm.mark_step()
2026-09-09 08:53:07.000351:  69491  [INFO]: Using a cached neff at /home/ubuntu/neuron_cache_e2e/neuronxcc-2.23.6484.0+3b612583/MODULE_14060166962429309307+e30acd3a/model.neff
2026-09-09 08:53:07.000386:  69491  [INFO]: Using a cached neff at /home/ubuntu/neuron_cache_e2e/neuronxcc-2.23.6484.0+3b612583/MODULE_9156856424950103227+e30acd3a/model.neff
2026-09-09 08:53:08.000726:  69493  [INFO]: Using a cached neff at /home/ubuntu/neuron_cache_e2e/neuronxcc-2.23.6484.0+3b612583/MODULE_9715013359532217420+e30acd3a/model.neff
2026-09-09 08:53:08.000801:  69486  [INFO]: Using a cached neff at /home/ubuntu/neuron_cache_e2e/neuronxcc-2.23.6484.0+3b612583/MODULE_9715013359532217420+e30acd3a/model.neff
2026-09-09 08:53:08.000877:  69473  [INFO]: Using a cached neff at /home/ubuntu/neuron_cache_e2e/neuronxcc-2.23.6484.0+3b612583/MODULE_9715013359532217420+e30acd3a/model.neff
2026-09-09 08:53:09.000016:  69490  [INFO]: Using a cached neff at /home/ubuntu/neuron_cache_e2e/neuronxcc-2.23.6484.0+3b612583/MODULE_9715013359532217420+e30acd3a/model.neff
2026-09-09 08:53:09.000057:  69488  [INFO]: Using a cached neff at /home/ubuntu/neuron_cache_e2e/neuronxcc-2.23.6484.0+3b612583/MODULE_9715013359532217420+e30acd3a/model.neff
2026-09-09 08:53:09.000075:  69470  [INFO]: Using a cached neff at /home/ubuntu/neuron_cache_e2e/neuronxcc-2.23.6484.0+3b612583/MODULE_9715013359532217420+e30acd3a/model.neff
2026-09-09 08:53:09.000080:  69487  [INFO]: Using a cached neff at /home/ubuntu/neuron_cache_e2e/neuronxcc-2.23.6484.0+3b612583/MODULE_5822669904513104586+e30acd3a/model.neff
2026-09-09 08:53:09.000108:  69487  [INFO]: Using a cached neff at /home/ubuntu/neuron_cache_e2e/neuronxcc-2.23.6484.0+3b612583/MODULE_2373622694781085304+e30acd3a/model.neff
2026-09-09 08:53:09.000134:  69487  [INFO]: Using a cached neff at /home/ubuntu/neuron_cache_e2e/neuronxcc-2.23.6484.0+3b612583/MODULE_15546749088224118202+e30acd3a/model.neff
/home/ubuntu/train_llama10b_tp_families.py:644: DeprecationWarning: Use torch_xla.sync instead
  xm.mark_step()
2026-09-09 08:53:09.000161:  69487  [INFO]: Using a cached neff at /home/ubuntu/neuron_cache_e2e/neuronxcc-2.23.6484.0+3b612583/MODULE_6795776154388623675+e30acd3a/model.neff
2026-09-09 08:53:09.000169:  69493  [INFO]: Using a cached neff at /home/ubuntu/neuron_cache_e2e/neuronxcc-2.23.6484.0+3b612583/MODULE_14060166962429309307+e30acd3a/model.neff
2026-09-09 08:53:09.000173:  69498  [INFO]: Using a cached neff at /home/ubuntu/neuron_cache_e2e/neuronxcc-2.23.6484.0+3b612583/MODULE_9715013359532217420+e30acd3a/model.neff
2026-09-09 08:53:09.000196:  69487  [INFO]: Using a cached neff at /home/ubuntu/neuron_cache_e2e/neuronxcc-2.23.6484.0+3b612583/MODULE_6773386797833768649+e30acd3a/model.neff
2026-09-09 08:53:09.000202:  69493  [INFO]: Using a cached neff at /home/ubuntu/neuron_cache_e2e/neuronxcc-2.23.6484.0+3b612583/MODULE_9156856424950103227+e30acd3a/model.neff
2026-09-09 08:53:09.000226:  69487  [INFO]: Using a cached neff at /home/ubuntu/neuron_cache_e2e/neuronxcc-2.23.6484.0+3b612583/MODULE_14849796531781449780+e30acd3a/model.neff
/home/ubuntu/train_llama10b_tp_families.py:644: DeprecationWarning: Use torch_xla.sync instead
  xm.mark_step()
2026-09-09 08:53:09.000240:  69486  [INFO]: Using a cached neff at /home/ubuntu/neuron_cache_e2e/neuronxcc-2.23.6484.0+3b612583/MODULE_14060166962429309307+e30acd3a/model.neff
2026-09-09 08:53:09.000254:  69487  [INFO]: Using a cached neff at /home/ubuntu/neuron_cache_e2e/neuronxcc-2.23.6484.0+3b612583/MODULE_15914079002818025199+e30acd3a/model.neff
2026-09-09 08:53:09.000272:  69486  [INFO]: Using a cached neff at /home/ubuntu/neuron_cache_e2e/neuronxcc-2.23.6484.0+3b612583/MODULE_9156856424950103227+e30acd3a/model.neff
2026-09-09 08:53:09.000279:  69487  [INFO]: Using a cached neff at /home/ubuntu/neuron_cache_e2e/neuronxcc-2.23.6484.0+3b612583/MODULE_13744807807430301687+e30acd3a/model.neff
/home/ubuntu/train_llama10b_tp_families.py:645: DeprecationWarning: Use torch_xla.sync instead
  xm.mark_step()   # slice: copy-back done
2026-09-09 08:53:09.000304:  69487  [INFO]: Using a cached neff at /home/ubuntu/neuron_cache_e2e/neuronxcc-2.23.6484.0+3b612583/MODULE_15427396631935572758+e30acd3a/model.neff
/home/ubuntu/train_llama10b_tp_families.py:644: DeprecationWarning: Use torch_xla.sync instead
  xm.mark_step()
2026-09-09 08:53:09.000317:  69473  [INFO]: Using a cached neff at /home/ubuntu/neuron_cache_e2e/neuronxcc-2.23.6484.0+3b612583/MODULE_14060166962429309307+e30acd3a/model.neff
/home/ubuntu/train_llama10b_tp_families.py:653: DeprecationWarning: Use torch_xla.sync instead
  xm.mark_step()
2026-09-09 08:53:09.000349:  69473  [INFO]: Using a cached neff at /home/ubuntu/neuron_cache_e2e/neuronxcc-2.23.6484.0+3b612583/MODULE_9156856424950103227+e30acd3a/model.neff
2026-09-09 08:53:09.000436:  69487  [INFO]: Using a cached neff at /home/ubuntu/neuron_cache_e2e/neuronxcc-2.23.6484.0+3b612583/MODULE_256651043009643160+e30acd3a/model.neff
/home/ubuntu/train_llama10b_tp_families.py:644: DeprecationWarning: Use torch_xla.sync instead
  xm.mark_step()
2026-09-09 08:53:09.000474:  69490  [INFO]: Using a cached neff at /home/ubuntu/neuron_cache_e2e/neuronxcc-2.23.6484.0+3b612583/MODULE_14060166962429309307+e30acd3a/model.neff
/home/ubuntu/train_llama10b_tp_families.py:644: DeprecationWarning: Use torch_xla.sync instead
  xm.mark_step()
2026-09-09 08:53:09.000507:  69488  [INFO]: Using a cached neff at /home/ubuntu/neuron_cache_e2e/neuronxcc-2.23.6484.0+3b612583/MODULE_14060166962429309307+e30acd3a/model.neff
2026-09-09 08:53:09.000507:  69490  [INFO]: Using a cached neff at /home/ubuntu/neuron_cache_e2e/neuronxcc-2.23.6484.0+3b612583/MODULE_9156856424950103227+e30acd3a/model.neff
/home/ubuntu/train_llama10b_tp_families.py:644: DeprecationWarning: Use torch_xla.sync instead
  xm.mark_step()
2026-09-09 08:53:09.000521:  69487  [INFO]: Using a cached neff at /home/ubuntu/neuron_cache_e2e/neuronxcc-2.23.6484.0+3b612583/MODULE_14874200043798254035+e30acd3a/model.neff
2026-09-09 08:53:09.000531:  69470  [INFO]: Using a cached neff at /home/ubuntu/neuron_cache_e2e/neuronxcc-2.23.6484.0+3b612583/MODULE_14060166962429309307+e30acd3a/model.neff
/home/ubuntu/train_llama10b_tp_families.py:436: DeprecationWarning: Use torch_xla.sync instead
  xm.mark_step()
2026-09-09 08:53:09.000541:  69488  [INFO]: Using a cached neff at /home/ubuntu/neuron_cache_e2e/neuronxcc-2.23.6484.0+3b612583/MODULE_9156856424950103227+e30acd3a/model.neff
/home/ubuntu/train_llama10b_tp_families.py:443: DeprecationWarning: Use torch_xla.sync instead
  xm.mark_step()
2026-09-09 08:53:09.000565:  69470  [INFO]: Using a cached neff at /home/ubuntu/neuron_cache_e2e/neuronxcc-2.23.6484.0+3b612583/MODULE_9156856424950103227+e30acd3a/model.neff
/home/ubuntu/train_llama10b_tp_families.py:644: DeprecationWarning: Use torch_xla.sync instead
  xm.mark_step()
2026-09-09 08:53:09.000633:  69498  [INFO]: Using a cached neff at /home/ubuntu/neuron_cache_e2e/neuronxcc-2.23.6484.0+3b612583/MODULE_14060166962429309307+e30acd3a/model.neff
2026-09-09 08:53:09.000644:  69475  [INFO]: Using a cached neff at /home/ubuntu/neuron_cache_e2e/neuronxcc-2.23.6484.0+3b612583/MODULE_9715013359532217420+e30acd3a/model.neff
2026-09-09 08:53:09.000665:  69498  [INFO]: Using a cached neff at /home/ubuntu/neuron_cache_e2e/neuronxcc-2.23.6484.0+3b612583/MODULE_9156856424950103227+e30acd3a/model.neff
2026-09-09 08:53:09.000806:  69482  [INFO]: Using a cached neff at /home/ubuntu/neuron_cache_e2e/neuronxcc-2.23.6484.0+3b612583/MODULE_9715013359532217420+e30acd3a/model.neff
2026-09-09 08:53:09.000838:  69468  [INFO]: Using a cached neff at /home/ubuntu/neuron_cache_e2e/neuronxcc-2.23.6484.0+3b612583/MODULE_9715013359532217420+e30acd3a/model.neff
2026-09-09 08:53:09.000848:  69472  [INFO]: Using a cached neff at /home/ubuntu/neuron_cache_e2e/neuronxcc-2.23.6484.0+3b612583/MODULE_9715013359532217420+e30acd3a/model.neff
2026-09-09 08:53:09.000867:  69467  [INFO]: Using a cached neff at /home/ubuntu/neuron_cache_e2e/neuronxcc-2.23.6484.0+3b612583/MODULE_9715013359532217420+e30acd3a/model.neff
2026-09-09 08:53:10.000000:  69489  [INFO]: Using a cached neff at /home/ubuntu/neuron_cache_e2e/neuronxcc-2.23.6484.0+3b612583/MODULE_9715013359532217420+e30acd3a/model.neff
2026-09-09 08:53:10.000029:  69481  [INFO]: Using a cached neff at /home/ubuntu/neuron_cache_e2e/neuronxcc-2.23.6484.0+3b612583/MODULE_9715013359532217420+e30acd3a/model.neff
2026-09-09 08:53:10.000033:  69483  [INFO]: Using a cached neff at /home/ubuntu/neuron_cache_e2e/neuronxcc-2.23.6484.0+3b612583/MODULE_9715013359532217420+e30acd3a/model.neff
2026-09-09 08:53:10.000053:  69478  [INFO]: Using a cached neff at /home/ubuntu/neuron_cache_e2e/neuronxcc-2.23.6484.0+3b612583/MODULE_9715013359532217420+e30acd3a/model.neff
/home/ubuntu/train_llama10b_tp_families.py:644: DeprecationWarning: Use torch_xla.sync instead
  xm.mark_step()
2026-09-09 08:53:10.000097:  69475  [INFO]: Using a cached neff at /home/ubuntu/neuron_cache_e2e/neuronxcc-2.23.6484.0+3b612583/MODULE_14060166962429309307+e30acd3a/model.neff
2026-09-09 08:53:10.000132:  69475  [INFO]: Using a cached neff at /home/ubuntu/neuron_cache_e2e/neuronxcc-2.23.6484.0+3b612583/MODULE_9156856424950103227+e30acd3a/model.neff
/home/ubuntu/train_llama10b_tp_families.py:644: DeprecationWarning: Use torch_xla.sync instead
  xm.mark_step()
2026-09-09 08:53:10.000286:  69468  [INFO]: Using a cached neff at /home/ubuntu/neuron_cache_e2e/neuronxcc-2.23.6484.0+3b612583/MODULE_14060166962429309307+e30acd3a/model.neff
/home/ubuntu/train_llama10b_tp_families.py:644: DeprecationWarning: Use torch_xla.sync instead
  xm.mark_step()
/home/ubuntu/train_llama10b_tp_families.py:644: DeprecationWarning: Use torch_xla.sync instead
  xm.mark_step()
2026-09-09 08:53:10.000313:  69472  [INFO]: Using a cached neff at /home/ubuntu/neuron_cache_e2e/neuronxcc-2.23.6484.0+3b612583/MODULE_14060166962429309307+e30acd3a/model.neff
2026-09-09 08:53:10.000319:  69468  [INFO]: Using a cached neff at /home/ubuntu/neuron_cache_e2e/neuronxcc-2.23.6484.0+3b612583/MODULE_9156856424950103227+e30acd3a/model.neff
2026-09-09 08:53:10.000324:  69467  [INFO]: Using a cached neff at /home/ubuntu/neuron_cache_e2e/neuronxcc-2.23.6484.0+3b612583/MODULE_14060166962429309307+e30acd3a/model.neff
2026-09-09 08:53:10.000330:  69493  [INFO]: Using a cached neff at /home/ubuntu/neuron_cache_e2e/neuronxcc-2.23.6484.0+3b612583/MODULE_5822669904513104586+e30acd3a/model.neff
/home/ubuntu/train_llama10b_tp_families.py:644: DeprecationWarning: Use torch_xla.sync instead
  xm.mark_step()
2026-09-09 08:53:10.000341:  69473  [INFO]: Using a cached neff at /home/ubuntu/neuron_cache_e2e/neuronxcc-2.23.6484.0+3b612583/MODULE_5822669904513104586+e30acd3a/model.neff
2026-09-09 08:53:10.000343:  69470  [INFO]: Using a cached neff at /home/ubuntu/neuron_cache_e2e/neuronxcc-2.23.6484.0+3b612583/MODULE_5822669904513104586+e30acd3a/model.neff
2026-09-09 08:53:10.000343:  69482  [INFO]: Using a cached neff at /home/ubuntu/neuron_cache_e2e/neuronxcc-2.23.6484.0+3b612583/MODULE_14060166962429309307+e30acd3a/model.neff
2026-09-09 08:53:10.000347:  69472  [INFO]: Using a cached neff at /home/ubuntu/neuron_cache_e2e/neuronxcc-2.23.6484.0+3b612583/MODULE_9156856424950103227+e30acd3a/model.neff
2026-09-09 08:53:10.000357:  69498  [INFO]: Using a cached neff at /home/ubuntu/neuron_cache_e2e/neuronxcc-2.23.6484.0+3b612583/MODULE_5822669904513104586+e30acd3a/model.neff
2026-09-09 08:53:10.000358:  69493  [INFO]: Using a cached neff at /home/ubuntu/neuron_cache_e2e/neuronxcc-2.23.6484.0+3b612583/MODULE_2373622694781085304+e30acd3a/model.neff
2026-09-09 08:53:10.000365:  69467  [INFO]: Using a cached neff at /home/ubuntu/neuron_cache_e2e/neuronxcc-2.23.6484.0+3b612583/MODULE_9156856424950103227+e30acd3a/model.neff
2026-09-09 08:53:10.000369:  69473  [INFO]: Using a cached neff at /home/ubuntu/neuron_cache_e2e/neuronxcc-2.23.6484.0+3b612583/MODULE_2373622694781085304+e30acd3a/model.neff
2026-09-09 08:53:10.000373:  69470  [INFO]: Using a cached neff at /home/ubuntu/neuron_cache_e2e/neuronxcc-2.23.6484.0+3b612583/MODULE_2373622694781085304+e30acd3a/model.neff
2026-09-09 08:53:10.000377:  69482  [INFO]: Using a cached neff at /home/ubuntu/neuron_cache_e2e/neuronxcc-2.23.6484.0+3b612583/MODULE_9156856424950103227+e30acd3a/model.neff
2026-09-09 08:53:10.000386:  69493  [INFO]: Using a cached neff at /home/ubuntu/neuron_cache_e2e/neuronxcc-2.23.6484.0+3b612583/MODULE_15546749088224118202+e30acd3a/model.neff
2026-09-09 08:53:10.000387:  69488  [INFO]: Using a cached neff at /home/ubuntu/neuron_cache_e2e/neuronxcc-2.23.6484.0+3b612583/MODULE_5822669904513104586+e30acd3a/model.neff
2026-09-09 08:53:10.000389:  69498  [INFO]: Using a cached neff at /home/ubuntu/neuron_cache_e2e/neuronxcc-2.23.6484.0+3b612583/MODULE_2373622694781085304+e30acd3a/model.neff
2026-09-09 08:53:10.000398:  69473  [INFO]: Using a cached neff at /home/ubuntu/neuron_cache_e2e/neuronxcc-2.23.6484.0+3b612583/MODULE_15546749088224118202+e30acd3a/model.neff
2026-09-09 08:53:10.000401:  69470  [INFO]: Using a cached neff at /home/ubuntu/neuron_cache_e2e/neuronxcc-2.23.6484.0+3b612583/MODULE_15546749088224118202+e30acd3a/model.neff
2026-09-09 08:53:10.000413:  69493  [INFO]: Using a cached neff at /home/ubuntu/neuron_cache_e2e/neuronxcc-2.23.6484.0+3b612583/MODULE_6795776154388623675+e30acd3a/model.neff
2026-09-09 08:53:10.000416:  69488  [INFO]: Using a cached neff at /home/ubuntu/neuron_cache_e2e/neuronxcc-2.23.6484.0+3b612583/MODULE_2373622694781085304+e30acd3a/model.neff
2026-09-09 08:53:10.000417:  69498  [INFO]: Using a cached neff at /home/ubuntu/neuron_cache_e2e/neuronxcc-2.23.6484.0+3b612583/MODULE_15546749088224118202+e30acd3a/model.neff
2026-09-09 08:53:10.000427:  69473  [INFO]: Using a cached neff at /home/ubuntu/neuron_cache_e2e/neuronxcc-2.23.6484.0+3b612583/MODULE_6795776154388623675+e30acd3a/model.neff
2026-09-09 08:53:10.000429:  69470  [INFO]: Using a cached neff at /home/ubuntu/neuron_cache_e2e/neuronxcc-2.23.6484.0+3b612583/MODULE_6795776154388623675+e30acd3a/model.neff
/home/ubuntu/train_llama10b_tp_families.py:644: DeprecationWarning: Use torch_xla.sync instead
  xm.mark_step()
2026-09-09 08:53:10.000444:  69488  [INFO]: Using a cached neff at /home/ubuntu/neuron_cache_e2e/neuronxcc-2.23.6484.0+3b612583/MODULE_15546749088224118202+e30acd3a/model.neff
2026-09-09 08:53:10.000444:  69498  [INFO]: Using a cached neff at /home/ubuntu/neuron_cache_e2e/neuronxcc-2.23.6484.0+3b612583/MODULE_6795776154388623675+e30acd3a/model.neff
2026-09-09 08:53:10.000447:  69489  [INFO]: Using a cached neff at /home/ubuntu/neuron_cache_e2e/neuronxcc-2.23.6484.0+3b612583/MODULE_14060166962429309307+e30acd3a/model.neff
2026-09-09 08:53:10.000450:  69493  [INFO]: Using a cached neff at /home/ubuntu/neuron_cache_e2e/neuronxcc-2.23.6484.0+3b612583/MODULE_6773386797833768649+e30acd3a/model.neff
2026-09-09 08:53:10.000463:  69473  [INFO]: Using a cached neff at /home/ubuntu/neuron_cache_e2e/neuronxcc-2.23.6484.0+3b612583/MODULE_6773386797833768649+e30acd3a/model.neff
2026-09-09 08:53:10.000468:  69470  [INFO]: Using a cached neff at /home/ubuntu/neuron_cache_e2e/neuronxcc-2.23.6484.0+3b612583/MODULE_6773386797833768649+e30acd3a/model.neff
2026-09-09 08:53:10.000472:  69488  [INFO]: Using a cached neff at /home/ubuntu/neuron_cache_e2e/neuronxcc-2.23.6484.0+3b612583/MODULE_6795776154388623675+e30acd3a/model.neff
2026-09-09 08:53:10.000480:  69498  [INFO]: Using a cached neff at /home/ubuntu/neuron_cache_e2e/neuronxcc-2.23.6484.0+3b612583/MODULE_6773386797833768649+e30acd3a/model.neff
2026-09-09 08:53:10.000481:  69489  [INFO]: Using a cached neff at /home/ubuntu/neuron_cache_e2e/neuronxcc-2.23.6484.0+3b612583/MODULE_9156856424950103227+e30acd3a/model.neff
2026-09-09 08:53:10.000481:  69493  [INFO]: Using a cached neff at /home/ubuntu/neuron_cache_e2e/neuronxcc-2.23.6484.0+3b612583/MODULE_14849796531781449780+e30acd3a/model.neff
/home/ubuntu/train_llama10b_tp_families.py:644: DeprecationWarning: Use torch_xla.sync instead
  xm.mark_step()
/home/ubuntu/train_llama10b_tp_families.py:644: DeprecationWarning: Use torch_xla.sync instead
  xm.mark_step()
2026-09-09 08:53:10.000494:  69483  [INFO]: Using a cached neff at /home/ubuntu/neuron_cache_e2e/neuronxcc-2.23.6484.0+3b612583/MODULE_14060166962429309307+e30acd3a/model.neff
/home/ubuntu/train_llama10b_tp_families.py:644: DeprecationWarning: Use torch_xla.sync instead
  xm.mark_step()
2026-09-09 08:53:10.000495:  69473  [INFO]: Using a cached neff at /home/ubuntu/neuron_cache_e2e/neuronxcc-2.23.6484.0+3b612583/MODULE_14849796531781449780+e30acd3a/model.neff
2026-09-09 08:53:10.000499:  69478  [INFO]: Using a cached neff at /home/ubuntu/neuron_cache_e2e/neuronxcc-2.23.6484.0+3b612583/MODULE_14060166962429309307+e30acd3a/model.neff
2026-09-09 08:53:10.000503:  69470  [INFO]: Using a cached neff at /home/ubuntu/neuron_cache_e2e/neuronxcc-2.23.6484.0+3b612583/MODULE_14849796531781449780+e30acd3a/model.neff
2026-09-09 08:53:10.000507:  69481  [INFO]: Using a cached neff at /home/ubuntu/neuron_cache_e2e/neuronxcc-2.23.6484.0+3b612583/MODULE_14060166962429309307+e30acd3a/model.neff
2026-09-09 08:53:10.000510:  69493  [INFO]: Using a cached neff at /home/ubuntu/neuron_cache_e2e/neuronxcc-2.23.6484.0+3b612583/MODULE_15914079002818025199+e30acd3a/model.neff
2026-09-09 08:53:10.000510:  69488  [INFO]: Using a cached neff at /home/ubuntu/neuron_cache_e2e/neuronxcc-2.23.6484.0+3b612583/MODULE_6773386797833768649+e30acd3a/model.neff
2026-09-09 08:53:10.000517:  69498  [INFO]: Using a cached neff at /home/ubuntu/neuron_cache_e2e/neuronxcc-2.23.6484.0+3b612583/MODULE_14849796531781449780+e30acd3a/model.neff
2026-09-09 08:53:10.000526:  69473  [INFO]: Using a cached neff at /home/ubuntu/neuron_cache_e2e/neuronxcc-2.23.6484.0+3b612583/MODULE_15914079002818025199+e30acd3a/model.neff
2026-09-09 08:53:10.000533:  69483  [INFO]: Using a cached neff at /home/ubuntu/neuron_cache_e2e/neuronxcc-2.23.6484.0+3b612583/MODULE_9156856424950103227+e30acd3a/model.neff
2026-09-09 08:53:10.000536:  69478  [INFO]: Using a cached neff at /home/ubuntu/neuron_cache_e2e/neuronxcc-2.23.6484.0+3b612583/MODULE_9156856424950103227+e30acd3a/model.neff
2026-09-09 08:53:10.000542:  69493  [INFO]: Using a cached neff at /home/ubuntu/neuron_cache_e2e/neuronxcc-2.23.6484.0+3b612583/MODULE_13744807807430301687+e30acd3a/model.neff
2026-09-09 08:53:10.000544:  69470  [INFO]: Using a cached neff at /home/ubuntu/neuron_cache_e2e/neuronxcc-2.23.6484.0+3b612583/MODULE_15914079002818025199+e30acd3a/model.neff
2026-09-09 08:53:10.000548:  69481  [INFO]: Using a cached neff at /home/ubuntu/neuron_cache_e2e/neuronxcc-2.23.6484.0+3b612583/MODULE_9156856424950103227+e30acd3a/model.neff
2026-09-09 08:53:10.000551:  69488  [INFO]: Using a cached neff at /home/ubuntu/neuron_cache_e2e/neuronxcc-2.23.6484.0+3b612583/MODULE_14849796531781449780+e30acd3a/model.neff
2026-09-09 08:53:10.000551:  69498  [INFO]: Using a cached neff at /home/ubuntu/neuron_cache_e2e/neuronxcc-2.23.6484.0+3b612583/MODULE_15914079002818025199+e30acd3a/model.neff
2026-09-09 08:53:10.000559:  69473  [INFO]: Using a cached neff at /home/ubuntu/neuron_cache_e2e/neuronxcc-2.23.6484.0+3b612583/MODULE_13744807807430301687+e30acd3a/model.neff
/home/ubuntu/train_llama10b_tp_families.py:645: DeprecationWarning: Use torch_xla.sync instead
  xm.mark_step()   # slice: copy-back done
2026-09-09 08:53:10.000566:  69476  [INFO]: Using a cached neff at /home/ubuntu/neuron_cache_e2e/neuronxcc-2.23.6484.0+3b612583/MODULE_9715013359532217420+e30acd3a/model.neff
2026-09-09 08:53:10.000573:  69493  [INFO]: Using a cached neff at /home/ubuntu/neuron_cache_e2e/neuronxcc-2.23.6484.0+3b612583/MODULE_15427396631935572758+e30acd3a/model.neff
/home/ubuntu/train_llama10b_tp_families.py:645: DeprecationWarning: Use torch_xla.sync instead
  xm.mark_step()   # slice: copy-back done
2026-09-09 08:53:10.000582:  69470  [INFO]: Using a cached neff at /home/ubuntu/neuron_cache_e2e/neuronxcc-2.23.6484.0+3b612583/MODULE_13744807807430301687+e30acd3a/model.neff
2026-09-09 08:53:10.000583:  69488  [INFO]: Using a cached neff at /home/ubuntu/neuron_cache_e2e/neuronxcc-2.23.6484.0+3b612583/MODULE_15914079002818025199+e30acd3a/model.neff
2026-09-09 08:53:10.000585:  69498  [INFO]: Using a cached neff at /home/ubuntu/neuron_cache_e2e/neuronxcc-2.23.6484.0+3b612583/MODULE_13744807807430301687+e30acd3a/model.neff
2026-09-09 08:53:10.000589:  69473  [INFO]: Using a cached neff at /home/ubuntu/neuron_cache_e2e/neuronxcc-2.23.6484.0+3b612583/MODULE_15427396631935572758+e30acd3a/model.neff
/home/ubuntu/train_llama10b_tp_families.py:653: DeprecationWarning: Use torch_xla.sync instead
  xm.mark_step()
/home/ubuntu/train_llama10b_tp_families.py:645: DeprecationWarning: Use torch_xla.sync instead
  xm.mark_step()   # slice: copy-back done
/home/ubuntu/train_llama10b_tp_families.py:653: DeprecationWarning: Use torch_xla.sync instead
  xm.mark_step()
2026-09-09 08:53:10.000613:  69498  [INFO]: Using a cached neff at /home/ubuntu/neuron_cache_e2e/neuronxcc-2.23.6484.0+3b612583/MODULE_15427396631935572758+e30acd3a/model.neff
/home/ubuntu/train_llama10b_tp_families.py:645: DeprecationWarning: Use torch_xla.sync instead
  xm.mark_step()   # slice: copy-back done
2026-09-09 08:53:10.000616:  69488  [INFO]: Using a cached neff at /home/ubuntu/neuron_cache_e2e/neuronxcc-2.23.6484.0+3b612583/MODULE_13744807807430301687+e30acd3a/model.neff
2026-09-09 08:53:10.000619:  69497  [INFO]: Using a cached neff at /home/ubuntu/neuron_cache_e2e/neuronxcc-2.23.6484.0+3b612583/MODULE_9715013359532217420+e30acd3a/model.neff
2026-09-09 08:53:10.000623:  69470  [INFO]: Using a cached neff at /home/ubuntu/neuron_cache_e2e/neuronxcc-2.23.6484.0+3b612583/MODULE_15427396631935572758+e30acd3a/model.neff
2026-09-09 08:53:10.000626:  69479  [INFO]: Using a cached neff at /home/ubuntu/neuron_cache_e2e/neuronxcc-2.23.6484.0+3b612583/MODULE_9715013359532217420+e30acd3a/model.neff
2026-09-09 08:53:10.000630:  69477  [INFO]: Using a cached neff at /home/ubuntu/neuron_cache_e2e/neuronxcc-2.23.6484.0+3b612583/MODULE_9715013359532217420+e30acd3a/model.neff
/home/ubuntu/train_llama10b_tp_families.py:653: DeprecationWarning: Use torch_xla.sync instead
  xm.mark_step()
/home/ubuntu/train_llama10b_tp_families.py:645: DeprecationWarning: Use torch_xla.sync instead
  xm.mark_step()   # slice: copy-back done
2026-09-09 08:53:10.000647:  69488  [INFO]: Using a cached neff at /home/ubuntu/neuron_cache_e2e/neuronxcc-2.23.6484.0+3b612583/MODULE_15427396631935572758+e30acd3a/model.neff
/home/ubuntu/train_llama10b_tp_families.py:653: DeprecationWarning: Use torch_xla.sync instead
  xm.mark_step()
2026-09-09 08:53:10.000652:  69471  [INFO]: Using a cached neff at /home/ubuntu/neuron_cache_e2e/neuronxcc-2.23.6484.0+3b612583/MODULE_9715013359532217420+e30acd3a/model.neff
/home/ubuntu/train_llama10b_tp_families.py:653: DeprecationWarning: Use torch_xla.sync instead
  xm.mark_step()
2026-09-09 08:53:10.000725:  69493  [INFO]: Using a cached neff at /home/ubuntu/neuron_cache_e2e/neuronxcc-2.23.6484.0+3b612583/MODULE_256651043009643160+e30acd3a/model.neff
2026-09-09 08:53:10.000742:  69473  [INFO]: Using a cached neff at /home/ubuntu/neuron_cache_e2e/neuronxcc-2.23.6484.0+3b612583/MODULE_256651043009643160+e30acd3a/model.neff
2026-09-09 08:53:10.000765:  69498  [INFO]: Using a cached neff at /home/ubuntu/neuron_cache_e2e/neuronxcc-2.23.6484.0+3b612583/MODULE_256651043009643160+e30acd3a/model.neff
2026-09-09 08:53:10.000784:  69480  [INFO]: Using a cached neff at /home/ubuntu/neuron_cache_e2e/neuronxcc-2.23.6484.0+3b612583/MODULE_9715013359532217420+e30acd3a/model.neff
2026-09-09 08:53:10.000791:  69492  [INFO]: Using a cached neff at /home/ubuntu/neuron_cache_e2e/neuronxcc-2.23.6484.0+3b612583/MODULE_9715013359532217420+e30acd3a/model.neff
2026-09-09 08:53:10.000792:  69494  [INFO]: Using a cached neff at /home/ubuntu/neuron_cache_e2e/neuronxcc-2.23.6484.0+3b612583/MODULE_9715013359532217420+e30acd3a/model.neff
2026-09-09 08:53:10.000805:  69496  [INFO]: Using a cached neff at /home/ubuntu/neuron_cache_e2e/neuronxcc-2.23.6484.0+3b612583/MODULE_9715013359532217420+e30acd3a/model.neff
2026-09-09 08:53:10.000808:  69488  [INFO]: Using a cached neff at /home/ubuntu/neuron_cache_e2e/neuronxcc-2.23.6484.0+3b612583/MODULE_256651043009643160+e30acd3a/model.neff
2026-09-09 08:53:10.000810:  69469  [INFO]: Using a cached neff at /home/ubuntu/neuron_cache_e2e/neuronxcc-2.23.6484.0+3b612583/MODULE_9715013359532217420+e30acd3a/model.neff
2026-09-09 08:53:10.000812:  69470  [INFO]: Using a cached neff at /home/ubuntu/neuron_cache_e2e/neuronxcc-2.23.6484.0+3b612583/MODULE_256651043009643160+e30acd3a/model.neff
2026-09-09 08:53:10.000820:  69493  [INFO]: Using a cached neff at /home/ubuntu/neuron_cache_e2e/neuronxcc-2.23.6484.0+3b612583/MODULE_14874200043798254035+e30acd3a/model.neff
2026-09-09 08:53:10.000839:  69473  [INFO]: Using a cached neff at /home/ubuntu/neuron_cache_e2e/neuronxcc-2.23.6484.0+3b612583/MODULE_14874200043798254035+e30acd3a/model.neff
2026-09-09 08:53:10.000857:  69474  [INFO]: Using a cached neff at /home/ubuntu/neuron_cache_e2e/neuronxcc-2.23.6484.0+3b612583/MODULE_9715013359532217420+e30acd3a/model.neff
2026-09-09 08:53:10.000869:  69498  [INFO]: Using a cached neff at /home/ubuntu/neuron_cache_e2e/neuronxcc-2.23.6484.0+3b612583/MODULE_14874200043798254035+e30acd3a/model.neff
2026-09-09 08:53:10.000874:  69484  [INFO]: Using a cached neff at /home/ubuntu/neuron_cache_e2e/neuronxcc-2.23.6484.0+3b612583/MODULE_9715013359532217420+e30acd3a/model.neff
2026-09-09 08:53:10.000911:  69488  [INFO]: Using a cached neff at /home/ubuntu/neuron_cache_e2e/neuronxcc-2.23.6484.0+3b612583/MODULE_14874200043798254035+e30acd3a/model.neff
2026-09-09 08:53:10.000919:  69475  [INFO]: Using a cached neff at /home/ubuntu/neuron_cache_e2e/neuronxcc-2.23.6484.0+3b612583/MODULE_5822669904513104586+e30acd3a/model.neff
2026-09-09 08:53:10.000920:  69485  [INFO]: Using a cached neff at /home/ubuntu/neuron_cache_e2e/neuronxcc-2.23.6484.0+3b612583/MODULE_9715013359532217420+e30acd3a/model.neff
2026-09-09 08:53:10.000930:  69470  [INFO]: Using a cached neff at /home/ubuntu/neuron_cache_e2e/neuronxcc-2.23.6484.0+3b612583/MODULE_14874200043798254035+e30acd3a/model.neff
2026-09-09 08:53:10.000954:  69495  [INFO]: Using a cached neff at /home/ubuntu/neuron_cache_e2e/neuronxcc-2.23.6484.0+3b612583/MODULE_9715013359532217420+e30acd3a/model.neff
2026-09-09 08:53:10.000960:  69475  [INFO]: Using a cached neff at /home/ubuntu/neuron_cache_e2e/neuronxcc-2.23.6484.0+3b612583/MODULE_2373622694781085304+e30acd3a/model.neff
2026-09-09 08:53:10.000993:  69475  [INFO]: Using a cached neff at /home/ubuntu/neuron_cache_e2e/neuronxcc-2.23.6484.0+3b612583/MODULE_15546749088224118202+e30acd3a/model.neff
2026-09-09 08:53:11.000004:  69482  [INFO]: Using a cached neff at /home/ubuntu/neuron_cache_e2e/neuronxcc-2.23.6484.0+3b612583/MODULE_5822669904513104586+e30acd3a/model.neff
/home/ubuntu/train_llama10b_tp_families.py:644: DeprecationWarning: Use torch_xla.sync instead
  xm.mark_step()
2026-09-09 08:53:11.000025:  69476  [INFO]: Using a cached neff at /home/ubuntu/neuron_cache_e2e/neuronxcc-2.23.6484.0+3b612583/MODULE_14060166962429309307+e30acd3a/model.neff
2026-09-09 08:53:11.000028:  69475  [INFO]: Using a cached neff at /home/ubuntu/neuron_cache_e2e/neuronxcc-2.23.6484.0+3b612583/MODULE_6795776154388623675+e30acd3a/model.neff
2026-09-09 08:53:11.000037:  69482  [INFO]: Using a cached neff at /home/ubuntu/neuron_cache_e2e/neuronxcc-2.23.6484.0+3b612583/MODULE_2373622694781085304+e30acd3a/model.neff
2026-09-09 08:53:11.000054:  69472  [INFO]: Using a cached neff at /home/ubuntu/neuron_cache_e2e/neuronxcc-2.23.6484.0+3b612583/MODULE_5822669904513104586+e30acd3a/model.neff
/home/ubuntu/train_llama10b_tp_families.py:644: DeprecationWarning: Use torch_xla.sync instead
  xm.mark_step()
2026-09-09 08:53:11.000068:  69482  [INFO]: Using a cached neff at /home/ubuntu/neuron_cache_e2e/neuronxcc-2.23.6484.0+3b612583/MODULE_15546749088224118202+e30acd3a/model.neff
2026-09-09 08:53:11.000072:  69476  [INFO]: Using a cached neff at /home/ubuntu/neuron_cache_e2e/neuronxcc-2.23.6484.0+3b612583/MODULE_9156856424950103227+e30acd3a/model.neff
2026-09-09 08:53:11.000075:  69475  [INFO]: Using a cached neff at /home/ubuntu/neuron_cache_e2e/neuronxcc-2.23.6484.0+3b612583/MODULE_6773386797833768649+e30acd3a/model.neff
/home/ubuntu/train_llama10b_tp_families.py:644: DeprecationWarning: Use torch_xla.sync instead
  xm.mark_step()
2026-09-09 08:53:11.000080:  69497  [INFO]: Using a cached neff at /home/ubuntu/neuron_cache_e2e/neuronxcc-2.23.6484.0+3b612583/MODULE_14060166962429309307+e30acd3a/model.neff
2026-09-09 08:53:11.000088:  69472  [INFO]: Using a cached neff at /home/ubuntu/neuron_cache_e2e/neuronxcc-2.23.6484.0+3b612583/MODULE_2373622694781085304+e30acd3a/model.neff
2026-09-09 08:53:11.000094:  69477  [INFO]: Using a cached neff at /home/ubuntu/neuron_cache_e2e/neuronxcc-2.23.6484.0+3b612583/MODULE_14060166962429309307+e30acd3a/model.neff
2026-09-09 08:53:11.000107:  69482  [INFO]: Using a cached neff at /home/ubuntu/neuron_cache_e2e/neuronxcc-2.23.6484.0+3b612583/MODULE_6795776154388623675+e30acd3a/model.neff
2026-09-09 08:53:11.000120:  69475  [INFO]: Using a cached neff at /home/ubuntu/neuron_cache_e2e/neuronxcc-2.23.6484.0+3b612583/MODULE_14849796531781449780+e30acd3a/model.neff
/home/ubuntu/train_llama10b_tp_families.py:644: DeprecationWarning: Use torch_xla.sync instead
  xm.mark_step()
2026-09-09 08:53:11.000130:  69472  [INFO]: Using a cached neff at /home/ubuntu/neuron_cache_e2e/neuronxcc-2.23.6484.0+3b612583/MODULE_15546749088224118202+e30acd3a/model.neff
2026-09-09 08:53:11.000132:  69497  [INFO]: Using a cached neff at /home/ubuntu/neuron_cache_e2e/neuronxcc-2.23.6484.0+3b612583/MODULE_9156856424950103227+e30acd3a/model.neff
2026-09-09 08:53:11.000133:  69477  [INFO]: Using a cached neff at /home/ubuntu/neuron_cache_e2e/neuronxcc-2.23.6484.0+3b612583/MODULE_9156856424950103227+e30acd3a/model.neff
2026-09-09 08:53:11.000135:  69468  [INFO]: Using a cached neff at /home/ubuntu/neuron_cache_e2e/neuronxcc-2.23.6484.0+3b612583/MODULE_5822669904513104586+e30acd3a/model.neff
/home/ubuntu/train_llama10b_tp_families.py:644: DeprecationWarning: Use torch_xla.sync instead
  xm.mark_step()
2026-09-09 08:53:11.000145:  69471  [INFO]: Using a cached neff at /home/ubuntu/neuron_cache_e2e/neuronxcc-2.23.6484.0+3b612583/MODULE_14060166962429309307+e30acd3a/model.neff
2026-09-09 08:53:11.000147:  69482  [INFO]: Using a cached neff at /home/ubuntu/neuron_cache_e2e/neuronxcc-2.23.6484.0+3b612583/MODULE_6773386797833768649+e30acd3a/model.neff
2026-09-09 08:53:11.000160:  69479  [INFO]: Using a cached neff at /home/ubuntu/neuron_cache_e2e/neuronxcc-2.23.6484.0+3b612583/MODULE_14060166962429309307+e30acd3a/model.neff
2026-09-09 08:53:11.000162:  69475  [INFO]: Using a cached neff at /home/ubuntu/neuron_cache_e2e/neuronxcc-2.23.6484.0+3b612583/MODULE_15914079002818025199+e30acd3a/model.neff
2026-09-09 08:53:11.000169:  69472  [INFO]: Using a cached neff at /home/ubuntu/neuron_cache_e2e/neuronxcc-2.23.6484.0+3b612583/MODULE_6795776154388623675+e30acd3a/model.neff
2026-09-09 08:53:11.000175:  69468  [INFO]: Using a cached neff at /home/ubuntu/neuron_cache_e2e/neuronxcc-2.23.6484.0+3b612583/MODULE_2373622694781085304+e30acd3a/model.neff
2026-09-09 08:53:11.000182:  69482  [INFO]: Using a cached neff at /home/ubuntu/neuron_cache_e2e/neuronxcc-2.23.6484.0+3b612583/MODULE_14849796531781449780+e30acd3a/model.neff
2026-09-09 08:53:11.000188:  69489  [INFO]: Using a cached neff at /home/ubuntu/neuron_cache_e2e/neuronxcc-2.23.6484.0+3b612583/MODULE_5822669904513104586+e30acd3a/model.neff
2026-09-09 08:53:11.000194:  69471  [INFO]: Using a cached neff at /home/ubuntu/neuron_cache_e2e/neuronxcc-2.23.6484.0+3b612583/MODULE_9156856424950103227+e30acd3a/model.neff
2026-09-09 08:53:11.000208:  69475  [INFO]: Using a cached neff at /home/ubuntu/neuron_cache_e2e/neuronxcc-2.23.6484.0+3b612583/MODULE_13744807807430301687+e30acd3a/model.neff
2026-09-09 08:53:11.000211:  69479  [INFO]: Using a cached neff at /home/ubuntu/neuron_cache_e2e/neuronxcc-2.23.6484.0+3b612583/MODULE_9156856424950103227+e30acd3a/model.neff
2026-09-09 08:53:11.000217:  69467  [INFO]: Using a cached neff at /home/ubuntu/neuron_cache_e2e/neuronxcc-2.23.6484.0+3b612583/MODULE_5822669904513104586+e30acd3a/model.neff
2026-09-09 08:53:11.000225:  69468  [INFO]: Using a cached neff at /home/ubuntu/neuron_cache_e2e/neuronxcc-2.23.6484.0+3b612583/MODULE_15546749088224118202+e30acd3a/model.neff
/home/ubuntu/train_llama10b_tp_families.py:644: DeprecationWarning: Use torch_xla.sync instead
  xm.mark_step()
2026-09-09 08:53:11.000227:  69472  [INFO]: Using a cached neff at /home/ubuntu/neuron_cache_e2e/neuronxcc-2.23.6484.0+3b612583/MODULE_6773386797833768649+e30acd3a/model.neff
2026-09-09 08:53:11.000230:  69482  [INFO]: Using a cached neff at /home/ubuntu/neuron_cache_e2e/neuronxcc-2.23.6484.0+3b612583/MODULE_15914079002818025199+e30acd3a/model.neff
2026-09-09 08:53:11.000232:  69489  [INFO]: Using a cached neff at /home/ubuntu/neuron_cache_e2e/neuronxcc-2.23.6484.0+3b612583/MODULE_2373622694781085304+e30acd3a/model.neff
/home/ubuntu/train_llama10b_tp_families.py:644: DeprecationWarning: Use torch_xla.sync instead
  xm.mark_step()
2026-09-09 08:53:11.000238:  69480  [INFO]: Using a cached neff at /home/ubuntu/neuron_cache_e2e/neuronxcc-2.23.6484.0+3b612583/MODULE_14060166962429309307+e30acd3a/model.neff
/home/ubuntu/train_llama10b_tp_families.py:645: DeprecationWarning: Use torch_xla.sync instead
  xm.mark_step()   # slice: copy-back done
2026-09-09 08:53:11.000245:  69494  [INFO]: Using a cached neff at /home/ubuntu/neuron_cache_e2e/neuronxcc-2.23.6484.0+3b612583/MODULE_14060166962429309307+e30acd3a/model.neff
2026-09-09 08:53:11.000246:  69475  [INFO]: Using a cached neff at /home/ubuntu/neuron_cache_e2e/neuronxcc-2.23.6484.0+3b612583/MODULE_15427396631935572758+e30acd3a/model.neff
/home/ubuntu/train_llama10b_tp_families.py:644: DeprecationWarning: Use torch_xla.sync instead
  xm.mark_step()
2026-09-09 08:53:11.000253:  69467  [INFO]: Using a cached neff at /home/ubuntu/neuron_cache_e2e/neuronxcc-2.23.6484.0+3b612583/MODULE_2373622694781085304+e30acd3a/model.neff
2026-09-09 08:53:11.000256:  69468  [INFO]: Using a cached neff at /home/ubuntu/neuron_cache_e2e/neuronxcc-2.23.6484.0+3b612583/MODULE_6795776154388623675+e30acd3a/model.neff
2026-09-09 08:53:11.000260:  69489  [INFO]: Using a cached neff at /home/ubuntu/neuron_cache_e2e/neuronxcc-2.23.6484.0+3b612583/MODULE_15546749088224118202+e30acd3a/model.neff
2026-09-09 08:53:11.000262:  69482  [INFO]: Using a cached neff at /home/ubuntu/neuron_cache_e2e/neuronxcc-2.23.6484.0+3b612583/MODULE_13744807807430301687+e30acd3a/model.neff
2026-09-09 08:53:11.000265:  69472  [INFO]: Using a cached neff at /home/ubuntu/neuron_cache_e2e/neuronxcc-2.23.6484.0+3b612583/MODULE_14849796531781449780+e30acd3a/model.neff
2026-09-09 08:53:11.000269:  69496  [INFO]: Using a cached neff at /home/ubuntu/neuron_cache_e2e/neuronxcc-2.23.6484.0+3b612583/MODULE_14060166962429309307+e30acd3a/model.neff
2026-09-09 08:53:11.000272:  69480  [INFO]: Using a cached neff at /home/ubuntu/neuron_cache_e2e/neuronxcc-2.23.6484.0+3b612583/MODULE_9156856424950103227+e30acd3a/model.neff
/home/ubuntu/train_llama10b_tp_families.py:644: DeprecationWarning: Use torch_xla.sync instead
  xm.mark_step()
/home/ubuntu/train_llama10b_tp_families.py:653: DeprecationWarning: Use torch_xla.sync instead
  xm.mark_step()
2026-09-09 08:53:11.000281:  69467  [INFO]: Using a cached neff at /home/ubuntu/neuron_cache_e2e/neuronxcc-2.23.6484.0+3b612583/MODULE_15546749088224118202+e30acd3a/model.neff
2026-09-09 08:53:11.000283:  69494  [INFO]: Using a cached neff at /home/ubuntu/neuron_cache_e2e/neuronxcc-2.23.6484.0+3b612583/MODULE_9156856424950103227+e30acd3a/model.neff
/home/ubuntu/train_llama10b_tp_families.py:644: DeprecationWarning: Use torch_xla.sync instead
  xm.mark_step()
2026-09-09 08:53:11.000288:  69492  [INFO]: Using a cached neff at /home/ubuntu/neuron_cache_e2e/neuronxcc-2.23.6484.0+3b612583/MODULE_14060166962429309307+e30acd3a/model.neff
2026-09-09 08:53:11.000288:  69489  [INFO]: Using a cached neff at /home/ubuntu/neuron_cache_e2e/neuronxcc-2.23.6484.0+3b612583/MODULE_6795776154388623675+e30acd3a/model.neff
/home/ubuntu/train_llama10b_tp_families.py:645: DeprecationWarning: Use torch_xla.sync instead
  xm.mark_step()   # slice: copy-back done
2026-09-09 08:53:11.000294:  69468  [INFO]: Using a cached neff at /home/ubuntu/neuron_cache_e2e/neuronxcc-2.23.6484.0+3b612583/MODULE_6773386797833768649+e30acd3a/model.neff
2026-09-09 08:53:11.000295:  69469  [INFO]: Using a cached neff at /home/ubuntu/neuron_cache_e2e/neuronxcc-2.23.6484.0+3b612583/MODULE_14060166962429309307+e30acd3a/model.neff
2026-09-09 08:53:11.000297:  69472  [INFO]: Using a cached neff at /home/ubuntu/neuron_cache_e2e/neuronxcc-2.23.6484.0+3b612583/MODULE_15914079002818025199+e30acd3a/model.neff
2026-09-09 08:53:11.000297:  69482  [INFO]: Using a cached neff at /home/ubuntu/neuron_cache_e2e/neuronxcc-2.23.6484.0+3b612583/MODULE_15427396631935572758+e30acd3a/model.neff
2026-09-09 08:53:11.000305:  69496  [INFO]: Using a cached neff at /home/ubuntu/neuron_cache_e2e/neuronxcc-2.23.6484.0+3b612583/MODULE_9156856424950103227+e30acd3a/model.neff
2026-09-09 08:53:11.000310:  69467  [INFO]: Using a cached neff at /home/ubuntu/neuron_cache_e2e/neuronxcc-2.23.6484.0+3b612583/MODULE_6795776154388623675+e30acd3a/model.neff
/home/ubuntu/train_llama10b_tp_families.py:653: DeprecationWarning: Use torch_xla.sync instead
  xm.mark_step()
/home/ubuntu/train_llama10b_tp_families.py:644: DeprecationWarning: Use torch_xla.sync instead
  xm.mark_step()
2026-09-09 08:53:11.000325:  69492  [INFO]: Using a cached neff at /home/ubuntu/neuron_cache_e2e/neuronxcc-2.23.6484.0+3b612583/MODULE_9156856424950103227+e30acd3a/model.neff
/home/ubuntu/train_llama10b_tp_families.py:644: DeprecationWarning: Use torch_xla.sync instead
  xm.mark_step()
2026-09-09 08:53:11.000328:  69472  [INFO]: Using a cached neff at /home/ubuntu/neuron_cache_e2e/neuronxcc-2.23.6484.0+3b612583/MODULE_13744807807430301687+e30acd3a/model.neff
2026-09-09 08:53:11.000329:  69489  [INFO]: Using a cached neff at /home/ubuntu/neuron_cache_e2e/neuronxcc-2.23.6484.0+3b612583/MODULE_6773386797833768649+e30acd3a/model.neff
2026-09-09 08:53:11.000332:  69468  [INFO]: Using a cached neff at /home/ubuntu/neuron_cache_e2e/neuronxcc-2.23.6484.0+3b612583/MODULE_14849796531781449780+e30acd3a/model.neff
2026-09-09 08:53:11.000335:  69469  [INFO]: Using a cached neff at /home/ubuntu/neuron_cache_e2e/neuronxcc-2.23.6484.0+3b612583/MODULE_9156856424950103227+e30acd3a/model.neff
2026-09-09 08:53:11.000340:  69474  [INFO]: Using a cached neff at /home/ubuntu/neuron_cache_e2e/neuronxcc-2.23.6484.0+3b612583/MODULE_14060166962429309307+e30acd3a/model.neff
2026-09-09 08:53:11.000343:  69484  [INFO]: Using a cached neff at /home/ubuntu/neuron_cache_e2e/neuronxcc-2.23.6484.0+3b612583/MODULE_14060166962429309307+e30acd3a/model.neff
/home/ubuntu/train_llama10b_tp_families.py:645: DeprecationWarning: Use torch_xla.sync instead
  xm.mark_step()   # slice: copy-back done
2026-09-09 08:53:11.000357:  69478  [INFO]: Using a cached neff at /home/ubuntu/neuron_cache_e2e/neuronxcc-2.23.6484.0+3b612583/MODULE_5822669904513104586+e30acd3a/model.neff
2026-09-09 08:53:11.000361:  69472  [INFO]: Using a cached neff at /home/ubuntu/neuron_cache_e2e/neuronxcc-2.23.6484.0+3b612583/MODULE_15427396631935572758+e30acd3a/model.neff
2026-09-09 08:53:11.000364:  69467  [INFO]: Using a cached neff at /home/ubuntu/neuron_cache_e2e/neuronxcc-2.23.6484.0+3b612583/MODULE_6773386797833768649+e30acd3a/model.neff
2026-09-09 08:53:11.000367:  69468  [INFO]: Using a cached neff at /home/ubuntu/neuron_cache_e2e/neuronxcc-2.23.6484.0+3b612583/MODULE_15914079002818025199+e30acd3a/model.neff
2026-09-09 08:53:11.000370:  69489  [INFO]: Using a cached neff at /home/ubuntu/neuron_cache_e2e/neuronxcc-2.23.6484.0+3b612583/MODULE_14849796531781449780+e30acd3a/model.neff
/home/ubuntu/train_llama10b_tp_families.py:644: DeprecationWarning: Use torch_xla.sync instead
  xm.mark_step()
2026-09-09 08:53:11.000385:  69474  [INFO]: Using a cached neff at /home/ubuntu/neuron_cache_e2e/neuronxcc-2.23.6484.0+3b612583/MODULE_9156856424950103227+e30acd3a/model.neff
/home/ubuntu/train_llama10b_tp_families.py:653: DeprecationWarning: Use torch_xla.sync instead
  xm.mark_step()
2026-09-09 08:53:11.000388:  69484  [INFO]: Using a cached neff at /home/ubuntu/neuron_cache_e2e/neuronxcc-2.23.6484.0+3b612583/MODULE_9156856424950103227+e30acd3a/model.neff
2026-09-09 08:53:11.000399:  69478  [INFO]: Using a cached neff at /home/ubuntu/neuron_cache_e2e/neuronxcc-2.23.6484.0+3b612583/MODULE_2373622694781085304+e30acd3a/model.neff
2026-09-09 08:53:11.000403:  69468  [INFO]: Using a cached neff at /home/ubuntu/neuron_cache_e2e/neuronxcc-2.23.6484.0+3b612583/MODULE_13744807807430301687+e30acd3a/model.neff
2026-09-09 08:53:11.000404:  69489  [INFO]: Using a cached neff at /home/ubuntu/neuron_cache_e2e/neuronxcc-2.23.6484.0+3b612583/MODULE_15914079002818025199+e30acd3a/model.neff
2026-09-09 08:53:11.000406:  69483  [INFO]: Using a cached neff at /home/ubuntu/neuron_cache_e2e/neuronxcc-2.23.6484.0+3b612583/MODULE_5822669904513104586+e30acd3a/model.neff
2026-09-09 08:53:11.000408:  69485  [INFO]: Using a cached neff at /home/ubuntu/neuron_cache_e2e/neuronxcc-2.23.6484.0+3b612583/MODULE_14060166962429309307+e30acd3a/model.neff
/home/ubuntu/train_llama10b_tp_families.py:644: DeprecationWarning: Use torch_xla.sync instead
  xm.mark_step()
2026-09-09 08:53:11.000413:  69467  [INFO]: Using a cached neff at /home/ubuntu/neuron_cache_e2e/neuronxcc-2.23.6484.0+3b612583/MODULE_14849796531781449780+e30acd3a/model.neff
/home/ubuntu/train_llama10b_tp_families.py:645: DeprecationWarning: Use torch_xla.sync instead
  xm.mark_step()   # slice: copy-back done
2026-09-09 08:53:11.000432:  69495  [INFO]: Using a cached neff at /home/ubuntu/neuron_cache_e2e/neuronxcc-2.23.6484.0+3b612583/MODULE_14060166962429309307+e30acd3a/model.neff
2026-09-09 08:53:11.000432:  69478  [INFO]: Using a cached neff at /home/ubuntu/neuron_cache_e2e/neuronxcc-2.23.6484.0+3b612583/MODULE_15546749088224118202+e30acd3a/model.neff
2026-09-09 08:53:11.000434:  69481  [INFO]: Using a cached neff at /home/ubuntu/neuron_cache_e2e/neuronxcc-2.23.6484.0+3b612583/MODULE_5822669904513104586+e30acd3a/model.neff
2026-09-09 08:53:11.000434:  69468  [INFO]: Using a cached neff at /home/ubuntu/neuron_cache_e2e/neuronxcc-2.23.6484.0+3b612583/MODULE_15427396631935572758+e30acd3a/model.neff
2026-09-09 08:53:11.000440:  69483  [INFO]: Using a cached neff at /home/ubuntu/neuron_cache_e2e/neuronxcc-2.23.6484.0+3b612583/MODULE_2373622694781085304+e30acd3a/model.neff
2026-09-09 08:53:11.000444:  69489  [INFO]: Using a cached neff at /home/ubuntu/neuron_cache_e2e/neuronxcc-2.23.6484.0+3b612583/MODULE_13744807807430301687+e30acd3a/model.neff
2026-09-09 08:53:11.000453:  69485  [INFO]: Using a cached neff at /home/ubuntu/neuron_cache_e2e/neuronxcc-2.23.6484.0+3b612583/MODULE_9156856424950103227+e30acd3a/model.neff
2026-09-09 08:53:11.000458:  69467  [INFO]: Using a cached neff at /home/ubuntu/neuron_cache_e2e/neuronxcc-2.23.6484.0+3b612583/MODULE_15914079002818025199+e30acd3a/model.neff
/home/ubuntu/train_llama10b_tp_families.py:653: DeprecationWarning: Use torch_xla.sync instead
  xm.mark_step()
2026-09-09 08:53:11.000470:  69478  [INFO]: Using a cached neff at /home/ubuntu/neuron_cache_e2e/neuronxcc-2.23.6484.0+3b612583/MODULE_6795776154388623675+e30acd3a/model.neff
2026-09-09 08:53:11.000473:  69481  [INFO]: Using a cached neff at /home/ubuntu/neuron_cache_e2e/neuronxcc-2.23.6484.0+3b612583/MODULE_2373622694781085304+e30acd3a/model.neff
2026-09-09 08:53:11.000474:  69483  [INFO]: Using a cached neff at /home/ubuntu/neuron_cache_e2e/neuronxcc-2.23.6484.0+3b612583/MODULE_15546749088224118202+e30acd3a/model.neff
2026-09-09 08:53:11.000475:  69482  [INFO]: Using a cached neff at /home/ubuntu/neuron_cache_e2e/neuronxcc-2.23.6484.0+3b612583/MODULE_256651043009643160+e30acd3a/model.neff
/home/ubuntu/train_llama10b_tp_families.py:645: DeprecationWarning: Use torch_xla.sync instead
  xm.mark_step()   # slice: copy-back done
2026-09-09 08:53:11.000476:  69495  [INFO]: Using a cached neff at /home/ubuntu/neuron_cache_e2e/neuronxcc-2.23.6484.0+3b612583/MODULE_9156856424950103227+e30acd3a/model.neff
2026-09-09 08:53:11.000478:  69475  [INFO]: Using a cached neff at /home/ubuntu/neuron_cache_e2e/neuronxcc-2.23.6484.0+3b612583/MODULE_256651043009643160+e30acd3a/model.neff
2026-09-09 08:53:11.000483:  69489  [INFO]: Using a cached neff at /home/ubuntu/neuron_cache_e2e/neuronxcc-2.23.6484.0+3b612583/MODULE_15427396631935572758+e30acd3a/model.neff
2026-09-09 08:53:11.000493:  69467  [INFO]: Using a cached neff at /home/ubuntu/neuron_cache_e2e/neuronxcc-2.23.6484.0+3b612583/MODULE_13744807807430301687+e30acd3a/model.neff
/home/ubuntu/train_llama10b_tp_families.py:653: DeprecationWarning: Use torch_xla.sync instead
  xm.mark_step()
2026-09-09 08:53:11.000511:  69481  [INFO]: Using a cached neff at /home/ubuntu/neuron_cache_e2e/neuronxcc-2.23.6484.0+3b612583/MODULE_15546749088224118202+e30acd3a/model.neff
2026-09-09 08:53:11.000511:  69483  [INFO]: Using a cached neff at /home/ubuntu/neuron_cache_e2e/neuronxcc-2.23.6484.0+3b612583/MODULE_6795776154388623675+e30acd3a/model.neff
2026-09-09 08:53:11.000517:  69478  [INFO]: Using a cached neff at /home/ubuntu/neuron_cache_e2e/neuronxcc-2.23.6484.0+3b612583/MODULE_6773386797833768649+e30acd3a/model.neff
/home/ubuntu/train_llama10b_tp_families.py:645: DeprecationWarning: Use torch_xla.sync instead
  xm.mark_step()   # slice: copy-back done
2026-09-09 08:53:11.000527:  69467  [INFO]: Using a cached neff at /home/ubuntu/neuron_cache_e2e/neuronxcc-2.23.6484.0+3b612583/MODULE_15427396631935572758+e30acd3a/model.neff
2026-09-09 08:53:11.000539:  69472  [INFO]: Using a cached neff at /home/ubuntu/neuron_cache_e2e/neuronxcc-2.23.6484.0+3b612583/MODULE_256651043009643160+e30acd3a/model.neff
2026-09-09 08:53:11.000550:  69481  [INFO]: Using a cached neff at /home/ubuntu/neuron_cache_e2e/neuronxcc-2.23.6484.0+3b612583/MODULE_6795776154388623675+e30acd3a/model.neff
/home/ubuntu/train_llama10b_tp_families.py:653: DeprecationWarning: Use torch_xla.sync instead
  xm.mark_step()
2026-09-09 08:53:11.000558:  69483  [INFO]: Using a cached neff at /home/ubuntu/neuron_cache_e2e/neuronxcc-2.23.6484.0+3b612583/MODULE_6773386797833768649+e30acd3a/model.neff
2026-09-09 08:53:11.000559:  69478  [INFO]: Using a cached neff at /home/ubuntu/neuron_cache_e2e/neuronxcc-2.23.6484.0+3b612583/MODULE_14849796531781449780+e30acd3a/model.neff
2026-09-09 08:53:11.000581:  69482  [INFO]: Using a cached neff at /home/ubuntu/neuron_cache_e2e/neuronxcc-2.23.6484.0+3b612583/MODULE_14874200043798254035+e30acd3a/model.neff
2026-09-09 08:53:11.000591:  69475  [INFO]: Using a cached neff at /home/ubuntu/neuron_cache_e2e/neuronxcc-2.23.6484.0+3b612583/MODULE_14874200043798254035+e30acd3a/model.neff
2026-09-09 08:53:11.000594:  69478  [INFO]: Using a cached neff at /home/ubuntu/neuron_cache_e2e/neuronxcc-2.23.6484.0+3b612583/MODULE_15914079002818025199+e30acd3a/model.neff
2026-09-09 08:53:11.000597:  69481  [INFO]: Using a cached neff at /home/ubuntu/neuron_cache_e2e/neuronxcc-2.23.6484.0+3b612583/MODULE_6773386797833768649+e30acd3a/model.neff
2026-09-09 08:53:11.000599:  69483  [INFO]: Using a cached neff at /home/ubuntu/neuron_cache_e2e/neuronxcc-2.23.6484.0+3b612583/MODULE_14849796531781449780+e30acd3a/model.neff
2026-09-09 08:53:11.000603:  69468  [INFO]: Using a cached neff at /home/ubuntu/neuron_cache_e2e/neuronxcc-2.23.6484.0+3b612583/MODULE_256651043009643160+e30acd3a/model.neff
2026-09-09 08:53:11.000629:  69478  [INFO]: Using a cached neff at /home/ubuntu/neuron_cache_e2e/neuronxcc-2.23.6484.0+3b612583/MODULE_13744807807430301687+e30acd3a/model.neff
2026-09-09 08:53:11.000635:  69483  [INFO]: Using a cached neff at /home/ubuntu/neuron_cache_e2e/neuronxcc-2.23.6484.0+3b612583/MODULE_15914079002818025199+e30acd3a/model.neff
2026-09-09 08:53:11.000639:  69489  [INFO]: Using a cached neff at /home/ubuntu/neuron_cache_e2e/neuronxcc-2.23.6484.0+3b612583/MODULE_256651043009643160+e30acd3a/model.neff
2026-09-09 08:53:11.000639:  69481  [INFO]: Using a cached neff at /home/ubuntu/neuron_cache_e2e/neuronxcc-2.23.6484.0+3b612583/MODULE_14849796531781449780+e30acd3a/model.neff
2026-09-09 08:53:11.000652:  69472  [INFO]: Using a cached neff at /home/ubuntu/neuron_cache_e2e/neuronxcc-2.23.6484.0+3b612583/MODULE_14874200043798254035+e30acd3a/model.neff
/home/ubuntu/train_llama10b_tp_families.py:645: DeprecationWarning: Use torch_xla.sync instead
  xm.mark_step()   # slice: copy-back done
2026-09-09 08:53:11.000661:  69478  [INFO]: Using a cached neff at /home/ubuntu/neuron_cache_e2e/neuronxcc-2.23.6484.0+3b612583/MODULE_15427396631935572758+e30acd3a/model.neff
2026-09-09 08:53:11.000671:  69483  [INFO]: Using a cached neff at /home/ubuntu/neuron_cache_e2e/neuronxcc-2.23.6484.0+3b612583/MODULE_13744807807430301687+e30acd3a/model.neff
2026-09-09 08:53:11.000674:  69481  [INFO]: Using a cached neff at /home/ubuntu/neuron_cache_e2e/neuronxcc-2.23.6484.0+3b612583/MODULE_15914079002818025199+e30acd3a/model.neff
/home/ubuntu/train_llama10b_tp_families.py:653: DeprecationWarning: Use torch_xla.sync instead
  xm.mark_step()
/home/ubuntu/train_llama10b_tp_families.py:645: DeprecationWarning: Use torch_xla.sync instead
  xm.mark_step()   # slice: copy-back done
2026-09-09 08:53:11.000704:  69483  [INFO]: Using a cached neff at /home/ubuntu/neuron_cache_e2e/neuronxcc-2.23.6484.0+3b612583/MODULE_15427396631935572758+e30acd3a/model.neff
2026-09-09 08:53:11.000704:  69468  [INFO]: Using a cached neff at /home/ubuntu/neuron_cache_e2e/neuronxcc-2.23.6484.0+3b612583/MODULE_14874200043798254035+e30acd3a/model.neff
2026-09-09 08:53:11.000708:  69481  [INFO]: Using a cached neff at /home/ubuntu/neuron_cache_e2e/neuronxcc-2.23.6484.0+3b612583/MODULE_13744807807430301687+e30acd3a/model.neff
/home/ubuntu/train_llama10b_tp_families.py:653: DeprecationWarning: Use torch_xla.sync instead
  xm.mark_step()
/home/ubuntu/train_llama10b_tp_families.py:645: DeprecationWarning: Use torch_xla.sync instead
  xm.mark_step()   # slice: copy-back done
2026-09-09 08:53:11.000741:  69481  [INFO]: Using a cached neff at /home/ubuntu/neuron_cache_e2e/neuronxcc-2.23.6484.0+3b612583/MODULE_15427396631935572758+e30acd3a/model.neff
2026-09-09 08:53:11.000745:  69489  [INFO]: Using a cached neff at /home/ubuntu/neuron_cache_e2e/neuronxcc-2.23.6484.0+3b612583/MODULE_14874200043798254035+e30acd3a/model.neff
2026-09-09 08:53:11.000748:  69467  [INFO]: Using a cached neff at /home/ubuntu/neuron_cache_e2e/neuronxcc-2.23.6484.0+3b612583/MODULE_256651043009643160+e30acd3a/model.neff
/home/ubuntu/train_llama10b_tp_families.py:653: DeprecationWarning: Use torch_xla.sync instead
  xm.mark_step()
2026-09-09 08:53:11.000806:  69479  [INFO]: Using a cached neff at /home/ubuntu/neuron_cache_e2e/neuronxcc-2.23.6484.0+3b612583/MODULE_5822669904513104586+e30acd3a/model.neff
2026-09-09 08:53:11.000820:  69478  [INFO]: Using a cached neff at /home/ubuntu/neuron_cache_e2e/neuronxcc-2.23.6484.0+3b612583/MODULE_256651043009643160+e30acd3a/model.neff
2026-09-09 08:53:11.000844:  69479  [INFO]: Using a cached neff at /home/ubuntu/neuron_cache_e2e/neuronxcc-2.23.6484.0+3b612583/MODULE_2373622694781085304+e30acd3a/model.neff
2026-09-09 08:53:11.000850:  69467  [INFO]: Using a cached neff at /home/ubuntu/neuron_cache_e2e/neuronxcc-2.23.6484.0+3b612583/MODULE_14874200043798254035+e30acd3a/model.neff
2026-09-09 08:53:11.000870:  69483  [INFO]: Using a cached neff at /home/ubuntu/neuron_cache_e2e/neuronxcc-2.23.6484.0+3b612583/MODULE_256651043009643160+e30acd3a/model.neff
2026-09-09 08:53:11.000882:  69479  [INFO]: Using a cached neff at /home/ubuntu/neuron_cache_e2e/neuronxcc-2.23.6484.0+3b612583/MODULE_15546749088224118202+e30acd3a/model.neff
2026-09-09 08:53:11.000900:  69476  [INFO]: Using a cached neff at /home/ubuntu/neuron_cache_e2e/neuronxcc-2.23.6484.0+3b612583/MODULE_5822669904513104586+e30acd3a/model.neff
2026-09-09 08:53:11.000905:  69481  [INFO]: Using a cached neff at /home/ubuntu/neuron_cache_e2e/neuronxcc-2.23.6484.0+3b612583/MODULE_256651043009643160+e30acd3a/model.neff
2026-09-09 08:53:11.000908:  69471  [INFO]: Using a cached neff at /home/ubuntu/neuron_cache_e2e/neuronxcc-2.23.6484.0+3b612583/MODULE_5822669904513104586+e30acd3a/model.neff
2026-09-09 08:53:11.000917:  69478  [INFO]: Using a cached neff at /home/ubuntu/neuron_cache_e2e/neuronxcc-2.23.6484.0+3b612583/MODULE_14874200043798254035+e30acd3a/model.neff
2026-09-09 08:53:11.000920:  69479  [INFO]: Using a cached neff at /home/ubuntu/neuron_cache_e2e/neuronxcc-2.23.6484.0+3b612583/MODULE_6795776154388623675+e30acd3a/model.neff
2026-09-09 08:53:11.000937:  69476  [INFO]: Using a cached neff at /home/ubuntu/neuron_cache_e2e/neuronxcc-2.23.6484.0+3b612583/MODULE_2373622694781085304+e30acd3a/model.neff
2026-09-09 08:53:11.000940:  69471  [INFO]: Using a cached neff at /home/ubuntu/neuron_cache_e2e/neuronxcc-2.23.6484.0+3b612583/MODULE_2373622694781085304+e30acd3a/model.neff
2026-09-09 08:53:11.000942:  69480  [INFO]: Using a cached neff at /home/ubuntu/neuron_cache_e2e/neuronxcc-2.23.6484.0+3b612583/MODULE_5822669904513104586+e30acd3a/model.neff
2026-09-09 08:53:11.000960:  69469  [INFO]: Using a cached neff at /home/ubuntu/neuron_cache_e2e/neuronxcc-2.23.6484.0+3b612583/MODULE_5822669904513104586+e30acd3a/model.neff
2026-09-09 08:53:11.000969:  69476  [INFO]: Using a cached neff at /home/ubuntu/neuron_cache_e2e/neuronxcc-2.23.6484.0+3b612583/MODULE_15546749088224118202+e30acd3a/model.neff
2026-09-09 08:53:11.000972:  69483  [INFO]: Using a cached neff at /home/ubuntu/neuron_cache_e2e/neuronxcc-2.23.6484.0+3b612583/MODULE_14874200043798254035+e30acd3a/model.neff
2026-09-09 08:53:11.000972:  69471  [INFO]: Using a cached neff at /home/ubuntu/neuron_cache_e2e/neuronxcc-2.23.6484.0+3b612583/MODULE_15546749088224118202+e30acd3a/model.neff
2026-09-09 08:53:11.000975:  69480  [INFO]: Using a cached neff at /home/ubuntu/neuron_cache_e2e/neuronxcc-2.23.6484.0+3b612583/MODULE_2373622694781085304+e30acd3a/model.neff
2026-09-09 08:53:11.000976:  69479  [INFO]: Using a cached neff at /home/ubuntu/neuron_cache_e2e/neuronxcc-2.23.6484.0+3b612583/MODULE_6773386797833768649+e30acd3a/model.neff
2026-09-09 08:53:11.000982:  69477  [INFO]: Using a cached neff at /home/ubuntu/neuron_cache_e2e/neuronxcc-2.23.6484.0+3b612583/MODULE_5822669904513104586+e30acd3a/model.neff
2026-09-09 08:53:11.000986:  69497  [INFO]: Using a cached neff at /home/ubuntu/neuron_cache_e2e/neuronxcc-2.23.6484.0+3b612583/MODULE_5822669904513104586+e30acd3a/model.neff
2026-09-09 08:53:12.000003:  69469  [INFO]: Using a cached neff at /home/ubuntu/neuron_cache_e2e/neuronxcc-2.23.6484.0+3b612583/MODULE_2373622694781085304+e30acd3a/model.neff
2026-09-09 08:53:12.000006:  69471  [INFO]: Using a cached neff at /home/ubuntu/neuron_cache_e2e/neuronxcc-2.23.6484.0+3b612583/MODULE_6795776154388623675+e30acd3a/model.neff
2026-09-09 08:53:12.000007:  69480  [INFO]: Using a cached neff at /home/ubuntu/neuron_cache_e2e/neuronxcc-2.23.6484.0+3b612583/MODULE_15546749088224118202+e30acd3a/model.neff
2026-09-09 08:53:12.000010:  69476  [INFO]: Using a cached neff at /home/ubuntu/neuron_cache_e2e/neuronxcc-2.23.6484.0+3b612583/MODULE_6795776154388623675+e30acd3a/model.neff
2026-09-09 08:53:12.000014:  69481  [INFO]: Using a cached neff at /home/ubuntu/neuron_cache_e2e/neuronxcc-2.23.6484.0+3b612583/MODULE_14874200043798254035+e30acd3a/model.neff
2026-09-09 08:53:12.000015:  69494  [INFO]: Using a cached neff at /home/ubuntu/neuron_cache_e2e/neuronxcc-2.23.6484.0+3b612583/MODULE_5822669904513104586+e30acd3a/model.neff
2026-09-09 08:53:12.000019:  69497  [INFO]: Using a cached neff at /home/ubuntu/neuron_cache_e2e/neuronxcc-2.23.6484.0+3b612583/MODULE_2373622694781085304+e30acd3a/model.neff
2026-09-09 08:53:12.000024:  69477  [INFO]: Using a cached neff at /home/ubuntu/neuron_cache_e2e/neuronxcc-2.23.6484.0+3b612583/MODULE_2373622694781085304+e30acd3a/model.neff
2026-09-09 08:53:12.000026:  69479  [INFO]: Using a cached neff at /home/ubuntu/neuron_cache_e2e/neuronxcc-2.23.6484.0+3b612583/MODULE_14849796531781449780+e30acd3a/model.neff
2026-09-09 08:53:12.000035:  69492  [INFO]: Using a cached neff at /home/ubuntu/neuron_cache_e2e/neuronxcc-2.23.6484.0+3b612583/MODULE_5822669904513104586+e30acd3a/model.neff
2026-09-09 08:53:12.000036:  69469  [INFO]: Using a cached neff at /home/ubuntu/neuron_cache_e2e/neuronxcc-2.23.6484.0+3b612583/MODULE_15546749088224118202+e30acd3a/model.neff
2026-09-09 08:53:12.000042:  69480  [INFO]: Using a cached neff at /home/ubuntu/neuron_cache_e2e/neuronxcc-2.23.6484.0+3b612583/MODULE_6795776154388623675+e30acd3a/model.neff
2026-09-09 08:53:12.000047:  69494  [INFO]: Using a cached neff at /home/ubuntu/neuron_cache_e2e/neuronxcc-2.23.6484.0+3b612583/MODULE_2373622694781085304+e30acd3a/model.neff
2026-09-09 08:53:12.000050:  69497  [INFO]: Using a cached neff at /home/ubuntu/neuron_cache_e2e/neuronxcc-2.23.6484.0+3b612583/MODULE_15546749088224118202+e30acd3a/model.neff
2026-09-09 08:53:12.000051:  69471  [INFO]: Using a cached neff at /home/ubuntu/neuron_cache_e2e/neuronxcc-2.23.6484.0+3b612583/MODULE_6773386797833768649+e30acd3a/model.neff
2026-09-09 08:53:12.000063:  69476  [INFO]: Using a cached neff at /home/ubuntu/neuron_cache_e2e/neuronxcc-2.23.6484.0+3b612583/MODULE_6773386797833768649+e30acd3a/model.neff
2026-09-09 08:53:12.000065:  69484  [INFO]: Using a cached neff at /home/ubuntu/neuron_cache_e2e/neuronxcc-2.23.6484.0+3b612583/MODULE_5822669904513104586+e30acd3a/model.neff
2026-09-09 08:53:12.000066:  69477  [INFO]: Using a cached neff at /home/ubuntu/neuron_cache_e2e/neuronxcc-2.23.6484.0+3b612583/MODULE_15546749088224118202+e30acd3a/model.neff
2026-09-09 08:53:12.000075:  69479  [INFO]: Using a cached neff at /home/ubuntu/neuron_cache_e2e/neuronxcc-2.23.6484.0+3b612583/MODULE_15914079002818025199+e30acd3a/model.neff
2026-09-09 08:53:12.000080:  69469  [INFO]: Using a cached neff at /home/ubuntu/neuron_cache_e2e/neuronxcc-2.23.6484.0+3b612583/MODULE_6795776154388623675+e30acd3a/model.neff
2026-09-09 08:53:12.000081:  69492  [INFO]: Using a cached neff at /home/ubuntu/neuron_cache_e2e/neuronxcc-2.23.6484.0+3b612583/MODULE_2373622694781085304+e30acd3a/model.neff
2026-09-09 08:53:12.000088:  69494  [INFO]: Using a cached neff at /home/ubuntu/neuron_cache_e2e/neuronxcc-2.23.6484.0+3b612583/MODULE_15546749088224118202+e30acd3a/model.neff
2026-09-09 08:53:12.000099:  69497  [INFO]: Using a cached neff at /home/ubuntu/neuron_cache_e2e/neuronxcc-2.23.6484.0+3b612583/MODULE_6795776154388623675+e30acd3a/model.neff
2026-09-09 08:53:12.000100:  69480  [INFO]: Using a cached neff at /home/ubuntu/neuron_cache_e2e/neuronxcc-2.23.6484.0+3b612583/MODULE_6773386797833768649+e30acd3a/model.neff
2026-09-09 08:53:12.000112:  69471  [INFO]: Using a cached neff at /home/ubuntu/neuron_cache_e2e/neuronxcc-2.23.6484.0+3b612583/MODULE_14849796531781449780+e30acd3a/model.neff
2026-09-09 08:53:12.000117:  69474  [INFO]: Using a cached neff at /home/ubuntu/neuron_cache_e2e/neuronxcc-2.23.6484.0+3b612583/MODULE_5822669904513104586+e30acd3a/model.neff
2026-09-09 08:53:12.000129:  69477  [INFO]: Using a cached neff at /home/ubuntu/neuron_cache_e2e/neuronxcc-2.23.6484.0+3b612583/MODULE_6795776154388623675+e30acd3a/model.neff
2026-09-09 08:53:12.000130:  69484  [INFO]: Using a cached neff at /home/ubuntu/neuron_cache_e2e/neuronxcc-2.23.6484.0+3b612583/MODULE_2373622694781085304+e30acd3a/model.neff
2026-09-09 08:53:12.000132:  69476  [INFO]: Using a cached neff at /home/ubuntu/neuron_cache_e2e/neuronxcc-2.23.6484.0+3b612583/MODULE_14849796531781449780+e30acd3a/model.neff
2026-09-09 08:53:12.000134:  69479  [INFO]: Using a cached neff at /home/ubuntu/neuron_cache_e2e/neuronxcc-2.23.6484.0+3b612583/MODULE_13744807807430301687+e30acd3a/model.neff
2026-09-09 08:53:12.000139:  69492  [INFO]: Using a cached neff at /home/ubuntu/neuron_cache_e2e/neuronxcc-2.23.6484.0+3b612583/MODULE_15546749088224118202+e30acd3a/model.neff
2026-09-09 08:53:12.000141:  69494  [INFO]: Using a cached neff at /home/ubuntu/neuron_cache_e2e/neuronxcc-2.23.6484.0+3b612583/MODULE_6795776154388623675+e30acd3a/model.neff
2026-09-09 08:53:12.000149:  69496  [INFO]: Using a cached neff at /home/ubuntu/neuron_cache_e2e/neuronxcc-2.23.6484.0+3b612583/MODULE_5822669904513104586+e30acd3a/model.neff
2026-09-09 08:53:12.000149:  69469  [INFO]: Using a cached neff at /home/ubuntu/neuron_cache_e2e/neuronxcc-2.23.6484.0+3b612583/MODULE_6773386797833768649+e30acd3a/model.neff
2026-09-09 08:53:12.000150:  69480  [INFO]: Using a cached neff at /home/ubuntu/neuron_cache_e2e/neuronxcc-2.23.6484.0+3b612583/MODULE_14849796531781449780+e30acd3a/model.neff
2026-09-09 08:53:12.000150:  69497  [INFO]: Using a cached neff at /home/ubuntu/neuron_cache_e2e/neuronxcc-2.23.6484.0+3b612583/MODULE_6773386797833768649+e30acd3a/model.neff
2026-09-09 08:53:12.000153:  69471  [INFO]: Using a cached neff at /home/ubuntu/neuron_cache_e2e/neuronxcc-2.23.6484.0+3b612583/MODULE_15914079002818025199+e30acd3a/model.neff
2026-09-09 08:53:12.000158:  69474  [INFO]: Using a cached neff at /home/ubuntu/neuron_cache_e2e/neuronxcc-2.23.6484.0+3b612583/MODULE_2373622694781085304+e30acd3a/model.neff
2026-09-09 08:53:12.000161:  69485  [INFO]: Using a cached neff at /home/ubuntu/neuron_cache_e2e/neuronxcc-2.23.6484.0+3b612583/MODULE_5822669904513104586+e30acd3a/model.neff
/home/ubuntu/train_llama10b_tp_families.py:645: DeprecationWarning: Use torch_xla.sync instead
  xm.mark_step()   # slice: copy-back done
2026-09-09 08:53:12.000169:  69484  [INFO]: Using a cached neff at /home/ubuntu/neuron_cache_e2e/neuronxcc-2.23.6484.0+3b612583/MODULE_15546749088224118202+e30acd3a/model.neff
2026-09-09 08:53:12.000170:  69492  [INFO]: Using a cached neff at /home/ubuntu/neuron_cache_e2e/neuronxcc-2.23.6484.0+3b612583/MODULE_6795776154388623675+e30acd3a/model.neff
2026-09-09 08:53:12.000173:  69479  [INFO]: Using a cached neff at /home/ubuntu/neuron_cache_e2e/neuronxcc-2.23.6484.0+3b612583/MODULE_15427396631935572758+e30acd3a/model.neff
2026-09-09 08:53:12.000174:  69476  [INFO]: Using a cached neff at /home/ubuntu/neuron_cache_e2e/neuronxcc-2.23.6484.0+3b612583/MODULE_15914079002818025199+e30acd3a/model.neff
2026-09-09 08:53:12.000179:  69477  [INFO]: Using a cached neff at /home/ubuntu/neuron_cache_e2e/neuronxcc-2.23.6484.0+3b612583/MODULE_6773386797833768649+e30acd3a/model.neff
2026-09-09 08:53:12.000188:  69496  [INFO]: Using a cached neff at /home/ubuntu/neuron_cache_e2e/neuronxcc-2.23.6484.0+3b612583/MODULE_2373622694781085304+e30acd3a/model.neff
2026-09-09 08:53:12.000189:  69494  [INFO]: Using a cached neff at /home/ubuntu/neuron_cache_e2e/neuronxcc-2.23.6484.0+3b612583/MODULE_6773386797833768649+e30acd3a/model.neff
2026-09-09 08:53:12.000193:  69480  [INFO]: Using a cached neff at /home/ubuntu/neuron_cache_e2e/neuronxcc-2.23.6484.0+3b612583/MODULE_15914079002818025199+e30acd3a/model.neff
2026-09-09 08:53:12.000199:  69469  [INFO]: Using a cached neff at /home/ubuntu/neuron_cache_e2e/neuronxcc-2.23.6484.0+3b612583/MODULE_14849796531781449780+e30acd3a/model.neff
/home/ubuntu/train_llama10b_tp_families.py:653: DeprecationWarning: Use torch_xla.sync instead
  xm.mark_step()
2026-09-09 08:53:12.000201:  69471  [INFO]: Using a cached neff at /home/ubuntu/neuron_cache_e2e/neuronxcc-2.23.6484.0+3b612583/MODULE_13744807807430301687+e30acd3a/model.neff
2026-09-09 08:53:12.000204:  69497  [INFO]: Using a cached neff at /home/ubuntu/neuron_cache_e2e/neuronxcc-2.23.6484.0+3b612583/MODULE_14849796531781449780+e30acd3a/model.neff
2026-09-09 08:53:12.000210:  69485  [INFO]: Using a cached neff at /home/ubuntu/neuron_cache_e2e/neuronxcc-2.23.6484.0+3b612583/MODULE_2373622694781085304+e30acd3a/model.neff
2026-09-09 08:53:12.000215:  69474  [INFO]: Using a cached neff at /home/ubuntu/neuron_cache_e2e/neuronxcc-2.23.6484.0+3b612583/MODULE_15546749088224118202+e30acd3a/model.neff
2026-09-09 08:53:12.000219:  69484  [INFO]: Using a cached neff at /home/ubuntu/neuron_cache_e2e/neuronxcc-2.23.6484.0+3b612583/MODULE_6795776154388623675+e30acd3a/model.neff
2026-09-09 08:53:12.000222:  69476  [INFO]: Using a cached neff at /home/ubuntu/neuron_cache_e2e/neuronxcc-2.23.6484.0+3b612583/MODULE_13744807807430301687+e30acd3a/model.neff
/home/ubuntu/train_llama10b_tp_families.py:645: DeprecationWarning: Use torch_xla.sync instead
  xm.mark_step()   # slice: copy-back done
2026-09-09 08:53:12.000232:  69492  [INFO]: Using a cached neff at /home/ubuntu/neuron_cache_e2e/neuronxcc-2.23.6484.0+3b612583/MODULE_6773386797833768649+e30acd3a/model.neff
2026-09-09 08:53:12.000235:  69477  [INFO]: Using a cached neff at /home/ubuntu/neuron_cache_e2e/neuronxcc-2.23.6484.0+3b612583/MODULE_14849796531781449780+e30acd3a/model.neff
2026-09-09 08:53:12.000239:  69480  [INFO]: Using a cached neff at /home/ubuntu/neuron_cache_e2e/neuronxcc-2.23.6484.0+3b612583/MODULE_13744807807430301687+e30acd3a/model.neff
2026-09-09 08:53:12.000247:  69494  [INFO]: Using a cached neff at /home/ubuntu/neuron_cache_e2e/neuronxcc-2.23.6484.0+3b612583/MODULE_14849796531781449780+e30acd3a/model.neff
2026-09-09 08:53:12.000248:  69471  [INFO]: Using a cached neff at /home/ubuntu/neuron_cache_e2e/neuronxcc-2.23.6484.0+3b612583/MODULE_15427396631935572758+e30acd3a/model.neff
2026-09-09 08:53:12.000248:  69496  [INFO]: Using a cached neff at /home/ubuntu/neuron_cache_e2e/neuronxcc-2.23.6484.0+3b612583/MODULE_15546749088224118202+e30acd3a/model.neff
/home/ubuntu/train_llama10b_tp_families.py:645: DeprecationWarning: Use torch_xla.sync instead
  xm.mark_step()   # slice: copy-back done
2026-09-09 08:53:12.000252:  69469  [INFO]: Using a cached neff at /home/ubuntu/neuron_cache_e2e/neuronxcc-2.23.6484.0+3b612583/MODULE_15914079002818025199+e30acd3a/model.neff
2026-09-09 08:53:12.000254:  69497  [INFO]: Using a cached neff at /home/ubuntu/neuron_cache_e2e/neuronxcc-2.23.6484.0+3b612583/MODULE_15914079002818025199+e30acd3a/model.neff
2026-09-09 08:53:12.000256:  69485  [INFO]: Using a cached neff at /home/ubuntu/neuron_cache_e2e/neuronxcc-2.23.6484.0+3b612583/MODULE_15546749088224118202+e30acd3a/model.neff
2026-09-09 08:53:12.000260:  69476  [INFO]: Using a cached neff at /home/ubuntu/neuron_cache_e2e/neuronxcc-2.23.6484.0+3b612583/MODULE_15427396631935572758+e30acd3a/model.neff
2026-09-09 08:53:12.000263:  69474  [INFO]: Using a cached neff at /home/ubuntu/neuron_cache_e2e/neuronxcc-2.23.6484.0+3b612583/MODULE_6795776154388623675+e30acd3a/model.neff
/home/ubuntu/train_llama10b_tp_families.py:645: DeprecationWarning: Use torch_xla.sync instead
  xm.mark_step()   # slice: copy-back done
2026-09-09 08:53:12.000267:  69484  [INFO]: Using a cached neff at /home/ubuntu/neuron_cache_e2e/neuronxcc-2.23.6484.0+3b612583/MODULE_6773386797833768649+e30acd3a/model.neff
2026-09-09 08:53:12.000272:  69477  [INFO]: Using a cached neff at /home/ubuntu/neuron_cache_e2e/neuronxcc-2.23.6484.0+3b612583/MODULE_15914079002818025199+e30acd3a/model.neff
2026-09-09 08:53:12.000275:  69480  [INFO]: Using a cached neff at /home/ubuntu/neuron_cache_e2e/neuronxcc-2.23.6484.0+3b612583/MODULE_15427396631935572758+e30acd3a/model.neff
2026-09-09 08:53:12.000276:  69492  [INFO]: Using a cached neff at /home/ubuntu/neuron_cache_e2e/neuronxcc-2.23.6484.0+3b612583/MODULE_14849796531781449780+e30acd3a/model.neff
/home/ubuntu/train_llama10b_tp_families.py:653: DeprecationWarning: Use torch_xla.sync instead
  xm.mark_step()
2026-09-09 08:53:12.000285:  69495  [INFO]: Using a cached neff at /home/ubuntu/neuron_cache_e2e/neuronxcc-2.23.6484.0+3b612583/MODULE_5822669904513104586+e30acd3a/model.neff
/home/ubuntu/train_llama10b_tp_families.py:653: DeprecationWarning: Use torch_xla.sync instead
  xm.mark_step()
2026-09-09 08:53:12.000289:  69496  [INFO]: Using a cached neff at /home/ubuntu/neuron_cache_e2e/neuronxcc-2.23.6484.0+3b612583/MODULE_6795776154388623675+e30acd3a/model.neff
2026-09-09 08:53:12.000292:  69469  [INFO]: Using a cached neff at /home/ubuntu/neuron_cache_e2e/neuronxcc-2.23.6484.0+3b612583/MODULE_13744807807430301687+e30acd3a/model.neff
2026-09-09 08:53:12.000295:  69494  [INFO]: Using a cached neff at /home/ubuntu/neuron_cache_e2e/neuronxcc-2.23.6484.0+3b612583/MODULE_15914079002818025199+e30acd3a/model.neff
/home/ubuntu/train_llama10b_tp_families.py:653: DeprecationWarning: Use torch_xla.sync instead
  xm.mark_step()
2026-09-09 08:53:12.000304:  69497  [INFO]: Using a cached neff at /home/ubuntu/neuron_cache_e2e/neuronxcc-2.23.6484.0+3b612583/MODULE_13744807807430301687+e30acd3a/model.neff
2026-09-09 08:53:12.000307:  69485  [INFO]: Using a cached neff at /home/ubuntu/neuron_cache_e2e/neuronxcc-2.23.6484.0+3b612583/MODULE_6795776154388623675+e30acd3a/model.neff
2026-09-09 08:53:12.000317:  69477  [INFO]: Using a cached neff at /home/ubuntu/neuron_cache_e2e/neuronxcc-2.23.6484.0+3b612583/MODULE_13744807807430301687+e30acd3a/model.neff
/home/ubuntu/train_llama10b_tp_families.py:645: DeprecationWarning: Use torch_xla.sync instead
  xm.mark_step()   # slice: copy-back done
2026-09-09 08:53:12.000319:  69484  [INFO]: Using a cached neff at /home/ubuntu/neuron_cache_e2e/neuronxcc-2.23.6484.0+3b612583/MODULE_14849796531781449780+e30acd3a/model.neff
2026-09-09 08:53:12.000327:  69492  [INFO]: Using a cached neff at /home/ubuntu/neuron_cache_e2e/neuronxcc-2.23.6484.0+3b612583/MODULE_15914079002818025199+e30acd3a/model.neff
2026-09-09 08:53:12.000329:  69474  [INFO]: Using a cached neff at /home/ubuntu/neuron_cache_e2e/neuronxcc-2.23.6484.0+3b612583/MODULE_6773386797833768649+e30acd3a/model.neff
/home/ubuntu/train_llama10b_tp_families.py:645: DeprecationWarning: Use torch_xla.sync instead
  xm.mark_step()   # slice: copy-back done
2026-09-09 08:53:12.000333:  69495  [INFO]: Using a cached neff at /home/ubuntu/neuron_cache_e2e/neuronxcc-2.23.6484.0+3b612583/MODULE_2373622694781085304+e30acd3a/model.neff
2026-09-09 08:53:12.000334:  69469  [INFO]: Using a cached neff at /home/ubuntu/neuron_cache_e2e/neuronxcc-2.23.6484.0+3b612583/MODULE_15427396631935572758+e30acd3a/model.neff
/home/ubuntu/train_llama10b_tp_families.py:645: DeprecationWarning: Use torch_xla.sync instead
  xm.mark_step()   # slice: copy-back done
2026-09-09 08:53:12.000344:  69496  [INFO]: Using a cached neff at /home/ubuntu/neuron_cache_e2e/neuronxcc-2.23.6484.0+3b612583/MODULE_6773386797833768649+e30acd3a/model.neff
2026-09-09 08:53:12.000346:  69494  [INFO]: Using a cached neff at /home/ubuntu/neuron_cache_e2e/neuronxcc-2.23.6484.0+3b612583/MODULE_13744807807430301687+e30acd3a/model.neff
2026-09-09 08:53:12.000351:  69497  [INFO]: Using a cached neff at /home/ubuntu/neuron_cache_e2e/neuronxcc-2.23.6484.0+3b612583/MODULE_15427396631935572758+e30acd3a/model.neff
2026-09-09 08:53:12.000355:  69479  [INFO]: Using a cached neff at /home/ubuntu/neuron_cache_e2e/neuronxcc-2.23.6484.0+3b612583/MODULE_256651043009643160+e30acd3a/model.neff
/home/ubuntu/train_llama10b_tp_families.py:653: DeprecationWarning: Use torch_xla.sync instead
  xm.mark_step()
2026-09-09 08:53:12.000362:  69485  [INFO]: Using a cached neff at /home/ubuntu/neuron_cache_e2e/neuronxcc-2.23.6484.0+3b612583/MODULE_6773386797833768649+e30acd3a/model.neff
2026-09-09 08:53:12.000366:  69477  [INFO]: Using a cached neff at /home/ubuntu/neuron_cache_e2e/neuronxcc-2.23.6484.0+3b612583/MODULE_15427396631935572758+e30acd3a/model.neff
2026-09-09 08:53:12.000369:  69484  [INFO]: Using a cached neff at /home/ubuntu/neuron_cache_e2e/neuronxcc-2.23.6484.0+3b612583/MODULE_15914079002818025199+e30acd3a/model.neff
2026-09-09 08:53:12.000371:  69492  [INFO]: Using a cached neff at /home/ubuntu/neuron_cache_e2e/neuronxcc-2.23.6484.0+3b612583/MODULE_13744807807430301687+e30acd3a/model.neff
/home/ubuntu/train_llama10b_tp_families.py:645: DeprecationWarning: Use torch_xla.sync instead
  xm.mark_step()   # slice: copy-back done
2026-09-09 08:53:12.000377:  69495  [INFO]: Using a cached neff at /home/ubuntu/neuron_cache_e2e/neuronxcc-2.23.6484.0+3b612583/MODULE_15546749088224118202+e30acd3a/model.neff
2026-09-09 08:53:12.000381:  69474  [INFO]: Using a cached neff at /home/ubuntu/neuron_cache_e2e/neuronxcc-2.23.6484.0+3b612583/MODULE_14849796531781449780+e30acd3a/model.neff
/home/ubuntu/train_llama10b_tp_families.py:653: DeprecationWarning: Use torch_xla.sync instead
  xm.mark_step()
2026-09-09 08:53:12.000388:  69496  [INFO]: Using a cached neff at /home/ubuntu/neuron_cache_e2e/neuronxcc-2.23.6484.0+3b612583/MODULE_14849796531781449780+e30acd3a/model.neff
2026-09-09 08:53:12.000391:  69494  [INFO]: Using a cached neff at /home/ubuntu/neuron_cache_e2e/neuronxcc-2.23.6484.0+3b612583/MODULE_15427396631935572758+e30acd3a/model.neff
/home/ubuntu/train_llama10b_tp_families.py:653: DeprecationWarning: Use torch_xla.sync instead
  xm.mark_step()
/home/ubuntu/train_llama10b_tp_families.py:645: DeprecationWarning: Use torch_xla.sync instead
  xm.mark_step()   # slice: copy-back done
2026-09-09 08:53:12.000404:  69492  [INFO]: Using a cached neff at /home/ubuntu/neuron_cache_e2e/neuronxcc-2.23.6484.0+3b612583/MODULE_15427396631935572758+e30acd3a/model.neff
2026-09-09 08:53:12.000405:  69485  [INFO]: Using a cached neff at /home/ubuntu/neuron_cache_e2e/neuronxcc-2.23.6484.0+3b612583/MODULE_14849796531781449780+e30acd3a/model.neff
2026-09-09 08:53:12.000408:  69484  [INFO]: Using a cached neff at /home/ubuntu/neuron_cache_e2e/neuronxcc-2.23.6484.0+3b612583/MODULE_13744807807430301687+e30acd3a/model.neff
/home/ubuntu/train_llama10b_tp_families.py:653: DeprecationWarning: Use torch_xla.sync instead
  xm.mark_step()
2026-09-09 08:53:12.000416:  69495  [INFO]: Using a cached neff at /home/ubuntu/neuron_cache_e2e/neuronxcc-2.23.6484.0+3b612583/MODULE_6795776154388623675+e30acd3a/model.neff
2026-09-09 08:53:12.000420:  69496  [INFO]: Using a cached neff at /home/ubuntu/neuron_cache_e2e/neuronxcc-2.23.6484.0+3b612583/MODULE_15914079002818025199+e30acd3a/model.neff
2026-09-09 08:53:12.000425:  69474  [INFO]: Using a cached neff at /home/ubuntu/neuron_cache_e2e/neuronxcc-2.23.6484.0+3b612583/MODULE_15914079002818025199+e30acd3a/model.neff
/home/ubuntu/train_llama10b_tp_families.py:653: DeprecationWarning: Use torch_xla.sync instead
  xm.mark_step()
/home/ubuntu/train_llama10b_tp_families.py:645: DeprecationWarning: Use torch_xla.sync instead
  xm.mark_step()   # slice: copy-back done
2026-09-09 08:53:12.000445:  69484  [INFO]: Using a cached neff at /home/ubuntu/neuron_cache_e2e/neuronxcc-2.23.6484.0+3b612583/MODULE_15427396631935572758+e30acd3a/model.neff
2026-09-09 08:53:12.000447:  69485  [INFO]: Using a cached neff at /home/ubuntu/neuron_cache_e2e/neuronxcc-2.23.6484.0+3b612583/MODULE_15914079002818025199+e30acd3a/model.neff
2026-09-09 08:53:12.000449:  69496  [INFO]: Using a cached neff at /home/ubuntu/neuron_cache_e2e/neuronxcc-2.23.6484.0+3b612583/MODULE_13744807807430301687+e30acd3a/model.neff
2026-09-09 08:53:12.000452:  69480  [INFO]: Using a cached neff at /home/ubuntu/neuron_cache_e2e/neuronxcc-2.23.6484.0+3b612583/MODULE_256651043009643160+e30acd3a/model.neff
2026-09-09 08:53:12.000458:  69476  [INFO]: Using a cached neff at /home/ubuntu/neuron_cache_e2e/neuronxcc-2.23.6484.0+3b612583/MODULE_256651043009643160+e30acd3a/model.neff
2026-09-09 08:53:12.000458:  69474  [INFO]: Using a cached neff at /home/ubuntu/neuron_cache_e2e/neuronxcc-2.23.6484.0+3b612583/MODULE_13744807807430301687+e30acd3a/model.neff
2026-09-09 08:53:12.000459:  69471  [INFO]: Using a cached neff at /home/ubuntu/neuron_cache_e2e/neuronxcc-2.23.6484.0+3b612583/MODULE_256651043009643160+e30acd3a/model.neff
2026-09-09 08:53:12.000462:  69495  [INFO]: Using a cached neff at /home/ubuntu/neuron_cache_e2e/neuronxcc-2.23.6484.0+3b612583/MODULE_6773386797833768649+e30acd3a/model.neff
2026-09-09 08:53:12.000463:  69479  [INFO]: Using a cached neff at /home/ubuntu/neuron_cache_e2e/neuronxcc-2.23.6484.0+3b612583/MODULE_14874200043798254035+e30acd3a/model.neff
/home/ubuntu/train_llama10b_tp_families.py:645: DeprecationWarning: Use torch_xla.sync instead
  xm.mark_step()   # slice: copy-back done
/home/ubuntu/train_llama10b_tp_families.py:653: DeprecationWarning: Use torch_xla.sync instead
  xm.mark_step()
2026-09-09 08:53:12.000478:  69485  [INFO]: Using a cached neff at /home/ubuntu/neuron_cache_e2e/neuronxcc-2.23.6484.0+3b612583/MODULE_13744807807430301687+e30acd3a/model.neff
2026-09-09 08:53:12.000478:  69496  [INFO]: Using a cached neff at /home/ubuntu/neuron_cache_e2e/neuronxcc-2.23.6484.0+3b612583/MODULE_15427396631935572758+e30acd3a/model.neff
/home/ubuntu/train_llama10b_tp_families.py:645: DeprecationWarning: Use torch_xla.sync instead
  xm.mark_step()   # slice: copy-back done
2026-09-09 08:53:12.000492:  69474  [INFO]: Using a cached neff at /home/ubuntu/neuron_cache_e2e/neuronxcc-2.23.6484.0+3b612583/MODULE_15427396631935572758+e30acd3a/model.neff
2026-09-09 08:53:12.000497:  69495  [INFO]: Using a cached neff at /home/ubuntu/neuron_cache_e2e/neuronxcc-2.23.6484.0+3b612583/MODULE_14849796531781449780+e30acd3a/model.neff
/home/ubuntu/train_llama10b_tp_families.py:645: DeprecationWarning: Use torch_xla.sync instead
  xm.mark_step()   # slice: copy-back done
/home/ubuntu/train_llama10b_tp_families.py:653: DeprecationWarning: Use torch_xla.sync instead
  xm.mark_step()
2026-09-09 08:53:12.000507:  69485  [INFO]: Using a cached neff at /home/ubuntu/neuron_cache_e2e/neuronxcc-2.23.6484.0+3b612583/MODULE_15427396631935572758+e30acd3a/model.neff
2026-09-09 08:53:12.000510:  69469  [INFO]: Using a cached neff at /home/ubuntu/neuron_cache_e2e/neuronxcc-2.23.6484.0+3b612583/MODULE_256651043009643160+e30acd3a/model.neff
/home/ubuntu/train_llama10b_tp_families.py:653: DeprecationWarning: Use torch_xla.sync instead
  xm.mark_step()
/home/ubuntu/train_llama10b_tp_families.py:653: DeprecationWarning: Use torch_xla.sync instead
  xm.mark_step()
2026-09-09 08:53:12.000533:  69495  [INFO]: Using a cached neff at /home/ubuntu/neuron_cache_e2e/neuronxcc-2.23.6484.0+3b612583/MODULE_15914079002818025199+e30acd3a/model.neff
2026-09-09 08:53:12.000542:  69494  [INFO]: Using a cached neff at /home/ubuntu/neuron_cache_e2e/neuronxcc-2.23.6484.0+3b612583/MODULE_256651043009643160+e30acd3a/model.neff
2026-09-09 08:53:12.000546:  69477  [INFO]: Using a cached neff at /home/ubuntu/neuron_cache_e2e/neuronxcc-2.23.6484.0+3b612583/MODULE_256651043009643160+e30acd3a/model.neff
2026-09-09 08:53:12.000555:  69480  [INFO]: Using a cached neff at /home/ubuntu/neuron_cache_e2e/neuronxcc-2.23.6484.0+3b612583/MODULE_14874200043798254035+e30acd3a/model.neff
2026-09-09 08:53:12.000556:  69497  [INFO]: Using a cached neff at /home/ubuntu/neuron_cache_e2e/neuronxcc-2.23.6484.0+3b612583/MODULE_256651043009643160+e30acd3a/model.neff
2026-09-09 08:53:12.000562:  69495  [INFO]: Using a cached neff at /home/ubuntu/neuron_cache_e2e/neuronxcc-2.23.6484.0+3b612583/MODULE_13744807807430301687+e30acd3a/model.neff
2026-09-09 08:53:12.000570:  69471  [INFO]: Using a cached neff at /home/ubuntu/neuron_cache_e2e/neuronxcc-2.23.6484.0+3b612583/MODULE_14874200043798254035+e30acd3a/model.neff
2026-09-09 08:53:12.000572:  69476  [INFO]: Using a cached neff at /home/ubuntu/neuron_cache_e2e/neuronxcc-2.23.6484.0+3b612583/MODULE_14874200043798254035+e30acd3a/model.neff
/home/ubuntu/train_llama10b_tp_families.py:645: DeprecationWarning: Use torch_xla.sync instead
  xm.mark_step()   # slice: copy-back done
/home/ubuntu/train_llama10b_tp_families.py:436: DeprecationWarning: Use torch_xla.sync instead
  xm.mark_step()
/home/ubuntu/train_llama10b_tp_families.py:443: DeprecationWarning: Use torch_xla.sync instead
  xm.mark_step()
2026-09-09 08:53:12.000591:  69495  [INFO]: Using a cached neff at /home/ubuntu/neuron_cache_e2e/neuronxcc-2.23.6484.0+3b612583/MODULE_15427396631935572758+e30acd3a/model.neff
2026-09-09 08:53:12.000605:  69492  [INFO]: Using a cached neff at /home/ubuntu/neuron_cache_e2e/neuronxcc-2.23.6484.0+3b612583/MODULE_256651043009643160+e30acd3a/model.neff
/home/ubuntu/train_llama10b_tp_families.py:653: DeprecationWarning: Use torch_xla.sync instead
  xm.mark_step()
2026-09-09 08:53:12.000623:  69469  [INFO]: Using a cached neff at /home/ubuntu/neuron_cache_e2e/neuronxcc-2.23.6484.0+3b612583/MODULE_14874200043798254035+e30acd3a/model.neff
2026-09-09 08:53:12.000636:  69494  [INFO]: Using a cached neff at /home/ubuntu/neuron_cache_e2e/neuronxcc-2.23.6484.0+3b612583/MODULE_14874200043798254035+e30acd3a/model.neff
2026-09-09 08:53:12.000644:  69496  [INFO]: Using a cached neff at /home/ubuntu/neuron_cache_e2e/neuronxcc-2.23.6484.0+3b612583/MODULE_256651043009643160+e30acd3a/model.neff
2026-09-09 08:53:12.000646:  69484  [INFO]: Using a cached neff at /home/ubuntu/neuron_cache_e2e/neuronxcc-2.23.6484.0+3b612583/MODULE_256651043009643160+e30acd3a/model.neff
2026-09-09 08:53:12.000648:  69477  [INFO]: Using a cached neff at /home/ubuntu/neuron_cache_e2e/neuronxcc-2.23.6484.0+3b612583/MODULE_14874200043798254035+e30acd3a/model.neff
2026-09-09 08:53:12.000658:  69497  [INFO]: Using a cached neff at /home/ubuntu/neuron_cache_e2e/neuronxcc-2.23.6484.0+3b612583/MODULE_14874200043798254035+e30acd3a/model.neff
2026-09-09 08:53:12.000677:  69485  [INFO]: Using a cached neff at /home/ubuntu/neuron_cache_e2e/neuronxcc-2.23.6484.0+3b612583/MODULE_256651043009643160+e30acd3a/model.neff
2026-09-09 08:53:12.000700:  69474  [INFO]: Using a cached neff at /home/ubuntu/neuron_cache_e2e/neuronxcc-2.23.6484.0+3b612583/MODULE_256651043009643160+e30acd3a/model.neff
2026-09-09 08:53:12.000719:  69492  [INFO]: Using a cached neff at /home/ubuntu/neuron_cache_e2e/neuronxcc-2.23.6484.0+3b612583/MODULE_14874200043798254035+e30acd3a/model.neff
2026-09-09 08:53:12.000739:  69496  [INFO]: Using a cached neff at /home/ubuntu/neuron_cache_e2e/neuronxcc-2.23.6484.0+3b612583/MODULE_14874200043798254035+e30acd3a/model.neff
2026-09-09 08:53:12.000746:  69495  [INFO]: Using a cached neff at /home/ubuntu/neuron_cache_e2e/neuronxcc-2.23.6484.0+3b612583/MODULE_256651043009643160+e30acd3a/model.neff
2026-09-09 08:53:12.000768:  69484  [INFO]: Using a cached neff at /home/ubuntu/neuron_cache_e2e/neuronxcc-2.23.6484.0+3b612583/MODULE_14874200043798254035+e30acd3a/model.neff
2026-09-09 08:53:12.000772:  69485  [INFO]: Using a cached neff at /home/ubuntu/neuron_cache_e2e/neuronxcc-2.23.6484.0+3b612583/MODULE_14874200043798254035+e30acd3a/model.neff
2026-09-09 08:53:12.000807:  69474  [INFO]: Using a cached neff at /home/ubuntu/neuron_cache_e2e/neuronxcc-2.23.6484.0+3b612583/MODULE_14874200043798254035+e30acd3a/model.neff
2026-09-09 08:53:12.000835:  69495  [INFO]: Using a cached neff at /home/ubuntu/neuron_cache_e2e/neuronxcc-2.23.6484.0+3b612583/MODULE_14874200043798254035+e30acd3a/model.neff
2026-09-09 08:53:13.000181:  69491  [INFO]: Using a cached neff at /home/ubuntu/neuron_cache_e2e/neuronxcc-2.23.6484.0+3b612583/MODULE_5822669904513104586+e30acd3a/model.neff
2026-09-09 08:53:13.000208:  69491  [INFO]: Using a cached neff at /home/ubuntu/neuron_cache_e2e/neuronxcc-2.23.6484.0+3b612583/MODULE_2373622694781085304+e30acd3a/model.neff
2026-09-09 08:53:13.000234:  69491  [INFO]: Using a cached neff at /home/ubuntu/neuron_cache_e2e/neuronxcc-2.23.6484.0+3b612583/MODULE_15546749088224118202+e30acd3a/model.neff
2026-09-09 08:53:13.000260:  69491  [INFO]: Using a cached neff at /home/ubuntu/neuron_cache_e2e/neuronxcc-2.23.6484.0+3b612583/MODULE_6795776154388623675+e30acd3a/model.neff
2026-09-09 08:53:13.000294:  69491  [INFO]: Using a cached neff at /home/ubuntu/neuron_cache_e2e/neuronxcc-2.23.6484.0+3b612583/MODULE_6773386797833768649+e30acd3a/model.neff
2026-09-09 08:53:13.000324:  69491  [INFO]: Using a cached neff at /home/ubuntu/neuron_cache_e2e/neuronxcc-2.23.6484.0+3b612583/MODULE_14849796531781449780+e30acd3a/model.neff
2026-09-09 08:53:13.000352:  69491  [INFO]: Using a cached neff at /home/ubuntu/neuron_cache_e2e/neuronxcc-2.23.6484.0+3b612583/MODULE_15914079002818025199+e30acd3a/model.neff
2026-09-09 08:53:13.000378:  69491  [INFO]: Using a cached neff at /home/ubuntu/neuron_cache_e2e/neuronxcc-2.23.6484.0+3b612583/MODULE_13744807807430301687+e30acd3a/model.neff
/home/ubuntu/train_llama10b_tp_families.py:645: DeprecationWarning: Use torch_xla.sync instead
  xm.mark_step()   # slice: copy-back done
2026-09-09 08:53:13.000404:  69491  [INFO]: Using a cached neff at /home/ubuntu/neuron_cache_e2e/neuronxcc-2.23.6484.0+3b612583/MODULE_15427396631935572758+e30acd3a/model.neff
/home/ubuntu/train_llama10b_tp_families.py:653: DeprecationWarning: Use torch_xla.sync instead
  xm.mark_step()
2026-09-09 08:53:13.000542:  69491  [INFO]: Using a cached neff at /home/ubuntu/neuron_cache_e2e/neuronxcc-2.23.6484.0+3b612583/MODULE_256651043009643160+e30acd3a/model.neff
2026-09-09 08:53:13.000631:  69491  [INFO]: Using a cached neff at /home/ubuntu/neuron_cache_e2e/neuronxcc-2.23.6484.0+3b612583/MODULE_14874200043798254035+e30acd3a/model.neff
2026-09-09 08:53:15.000275:  69486  [INFO]: Using a cached neff at /home/ubuntu/neuron_cache_e2e/neuronxcc-2.23.6484.0+3b612583/MODULE_5822669904513104586+e30acd3a/model.neff
2026-09-09 08:53:15.000302:  69486  [INFO]: Using a cached neff at /home/ubuntu/neuron_cache_e2e/neuronxcc-2.23.6484.0+3b612583/MODULE_2373622694781085304+e30acd3a/model.neff
2026-09-09 08:53:15.000316:  69490  [INFO]: Using a cached neff at /home/ubuntu/neuron_cache_e2e/neuronxcc-2.23.6484.0+3b612583/MODULE_5822669904513104586+e30acd3a/model.neff
2026-09-09 08:53:15.000329:  69486  [INFO]: Using a cached neff at /home/ubuntu/neuron_cache_e2e/neuronxcc-2.23.6484.0+3b612583/MODULE_15546749088224118202+e30acd3a/model.neff
2026-09-09 08:53:15.000344:  69490  [INFO]: Using a cached neff at /home/ubuntu/neuron_cache_e2e/neuronxcc-2.23.6484.0+3b612583/MODULE_2373622694781085304+e30acd3a/model.neff
2026-09-09 08:53:15.000357:  69486  [INFO]: Using a cached neff at /home/ubuntu/neuron_cache_e2e/neuronxcc-2.23.6484.0+3b612583/MODULE_6795776154388623675+e30acd3a/model.neff
2026-09-09 08:53:15.000372:  69490  [INFO]: Using a cached neff at /home/ubuntu/neuron_cache_e2e/neuronxcc-2.23.6484.0+3b612583/MODULE_15546749088224118202+e30acd3a/model.neff
2026-09-09 08:53:15.000393:  69486  [INFO]: Using a cached neff at /home/ubuntu/neuron_cache_e2e/neuronxcc-2.23.6484.0+3b612583/MODULE_6773386797833768649+e30acd3a/model.neff
2026-09-09 08:53:15.000400:  69490  [INFO]: Using a cached neff at /home/ubuntu/neuron_cache_e2e/neuronxcc-2.23.6484.0+3b612583/MODULE_6795776154388623675+e30acd3a/model.neff
2026-09-09 08:53:15.000425:  69486  [INFO]: Using a cached neff at /home/ubuntu/neuron_cache_e2e/neuronxcc-2.23.6484.0+3b612583/MODULE_14849796531781449780+e30acd3a/model.neff
2026-09-09 08:53:15.000435:  69490  [INFO]: Using a cached neff at /home/ubuntu/neuron_cache_e2e/neuronxcc-2.23.6484.0+3b612583/MODULE_6773386797833768649+e30acd3a/model.neff
2026-09-09 08:53:15.000454:  69486  [INFO]: Using a cached neff at /home/ubuntu/neuron_cache_e2e/neuronxcc-2.23.6484.0+3b612583/MODULE_15914079002818025199+e30acd3a/model.neff
2026-09-09 08:53:15.000468:  69490  [INFO]: Using a cached neff at /home/ubuntu/neuron_cache_e2e/neuronxcc-2.23.6484.0+3b612583/MODULE_14849796531781449780+e30acd3a/model.neff
2026-09-09 08:53:15.000481:  69486  [INFO]: Using a cached neff at /home/ubuntu/neuron_cache_e2e/neuronxcc-2.23.6484.0+3b612583/MODULE_13744807807430301687+e30acd3a/model.neff
2026-09-09 08:53:15.000496:  69490  [INFO]: Using a cached neff at /home/ubuntu/neuron_cache_e2e/neuronxcc-2.23.6484.0+3b612583/MODULE_15914079002818025199+e30acd3a/model.neff
/home/ubuntu/train_llama10b_tp_families.py:645: DeprecationWarning: Use torch_xla.sync instead
  xm.mark_step()   # slice: copy-back done
2026-09-09 08:53:15.000507:  69486  [INFO]: Using a cached neff at /home/ubuntu/neuron_cache_e2e/neuronxcc-2.23.6484.0+3b612583/MODULE_15427396631935572758+e30acd3a/model.neff
2026-09-09 08:53:15.000522:  69490  [INFO]: Using a cached neff at /home/ubuntu/neuron_cache_e2e/neuronxcc-2.23.6484.0+3b612583/MODULE_13744807807430301687+e30acd3a/model.neff
/home/ubuntu/train_llama10b_tp_families.py:653: DeprecationWarning: Use torch_xla.sync instead
  xm.mark_step()
/home/ubuntu/train_llama10b_tp_families.py:645: DeprecationWarning: Use torch_xla.sync instead
  xm.mark_step()   # slice: copy-back done
2026-09-09 08:53:15.000548:  69490  [INFO]: Using a cached neff at /home/ubuntu/neuron_cache_e2e/neuronxcc-2.23.6484.0+3b612583/MODULE_15427396631935572758+e30acd3a/model.neff
/home/ubuntu/train_llama10b_tp_families.py:653: DeprecationWarning: Use torch_xla.sync instead
  xm.mark_step()
2026-09-09 08:53:15.000650:  69486  [INFO]: Using a cached neff at /home/ubuntu/neuron_cache_e2e/neuronxcc-2.23.6484.0+3b612583/MODULE_256651043009643160+e30acd3a/model.neff
2026-09-09 08:53:15.000696:  69490  [INFO]: Using a cached neff at /home/ubuntu/neuron_cache_e2e/neuronxcc-2.23.6484.0+3b612583/MODULE_256651043009643160+e30acd3a/model.neff
2026-09-09 08:53:15.000744:  69486  [INFO]: Using a cached neff at /home/ubuntu/neuron_cache_e2e/neuronxcc-2.23.6484.0+3b612583/MODULE_14874200043798254035+e30acd3a/model.neff
2026-09-09 08:53:15.000788:  69490  [INFO]: Using a cached neff at /home/ubuntu/neuron_cache_e2e/neuronxcc-2.23.6484.0+3b612583/MODULE_14874200043798254035+e30acd3a/model.neff
/home/ubuntu/train_llama10b_tp_families.py:449: DeprecationWarning: Use torch_xla.sync instead
  xm.mark_step()
/home/ubuntu/train_llama10b_tp_families.py:449: DeprecationWarning: Use torch_xla.sync instead
  xm.mark_step()
/home/ubuntu/train_llama10b_tp_families.py:455: DeprecationWarning: Use torch_xla.sync instead
  xm.mark_step()
/home/ubuntu/train_llama10b_tp_families.py:455: DeprecationWarning: Use torch_xla.sync instead
  xm.mark_step()
/home/ubuntu/train_llama10b_tp_families.py:459: DeprecationWarning: Use torch_xla.sync instead
  xm.mark_step()
/home/ubuntu/train_llama10b_tp_families.py:459: DeprecationWarning: Use torch_xla.sync instead
  xm.mark_step()
/home/ubuntu/train_llama10b_tp_families.py:486: DeprecationWarning: Use torch_xla.sync instead
  xm.mark_step()
/home/ubuntu/train_llama10b_tp_families.py:486: DeprecationWarning: Use torch_xla.sync instead
  xm.mark_step()
/home/ubuntu/train_llama10b_tp_families.py:490: DeprecationWarning: Use torch_xla.sync instead
  xm.mark_step()
/home/ubuntu/train_llama10b_tp_families.py:490: DeprecationWarning: Use torch_xla.sync instead
  xm.mark_step()
/home/ubuntu/train_llama10b_tp_families.py:513: DeprecationWarning: Use torch_xla.sync instead
  xm.mark_step()   # slice sync graph: norms done
/home/ubuntu/train_llama10b_tp_families.py:522: DeprecationWarning: Use torch_xla.sync instead
  xm.mark_step()   # slice sync graph: F4b done
/home/ubuntu/train_llama10b_tp_families.py:513: DeprecationWarning: Use torch_xla.sync instead
  xm.mark_step()   # slice sync graph: norms done
/home/ubuntu/train_llama10b_tp_families.py:538: DeprecationWarning: Use torch_xla.sync instead
  xm.mark_step()   # slice sync graph: F6/F7 done
/home/ubuntu/train_llama10b_tp_families.py:522: DeprecationWarning: Use torch_xla.sync instead
  xm.mark_step()   # slice sync graph: F4b done
/home/ubuntu/train_llama10b_tp_families.py:538: DeprecationWarning: Use torch_xla.sync instead
  xm.mark_step()   # slice sync graph: F6/F7 done
/home/ubuntu/train_llama10b_tp_families.py:557: DeprecationWarning: Use torch_xla.sync instead
  xm.mark_step()
/home/ubuntu/train_llama10b_tp_families.py:557: DeprecationWarning: Use torch_xla.sync instead
  xm.mark_step()
/home/ubuntu/train_llama10b_tp_families.py:616: DeprecationWarning: Use torch_xla.sync instead
  xm.mark_step()
...
Compiler status PASS
2026-09-09 08:54:19.000688:  69469  [INFO]: Compilation Successfully Completed for model.MODULE_16335475570970202006+e30acd3a.hlo_module.pb
/home/ubuntu/train_llama10b_tp_families.py:616: DeprecationWarning: Use torch_xla.sync instead
  xm.mark_step()
2026-09-09 08:54:22.000732:  69491  [INFO]: Another process must be compiling /home/ubuntu/neuron_cache_e2e/neuronxcc-2.23.6484.0+3b612583/MODULE_16335475570970202006+e30acd3a/model.hlo_module.pb, been waiting for: 1.0 minutes
2026-09-09 08:54:22.000735:  69472  [INFO]: Another process must be compiling /home/ubuntu/neuron_cache_e2e/neuronxcc-2.23.6484.0+3b612583/MODULE_16335475570970202006+e30acd3a/model.hlo_module.pb, been waiting for: 1.0 minutes
2026-09-09 08:54:22.000735:  69474  [INFO]: Another process must be compiling /home/ubuntu/neuron_cache_e2e/neuronxcc-2.23.6484.0+3b612583/MODULE_16335475570970202006+e30acd3a/model.hlo_module.pb, been waiting for: 1.0 minutes
2026-09-09 08:54:22.000736:  69484  [INFO]: Another process must be compiling /home/ubuntu/neuron_cache_e2e/neuronxcc-2.23.6484.0+3b612583/MODULE_16335475570970202006+e30acd3a/model.hlo_module.pb, been waiting for: 1.0 minutes
2026-09-09 08:54:22.000737:  69481  [INFO]: Another process must be compiling /home/ubuntu/neuron_cache_e2e/neuronxcc-2.23.6484.0+3b612583/MODULE_16335475570970202006+e30acd3a/model.hlo_module.pb, been waiting for: 1.0 minutes
2026-09-09 08:54:22.000738:  69495  [INFO]: Another process must be compiling /home/ubuntu/neuron_cache_e2e/neuronxcc-2.23.6484.0+3b612583/MODULE_16335475570970202006+e30acd3a/model.hlo_module.pb, been waiting for: 1.0 minutes
2026-09-09 08:54:22.000739:  69471  [INFO]: Another process must be compiling /home/ubuntu/neuron_cache_e2e/neuronxcc-2.23.6484.0+3b612583/MODULE_16335475570970202006+e30acd3a/model.hlo_module.pb, been waiting for: 1.0 minutes
2026-09-09 08:54:22.000739:  69486  [INFO]: Another process must be compiling /home/ubuntu/neuron_cache_e2e/neuronxcc-2.23.6484.0+3b612583/MODULE_16335475570970202006+e30acd3a/model.hlo_module.pb, been waiting for: 1.0 minutes
2026-09-09 08:54:22.000740:  69487  [INFO]: Another process must be compiling /home/ubuntu/neuron_cache_e2e/neuronxcc-2.23.6484.0+3b612583/MODULE_16335475570970202006+e30acd3a/model.hlo_module.pb, been waiting for: 1.0 minutes
2026-09-09 08:54:22.000740:  69485  [INFO]: Another process must be compiling /home/ubuntu/neuron_cache_e2e/neuronxcc-2.23.6484.0+3b612583/MODULE_16335475570970202006+e30acd3a/model.hlo_module.pb, been waiting for: 1.0 minutes
2026-09-09 08:54:22.000742:  69483  [INFO]: Another process must be compiling /home/ubuntu/neuron_cache_e2e/neuronxcc-2.23.6484.0+3b612583/MODULE_16335475570970202006+e30acd3a/model.hlo_module.pb, been waiting for: 1.0 minutes
2026-09-09 08:54:22.000743:  69489  [INFO]: Another process must be compiling /home/ubuntu/neuron_cache_e2e/neuronxcc-2.23.6484.0+3b612583/MODULE_16335475570970202006+e30acd3a/model.hlo_module.pb, been waiting for: 1.0 minutes
2026-09-09 08:54:22.000744:  69475  [INFO]: Another process must be compiling /home/ubuntu/neuron_cache_e2e/neuronxcc-2.23.6484.0+3b612583/MODULE_16335475570970202006+e30acd3a/model.hlo_module.pb, been waiting for: 1.0 minutes
2026-09-09 08:54:22.000744:  69490  [INFO]: Another process must be compiling /home/ubuntu/neuron_cache_e2e/neuronxcc-2.23.6484.0+3b612583/MODULE_16335475570970202006+e30acd3a/model.hlo_module.pb, been waiting for: 1.0 minutes
2026-09-09 08:54:22.000745:  69488  [INFO]: Another process must be compiling /home/ubuntu/neuron_cache_e2e/neuronxcc-2.23.6484.0+3b612583/MODULE_16335475570970202006+e30acd3a/model.hlo_module.pb, been waiting for: 1.0 minutes
2026-09-09 08:54:22.000747:  69473  [INFO]: Another process must be compiling /home/ubuntu/neuron_cache_e2e/neuronxcc-2.23.6484.0+3b612583/MODULE_16335475570970202006+e30acd3a/model.hlo_module.pb, been waiting for: 1.0 minutes
2026-09-09 08:54:22.000747:  69492  [INFO]: Another process must be compiling /home/ubuntu/neuron_cache_e2e/neuronxcc-2.23.6484.0+3b612583/MODULE_16335475570970202006+e30acd3a/model.hlo_module.pb, been waiting for: 1.0 minutes
2026-09-09 08:54:22.000748:  69494  [INFO]: Another process must be compiling /home/ubuntu/neuron_cache_e2e/neuronxcc-2.23.6484.0+3b612583/MODULE_16335475570970202006+e30acd3a/model.hlo_module.pb, been waiting for: 1.0 minutes
2026-09-09 08:54:22.000749:  69498  [INFO]: Another process must be compiling /home/ubuntu/neuron_cache_e2e/neuronxcc-2.23.6484.0+3b612583/MODULE_16335475570970202006+e30acd3a/model.hlo_module.pb, been waiting for: 1.0 minutes
2026-09-09 08:54:22.000750:  69467  [INFO]: Another process must be compiling /home/ubuntu/neuron_cache_e2e/neuronxcc-2.23.6484.0+3b612583/MODULE_16335475570970202006+e30acd3a/model.hlo_module.pb, been waiting for: 1.0 minutes
2026-09-09 08:54:22.000751:  69479  [INFO]: Another process must be compiling /home/ubuntu/neuron_cache_e2e/neuronxcc-2.23.6484.0+3b612583/MODULE_16335475570970202006+e30acd3a/model.hlo_module.pb, been waiting for: 1.0 minutes
2026-09-09 08:54:22.000753:  69482  [INFO]: Another process must be compiling /home/ubuntu/neuron_cache_e2e/neuronxcc-2.23.6484.0+3b612583/MODULE_16335475570970202006+e30acd3a/model.hlo_module.pb, been waiting for: 1.0 minutes
2026-09-09 08:54:22.000753:  69476  [INFO]: Another process must be compiling /home/ubuntu/neuron_cache_e2e/neuronxcc-2.23.6484.0+3b612583/MODULE_16335475570970202006+e30acd3a/model.hlo_module.pb, been waiting for: 1.0 minutes
2026-09-09 08:54:22.000753:  69496  [INFO]: Another process must be compiling /home/ubuntu/neuron_cache_e2e/neuronxcc-2.23.6484.0+3b612583/MODULE_16335475570970202006+e30acd3a/model.hlo_module.pb, been waiting for: 1.0 minutes
2026-09-09 08:54:22.000754:  69477  [INFO]: Another process must be compiling /home/ubuntu/neuron_cache_e2e/neuronxcc-2.23.6484.0+3b612583/MODULE_16335475570970202006+e30acd3a/model.hlo_module.pb, been waiting for: 1.0 minutes
2026-09-09 08:54:22.000754:  69497  [INFO]: Another process must be compiling /home/ubuntu/neuron_cache_e2e/neuronxcc-2.23.6484.0+3b612583/MODULE_16335475570970202006+e30acd3a/model.hlo_module.pb, been waiting for: 1.0 minutes
2026-09-09 08:54:22.000754:  69478  [INFO]: Another process must be compiling /home/ubuntu/neuron_cache_e2e/neuronxcc-2.23.6484.0+3b612583/MODULE_16335475570970202006+e30acd3a/model.hlo_module.pb, been waiting for: 1.0 minutes
2026-09-09 08:54:22.000754:  69470  [INFO]: Another process must be compiling /home/ubuntu/neuron_cache_e2e/neuronxcc-2.23.6484.0+3b612583/MODULE_16335475570970202006+e30acd3a/model.hlo_module.pb, been waiting for: 1.0 minutes
2026-09-09 08:54:22.000755:  69468  [INFO]: Another process must be compiling /home/ubuntu/neuron_cache_e2e/neuronxcc-2.23.6484.0+3b612583/MODULE_16335475570970202006+e30acd3a/model.hlo_module.pb, been waiting for: 1.0 minutes
2026-09-09 08:54:22.000755:  69480  [INFO]: Another process must be compiling /home/ubuntu/neuron_cache_e2e/neuronxcc-2.23.6484.0+3b612583/MODULE_16335475570970202006+e30acd3a/model.hlo_module.pb, been waiting for: 1.0 minutes
2026-09-09 08:54:22.000755:  69493  [INFO]: Another process must be compiling /home/ubuntu/neuron_cache_e2e/neuronxcc-2.23.6484.0+3b612583/MODULE_16335475570970202006+e30acd3a/model.hlo_module.pb, been waiting for: 1.0 minutes
2026-09-09 08:54:27.000415:  69498  [INFO]: Using a cached neff at /home/ubuntu/neuron_cache_e2e/neuronxcc-2.23.6484.0+3b612583/MODULE_16335475570970202006+e30acd3a/model.neff
2026-09-09 08:54:27.000748:  69491  [INFO]: Using a cached neff at /home/ubuntu/neuron_cache_e2e/neuronxcc-2.23.6484.0+3b612583/MODULE_16335475570970202006+e30acd3a/model.neff
2026-09-09 08:54:28.000374:  69474  [INFO]: Using a cached neff at /home/ubuntu/neuron_cache_e2e/neuronxcc-2.23.6484.0+3b612583/MODULE_16335475570970202006+e30acd3a/model.neff
2026-09-09 08:54:28.000375:  69473  [INFO]: Using a cached neff at /home/ubuntu/neuron_cache_e2e/neuronxcc-2.23.6484.0+3b612583/MODULE_16335475570970202006+e30acd3a/model.neff
2026-09-09 08:54:28.000689:  69467  [INFO]: Using a cached neff at /home/ubuntu/neuron_cache_e2e/neuronxcc-2.23.6484.0+3b612583/MODULE_16335475570970202006+e30acd3a/model.neff
2026-09-09 08:54:28.000950:  69468  [INFO]: Using a cached neff at /home/ubuntu/neuron_cache_e2e/neuronxcc-2.23.6484.0+3b612583/MODULE_16335475570970202006+e30acd3a/model.neff
2026-09-09 08:54:28.000950:  69478  [INFO]: Using a cached neff at /home/ubuntu/neuron_cache_e2e/neuronxcc-2.23.6484.0+3b612583/MODULE_16335475570970202006+e30acd3a/model.neff
2026-09-09 08:54:28.000950:  69488  [INFO]: Using a cached neff at /home/ubuntu/neuron_cache_e2e/neuronxcc-2.23.6484.0+3b612583/MODULE_16335475570970202006+e30acd3a/model.neff
2026-09-09 08:54:29.000092:  69486  [INFO]: Using a cached neff at /home/ubuntu/neuron_cache_e2e/neuronxcc-2.23.6484.0+3b612583/MODULE_16335475570970202006+e30acd3a/model.neff
2026-09-09 08:54:29.000092:  69475  [INFO]: Using a cached neff at /home/ubuntu/neuron_cache_e2e/neuronxcc-2.23.6484.0+3b612583/MODULE_16335475570970202006+e30acd3a/model.neff
2026-09-09 08:54:29.000092:  69482  [INFO]: Using a cached neff at /home/ubuntu/neuron_cache_e2e/neuronxcc-2.23.6484.0+3b612583/MODULE_16335475570970202006+e30acd3a/model.neff
2026-09-09 08:54:29.000133:  69495  [INFO]: Using a cached neff at /home/ubuntu/neuron_cache_e2e/neuronxcc-2.23.6484.0+3b612583/MODULE_16335475570970202006+e30acd3a/model.neff
2026-09-09 08:54:29.000133:  69483  [INFO]: Using a cached neff at /home/ubuntu/neuron_cache_e2e/neuronxcc-2.23.6484.0+3b612583/MODULE_16335475570970202006+e30acd3a/model.neff
2026-09-09 08:54:29.000177:  69496  [INFO]: Using a cached neff at /home/ubuntu/neuron_cache_e2e/neuronxcc-2.23.6484.0+3b612583/MODULE_16335475570970202006+e30acd3a/model.neff
2026-09-09 08:54:29.000177:  69481  [INFO]: Using a cached neff at /home/ubuntu/neuron_cache_e2e/neuronxcc-2.23.6484.0+3b612583/MODULE_16335475570970202006+e30acd3a/model.neff
2026-09-09 08:54:29.000221:  69487  [INFO]: Using a cached neff at /home/ubuntu/neuron_cache_e2e/neuronxcc-2.23.6484.0+3b612583/MODULE_16335475570970202006+e30acd3a/model.neff
2026-09-09 08:54:29.000221:  69479  [INFO]: Using a cached neff at /home/ubuntu/neuron_cache_e2e/neuronxcc-2.23.6484.0+3b612583/MODULE_16335475570970202006+e30acd3a/model.neff
2026-09-09 08:54:29.000300:  69497  [INFO]: Using a cached neff at /home/ubuntu/neuron_cache_e2e/neuronxcc-2.23.6484.0+3b612583/MODULE_16335475570970202006+e30acd3a/model.neff
2026-09-09 08:54:29.000337:  69484  [INFO]: Using a cached neff at /home/ubuntu/neuron_cache_e2e/neuronxcc-2.23.6484.0+3b612583/MODULE_16335475570970202006+e30acd3a/model.neff
2026-09-09 08:54:29.000337:  69492  [INFO]: Using a cached neff at /home/ubuntu/neuron_cache_e2e/neuronxcc-2.23.6484.0+3b612583/MODULE_16335475570970202006+e30acd3a/model.neff
2026-09-09 08:54:29.000379:  69485  [INFO]: Using a cached neff at /home/ubuntu/neuron_cache_e2e/neuronxcc-2.23.6484.0+3b612583/MODULE_16335475570970202006+e30acd3a/model.neff
2026-09-09 08:54:29.000424:  69477  [INFO]: Using a cached neff at /home/ubuntu/neuron_cache_e2e/neuronxcc-2.23.6484.0+3b612583/MODULE_16335475570970202006+e30acd3a/model.neff
2026-09-09 08:54:29.000424:  69494  [INFO]: Using a cached neff at /home/ubuntu/neuron_cache_e2e/neuronxcc-2.23.6484.0+3b612583/MODULE_16335475570970202006+e30acd3a/model.neff
2026-09-09 08:54:29.000424:  69489  [INFO]: Using a cached neff at /home/ubuntu/neuron_cache_e2e/neuronxcc-2.23.6484.0+3b612583/MODULE_16335475570970202006+e30acd3a/model.neff
2026-09-09 08:54:29.000425:  69493  [INFO]: Using a cached neff at /home/ubuntu/neuron_cache_e2e/neuronxcc-2.23.6484.0+3b612583/MODULE_16335475570970202006+e30acd3a/model.neff
2026-09-09 08:54:29.000466:  69472  [INFO]: Using a cached neff at /home/ubuntu/neuron_cache_e2e/neuronxcc-2.23.6484.0+3b612583/MODULE_16335475570970202006+e30acd3a/model.neff
2026-09-09 08:54:29.000466:  69471  [INFO]: Using a cached neff at /home/ubuntu/neuron_cache_e2e/neuronxcc-2.23.6484.0+3b612583/MODULE_16335475570970202006+e30acd3a/model.neff
2026-09-09 08:54:29.000466:  69476  [INFO]: Using a cached neff at /home/ubuntu/neuron_cache_e2e/neuronxcc-2.23.6484.0+3b612583/MODULE_16335475570970202006+e30acd3a/model.neff
2026-09-09 08:54:29.000466:  69470  [INFO]: Using a cached neff at /home/ubuntu/neuron_cache_e2e/neuronxcc-2.23.6484.0+3b612583/MODULE_16335475570970202006+e30acd3a/model.neff
2026-09-09 08:54:29.000807:  69490  [INFO]: Using a cached neff at /home/ubuntu/neuron_cache_e2e/neuronxcc-2.23.6484.0+3b612583/MODULE_16335475570970202006+e30acd3a/model.neff
2026-09-09 08:54:29.000873:  69480  [INFO]: Using a cached neff at /home/ubuntu/neuron_cache_e2e/neuronxcc-2.23.6484.0+3b612583/MODULE_16335475570970202006+e30acd3a/model.neff
/home/ubuntu/train_llama10b_tp_families.py:627: DeprecationWarning: Use torch_xla.sync instead
  xm.mark_step()
./home/ubuntu/train_llama10b_tp_families.py:627: DeprecationWarning: Use torch_xla.sync instead
  xm.mark_step()

Compiler status PASS
2026-09-09 08:54:38.000493:  69469  [INFO]: Compilation Successfully Completed for model.MODULE_4624717319235165006+e30acd3a.hlo_module.pb
2026-09-09 08:54:38.000626:  69471  [INFO]: Using a cached neff at /home/ubuntu/neuron_cache_e2e/neuronxcc-2.23.6484.0+3b612583/MODULE_4624717319235165006+e30acd3a/model.neff
2026-09-09 08:54:38.000626:  69481  [INFO]: Using a cached neff at /home/ubuntu/neuron_cache_e2e/neuronxcc-2.23.6484.0+3b612583/MODULE_4624717319235165006+e30acd3a/model.neff
2026-09-09 08:54:38.000749:  69476  [INFO]: Using a cached neff at /home/ubuntu/neuron_cache_e2e/neuronxcc-2.23.6484.0+3b612583/MODULE_4624717319235165006+e30acd3a/model.neff
/home/ubuntu/train_llama10b_tp_families.py:644: DeprecationWarning: Use torch_xla.sync instead
  xm.mark_step()
2026-09-09 08:54:39.000529:  69489  [INFO]: Using a cached neff at /home/ubuntu/neuron_cache_e2e/neuronxcc-2.23.6484.0+3b612583/MODULE_4624717319235165006+e30acd3a/model.neff
/home/ubuntu/train_llama10b_tp_families.py:645: DeprecationWarning: Use torch_xla.sync instead
  xm.mark_step()   # slice: copy-back done
/home/ubuntu/train_llama10b_tp_families.py:653: DeprecationWarning: Use torch_xla.sync instead
  xm.mark_step()
2026-09-09 08:54:39.000740:  69469  [INFO]: Using a cached neff at /home/ubuntu/neuron_cache_e2e/neuronxcc-2.23.6484.0+3b612583/MODULE_4443475598379848522+e30acd3a/model.neff
/home/ubuntu/train_llama10b_tp_families.py:436: DeprecationWarning: Use torch_xla.sync instead
  xm.mark_step()
/home/ubuntu/train_llama10b_tp_families.py:443: DeprecationWarning: Use torch_xla.sync instead
  xm.mark_step()
2026-09-09 08:54:39.000905:  69476  [INFO]: Using a cached neff at /home/ubuntu/neuron_cache_e2e/neuronxcc-2.23.6484.0+3b612583/MODULE_4443475598379848522+e30acd3a/model.neff
2026-09-09 08:54:40.000181:  69486  [INFO]: Using a cached neff at /home/ubuntu/neuron_cache_e2e/neuronxcc-2.23.6484.0+3b612583/MODULE_4624717319235165006+e30acd3a/model.neff
2026-09-09 08:54:40.000196:  69483  [INFO]: Using a cached neff at /home/ubuntu/neuron_cache_e2e/neuronxcc-2.23.6484.0+3b612583/MODULE_4624717319235165006+e30acd3a/model.neff
2026-09-09 08:54:40.000238:  69473  [INFO]: Using a cached neff at /home/ubuntu/neuron_cache_e2e/neuronxcc-2.23.6484.0+3b612583/MODULE_4624717319235165006+e30acd3a/model.neff
2026-09-09 08:54:40.000262:  69479  [INFO]: Using a cached neff at /home/ubuntu/neuron_cache_e2e/neuronxcc-2.23.6484.0+3b612583/MODULE_4624717319235165006+e30acd3a/model.neff
2026-09-09 08:54:40.000275:  69468  [INFO]: Using a cached neff at /home/ubuntu/neuron_cache_e2e/neuronxcc-2.23.6484.0+3b612583/MODULE_4624717319235165006+e30acd3a/model.neff
2026-09-09 08:54:40.000283:  69496  [INFO]: Using a cached neff at /home/ubuntu/neuron_cache_e2e/neuronxcc-2.23.6484.0+3b612583/MODULE_4624717319235165006+e30acd3a/model.neff
2026-09-09 08:54:40.000290:  69491  [INFO]: Using a cached neff at /home/ubuntu/neuron_cache_e2e/neuronxcc-2.23.6484.0+3b612583/MODULE_4624717319235165006+e30acd3a/model.neff
2026-09-09 08:54:40.000298:  69495  [INFO]: Using a cached neff at /home/ubuntu/neuron_cache_e2e/neuronxcc-2.23.6484.0+3b612583/MODULE_4624717319235165006+e30acd3a/model.neff
2026-09-09 08:54:40.000425:  69494  [INFO]: Using a cached neff at /home/ubuntu/neuron_cache_e2e/neuronxcc-2.23.6484.0+3b612583/MODULE_4624717319235165006+e30acd3a/model.neff
2026-09-09 08:54:40.000436:  69477  [INFO]: Using a cached neff at /home/ubuntu/neuron_cache_e2e/neuronxcc-2.23.6484.0+3b612583/MODULE_4624717319235165006+e30acd3a/model.neff
2026-09-09 08:54:40.000483:  69484  [INFO]: Using a cached neff at /home/ubuntu/neuron_cache_e2e/neuronxcc-2.23.6484.0+3b612583/MODULE_4624717319235165006+e30acd3a/model.neff
2026-09-09 08:54:40.000533:  69472  [INFO]: Using a cached neff at /home/ubuntu/neuron_cache_e2e/neuronxcc-2.23.6484.0+3b612583/MODULE_4624717319235165006+e30acd3a/model.neff
2026-09-09 08:54:40.000541:  69493  [INFO]: Using a cached neff at /home/ubuntu/neuron_cache_e2e/neuronxcc-2.23.6484.0+3b612583/MODULE_4624717319235165006+e30acd3a/model.neff
2026-09-09 08:54:40.000549:  69470  [INFO]: Using a cached neff at /home/ubuntu/neuron_cache_e2e/neuronxcc-2.23.6484.0+3b612583/MODULE_4624717319235165006+e30acd3a/model.neff
2026-09-09 08:54:40.000601:  69498  [INFO]: Using a cached neff at /home/ubuntu/neuron_cache_e2e/neuronxcc-2.23.6484.0+3b612583/MODULE_4624717319235165006+e30acd3a/model.neff
2026-09-09 08:54:40.000610:  69497  [INFO]: Using a cached neff at /home/ubuntu/neuron_cache_e2e/neuronxcc-2.23.6484.0+3b612583/MODULE_4624717319235165006+e30acd3a/model.neff
2026-09-09 08:54:40.000672:  69485  [INFO]: Using a cached neff at /home/ubuntu/neuron_cache_e2e/neuronxcc-2.23.6484.0+3b612583/MODULE_4624717319235165006+e30acd3a/model.neff
2026-09-09 08:54:40.000729:  69489  [INFO]: Using a cached neff at /home/ubuntu/neuron_cache_e2e/neuronxcc-2.23.6484.0+3b612583/MODULE_4443475598379848522+e30acd3a/model.neff
2026-09-09 08:54:40.000777:  69467  [INFO]: Using a cached neff at /home/ubuntu/neuron_cache_e2e/neuronxcc-2.23.6484.0+3b612583/MODULE_4624717319235165006+e30acd3a/model.neff
2026-09-09 08:54:40.000789:  69488  [INFO]: Using a cached neff at /home/ubuntu/neuron_cache_e2e/neuronxcc-2.23.6484.0+3b612583/MODULE_4624717319235165006+e30acd3a/model.neff
2026-09-09 08:54:40.000789:  69482  [INFO]: Using a cached neff at /home/ubuntu/neuron_cache_e2e/neuronxcc-2.23.6484.0+3b612583/MODULE_4624717319235165006+e30acd3a/model.neff
2026-09-09 08:54:40.000806:  69490  [INFO]: Using a cached neff at /home/ubuntu/neuron_cache_e2e/neuronxcc-2.23.6484.0+3b612583/MODULE_4624717319235165006+e30acd3a/model.neff
2026-09-09 08:54:40.000830:  69492  [INFO]: Using a cached neff at /home/ubuntu/neuron_cache_e2e/neuronxcc-2.23.6484.0+3b612583/MODULE_4624717319235165006+e30acd3a/model.neff
2026-09-09 08:54:40.000833:  69474  [INFO]: Using a cached neff at /home/ubuntu/neuron_cache_e2e/neuronxcc-2.23.6484.0+3b612583/MODULE_4624717319235165006+e30acd3a/model.neff
2026-09-09 08:54:40.000877:  69480  [INFO]: Using a cached neff at /home/ubuntu/neuron_cache_e2e/neuronxcc-2.23.6484.0+3b612583/MODULE_4624717319235165006+e30acd3a/model.neff
2026-09-09 08:54:40.000907:  69475  [INFO]: Using a cached neff at /home/ubuntu/neuron_cache_e2e/neuronxcc-2.23.6484.0+3b612583/MODULE_4624717319235165006+e30acd3a/model.neff
2026-09-09 08:54:40.000908:  69478  [INFO]: Using a cached neff at /home/ubuntu/neuron_cache_e2e/neuronxcc-2.23.6484.0+3b612583/MODULE_4624717319235165006+e30acd3a/model.neff
2026-09-09 08:54:40.000912:  69487  [INFO]: Using a cached neff at /home/ubuntu/neuron_cache_e2e/neuronxcc-2.23.6484.0+3b612583/MODULE_4624717319235165006+e30acd3a/model.neff
2026-09-09 08:54:41.000504:  69479  [INFO]: Using a cached neff at /home/ubuntu/neuron_cache_e2e/neuronxcc-2.23.6484.0+3b612583/MODULE_4443475598379848522+e30acd3a/model.neff
2026-09-09 08:54:41.000711:  69473  [INFO]: Using a cached neff at /home/ubuntu/neuron_cache_e2e/neuronxcc-2.23.6484.0+3b612583/MODULE_4443475598379848522+e30acd3a/model.neff
2026-09-09 08:54:41.000757:  69483  [INFO]: Using a cached neff at /home/ubuntu/neuron_cache_e2e/neuronxcc-2.23.6484.0+3b612583/MODULE_4443475598379848522+e30acd3a/model.neff
2026-09-09 08:54:41.000788:  69486  [INFO]: Using a cached neff at /home/ubuntu/neuron_cache_e2e/neuronxcc-2.23.6484.0+3b612583/MODULE_4443475598379848522+e30acd3a/model.neff
2026-09-09 08:54:41.000811:  69468  [INFO]: Using a cached neff at /home/ubuntu/neuron_cache_e2e/neuronxcc-2.23.6484.0+3b612583/MODULE_4443475598379848522+e30acd3a/model.neff
2026-09-09 08:54:41.000964:  69477  [INFO]: Using a cached neff at /home/ubuntu/neuron_cache_e2e/neuronxcc-2.23.6484.0+3b612583/MODULE_4443475598379848522+e30acd3a/model.neff
2026-09-09 08:54:42.000019:  69491  [INFO]: Using a cached neff at /home/ubuntu/neuron_cache_e2e/neuronxcc-2.23.6484.0+3b612583/MODULE_4443475598379848522+e30acd3a/model.neff
2026-09-09 08:54:42.000026:  69496  [INFO]: Using a cached neff at /home/ubuntu/neuron_cache_e2e/neuronxcc-2.23.6484.0+3b612583/MODULE_4443475598379848522+e30acd3a/model.neff
2026-09-09 08:54:42.000063:  69472  [INFO]: Using a cached neff at /home/ubuntu/neuron_cache_e2e/neuronxcc-2.23.6484.0+3b612583/MODULE_4443475598379848522+e30acd3a/model.neff
2026-09-09 08:54:42.000076:  69495  [INFO]: Using a cached neff at /home/ubuntu/neuron_cache_e2e/neuronxcc-2.23.6484.0+3b612583/MODULE_4443475598379848522+e30acd3a/model.neff
2026-09-09 08:54:42.000171:  69494  [INFO]: Using a cached neff at /home/ubuntu/neuron_cache_e2e/neuronxcc-2.23.6484.0+3b612583/MODULE_4443475598379848522+e30acd3a/model.neff
2026-09-09 08:54:42.000206:  69484  [INFO]: Using a cached neff at /home/ubuntu/neuron_cache_e2e/neuronxcc-2.23.6484.0+3b612583/MODULE_4443475598379848522+e30acd3a/model.neff
2026-09-09 08:54:42.000234:  69470  [INFO]: Using a cached neff at /home/ubuntu/neuron_cache_e2e/neuronxcc-2.23.6484.0+3b612583/MODULE_4443475598379848522+e30acd3a/model.neff
2026-09-09 08:54:42.000258:  69485  [INFO]: Using a cached neff at /home/ubuntu/neuron_cache_e2e/neuronxcc-2.23.6484.0+3b612583/MODULE_4443475598379848522+e30acd3a/model.neff
2026-09-09 08:54:42.000331:  69474  [INFO]: Using a cached neff at /home/ubuntu/neuron_cache_e2e/neuronxcc-2.23.6484.0+3b612583/MODULE_4443475598379848522+e30acd3a/model.neff
2026-09-09 08:54:42.000344:  69493  [INFO]: Using a cached neff at /home/ubuntu/neuron_cache_e2e/neuronxcc-2.23.6484.0+3b612583/MODULE_4443475598379848522+e30acd3a/model.neff
2026-09-09 08:54:42.000362:  69467  [INFO]: Using a cached neff at /home/ubuntu/neuron_cache_e2e/neuronxcc-2.23.6484.0+3b612583/MODULE_4443475598379848522+e30acd3a/model.neff
2026-09-09 08:54:42.000363:  69498  [INFO]: Using a cached neff at /home/ubuntu/neuron_cache_e2e/neuronxcc-2.23.6484.0+3b612583/MODULE_4443475598379848522+e30acd3a/model.neff
2026-09-09 08:54:42.000364:  69497  [INFO]: Using a cached neff at /home/ubuntu/neuron_cache_e2e/neuronxcc-2.23.6484.0+3b612583/MODULE_4443475598379848522+e30acd3a/model.neff
2026-09-09 08:54:42.000379:  69482  [INFO]: Using a cached neff at /home/ubuntu/neuron_cache_e2e/neuronxcc-2.23.6484.0+3b612583/MODULE_4443475598379848522+e30acd3a/model.neff
2026-09-09 08:54:42.000381:  69475  [INFO]: Using a cached neff at /home/ubuntu/neuron_cache_e2e/neuronxcc-2.23.6484.0+3b612583/MODULE_4443475598379848522+e30acd3a/model.neff
2026-09-09 08:54:42.000400:  69490  [INFO]: Using a cached neff at /home/ubuntu/neuron_cache_e2e/neuronxcc-2.23.6484.0+3b612583/MODULE_4443475598379848522+e30acd3a/model.neff
2026-09-09 08:54:42.000416:  69488  [INFO]: Using a cached neff at /home/ubuntu/neuron_cache_e2e/neuronxcc-2.23.6484.0+3b612583/MODULE_4443475598379848522+e30acd3a/model.neff
2026-09-09 08:54:42.000440:  69480  [INFO]: Using a cached neff at /home/ubuntu/neuron_cache_e2e/neuronxcc-2.23.6484.0+3b612583/MODULE_4443475598379848522+e30acd3a/model.neff
2026-09-09 08:54:42.000452:  69478  [INFO]: Using a cached neff at /home/ubuntu/neuron_cache_e2e/neuronxcc-2.23.6484.0+3b612583/MODULE_4443475598379848522+e30acd3a/model.neff
2026-09-09 08:54:42.000458:  69492  [INFO]: Using a cached neff at /home/ubuntu/neuron_cache_e2e/neuronxcc-2.23.6484.0+3b612583/MODULE_4443475598379848522+e30acd3a/model.neff
2026-09-09 08:54:42.000547:  69487  [INFO]: Using a cached neff at /home/ubuntu/neuron_cache_e2e/neuronxcc-2.23.6484.0+3b612583/MODULE_4443475598379848522+e30acd3a/model.neff
2026-09-09 08:54:44.000784:  69481  [INFO]: Using a cached neff at /home/ubuntu/neuron_cache_e2e/neuronxcc-2.23.6484.0+3b612583/MODULE_4443475598379848522+e30acd3a/model.neff
2026-09-09 08:54:44.000786:  69471  [INFO]: Using a cached neff at /home/ubuntu/neuron_cache_e2e/neuronxcc-2.23.6484.0+3b612583/MODULE_4443475598379848522+e30acd3a/model.neff
/home/ubuntu/train_llama10b_tp_families.py:449: DeprecationWarning: Use torch_xla.sync instead
  xm.mark_step()
/home/ubuntu/train_llama10b_tp_families.py:455: DeprecationWarning: Use torch_xla.sync instead
  xm.mark_step()
/home/ubuntu/train_llama10b_tp_families.py:459: DeprecationWarning: Use torch_xla.sync instead
  xm.mark_step()
/home/ubuntu/train_llama10b_tp_families.py:486: DeprecationWarning: Use torch_xla.sync instead
  xm.mark_step()
/home/ubuntu/train_llama10b_tp_families.py:490: DeprecationWarning: Use torch_xla.sync instead
  xm.mark_step()
/home/ubuntu/train_llama10b_tp_families.py:513: DeprecationWarning: Use torch_xla.sync instead
  xm.mark_step()   # slice sync graph: norms done
/home/ubuntu/train_llama10b_tp_families.py:522: DeprecationWarning: Use torch_xla.sync instead
  xm.mark_step()   # slice sync graph: F4b done
/home/ubuntu/train_llama10b_tp_families.py:538: DeprecationWarning: Use torch_xla.sync instead
  xm.mark_step()   # slice sync graph: F6/F7 done
/home/ubuntu/train_llama10b_tp_families.py:557: DeprecationWarning: Use torch_xla.sync instead
  xm.mark_step()
/home/ubuntu/train_llama10b_tp_families.py:616: DeprecationWarning: Use torch_xla.sync instead
  xm.mark_step()
/home/ubuntu/train_llama10b_tp_families.py:627: DeprecationWarning: Use torch_xla.sync instead
  xm.mark_step()
