2026-09-09 09:20:11.700980: W neuron/pjrt-api/neuronpjrt.cc:1781] Use PJRT C-API 0.79 as client did not specify a PJRT C-API version
2026-09-09 09:20:11.785975: W neuron/pjrt-api/neuronpjrt.cc:1781] Use PJRT C-API 0.79 as client did not specify a PJRT C-API version
2026-09-09 09:20:11.821605: W neuron/pjrt-api/neuronpjrt.cc:1781] Use PJRT C-API 0.79 as client did not specify a PJRT C-API version
2026-09-09 09:20:11.824419: W neuron/pjrt-api/neuronpjrt.cc:1781] Use PJRT C-API 0.79 as client did not specify a PJRT C-API version
2026-09-09 09:20:11.824520: W neuron/pjrt-api/neuronpjrt.cc:1781] Use PJRT C-API 0.79 as client did not specify a PJRT C-API version
2026-09-09 09:20:11.833793: W neuron/pjrt-api/neuronpjrt.cc:1781] Use PJRT C-API 0.79 as client did not specify a PJRT C-API version
2026-09-09 09:20:11.838871: W neuron/pjrt-api/neuronpjrt.cc:1781] Use PJRT C-API 0.79 as client did not specify a PJRT C-API version
2026-09-09 09:20:11.843210: W neuron/pjrt-api/neuronpjrt.cc:1781] Use PJRT C-API 0.79 as client did not specify a PJRT C-API version
2026-09-09 09:20:11.845920: W neuron/pjrt-api/neuronpjrt.cc:1781] Use PJRT C-API 0.79 as client did not specify a PJRT C-API version
2026-09-09 09:20:11.848401: W neuron/pjrt-api/neuronpjrt.cc:1781] Use PJRT C-API 0.79 as client did not specify a PJRT C-API version
2026-09-09 09:20:11.849899: W neuron/pjrt-api/neuronpjrt.cc:1781] Use PJRT C-API 0.79 as client did not specify a PJRT C-API version
2026-09-09 09:20:11.862140: W neuron/pjrt-api/neuronpjrt.cc:1781] Use PJRT C-API 0.79 as client did not specify a PJRT C-API version
2026-09-09 09:20:11.878401: W neuron/pjrt-api/neuronpjrt.cc:1781] Use PJRT C-API 0.79 as client did not specify a PJRT C-API version
2026-09-09 09:20:11.890621: W neuron/pjrt-api/neuronpjrt.cc:1781] Use PJRT C-API 0.79 as client did not specify a PJRT C-API version
2026-09-09 09:20:11.898917: W neuron/pjrt-api/neuronpjrt.cc:1781] Use PJRT C-API 0.79 as client did not specify a PJRT C-API version
2026-09-09 09:20:11.922590: W neuron/pjrt-api/neuronpjrt.cc:1781] Use PJRT C-API 0.79 as client did not specify a PJRT C-API version
2026-09-09 09:20:11.923738: W neuron/pjrt-api/neuronpjrt.cc:1781] Use PJRT C-API 0.79 as client did not specify a PJRT C-API version
2026-09-09 09:20:11.923989: W neuron/pjrt-api/neuronpjrt.cc:1781] Use PJRT C-API 0.79 as client did not specify a PJRT C-API version
2026-09-09 09:20:11.931190: W neuron/pjrt-api/neuronpjrt.cc:1781] Use PJRT C-API 0.79 as client did not specify a PJRT C-API version
2026-09-09 09:20:11.931276: W neuron/pjrt-api/neuronpjrt.cc:1781] Use PJRT C-API 0.79 as client did not specify a PJRT C-API version
2026-09-09 09:20:11.934890: W neuron/pjrt-api/neuronpjrt.cc:1781] Use PJRT C-API 0.79 as client did not specify a PJRT C-API version
2026-09-09 09:20:11.935941: W neuron/pjrt-api/neuronpjrt.cc:1781] Use PJRT C-API 0.79 as client did not specify a PJRT C-API version
2026-09-09 09:20:11.937571: W neuron/pjrt-api/neuronpjrt.cc:1781] Use PJRT C-API 0.79 as client did not specify a PJRT C-API version
2026-09-09 09:20:11.939239: W neuron/pjrt-api/neuronpjrt.cc:1781] Use PJRT C-API 0.79 as client did not specify a PJRT C-API version
2026-09-09 09:20:11.941713: W neuron/pjrt-api/neuronpjrt.cc:1781] Use PJRT C-API 0.79 as client did not specify a PJRT C-API version
2026-09-09 09:20:11.946815: W neuron/pjrt-api/neuronpjrt.cc:1781] Use PJRT C-API 0.79 as client did not specify a PJRT C-API version
2026-09-09 09:20:11.965740: W neuron/pjrt-api/neuronpjrt.cc:1781] Use PJRT C-API 0.79 as client did not specify a PJRT C-API version
2026-09-09 09:20:11.989429: W neuron/pjrt-api/neuronpjrt.cc:1781] Use PJRT C-API 0.79 as client did not specify a PJRT C-API version
2026-09-09 09:20:11.991734: W neuron/pjrt-api/neuronpjrt.cc:1781] Use PJRT C-API 0.79 as client did not specify a PJRT C-API version
2026-09-09 09:20:12.007248: W neuron/pjrt-api/neuronpjrt.cc:1781] Use PJRT C-API 0.79 as client did not specify a PJRT C-API version
2026-09-09 09:20:12.078439: W neuron/pjrt-api/neuronpjrt.cc:1781] Use PJRT C-API 0.79 as client did not specify a PJRT C-API version
2026-09-09 09:20:12.160580: W neuron/pjrt-api/neuronpjrt.cc:1781] Use PJRT C-API 0.79 as client did not specify a PJRT C-API version
/home/ubuntu/train_llama10b_tp_families.py:356: DeprecationWarning: Use torch_xla.sync instead
  xm.mark_step()
/home/ubuntu/train_llama10b_tp_families.py:356: DeprecationWarning: Use torch_xla.sync instead
  xm.mark_step()
/home/ubuntu/train_llama10b_tp_families.py:356: DeprecationWarning: Use torch_xla.sync instead
  xm.mark_step()
/home/ubuntu/train_llama10b_tp_families.py:356: DeprecationWarning: Use torch_xla.sync instead
  xm.mark_step()
/home/ubuntu/train_llama10b_tp_families.py:356: DeprecationWarning: Use torch_xla.sync instead
  xm.mark_step()
/home/ubuntu/train_llama10b_tp_families.py:356: DeprecationWarning: Use torch_xla.sync instead
  xm.mark_step()
/home/ubuntu/train_llama10b_tp_families.py:356: DeprecationWarning: Use torch_xla.sync instead
  xm.mark_step()
/home/ubuntu/train_llama10b_tp_families.py:356: DeprecationWarning: Use torch_xla.sync instead
  xm.mark_step()
/home/ubuntu/train_llama10b_tp_families.py:356: DeprecationWarning: Use torch_xla.sync instead
  xm.mark_step()
/home/ubuntu/train_llama10b_tp_families.py:356: DeprecationWarning: Use torch_xla.sync instead
  xm.mark_step()
/home/ubuntu/train_llama10b_tp_families.py:356: DeprecationWarning: Use torch_xla.sync instead
  xm.mark_step()
/home/ubuntu/train_llama10b_tp_families.py:356: DeprecationWarning: Use torch_xla.sync instead
  xm.mark_step()
/home/ubuntu/train_llama10b_tp_families.py:356: DeprecationWarning: Use torch_xla.sync instead
  xm.mark_step()
/home/ubuntu/train_llama10b_tp_families.py:356: DeprecationWarning: Use torch_xla.sync instead
  xm.mark_step()
/home/ubuntu/train_llama10b_tp_families.py:356: DeprecationWarning: Use torch_xla.sync instead
  xm.mark_step()
/home/ubuntu/train_llama10b_tp_families.py:356: DeprecationWarning: Use torch_xla.sync instead
  xm.mark_step()
/home/ubuntu/train_llama10b_tp_families.py:356: DeprecationWarning: Use torch_xla.sync instead
  xm.mark_step()
/home/ubuntu/train_llama10b_tp_families.py:356: DeprecationWarning: Use torch_xla.sync instead
  xm.mark_step()
/home/ubuntu/train_llama10b_tp_families.py:356: DeprecationWarning: Use torch_xla.sync instead
  xm.mark_step()
/home/ubuntu/train_llama10b_tp_families.py:356: DeprecationWarning: Use torch_xla.sync instead
  xm.mark_step()
/home/ubuntu/train_llama10b_tp_families.py:356: DeprecationWarning: Use torch_xla.sync instead
  xm.mark_step()
/home/ubuntu/train_llama10b_tp_families.py:356: DeprecationWarning: Use torch_xla.sync instead
  xm.mark_step()
/home/ubuntu/train_llama10b_tp_families.py:356: DeprecationWarning: Use torch_xla.sync instead
  xm.mark_step()
/home/ubuntu/train_llama10b_tp_families.py:356: DeprecationWarning: Use torch_xla.sync instead
  xm.mark_step()
/home/ubuntu/train_llama10b_tp_families.py:356: DeprecationWarning: Use torch_xla.sync instead
  xm.mark_step()
/home/ubuntu/train_llama10b_tp_families.py:356: DeprecationWarning: Use torch_xla.sync instead
  xm.mark_step()
/home/ubuntu/train_llama10b_tp_families.py:356: DeprecationWarning: Use torch_xla.sync instead
  xm.mark_step()
/home/ubuntu/train_llama10b_tp_families.py:356: DeprecationWarning: Use torch_xla.sync instead
  xm.mark_step()
/home/ubuntu/train_llama10b_tp_families.py:356: DeprecationWarning: Use torch_xla.sync instead
  xm.mark_step()
/home/ubuntu/train_llama10b_tp_families.py:356: DeprecationWarning: Use torch_xla.sync instead
  xm.mark_step()
/home/ubuntu/train_llama10b_tp_families.py:356: DeprecationWarning: Use torch_xla.sync instead
  xm.mark_step()
/home/ubuntu/train_llama10b_tp_families.py:356: DeprecationWarning: Use torch_xla.sync instead
  xm.mark_step()
/home/ubuntu/train_llama10b_tp_families.py:412: DeprecationWarning: Use torch_xla.sync instead
  xm.mark_step()
/home/ubuntu/train_llama10b_tp_families.py:412: DeprecationWarning: Use torch_xla.sync instead
  xm.mark_step()
/home/ubuntu/train_llama10b_tp_families.py:412: DeprecationWarning: Use torch_xla.sync instead
  xm.mark_step()
/home/ubuntu/train_llama10b_tp_families.py:412: DeprecationWarning: Use torch_xla.sync instead
  xm.mark_step()
/home/ubuntu/train_llama10b_tp_families.py:412: DeprecationWarning: Use torch_xla.sync instead
  xm.mark_step()
/home/ubuntu/train_llama10b_tp_families.py:412: DeprecationWarning: Use torch_xla.sync instead
  xm.mark_step()
/home/ubuntu/train_llama10b_tp_families.py:412: DeprecationWarning: Use torch_xla.sync instead
  xm.mark_step()
/home/ubuntu/train_llama10b_tp_families.py:412: DeprecationWarning: Use torch_xla.sync instead
  xm.mark_step()
2026-09-09 09:20:37.000456:  152932  [INFO]: Using a cached neff at /home/ubuntu/neuron_cache_e2e/neuronxcc-2.23.6484.0+3b612583/MODULE_9392992193530532174+e30acd3a/model.neff
2026-09-09 09:20:37.000456:  152930  [INFO]: Using a cached neff at /home/ubuntu/neuron_cache_e2e/neuronxcc-2.23.6484.0+3b612583/MODULE_9392992193530532174+e30acd3a/model.neff
/home/ubuntu/train_llama10b_tp_families.py:412: DeprecationWarning: Use torch_xla.sync instead
  xm.mark_step()
/home/ubuntu/train_llama10b_tp_families.py:412: DeprecationWarning: Use torch_xla.sync instead
  xm.mark_step()
2026-09-09 09:20:37.000481:  152938  [INFO]: Using a cached neff at /home/ubuntu/neuron_cache_e2e/neuronxcc-2.23.6484.0+3b612583/MODULE_9392992193530532174+e30acd3a/model.neff
/home/ubuntu/train_llama10b_tp_families.py:412: DeprecationWarning: Use torch_xla.sync instead
  xm.mark_step()
/home/ubuntu/train_llama10b_tp_families.py:412: DeprecationWarning: Use torch_xla.sync instead
  xm.mark_step()
2026-09-09 09:20:37.000517:  152926  [INFO]: Using a cached neff at /home/ubuntu/neuron_cache_e2e/neuronxcc-2.23.6484.0+3b612583/MODULE_9392992193530532174+e30acd3a/model.neff
/home/ubuntu/train_llama10b_tp_families.py:412: DeprecationWarning: Use torch_xla.sync instead
  xm.mark_step()
/home/ubuntu/train_llama10b_tp_families.py:412: DeprecationWarning: Use torch_xla.sync instead
  xm.mark_step()
2026-09-09 09:20:37.000537:  152946  [INFO]: Using a cached neff at /home/ubuntu/neuron_cache_e2e/neuronxcc-2.23.6484.0+3b612583/MODULE_9392992193530532174+e30acd3a/model.neff
/home/ubuntu/train_llama10b_tp_families.py:412: DeprecationWarning: Use torch_xla.sync instead
  xm.mark_step()
2026-09-09 09:20:37.000560:  152927  [INFO]: Using a cached neff at /home/ubuntu/neuron_cache_e2e/neuronxcc-2.23.6484.0+3b612583/MODULE_9392992193530532174+e30acd3a/model.neff
/home/ubuntu/train_llama10b_tp_families.py:412: DeprecationWarning: Use torch_xla.sync instead
  xm.mark_step()
/home/ubuntu/train_llama10b_tp_families.py:412: DeprecationWarning: Use torch_xla.sync instead
  xm.mark_step()
/home/ubuntu/train_llama10b_tp_families.py:412: DeprecationWarning: Use torch_xla.sync instead
  xm.mark_step()
/home/ubuntu/train_llama10b_tp_families.py:412: DeprecationWarning: Use torch_xla.sync instead
  xm.mark_step()
/home/ubuntu/train_llama10b_tp_families.py:412: DeprecationWarning: Use torch_xla.sync instead
  xm.mark_step()
2026-09-09 09:20:37.000631:  152933  [INFO]: Using a cached neff at /home/ubuntu/neuron_cache_e2e/neuronxcc-2.23.6484.0+3b612583/MODULE_9392992193530532174+e30acd3a/model.neff
/home/ubuntu/train_llama10b_tp_families.py:412: DeprecationWarning: Use torch_xla.sync instead
  xm.mark_step()
/home/ubuntu/train_llama10b_tp_families.py:412: DeprecationWarning: Use torch_xla.sync instead
  xm.mark_step()
/home/ubuntu/train_llama10b_tp_families.py:412: DeprecationWarning: Use torch_xla.sync instead
  xm.mark_step()
/home/ubuntu/train_llama10b_tp_families.py:412: DeprecationWarning: Use torch_xla.sync instead
  xm.mark_step()
2026-09-09 09:20:37.000693:  152950  [INFO]: Using a cached neff at /home/ubuntu/neuron_cache_e2e/neuronxcc-2.23.6484.0+3b612583/MODULE_9392992193530532174+e30acd3a/model.neff
2026-09-09 09:20:37.000693:  152942  [INFO]: Using a cached neff at /home/ubuntu/neuron_cache_e2e/neuronxcc-2.23.6484.0+3b612583/MODULE_9392992193530532174+e30acd3a/model.neff
/home/ubuntu/train_llama10b_tp_families.py:412: DeprecationWarning: Use torch_xla.sync instead
  xm.mark_step()
/home/ubuntu/train_llama10b_tp_families.py:412: DeprecationWarning: Use torch_xla.sync instead
  xm.mark_step()
/home/ubuntu/train_llama10b_tp_families.py:412: DeprecationWarning: Use torch_xla.sync instead
  xm.mark_step()
/home/ubuntu/train_llama10b_tp_families.py:412: DeprecationWarning: Use torch_xla.sync instead
  xm.mark_step()
/home/ubuntu/train_llama10b_tp_families.py:412: DeprecationWarning: Use torch_xla.sync instead
  xm.mark_step()
/home/ubuntu/train_llama10b_tp_families.py:412: DeprecationWarning: Use torch_xla.sync instead
  xm.mark_step()
2026-09-09 09:20:37.000867:  152943  [INFO]: Using a cached neff at /home/ubuntu/neuron_cache_e2e/neuronxcc-2.23.6484.0+3b612583/MODULE_9392992193530532174+e30acd3a/model.neff
2026-09-09 09:20:37.000960:  152922  [INFO]: Using a cached neff at /home/ubuntu/neuron_cache_e2e/neuronxcc-2.23.6484.0+3b612583/MODULE_9392992193530532174+e30acd3a/model.neff
/home/ubuntu/train_llama10b_tp_families.py:412: DeprecationWarning: Use torch_xla.sync instead
  xm.mark_step()
2026-09-09 09:20:38.000650:  152941  [INFO]: Using a cached neff at /home/ubuntu/neuron_cache_e2e/neuronxcc-2.23.6484.0+3b612583/MODULE_9392992193530532174+e30acd3a/model.neff
/home/ubuntu/train_llama10b_tp_families.py:412: DeprecationWarning: Use torch_xla.sync instead
  xm.mark_step()
2026-09-09 09:20:38.000924:  152951  [INFO]: Using a cached neff at /home/ubuntu/neuron_cache_e2e/neuronxcc-2.23.6484.0+3b612583/MODULE_9392992193530532174+e30acd3a/model.neff
2026-09-09 09:20:38.000924:  152944  [INFO]: Using a cached neff at /home/ubuntu/neuron_cache_e2e/neuronxcc-2.23.6484.0+3b612583/MODULE_9392992193530532174+e30acd3a/model.neff
2026-09-09 09:20:39.000016:  152924  [INFO]: Using a cached neff at /home/ubuntu/neuron_cache_e2e/neuronxcc-2.23.6484.0+3b612583/MODULE_9392992193530532174+e30acd3a/model.neff
2026-09-09 09:20:39.000241:  152947  [INFO]: Using a cached neff at /home/ubuntu/neuron_cache_e2e/neuronxcc-2.23.6484.0+3b612583/MODULE_9392992193530532174+e30acd3a/model.neff
2026-09-09 09:20:39.000241:  152936  [INFO]: Using a cached neff at /home/ubuntu/neuron_cache_e2e/neuronxcc-2.23.6484.0+3b612583/MODULE_9392992193530532174+e30acd3a/model.neff
2026-09-09 09:20:39.000288:  152929  [INFO]: Using a cached neff at /home/ubuntu/neuron_cache_e2e/neuronxcc-2.23.6484.0+3b612583/MODULE_9392992193530532174+e30acd3a/model.neff
/home/ubuntu/train_llama10b_tp_families.py:436: DeprecationWarning: Use torch_xla.sync instead
  xm.mark_step()
/home/ubuntu/train_llama10b_tp_families.py:436: DeprecationWarning: Use torch_xla.sync instead
  xm.mark_step()
/home/ubuntu/train_llama10b_tp_families.py:436: DeprecationWarning: Use torch_xla.sync instead
  xm.mark_step()
/home/ubuntu/train_llama10b_tp_families.py:436: DeprecationWarning: Use torch_xla.sync instead
  xm.mark_step()
2026-09-09 09:20:39.000421:  152945  [INFO]: Using a cached neff at /home/ubuntu/neuron_cache_e2e/neuronxcc-2.23.6484.0+3b612583/MODULE_9392992193530532174+e30acd3a/model.neff
/home/ubuntu/train_llama10b_tp_families.py:436: DeprecationWarning: Use torch_xla.sync instead
  xm.mark_step()
/home/ubuntu/train_llama10b_tp_families.py:436: DeprecationWarning: Use torch_xla.sync instead
  xm.mark_step()
/home/ubuntu/train_llama10b_tp_families.py:436: DeprecationWarning: Use torch_xla.sync instead
  xm.mark_step()
2026-09-09 09:20:39.000658:  152939  [INFO]: Using a cached neff at /home/ubuntu/neuron_cache_e2e/neuronxcc-2.23.6484.0+3b612583/MODULE_9392992193530532174+e30acd3a/model.neff
/home/ubuntu/train_llama10b_tp_families.py:436: DeprecationWarning: Use torch_xla.sync instead
  xm.mark_step()
/home/ubuntu/train_llama10b_tp_families.py:436: DeprecationWarning: Use torch_xla.sync instead
  xm.mark_step()
2026-09-09 09:20:39.000744:  152948  [INFO]: Using a cached neff at /home/ubuntu/neuron_cache_e2e/neuronxcc-2.23.6484.0+3b612583/MODULE_9392992193530532174+e30acd3a/model.neff
2026-09-09 09:20:39.000832:  152940  [INFO]: Using a cached neff at /home/ubuntu/neuron_cache_e2e/neuronxcc-2.23.6484.0+3b612583/MODULE_9392992193530532174+e30acd3a/model.neff
2026-09-09 09:20:39.000832:  152925  [INFO]: Using a cached neff at /home/ubuntu/neuron_cache_e2e/neuronxcc-2.23.6484.0+3b612583/MODULE_9392992193530532174+e30acd3a/model.neff
2026-09-09 09:20:39.000889:  152937  [INFO]: Using a cached neff at /home/ubuntu/neuron_cache_e2e/neuronxcc-2.23.6484.0+3b612583/MODULE_9392992193530532174+e30acd3a/model.neff
/home/ubuntu/train_llama10b_tp_families.py:436: DeprecationWarning: Use torch_xla.sync instead
  xm.mark_step()
2026-09-09 09:20:39.000986:  152923  [INFO]: Using a cached neff at /home/ubuntu/neuron_cache_e2e/neuronxcc-2.23.6484.0+3b612583/MODULE_9392992193530532174+e30acd3a/model.neff
2026-09-09 09:20:40.000027:  152932  [INFO]: Using a cached neff at /home/ubuntu/neuron_cache_e2e/neuronxcc-2.23.6484.0+3b612583/MODULE_15432031550951634479+e30acd3a/model.neff
2026-09-09 09:20:40.000074:  152931  [INFO]: Using a cached neff at /home/ubuntu/neuron_cache_e2e/neuronxcc-2.23.6484.0+3b612583/MODULE_9392992193530532174+e30acd3a/model.neff
/home/ubuntu/train_llama10b_tp_families.py:436: DeprecationWarning: Use torch_xla.sync instead
  xm.mark_step()
/home/ubuntu/train_llama10b_tp_families.py:443: DeprecationWarning: Use torch_xla.sync instead
  xm.mark_step()
2026-09-09 09:20:40.000155:  152930  [INFO]: Using a cached neff at /home/ubuntu/neuron_cache_e2e/neuronxcc-2.23.6484.0+3b612583/MODULE_15432031550951634479+e30acd3a/model.neff
2026-09-09 09:20:40.000200:  152934  [INFO]: Using a cached neff at /home/ubuntu/neuron_cache_e2e/neuronxcc-2.23.6484.0+3b612583/MODULE_9392992193530532174+e30acd3a/model.neff
2026-09-09 09:20:40.000249:  152938  [INFO]: Using a cached neff at /home/ubuntu/neuron_cache_e2e/neuronxcc-2.23.6484.0+3b612583/MODULE_15432031550951634479+e30acd3a/model.neff
2026-09-09 09:20:40.000249:  152946  [INFO]: Using a cached neff at /home/ubuntu/neuron_cache_e2e/neuronxcc-2.23.6484.0+3b612583/MODULE_15432031550951634479+e30acd3a/model.neff
/home/ubuntu/train_llama10b_tp_families.py:443: DeprecationWarning: Use torch_xla.sync instead
  xm.mark_step()
2026-09-09 09:20:40.000288:  152935  [INFO]: Using a cached neff at /home/ubuntu/neuron_cache_e2e/neuronxcc-2.23.6484.0+3b612583/MODULE_9392992193530532174+e30acd3a/model.neff
2026-09-09 09:20:40.000292:  152949  [INFO]: Using a cached neff at /home/ubuntu/neuron_cache_e2e/neuronxcc-2.23.6484.0+3b612583/MODULE_9392992193530532174+e30acd3a/model.neff
2026-09-09 09:20:40.000342:  152952  [INFO]: Using a cached neff at /home/ubuntu/neuron_cache_e2e/neuronxcc-2.23.6484.0+3b612583/MODULE_9392992193530532174+e30acd3a/model.neff
/home/ubuntu/train_llama10b_tp_families.py:443: DeprecationWarning: Use torch_xla.sync instead
  xm.mark_step()
/home/ubuntu/train_llama10b_tp_families.py:443: DeprecationWarning: Use torch_xla.sync instead
  xm.mark_step()
2026-09-09 09:20:40.000381:  152927  [INFO]: Using a cached neff at /home/ubuntu/neuron_cache_e2e/neuronxcc-2.23.6484.0+3b612583/MODULE_15432031550951634479+e30acd3a/model.neff
2026-09-09 09:20:40.000381:  152921  [INFO]: Using a cached neff at /home/ubuntu/neuron_cache_e2e/neuronxcc-2.23.6484.0+3b612583/MODULE_9392992193530532174+e30acd3a/model.neff
2026-09-09 09:20:40.000392:  152928  [INFO]: Using a cached neff at /home/ubuntu/neuron_cache_e2e/neuronxcc-2.23.6484.0+3b612583/MODULE_9392992193530532174+e30acd3a/model.neff
/home/ubuntu/train_llama10b_tp_families.py:443: DeprecationWarning: Use torch_xla.sync instead
  xm.mark_step()
2026-09-09 09:20:40.000554:  152933  [INFO]: Using a cached neff at /home/ubuntu/neuron_cache_e2e/neuronxcc-2.23.6484.0+3b612583/MODULE_15432031550951634479+e30acd3a/model.neff
2026-09-09 09:20:40.000554:  152926  [INFO]: Using a cached neff at /home/ubuntu/neuron_cache_e2e/neuronxcc-2.23.6484.0+3b612583/MODULE_15432031550951634479+e30acd3a/model.neff
2026-09-09 09:20:40.000555:  152942  [INFO]: Using a cached neff at /home/ubuntu/neuron_cache_e2e/neuronxcc-2.23.6484.0+3b612583/MODULE_15432031550951634479+e30acd3a/model.neff
2026-09-09 09:20:40.000556:  152943  [INFO]: Using a cached neff at /home/ubuntu/neuron_cache_e2e/neuronxcc-2.23.6484.0+3b612583/MODULE_15432031550951634479+e30acd3a/model.neff
2026-09-09 09:20:40.000556:  152950  [INFO]: Using a cached neff at /home/ubuntu/neuron_cache_e2e/neuronxcc-2.23.6484.0+3b612583/MODULE_15432031550951634479+e30acd3a/model.neff
2026-09-09 09:20:40.000559:  152922  [INFO]: Using a cached neff at /home/ubuntu/neuron_cache_e2e/neuronxcc-2.23.6484.0+3b612583/MODULE_15432031550951634479+e30acd3a/model.neff
/home/ubuntu/train_llama10b_tp_families.py:443: DeprecationWarning: Use torch_xla.sync instead
  xm.mark_step()
/home/ubuntu/train_llama10b_tp_families.py:443: DeprecationWarning: Use torch_xla.sync instead
  xm.mark_step()
/home/ubuntu/train_llama10b_tp_families.py:443: DeprecationWarning: Use torch_xla.sync instead
  xm.mark_step()
/home/ubuntu/train_llama10b_tp_families.py:443: DeprecationWarning: Use torch_xla.sync instead
  xm.mark_step()
/home/ubuntu/train_llama10b_tp_families.py:443: DeprecationWarning: Use torch_xla.sync instead
  xm.mark_step()
/home/ubuntu/train_llama10b_tp_families.py:443: DeprecationWarning: Use torch_xla.sync instead
  xm.mark_step()
2026-09-09 09:20:40.000573:  152930  [INFO]: Using a cached neff at /home/ubuntu/neuron_cache_e2e/neuronxcc-2.23.6484.0+3b612583/MODULE_13438219581461298073+e30acd3a/model.neff
2026-09-09 09:20:40.000577:  152946  [INFO]: Using a cached neff at /home/ubuntu/neuron_cache_e2e/neuronxcc-2.23.6484.0+3b612583/MODULE_13438219581461298073+e30acd3a/model.neff
2026-09-09 09:20:40.000581:  152938  [INFO]: Using a cached neff at /home/ubuntu/neuron_cache_e2e/neuronxcc-2.23.6484.0+3b612583/MODULE_13438219581461298073+e30acd3a/model.neff
2026-09-09 09:20:40.000586:  152927  [INFO]: Using a cached neff at /home/ubuntu/neuron_cache_e2e/neuronxcc-2.23.6484.0+3b612583/MODULE_13438219581461298073+e30acd3a/model.neff
2026-09-09 09:20:40.000596:  152932  [INFO]: Using a cached neff at /home/ubuntu/neuron_cache_e2e/neuronxcc-2.23.6484.0+3b612583/MODULE_13438219581461298073+e30acd3a/model.neff
2026-09-09 09:20:40.000613:  152926  [INFO]: Using a cached neff at /home/ubuntu/neuron_cache_e2e/neuronxcc-2.23.6484.0+3b612583/MODULE_13438219581461298073+e30acd3a/model.neff
2026-09-09 09:20:40.000621:  152933  [INFO]: Using a cached neff at /home/ubuntu/neuron_cache_e2e/neuronxcc-2.23.6484.0+3b612583/MODULE_13438219581461298073+e30acd3a/model.neff
2026-09-09 09:20:40.000631:  152943  [INFO]: Using a cached neff at /home/ubuntu/neuron_cache_e2e/neuronxcc-2.23.6484.0+3b612583/MODULE_13438219581461298073+e30acd3a/model.neff
2026-09-09 09:20:40.000635:  152942  [INFO]: Using a cached neff at /home/ubuntu/neuron_cache_e2e/neuronxcc-2.23.6484.0+3b612583/MODULE_13438219581461298073+e30acd3a/model.neff
2026-09-09 09:20:40.000638:  152950  [INFO]: Using a cached neff at /home/ubuntu/neuron_cache_e2e/neuronxcc-2.23.6484.0+3b612583/MODULE_13438219581461298073+e30acd3a/model.neff
2026-09-09 09:20:40.000640:  152922  [INFO]: Using a cached neff at /home/ubuntu/neuron_cache_e2e/neuronxcc-2.23.6484.0+3b612583/MODULE_13438219581461298073+e30acd3a/model.neff
/home/ubuntu/train_llama10b_tp_families.py:436: DeprecationWarning: Use torch_xla.sync instead
  xm.mark_step()
2026-09-09 09:20:40.000669:  152941  [INFO]: Using a cached neff at /home/ubuntu/neuron_cache_e2e/neuronxcc-2.23.6484.0+3b612583/MODULE_15432031550951634479+e30acd3a/model.neff
/home/ubuntu/train_llama10b_tp_families.py:443: DeprecationWarning: Use torch_xla.sync instead
  xm.mark_step()
2026-09-09 09:20:40.000860:  152941  [INFO]: Using a cached neff at /home/ubuntu/neuron_cache_e2e/neuronxcc-2.23.6484.0+3b612583/MODULE_13438219581461298073+e30acd3a/model.neff
/home/ubuntu/train_llama10b_tp_families.py:436: DeprecationWarning: Use torch_xla.sync instead
  xm.mark_step()
2026-09-09 09:20:40.000942:  152951  [INFO]: Using a cached neff at /home/ubuntu/neuron_cache_e2e/neuronxcc-2.23.6484.0+3b612583/MODULE_15432031550951634479+e30acd3a/model.neff
/home/ubuntu/train_llama10b_tp_families.py:443: DeprecationWarning: Use torch_xla.sync instead
  xm.mark_step()
/home/ubuntu/train_llama10b_tp_families.py:436: DeprecationWarning: Use torch_xla.sync instead
  xm.mark_step()
2026-09-09 09:20:40.000988:  152944  [INFO]: Using a cached neff at /home/ubuntu/neuron_cache_e2e/neuronxcc-2.23.6484.0+3b612583/MODULE_15432031550951634479+e30acd3a/model.neff
/home/ubuntu/train_llama10b_tp_families.py:436: DeprecationWarning: Use torch_xla.sync instead
  xm.mark_step()
2026-09-09 09:20:40.000998:  152924  [INFO]: Using a cached neff at /home/ubuntu/neuron_cache_e2e/neuronxcc-2.23.6484.0+3b612583/MODULE_15432031550951634479+e30acd3a/model.neff
/home/ubuntu/train_llama10b_tp_families.py:443: DeprecationWarning: Use torch_xla.sync instead
  xm.mark_step()
/home/ubuntu/train_llama10b_tp_families.py:443: DeprecationWarning: Use torch_xla.sync instead
  xm.mark_step()
2026-09-09 09:20:41.000133:  152951  [INFO]: Using a cached neff at /home/ubuntu/neuron_cache_e2e/neuronxcc-2.23.6484.0+3b612583/MODULE_13438219581461298073+e30acd3a/model.neff
2026-09-09 09:20:41.000181:  152944  [INFO]: Using a cached neff at /home/ubuntu/neuron_cache_e2e/neuronxcc-2.23.6484.0+3b612583/MODULE_13438219581461298073+e30acd3a/model.neff
2026-09-09 09:20:41.000190:  152924  [INFO]: Using a cached neff at /home/ubuntu/neuron_cache_e2e/neuronxcc-2.23.6484.0+3b612583/MODULE_13438219581461298073+e30acd3a/model.neff
/home/ubuntu/train_llama10b_tp_families.py:436: DeprecationWarning: Use torch_xla.sync instead
  xm.mark_step()
2026-09-09 09:20:41.000223:  152947  [INFO]: Using a cached neff at /home/ubuntu/neuron_cache_e2e/neuronxcc-2.23.6484.0+3b612583/MODULE_15432031550951634479+e30acd3a/model.neff
/home/ubuntu/train_llama10b_tp_families.py:443: DeprecationWarning: Use torch_xla.sync instead
  xm.mark_step()
/home/ubuntu/train_llama10b_tp_families.py:436: DeprecationWarning: Use torch_xla.sync instead
  xm.mark_step()
2026-09-09 09:20:41.000284:  152929  [INFO]: Using a cached neff at /home/ubuntu/neuron_cache_e2e/neuronxcc-2.23.6484.0+3b612583/MODULE_15432031550951634479+e30acd3a/model.neff
/home/ubuntu/train_llama10b_tp_families.py:443: DeprecationWarning: Use torch_xla.sync instead
  xm.mark_step()
/home/ubuntu/train_llama10b_tp_families.py:436: DeprecationWarning: Use torch_xla.sync instead
  xm.mark_step()
2026-09-09 09:20:41.000400:  152936  [INFO]: Using a cached neff at /home/ubuntu/neuron_cache_e2e/neuronxcc-2.23.6484.0+3b612583/MODULE_15432031550951634479+e30acd3a/model.neff
/home/ubuntu/train_llama10b_tp_families.py:443: DeprecationWarning: Use torch_xla.sync instead
  xm.mark_step()
2026-09-09 09:20:41.000414:  152947  [INFO]: Using a cached neff at /home/ubuntu/neuron_cache_e2e/neuronxcc-2.23.6484.0+3b612583/MODULE_13438219581461298073+e30acd3a/model.neff
2026-09-09 09:20:41.000475:  152929  [INFO]: Using a cached neff at /home/ubuntu/neuron_cache_e2e/neuronxcc-2.23.6484.0+3b612583/MODULE_13438219581461298073+e30acd3a/model.neff
/home/ubuntu/train_llama10b_tp_families.py:436: DeprecationWarning: Use torch_xla.sync instead
  xm.mark_step()
2026-09-09 09:20:41.000504:  152939  [INFO]: Using a cached neff at /home/ubuntu/neuron_cache_e2e/neuronxcc-2.23.6484.0+3b612583/MODULE_15432031550951634479+e30acd3a/model.neff
/home/ubuntu/train_llama10b_tp_families.py:443: DeprecationWarning: Use torch_xla.sync instead
  xm.mark_step()
/home/ubuntu/train_llama10b_tp_families.py:436: DeprecationWarning: Use torch_xla.sync instead
  xm.mark_step()
2026-09-09 09:20:41.000571:  152945  [INFO]: Using a cached neff at /home/ubuntu/neuron_cache_e2e/neuronxcc-2.23.6484.0+3b612583/MODULE_15432031550951634479+e30acd3a/model.neff
/home/ubuntu/train_llama10b_tp_families.py:443: DeprecationWarning: Use torch_xla.sync instead
  xm.mark_step()
2026-09-09 09:20:41.000592:  152936  [INFO]: Using a cached neff at /home/ubuntu/neuron_cache_e2e/neuronxcc-2.23.6484.0+3b612583/MODULE_13438219581461298073+e30acd3a/model.neff
2026-09-09 09:20:41.000695:  152939  [INFO]: Using a cached neff at /home/ubuntu/neuron_cache_e2e/neuronxcc-2.23.6484.0+3b612583/MODULE_13438219581461298073+e30acd3a/model.neff
2026-09-09 09:20:41.000762:  152945  [INFO]: Using a cached neff at /home/ubuntu/neuron_cache_e2e/neuronxcc-2.23.6484.0+3b612583/MODULE_13438219581461298073+e30acd3a/model.neff
/home/ubuntu/train_llama10b_tp_families.py:436: DeprecationWarning: Use torch_xla.sync instead
  xm.mark_step()
2026-09-09 09:20:41.000805:  152948  [INFO]: Using a cached neff at /home/ubuntu/neuron_cache_e2e/neuronxcc-2.23.6484.0+3b612583/MODULE_15432031550951634479+e30acd3a/model.neff
/home/ubuntu/train_llama10b_tp_families.py:443: DeprecationWarning: Use torch_xla.sync instead
  xm.mark_step()
/home/ubuntu/train_llama10b_tp_families.py:436: DeprecationWarning: Use torch_xla.sync instead
  xm.mark_step()
2026-09-09 09:20:41.000837:  152940  [INFO]: Using a cached neff at /home/ubuntu/neuron_cache_e2e/neuronxcc-2.23.6484.0+3b612583/MODULE_15432031550951634479+e30acd3a/model.neff
/home/ubuntu/train_llama10b_tp_families.py:443: DeprecationWarning: Use torch_xla.sync instead
  xm.mark_step()
/home/ubuntu/train_llama10b_tp_families.py:436: DeprecationWarning: Use torch_xla.sync instead
  xm.mark_step()
2026-09-09 09:20:41.000897:  152937  [INFO]: Using a cached neff at /home/ubuntu/neuron_cache_e2e/neuronxcc-2.23.6484.0+3b612583/MODULE_15432031550951634479+e30acd3a/model.neff
/home/ubuntu/train_llama10b_tp_families.py:443: DeprecationWarning: Use torch_xla.sync instead
  xm.mark_step()
/home/ubuntu/train_llama10b_tp_families.py:436: DeprecationWarning: Use torch_xla.sync instead
  xm.mark_step()
2026-09-09 09:20:41.000957:  152931  [INFO]: Using a cached neff at /home/ubuntu/neuron_cache_e2e/neuronxcc-2.23.6484.0+3b612583/MODULE_15432031550951634479+e30acd3a/model.neff
/home/ubuntu/train_llama10b_tp_families.py:436: DeprecationWarning: Use torch_xla.sync instead
  xm.mark_step()
/home/ubuntu/train_llama10b_tp_families.py:443: DeprecationWarning: Use torch_xla.sync instead
  xm.mark_step()
2026-09-09 09:20:41.000967:  152923  [INFO]: Using a cached neff at /home/ubuntu/neuron_cache_e2e/neuronxcc-2.23.6484.0+3b612583/MODULE_15432031550951634479+e30acd3a/model.neff
/home/ubuntu/train_llama10b_tp_families.py:436: DeprecationWarning: Use torch_xla.sync instead
  xm.mark_step()
2026-09-09 09:20:41.000973:  152925  [INFO]: Using a cached neff at /home/ubuntu/neuron_cache_e2e/neuronxcc-2.23.6484.0+3b612583/MODULE_15432031550951634479+e30acd3a/model.neff
/home/ubuntu/train_llama10b_tp_families.py:443: DeprecationWarning: Use torch_xla.sync instead
  xm.mark_step()
/home/ubuntu/train_llama10b_tp_families.py:443: DeprecationWarning: Use torch_xla.sync instead
  xm.mark_step()
2026-09-09 09:20:41.000996:  152948  [INFO]: Using a cached neff at /home/ubuntu/neuron_cache_e2e/neuronxcc-2.23.6484.0+3b612583/MODULE_13438219581461298073+e30acd3a/model.neff
2026-09-09 09:20:42.000029:  152940  [INFO]: Using a cached neff at /home/ubuntu/neuron_cache_e2e/neuronxcc-2.23.6484.0+3b612583/MODULE_13438219581461298073+e30acd3a/model.neff
2026-09-09 09:20:42.000089:  152937  [INFO]: Using a cached neff at /home/ubuntu/neuron_cache_e2e/neuronxcc-2.23.6484.0+3b612583/MODULE_13438219581461298073+e30acd3a/model.neff
2026-09-09 09:20:42.000148:  152931  [INFO]: Using a cached neff at /home/ubuntu/neuron_cache_e2e/neuronxcc-2.23.6484.0+3b612583/MODULE_13438219581461298073+e30acd3a/model.neff
2026-09-09 09:20:42.000166:  152925  [INFO]: Using a cached neff at /home/ubuntu/neuron_cache_e2e/neuronxcc-2.23.6484.0+3b612583/MODULE_13438219581461298073+e30acd3a/model.neff
2026-09-09 09:20:42.000177:  152923  [INFO]: Using a cached neff at /home/ubuntu/neuron_cache_e2e/neuronxcc-2.23.6484.0+3b612583/MODULE_13438219581461298073+e30acd3a/model.neff
/home/ubuntu/train_llama10b_tp_families.py:436: DeprecationWarning: Use torch_xla.sync instead
  xm.mark_step()
2026-09-09 09:20:42.000281:  152934  [INFO]: Using a cached neff at /home/ubuntu/neuron_cache_e2e/neuronxcc-2.23.6484.0+3b612583/MODULE_15432031550951634479+e30acd3a/model.neff
/home/ubuntu/train_llama10b_tp_families.py:443: DeprecationWarning: Use torch_xla.sync instead
  xm.mark_step()
/home/ubuntu/train_llama10b_tp_families.py:436: DeprecationWarning: Use torch_xla.sync instead
  xm.mark_step()
2026-09-09 09:20:42.000319:  152935  [INFO]: Using a cached neff at /home/ubuntu/neuron_cache_e2e/neuronxcc-2.23.6484.0+3b612583/MODULE_15432031550951634479+e30acd3a/model.neff
/home/ubuntu/train_llama10b_tp_families.py:443: DeprecationWarning: Use torch_xla.sync instead
  xm.mark_step()
/home/ubuntu/train_llama10b_tp_families.py:436: DeprecationWarning: Use torch_xla.sync instead
  xm.mark_step()
/home/ubuntu/train_llama10b_tp_families.py:436: DeprecationWarning: Use torch_xla.sync instead
  xm.mark_step()
2026-09-09 09:20:42.000345:  152949  [INFO]: Using a cached neff at /home/ubuntu/neuron_cache_e2e/neuronxcc-2.23.6484.0+3b612583/MODULE_15432031550951634479+e30acd3a/model.neff
2026-09-09 09:20:42.000350:  152921  [INFO]: Using a cached neff at /home/ubuntu/neuron_cache_e2e/neuronxcc-2.23.6484.0+3b612583/MODULE_15432031550951634479+e30acd3a/model.neff
/home/ubuntu/train_llama10b_tp_families.py:443: DeprecationWarning: Use torch_xla.sync instead
  xm.mark_step()
/home/ubuntu/train_llama10b_tp_families.py:443: DeprecationWarning: Use torch_xla.sync instead
  xm.mark_step()
/home/ubuntu/train_llama10b_tp_families.py:436: DeprecationWarning: Use torch_xla.sync instead
  xm.mark_step()
2026-09-09 09:20:42.000459:  152928  [INFO]: Using a cached neff at /home/ubuntu/neuron_cache_e2e/neuronxcc-2.23.6484.0+3b612583/MODULE_15432031550951634479+e30acd3a/model.neff
/home/ubuntu/train_llama10b_tp_families.py:443: DeprecationWarning: Use torch_xla.sync instead
  xm.mark_step()
2026-09-09 09:20:42.000473:  152934  [INFO]: Using a cached neff at /home/ubuntu/neuron_cache_e2e/neuronxcc-2.23.6484.0+3b612583/MODULE_13438219581461298073+e30acd3a/model.neff
2026-09-09 09:20:42.000511:  152935  [INFO]: Using a cached neff at /home/ubuntu/neuron_cache_e2e/neuronxcc-2.23.6484.0+3b612583/MODULE_13438219581461298073+e30acd3a/model.neff
/home/ubuntu/train_llama10b_tp_families.py:436: DeprecationWarning: Use torch_xla.sync instead
  xm.mark_step()
2026-09-09 09:20:42.000536:  152949  [INFO]: Using a cached neff at /home/ubuntu/neuron_cache_e2e/neuronxcc-2.23.6484.0+3b612583/MODULE_13438219581461298073+e30acd3a/model.neff
2026-09-09 09:20:42.000538:  152952  [INFO]: Using a cached neff at /home/ubuntu/neuron_cache_e2e/neuronxcc-2.23.6484.0+3b612583/MODULE_15432031550951634479+e30acd3a/model.neff
2026-09-09 09:20:42.000541:  152921  [INFO]: Using a cached neff at /home/ubuntu/neuron_cache_e2e/neuronxcc-2.23.6484.0+3b612583/MODULE_13438219581461298073+e30acd3a/model.neff
/home/ubuntu/train_llama10b_tp_families.py:443: DeprecationWarning: Use torch_xla.sync instead
  xm.mark_step()
2026-09-09 09:20:42.000652:  152928  [INFO]: Using a cached neff at /home/ubuntu/neuron_cache_e2e/neuronxcc-2.23.6484.0+3b612583/MODULE_13438219581461298073+e30acd3a/model.neff
2026-09-09 09:20:42.000732:  152952  [INFO]: Using a cached neff at /home/ubuntu/neuron_cache_e2e/neuronxcc-2.23.6484.0+3b612583/MODULE_13438219581461298073+e30acd3a/model.neff
/home/ubuntu/train_llama10b_tp_families.py:449: DeprecationWarning: Use torch_xla.sync instead
  xm.mark_step()
/home/ubuntu/train_llama10b_tp_families.py:449: DeprecationWarning: Use torch_xla.sync instead
  xm.mark_step()
/home/ubuntu/train_llama10b_tp_families.py:449: DeprecationWarning: Use torch_xla.sync instead
  xm.mark_step()
/home/ubuntu/train_llama10b_tp_families.py:449: DeprecationWarning: Use torch_xla.sync instead
  xm.mark_step()
/home/ubuntu/train_llama10b_tp_families.py:449: DeprecationWarning: Use torch_xla.sync instead
  xm.mark_step()
/home/ubuntu/train_llama10b_tp_families.py:449: DeprecationWarning: Use torch_xla.sync instead
  xm.mark_step()
/home/ubuntu/train_llama10b_tp_families.py:449: DeprecationWarning: Use torch_xla.sync instead
  xm.mark_step()
/home/ubuntu/train_llama10b_tp_families.py:449: DeprecationWarning: Use torch_xla.sync instead
  xm.mark_step()
/home/ubuntu/train_llama10b_tp_families.py:449: DeprecationWarning: Use torch_xla.sync instead
  xm.mark_step()
/home/ubuntu/train_llama10b_tp_families.py:449: DeprecationWarning: Use torch_xla.sync instead
  xm.mark_step()
/home/ubuntu/train_llama10b_tp_families.py:449: DeprecationWarning: Use torch_xla.sync instead
  xm.mark_step()
/home/ubuntu/train_llama10b_tp_families.py:449: DeprecationWarning: Use torch_xla.sync instead
  xm.mark_step()
/home/ubuntu/train_llama10b_tp_families.py:449: DeprecationWarning: Use torch_xla.sync instead
  xm.mark_step()
/home/ubuntu/train_llama10b_tp_families.py:449: DeprecationWarning: Use torch_xla.sync instead
  xm.mark_step()
/home/ubuntu/train_llama10b_tp_families.py:449: DeprecationWarning: Use torch_xla.sync instead
  xm.mark_step()
/home/ubuntu/train_llama10b_tp_families.py:449: DeprecationWarning: Use torch_xla.sync instead
  xm.mark_step()
/home/ubuntu/train_llama10b_tp_families.py:449: DeprecationWarning: Use torch_xla.sync instead
  xm.mark_step()
/home/ubuntu/train_llama10b_tp_families.py:449: DeprecationWarning: Use torch_xla.sync instead
  xm.mark_step()
/home/ubuntu/train_llama10b_tp_families.py:449: DeprecationWarning: Use torch_xla.sync instead
  xm.mark_step()
/home/ubuntu/train_llama10b_tp_families.py:449: DeprecationWarning: Use torch_xla.sync instead
  xm.mark_step()
/home/ubuntu/train_llama10b_tp_families.py:449: DeprecationWarning: Use torch_xla.sync instead
  xm.mark_step()
/home/ubuntu/train_llama10b_tp_families.py:449: DeprecationWarning: Use torch_xla.sync instead
  xm.mark_step()
/home/ubuntu/train_llama10b_tp_families.py:449: DeprecationWarning: Use torch_xla.sync instead
  xm.mark_step()
/home/ubuntu/train_llama10b_tp_families.py:449: DeprecationWarning: Use torch_xla.sync instead
  xm.mark_step()
/home/ubuntu/train_llama10b_tp_families.py:449: DeprecationWarning: Use torch_xla.sync instead
  xm.mark_step()
/home/ubuntu/train_llama10b_tp_families.py:449: DeprecationWarning: Use torch_xla.sync instead
  xm.mark_step()
/home/ubuntu/train_llama10b_tp_families.py:449: DeprecationWarning: Use torch_xla.sync instead
  xm.mark_step()
/home/ubuntu/train_llama10b_tp_families.py:449: DeprecationWarning: Use torch_xla.sync instead
  xm.mark_step()
/home/ubuntu/train_llama10b_tp_families.py:449: DeprecationWarning: Use torch_xla.sync instead
  xm.mark_step()
/home/ubuntu/train_llama10b_tp_families.py:449: DeprecationWarning: Use torch_xla.sync instead
  xm.mark_step()
/home/ubuntu/train_llama10b_tp_families.py:449: DeprecationWarning: Use torch_xla.sync instead
  xm.mark_step()
/home/ubuntu/train_llama10b_tp_families.py:449: DeprecationWarning: Use torch_xla.sync instead
  xm.mark_step()
2026-09-09 09:20:44.000265:  152940  [INFO]: Using a cached neff at /home/ubuntu/neuron_cache_e2e/neuronxcc-2.23.6484.0+3b612583/MODULE_2708653688611057852+e30acd3a/model.neff
2026-09-09 09:20:44.000265:  152925  [INFO]: Using a cached neff at /home/ubuntu/neuron_cache_e2e/neuronxcc-2.23.6484.0+3b612583/MODULE_2708653688611057852+e30acd3a/model.neff
2026-09-09 09:20:44.000265:  152926  [INFO]: Using a cached neff at /home/ubuntu/neuron_cache_e2e/neuronxcc-2.23.6484.0+3b612583/MODULE_2708653688611057852+e30acd3a/model.neff
2026-09-09 09:20:44.000266:  152946  [INFO]: Using a cached neff at /home/ubuntu/neuron_cache_e2e/neuronxcc-2.23.6484.0+3b612583/MODULE_2708653688611057852+e30acd3a/model.neff
2026-09-09 09:20:44.000266:  152943  [INFO]: Using a cached neff at /home/ubuntu/neuron_cache_e2e/neuronxcc-2.23.6484.0+3b612583/MODULE_2708653688611057852+e30acd3a/model.neff
2026-09-09 09:20:44.000266:  152949  [INFO]: Using a cached neff at /home/ubuntu/neuron_cache_e2e/neuronxcc-2.23.6484.0+3b612583/MODULE_2708653688611057852+e30acd3a/model.neff
2026-09-09 09:20:44.000266:  152928  [INFO]: Using a cached neff at /home/ubuntu/neuron_cache_e2e/neuronxcc-2.23.6484.0+3b612583/MODULE_2708653688611057852+e30acd3a/model.neff
2026-09-09 09:20:44.000268:  152939  [INFO]: Using a cached neff at /home/ubuntu/neuron_cache_e2e/neuronxcc-2.23.6484.0+3b612583/MODULE_2708653688611057852+e30acd3a/model.neff
2026-09-09 09:20:44.000268:  152947  [INFO]: Using a cached neff at /home/ubuntu/neuron_cache_e2e/neuronxcc-2.23.6484.0+3b612583/MODULE_2708653688611057852+e30acd3a/model.neff
2026-09-09 09:20:44.000269:  152921  [INFO]: Using a cached neff at /home/ubuntu/neuron_cache_e2e/neuronxcc-2.23.6484.0+3b612583/MODULE_2708653688611057852+e30acd3a/model.neff
2026-09-09 09:20:44.000270:  152927  [INFO]: Using a cached neff at /home/ubuntu/neuron_cache_e2e/neuronxcc-2.23.6484.0+3b612583/MODULE_2708653688611057852+e30acd3a/model.neff
2026-09-09 09:20:44.000270:  152950  [INFO]: Using a cached neff at /home/ubuntu/neuron_cache_e2e/neuronxcc-2.23.6484.0+3b612583/MODULE_2708653688611057852+e30acd3a/model.neff
2026-09-09 09:20:44.000271:  152942  [INFO]: Using a cached neff at /home/ubuntu/neuron_cache_e2e/neuronxcc-2.23.6484.0+3b612583/MODULE_2708653688611057852+e30acd3a/model.neff
2026-09-09 09:20:44.000271:  152935  [INFO]: Using a cached neff at /home/ubuntu/neuron_cache_e2e/neuronxcc-2.23.6484.0+3b612583/MODULE_2708653688611057852+e30acd3a/model.neff
2026-09-09 09:20:44.000272:  152933  [INFO]: Using a cached neff at /home/ubuntu/neuron_cache_e2e/neuronxcc-2.23.6484.0+3b612583/MODULE_2708653688611057852+e30acd3a/model.neff
2026-09-09 09:20:44.000273:  152934  [INFO]: Using a cached neff at /home/ubuntu/neuron_cache_e2e/neuronxcc-2.23.6484.0+3b612583/MODULE_2708653688611057852+e30acd3a/model.neff
2026-09-09 09:20:44.000273:  152937  [INFO]: Using a cached neff at /home/ubuntu/neuron_cache_e2e/neuronxcc-2.23.6484.0+3b612583/MODULE_2708653688611057852+e30acd3a/model.neff
2026-09-09 09:20:44.000274:  152941  [INFO]: Using a cached neff at /home/ubuntu/neuron_cache_e2e/neuronxcc-2.23.6484.0+3b612583/MODULE_2708653688611057852+e30acd3a/model.neff
2026-09-09 09:20:44.000275:  152931  [INFO]: Using a cached neff at /home/ubuntu/neuron_cache_e2e/neuronxcc-2.23.6484.0+3b612583/MODULE_2708653688611057852+e30acd3a/model.neff
2026-09-09 09:20:44.000275:  152948  [INFO]: Using a cached neff at /home/ubuntu/neuron_cache_e2e/neuronxcc-2.23.6484.0+3b612583/MODULE_2708653688611057852+e30acd3a/model.neff
2026-09-09 09:20:44.000276:  152923  [INFO]: Using a cached neff at /home/ubuntu/neuron_cache_e2e/neuronxcc-2.23.6484.0+3b612583/MODULE_2708653688611057852+e30acd3a/model.neff
2026-09-09 09:20:44.000277:  152952  [INFO]: Using a cached neff at /home/ubuntu/neuron_cache_e2e/neuronxcc-2.23.6484.0+3b612583/MODULE_2708653688611057852+e30acd3a/model.neff
2026-09-09 09:20:44.000279:  152938  [INFO]: Using a cached neff at /home/ubuntu/neuron_cache_e2e/neuronxcc-2.23.6484.0+3b612583/MODULE_2708653688611057852+e30acd3a/model.neff
2026-09-09 09:20:44.000280:  152936  [INFO]: Using a cached neff at /home/ubuntu/neuron_cache_e2e/neuronxcc-2.23.6484.0+3b612583/MODULE_2708653688611057852+e30acd3a/model.neff
/home/ubuntu/train_llama10b_tp_families.py:455: DeprecationWarning: Use torch_xla.sync instead
  xm.mark_step()
/home/ubuntu/train_llama10b_tp_families.py:455: DeprecationWarning: Use torch_xla.sync instead
  xm.mark_step()
/home/ubuntu/train_llama10b_tp_families.py:455: DeprecationWarning: Use torch_xla.sync instead
  xm.mark_step()
2026-09-09 09:20:44.000282:  152929  [INFO]: Using a cached neff at /home/ubuntu/neuron_cache_e2e/neuronxcc-2.23.6484.0+3b612583/MODULE_2708653688611057852+e30acd3a/model.neff
/home/ubuntu/train_llama10b_tp_families.py:455: DeprecationWarning: Use torch_xla.sync instead
  xm.mark_step()
2026-09-09 09:20:44.000282:  152924  [INFO]: Using a cached neff at /home/ubuntu/neuron_cache_e2e/neuronxcc-2.23.6484.0+3b612583/MODULE_2708653688611057852+e30acd3a/model.neff
2026-09-09 09:20:44.000282:  152932  [INFO]: Using a cached neff at /home/ubuntu/neuron_cache_e2e/neuronxcc-2.23.6484.0+3b612583/MODULE_2708653688611057852+e30acd3a/model.neff
/home/ubuntu/train_llama10b_tp_families.py:455: DeprecationWarning: Use torch_xla.sync instead
  xm.mark_step()
2026-09-09 09:20:44.000282:  152944  [INFO]: Using a cached neff at /home/ubuntu/neuron_cache_e2e/neuronxcc-2.23.6484.0+3b612583/MODULE_2708653688611057852+e30acd3a/model.neff
/home/ubuntu/train_llama10b_tp_families.py:455: DeprecationWarning: Use torch_xla.sync instead
  xm.mark_step()
/home/ubuntu/train_llama10b_tp_families.py:455: DeprecationWarning: Use torch_xla.sync instead
  xm.mark_step()
/home/ubuntu/train_llama10b_tp_families.py:455: DeprecationWarning: Use torch_xla.sync instead
  xm.mark_step()
/home/ubuntu/train_llama10b_tp_families.py:455: DeprecationWarning: Use torch_xla.sync instead
  xm.mark_step()
2026-09-09 09:20:44.000285:  152945  [INFO]: Using a cached neff at /home/ubuntu/neuron_cache_e2e/neuronxcc-2.23.6484.0+3b612583/MODULE_2708653688611057852+e30acd3a/model.neff
2026-09-09 09:20:44.000285:  152951  [INFO]: Using a cached neff at /home/ubuntu/neuron_cache_e2e/neuronxcc-2.23.6484.0+3b612583/MODULE_2708653688611057852+e30acd3a/model.neff
2026-09-09 09:20:44.000286:  152922  [INFO]: Using a cached neff at /home/ubuntu/neuron_cache_e2e/neuronxcc-2.23.6484.0+3b612583/MODULE_2708653688611057852+e30acd3a/model.neff
/home/ubuntu/train_llama10b_tp_families.py:455: DeprecationWarning: Use torch_xla.sync instead
  xm.mark_step()
/home/ubuntu/train_llama10b_tp_families.py:455: DeprecationWarning: Use torch_xla.sync instead
  xm.mark_step()
2026-09-09 09:20:44.000286:  152930  [INFO]: Using a cached neff at /home/ubuntu/neuron_cache_e2e/neuronxcc-2.23.6484.0+3b612583/MODULE_2708653688611057852+e30acd3a/model.neff
/home/ubuntu/train_llama10b_tp_families.py:455: DeprecationWarning: Use torch_xla.sync instead
  xm.mark_step()
/home/ubuntu/train_llama10b_tp_families.py:455: DeprecationWarning: Use torch_xla.sync instead
  xm.mark_step()
/home/ubuntu/train_llama10b_tp_families.py:455: DeprecationWarning: Use torch_xla.sync instead
  xm.mark_step()
/home/ubuntu/train_llama10b_tp_families.py:455: DeprecationWarning: Use torch_xla.sync instead
  xm.mark_step()
/home/ubuntu/train_llama10b_tp_families.py:455: DeprecationWarning: Use torch_xla.sync instead
  xm.mark_step()
/home/ubuntu/train_llama10b_tp_families.py:455: DeprecationWarning: Use torch_xla.sync instead
  xm.mark_step()
/home/ubuntu/train_llama10b_tp_families.py:455: DeprecationWarning: Use torch_xla.sync instead
  xm.mark_step()
/home/ubuntu/train_llama10b_tp_families.py:455: DeprecationWarning: Use torch_xla.sync instead
  xm.mark_step()
/home/ubuntu/train_llama10b_tp_families.py:455: DeprecationWarning: Use torch_xla.sync instead
  xm.mark_step()
/home/ubuntu/train_llama10b_tp_families.py:455: DeprecationWarning: Use torch_xla.sync instead
  xm.mark_step()
/home/ubuntu/train_llama10b_tp_families.py:455: DeprecationWarning: Use torch_xla.sync instead
  xm.mark_step()
/home/ubuntu/train_llama10b_tp_families.py:455: DeprecationWarning: Use torch_xla.sync instead
  xm.mark_step()
/home/ubuntu/train_llama10b_tp_families.py:455: DeprecationWarning: Use torch_xla.sync instead
  xm.mark_step()
/home/ubuntu/train_llama10b_tp_families.py:455: DeprecationWarning: Use torch_xla.sync instead
  xm.mark_step()
/home/ubuntu/train_llama10b_tp_families.py:455: DeprecationWarning: Use torch_xla.sync instead
  xm.mark_step()
/home/ubuntu/train_llama10b_tp_families.py:455: DeprecationWarning: Use torch_xla.sync instead
  xm.mark_step()
/home/ubuntu/train_llama10b_tp_families.py:455: DeprecationWarning: Use torch_xla.sync instead
  xm.mark_step()
/home/ubuntu/train_llama10b_tp_families.py:455: DeprecationWarning: Use torch_xla.sync instead
  xm.mark_step()
/home/ubuntu/train_llama10b_tp_families.py:455: DeprecationWarning: Use torch_xla.sync instead
  xm.mark_step()
/home/ubuntu/train_llama10b_tp_families.py:455: DeprecationWarning: Use torch_xla.sync instead
  xm.mark_step()
/home/ubuntu/train_llama10b_tp_families.py:455: DeprecationWarning: Use torch_xla.sync instead
  xm.mark_step()
2026-09-09 09:20:44.000322:  152940  [INFO]: Using a cached neff at /home/ubuntu/neuron_cache_e2e/neuronxcc-2.23.6484.0+3b612583/MODULE_8952394002023911792+e30acd3a/model.neff
2026-09-09 09:20:44.000323:  152926  [INFO]: Using a cached neff at /home/ubuntu/neuron_cache_e2e/neuronxcc-2.23.6484.0+3b612583/MODULE_8952394002023911792+e30acd3a/model.neff
2026-09-09 09:20:44.000325:  152949  [INFO]: Using a cached neff at /home/ubuntu/neuron_cache_e2e/neuronxcc-2.23.6484.0+3b612583/MODULE_8952394002023911792+e30acd3a/model.neff
2026-09-09 09:20:44.000325:  152947  [INFO]: Using a cached neff at /home/ubuntu/neuron_cache_e2e/neuronxcc-2.23.6484.0+3b612583/MODULE_8952394002023911792+e30acd3a/model.neff
2026-09-09 09:20:44.000326:  152946  [INFO]: Using a cached neff at /home/ubuntu/neuron_cache_e2e/neuronxcc-2.23.6484.0+3b612583/MODULE_8952394002023911792+e30acd3a/model.neff
2026-09-09 09:20:44.000327:  152939  [INFO]: Using a cached neff at /home/ubuntu/neuron_cache_e2e/neuronxcc-2.23.6484.0+3b612583/MODULE_8952394002023911792+e30acd3a/model.neff
2026-09-09 09:20:44.000328:  152925  [INFO]: Using a cached neff at /home/ubuntu/neuron_cache_e2e/neuronxcc-2.23.6484.0+3b612583/MODULE_8952394002023911792+e30acd3a/model.neff
2026-09-09 09:20:44.000328:  152928  [INFO]: Using a cached neff at /home/ubuntu/neuron_cache_e2e/neuronxcc-2.23.6484.0+3b612583/MODULE_8952394002023911792+e30acd3a/model.neff
2026-09-09 09:20:44.000329:  152943  [INFO]: Using a cached neff at /home/ubuntu/neuron_cache_e2e/neuronxcc-2.23.6484.0+3b612583/MODULE_8952394002023911792+e30acd3a/model.neff
2026-09-09 09:20:44.000331:  152950  [INFO]: Using a cached neff at /home/ubuntu/neuron_cache_e2e/neuronxcc-2.23.6484.0+3b612583/MODULE_8952394002023911792+e30acd3a/model.neff
2026-09-09 09:20:44.000331:  152927  [INFO]: Using a cached neff at /home/ubuntu/neuron_cache_e2e/neuronxcc-2.23.6484.0+3b612583/MODULE_8952394002023911792+e30acd3a/model.neff
2026-09-09 09:20:44.000333:  152921  [INFO]: Using a cached neff at /home/ubuntu/neuron_cache_e2e/neuronxcc-2.23.6484.0+3b612583/MODULE_8952394002023911792+e30acd3a/model.neff
2026-09-09 09:20:44.000333:  152934  [INFO]: Using a cached neff at /home/ubuntu/neuron_cache_e2e/neuronxcc-2.23.6484.0+3b612583/MODULE_8952394002023911792+e30acd3a/model.neff
2026-09-09 09:20:44.000334:  152933  [INFO]: Using a cached neff at /home/ubuntu/neuron_cache_e2e/neuronxcc-2.23.6484.0+3b612583/MODULE_8952394002023911792+e30acd3a/model.neff
2026-09-09 09:20:44.000335:  152937  [INFO]: Using a cached neff at /home/ubuntu/neuron_cache_e2e/neuronxcc-2.23.6484.0+3b612583/MODULE_8952394002023911792+e30acd3a/model.neff
2026-09-09 09:20:44.000335:  152942  [INFO]: Using a cached neff at /home/ubuntu/neuron_cache_e2e/neuronxcc-2.23.6484.0+3b612583/MODULE_8952394002023911792+e30acd3a/model.neff
2026-09-09 09:20:44.000336:  152931  [INFO]: Using a cached neff at /home/ubuntu/neuron_cache_e2e/neuronxcc-2.23.6484.0+3b612583/MODULE_8952394002023911792+e30acd3a/model.neff
2026-09-09 09:20:44.000337:  152941  [INFO]: Using a cached neff at /home/ubuntu/neuron_cache_e2e/neuronxcc-2.23.6484.0+3b612583/MODULE_8952394002023911792+e30acd3a/model.neff
2026-09-09 09:20:44.000339:  152952  [INFO]: Using a cached neff at /home/ubuntu/neuron_cache_e2e/neuronxcc-2.23.6484.0+3b612583/MODULE_8952394002023911792+e30acd3a/model.neff
2026-09-09 09:20:44.000341:  152948  [INFO]: Using a cached neff at /home/ubuntu/neuron_cache_e2e/neuronxcc-2.23.6484.0+3b612583/MODULE_8952394002023911792+e30acd3a/model.neff
2026-09-09 09:20:44.000343:  152944  [INFO]: Using a cached neff at /home/ubuntu/neuron_cache_e2e/neuronxcc-2.23.6484.0+3b612583/MODULE_8952394002023911792+e30acd3a/model.neff
2026-09-09 09:20:44.000343:  152938  [INFO]: Using a cached neff at /home/ubuntu/neuron_cache_e2e/neuronxcc-2.23.6484.0+3b612583/MODULE_8952394002023911792+e30acd3a/model.neff
2026-09-09 09:20:44.000344:  152923  [INFO]: Using a cached neff at /home/ubuntu/neuron_cache_e2e/neuronxcc-2.23.6484.0+3b612583/MODULE_8952394002023911792+e30acd3a/model.neff
2026-09-09 09:20:44.000344:  152924  [INFO]: Using a cached neff at /home/ubuntu/neuron_cache_e2e/neuronxcc-2.23.6484.0+3b612583/MODULE_8952394002023911792+e30acd3a/model.neff
2026-09-09 09:20:44.000345:  152936  [INFO]: Using a cached neff at /home/ubuntu/neuron_cache_e2e/neuronxcc-2.23.6484.0+3b612583/MODULE_8952394002023911792+e30acd3a/model.neff
2026-09-09 09:20:44.000346:  152935  [INFO]: Using a cached neff at /home/ubuntu/neuron_cache_e2e/neuronxcc-2.23.6484.0+3b612583/MODULE_8952394002023911792+e30acd3a/model.neff
2026-09-09 09:20:44.000348:  152932  [INFO]: Using a cached neff at /home/ubuntu/neuron_cache_e2e/neuronxcc-2.23.6484.0+3b612583/MODULE_8952394002023911792+e30acd3a/model.neff
2026-09-09 09:20:44.000349:  152945  [INFO]: Using a cached neff at /home/ubuntu/neuron_cache_e2e/neuronxcc-2.23.6484.0+3b612583/MODULE_8952394002023911792+e30acd3a/model.neff
2026-09-09 09:20:44.000350:  152951  [INFO]: Using a cached neff at /home/ubuntu/neuron_cache_e2e/neuronxcc-2.23.6484.0+3b612583/MODULE_8952394002023911792+e30acd3a/model.neff
2026-09-09 09:20:44.000353:  152930  [INFO]: Using a cached neff at /home/ubuntu/neuron_cache_e2e/neuronxcc-2.23.6484.0+3b612583/MODULE_8952394002023911792+e30acd3a/model.neff
2026-09-09 09:20:44.000353:  152929  [INFO]: Using a cached neff at /home/ubuntu/neuron_cache_e2e/neuronxcc-2.23.6484.0+3b612583/MODULE_8952394002023911792+e30acd3a/model.neff
2026-09-09 09:20:44.000356:  152922  [INFO]: Using a cached neff at /home/ubuntu/neuron_cache_e2e/neuronxcc-2.23.6484.0+3b612583/MODULE_8952394002023911792+e30acd3a/model.neff
/home/ubuntu/train_llama10b_tp_families.py:459: DeprecationWarning: Use torch_xla.sync instead
  xm.mark_step()
/home/ubuntu/train_llama10b_tp_families.py:459: DeprecationWarning: Use torch_xla.sync instead
  xm.mark_step()
/home/ubuntu/train_llama10b_tp_families.py:459: DeprecationWarning: Use torch_xla.sync instead
  xm.mark_step()
/home/ubuntu/train_llama10b_tp_families.py:459: DeprecationWarning: Use torch_xla.sync instead
  xm.mark_step()
/home/ubuntu/train_llama10b_tp_families.py:459: DeprecationWarning: Use torch_xla.sync instead
  xm.mark_step()
/home/ubuntu/train_llama10b_tp_families.py:459: DeprecationWarning: Use torch_xla.sync instead
  xm.mark_step()
/home/ubuntu/train_llama10b_tp_families.py:459: DeprecationWarning: Use torch_xla.sync instead
  xm.mark_step()
/home/ubuntu/train_llama10b_tp_families.py:459: DeprecationWarning: Use torch_xla.sync instead
  xm.mark_step()
/home/ubuntu/train_llama10b_tp_families.py:459: DeprecationWarning: Use torch_xla.sync instead
  xm.mark_step()
/home/ubuntu/train_llama10b_tp_families.py:459: DeprecationWarning: Use torch_xla.sync instead
  xm.mark_step()
/home/ubuntu/train_llama10b_tp_families.py:459: DeprecationWarning: Use torch_xla.sync instead
  xm.mark_step()
/home/ubuntu/train_llama10b_tp_families.py:459: DeprecationWarning: Use torch_xla.sync instead
  xm.mark_step()
/home/ubuntu/train_llama10b_tp_families.py:459: DeprecationWarning: Use torch_xla.sync instead
  xm.mark_step()
/home/ubuntu/train_llama10b_tp_families.py:459: DeprecationWarning: Use torch_xla.sync instead
  xm.mark_step()
/home/ubuntu/train_llama10b_tp_families.py:459: DeprecationWarning: Use torch_xla.sync instead
  xm.mark_step()
/home/ubuntu/train_llama10b_tp_families.py:459: DeprecationWarning: Use torch_xla.sync instead
  xm.mark_step()
/home/ubuntu/train_llama10b_tp_families.py:459: DeprecationWarning: Use torch_xla.sync instead
  xm.mark_step()
/home/ubuntu/train_llama10b_tp_families.py:459: DeprecationWarning: Use torch_xla.sync instead
  xm.mark_step()
/home/ubuntu/train_llama10b_tp_families.py:459: DeprecationWarning: Use torch_xla.sync instead
  xm.mark_step()
/home/ubuntu/train_llama10b_tp_families.py:459: DeprecationWarning: Use torch_xla.sync instead
  xm.mark_step()
/home/ubuntu/train_llama10b_tp_families.py:459: DeprecationWarning: Use torch_xla.sync instead
  xm.mark_step()
/home/ubuntu/train_llama10b_tp_families.py:459: DeprecationWarning: Use torch_xla.sync instead
  xm.mark_step()
/home/ubuntu/train_llama10b_tp_families.py:459: DeprecationWarning: Use torch_xla.sync instead
  xm.mark_step()
/home/ubuntu/train_llama10b_tp_families.py:459: DeprecationWarning: Use torch_xla.sync instead
  xm.mark_step()
/home/ubuntu/train_llama10b_tp_families.py:459: DeprecationWarning: Use torch_xla.sync instead
  xm.mark_step()
/home/ubuntu/train_llama10b_tp_families.py:459: DeprecationWarning: Use torch_xla.sync instead
  xm.mark_step()
/home/ubuntu/train_llama10b_tp_families.py:459: DeprecationWarning: Use torch_xla.sync instead
  xm.mark_step()
/home/ubuntu/train_llama10b_tp_families.py:459: DeprecationWarning: Use torch_xla.sync instead
  xm.mark_step()
/home/ubuntu/train_llama10b_tp_families.py:459: DeprecationWarning: Use torch_xla.sync instead
  xm.mark_step()
/home/ubuntu/train_llama10b_tp_families.py:459: DeprecationWarning: Use torch_xla.sync instead
  xm.mark_step()
/home/ubuntu/train_llama10b_tp_families.py:459: DeprecationWarning: Use torch_xla.sync instead
  xm.mark_step()
/home/ubuntu/train_llama10b_tp_families.py:459: DeprecationWarning: Use torch_xla.sync instead
  xm.mark_step()
2026-09-09 09:20:44.000601:  152932  [INFO]: Using a cached neff at /home/ubuntu/neuron_cache_e2e/neuronxcc-2.23.6484.0+3b612583/MODULE_11729072656154999563+e30acd3a/model.neff
2026-09-09 09:20:44.000601:  152928  [INFO]: Using a cached neff at /home/ubuntu/neuron_cache_e2e/neuronxcc-2.23.6484.0+3b612583/MODULE_11729072656154999563+e30acd3a/model.neff
2026-09-09 09:20:44.000601:  152933  [INFO]: Using a cached neff at /home/ubuntu/neuron_cache_e2e/neuronxcc-2.23.6484.0+3b612583/MODULE_11729072656154999563+e30acd3a/model.neff
2026-09-09 09:20:44.000602:  152950  [INFO]: Using a cached neff at /home/ubuntu/neuron_cache_e2e/neuronxcc-2.23.6484.0+3b612583/MODULE_11729072656154999563+e30acd3a/model.neff
2026-09-09 09:20:44.000603:  152925  [INFO]: Using a cached neff at /home/ubuntu/neuron_cache_e2e/neuronxcc-2.23.6484.0+3b612583/MODULE_11729072656154999563+e30acd3a/model.neff
2026-09-09 09:20:44.000603:  152951  [INFO]: Using a cached neff at /home/ubuntu/neuron_cache_e2e/neuronxcc-2.23.6484.0+3b612583/MODULE_11729072656154999563+e30acd3a/model.neff
2026-09-09 09:20:44.000604:  152943  [INFO]: Using a cached neff at /home/ubuntu/neuron_cache_e2e/neuronxcc-2.23.6484.0+3b612583/MODULE_11729072656154999563+e30acd3a/model.neff
2026-09-09 09:20:44.000605:  152937  [INFO]: Using a cached neff at /home/ubuntu/neuron_cache_e2e/neuronxcc-2.23.6484.0+3b612583/MODULE_11729072656154999563+e30acd3a/model.neff
2026-09-09 09:20:44.000606:  152934  [INFO]: Using a cached neff at /home/ubuntu/neuron_cache_e2e/neuronxcc-2.23.6484.0+3b612583/MODULE_11729072656154999563+e30acd3a/model.neff
/home/ubuntu/train_llama10b_tp_families.py:486: DeprecationWarning: Use torch_xla.sync instead
  xm.mark_step()
2026-09-09 09:20:44.000607:  152923  [INFO]: Using a cached neff at /home/ubuntu/neuron_cache_e2e/neuronxcc-2.23.6484.0+3b612583/MODULE_11729072656154999563+e30acd3a/model.neff
/home/ubuntu/train_llama10b_tp_families.py:486: DeprecationWarning: Use torch_xla.sync instead
  xm.mark_step()
2026-09-09 09:20:44.000608:  152924  [INFO]: Using a cached neff at /home/ubuntu/neuron_cache_e2e/neuronxcc-2.23.6484.0+3b612583/MODULE_11729072656154999563+e30acd3a/model.neff
/home/ubuntu/train_llama10b_tp_families.py:486: DeprecationWarning: Use torch_xla.sync instead
  xm.mark_step()
2026-09-09 09:20:44.000608:  152945  [INFO]: Using a cached neff at /home/ubuntu/neuron_cache_e2e/neuronxcc-2.23.6484.0+3b612583/MODULE_11729072656154999563+e30acd3a/model.neff
/home/ubuntu/train_llama10b_tp_families.py:486: DeprecationWarning: Use torch_xla.sync instead
  xm.mark_step()
2026-09-09 09:20:44.000608:  152940  [INFO]: Using a cached neff at /home/ubuntu/neuron_cache_e2e/neuronxcc-2.23.6484.0+3b612583/MODULE_11729072656154999563+e30acd3a/model.neff
/home/ubuntu/train_llama10b_tp_families.py:486: DeprecationWarning: Use torch_xla.sync instead
  xm.mark_step()
2026-09-09 09:20:44.000609:  152949  [INFO]: Using a cached neff at /home/ubuntu/neuron_cache_e2e/neuronxcc-2.23.6484.0+3b612583/MODULE_11729072656154999563+e30acd3a/model.neff
2026-09-09 09:20:44.000609:  152922  [INFO]: Using a cached neff at /home/ubuntu/neuron_cache_e2e/neuronxcc-2.23.6484.0+3b612583/MODULE_11729072656154999563+e30acd3a/model.neff
2026-09-09 09:20:44.000609:  152938  [INFO]: Using a cached neff at /home/ubuntu/neuron_cache_e2e/neuronxcc-2.23.6484.0+3b612583/MODULE_11729072656154999563+e30acd3a/model.neff
/home/ubuntu/train_llama10b_tp_families.py:486: DeprecationWarning: Use torch_xla.sync instead
  xm.mark_step()
2026-09-09 09:20:44.000610:  152942  [INFO]: Using a cached neff at /home/ubuntu/neuron_cache_e2e/neuronxcc-2.23.6484.0+3b612583/MODULE_11729072656154999563+e30acd3a/model.neff
2026-09-09 09:20:44.000610:  152936  [INFO]: Using a cached neff at /home/ubuntu/neuron_cache_e2e/neuronxcc-2.23.6484.0+3b612583/MODULE_11729072656154999563+e30acd3a/model.neff
/home/ubuntu/train_llama10b_tp_families.py:486: DeprecationWarning: Use torch_xla.sync instead
  xm.mark_step()
/home/ubuntu/train_llama10b_tp_families.py:486: DeprecationWarning: Use torch_xla.sync instead
  xm.mark_step()
2026-09-09 09:20:44.000611:  152947  [INFO]: Using a cached neff at /home/ubuntu/neuron_cache_e2e/neuronxcc-2.23.6484.0+3b612583/MODULE_11729072656154999563+e30acd3a/model.neff
2026-09-09 09:20:44.000611:  152946  [INFO]: Using a cached neff at /home/ubuntu/neuron_cache_e2e/neuronxcc-2.23.6484.0+3b612583/MODULE_11729072656154999563+e30acd3a/model.neff
2026-09-09 09:20:44.000612:  152927  [INFO]: Using a cached neff at /home/ubuntu/neuron_cache_e2e/neuronxcc-2.23.6484.0+3b612583/MODULE_11729072656154999563+e30acd3a/model.neff
/home/ubuntu/train_llama10b_tp_families.py:486: DeprecationWarning: Use torch_xla.sync instead
  xm.mark_step()
2026-09-09 09:20:44.000613:  152929  [INFO]: Using a cached neff at /home/ubuntu/neuron_cache_e2e/neuronxcc-2.23.6484.0+3b612583/MODULE_11729072656154999563+e30acd3a/model.neff
2026-09-09 09:20:44.000613:  152952  [INFO]: Using a cached neff at /home/ubuntu/neuron_cache_e2e/neuronxcc-2.23.6484.0+3b612583/MODULE_11729072656154999563+e30acd3a/model.neff
/home/ubuntu/train_llama10b_tp_families.py:486: DeprecationWarning: Use torch_xla.sync instead
  xm.mark_step()
2026-09-09 09:20:44.000614:  152939  [INFO]: Using a cached neff at /home/ubuntu/neuron_cache_e2e/neuronxcc-2.23.6484.0+3b612583/MODULE_11729072656154999563+e30acd3a/model.neff
2026-09-09 09:20:44.000615:  152944  [INFO]: Using a cached neff at /home/ubuntu/neuron_cache_e2e/neuronxcc-2.23.6484.0+3b612583/MODULE_11729072656154999563+e30acd3a/model.neff
/home/ubuntu/train_llama10b_tp_families.py:486: DeprecationWarning: Use torch_xla.sync instead
  xm.mark_step()
2026-09-09 09:20:44.000615:  152941  [INFO]: Using a cached neff at /home/ubuntu/neuron_cache_e2e/neuronxcc-2.23.6484.0+3b612583/MODULE_11729072656154999563+e30acd3a/model.neff
/home/ubuntu/train_llama10b_tp_families.py:486: DeprecationWarning: Use torch_xla.sync instead
  xm.mark_step()
/home/ubuntu/train_llama10b_tp_families.py:486: DeprecationWarning: Use torch_xla.sync instead
  xm.mark_step()
/home/ubuntu/train_llama10b_tp_families.py:486: DeprecationWarning: Use torch_xla.sync instead
  xm.mark_step()
2026-09-09 09:20:44.000616:  152928  [INFO]: Using a cached neff at /home/ubuntu/neuron_cache_e2e/neuronxcc-2.23.6484.0+3b612583/MODULE_9907504738751219654+e30acd3a/model.neff
2026-09-09 09:20:44.000617:  152931  [INFO]: Using a cached neff at /home/ubuntu/neuron_cache_e2e/neuronxcc-2.23.6484.0+3b612583/MODULE_11729072656154999563+e30acd3a/model.neff
/home/ubuntu/train_llama10b_tp_families.py:486: DeprecationWarning: Use torch_xla.sync instead
  xm.mark_step()
2026-09-09 09:20:44.000617:  152926  [INFO]: Using a cached neff at /home/ubuntu/neuron_cache_e2e/neuronxcc-2.23.6484.0+3b612583/MODULE_11729072656154999563+e30acd3a/model.neff
2026-09-09 09:20:44.000617:  152935  [INFO]: Using a cached neff at /home/ubuntu/neuron_cache_e2e/neuronxcc-2.23.6484.0+3b612583/MODULE_11729072656154999563+e30acd3a/model.neff
/home/ubuntu/train_llama10b_tp_families.py:486: DeprecationWarning: Use torch_xla.sync instead
  xm.mark_step()
/home/ubuntu/train_llama10b_tp_families.py:486: DeprecationWarning: Use torch_xla.sync instead
  xm.mark_step()
/home/ubuntu/train_llama10b_tp_families.py:486: DeprecationWarning: Use torch_xla.sync instead
  xm.mark_step()
/home/ubuntu/train_llama10b_tp_families.py:486: DeprecationWarning: Use torch_xla.sync instead
  xm.mark_step()
2026-09-09 09:20:44.000618:  152932  [INFO]: Using a cached neff at /home/ubuntu/neuron_cache_e2e/neuronxcc-2.23.6484.0+3b612583/MODULE_9907504738751219654+e30acd3a/model.neff
2026-09-09 09:20:44.000618:  152921  [INFO]: Using a cached neff at /home/ubuntu/neuron_cache_e2e/neuronxcc-2.23.6484.0+3b612583/MODULE_11729072656154999563+e30acd3a/model.neff
2026-09-09 09:20:44.000619:  152951  [INFO]: Using a cached neff at /home/ubuntu/neuron_cache_e2e/neuronxcc-2.23.6484.0+3b612583/MODULE_9907504738751219654+e30acd3a/model.neff
2026-09-09 09:20:44.000619:  152930  [INFO]: Using a cached neff at /home/ubuntu/neuron_cache_e2e/neuronxcc-2.23.6484.0+3b612583/MODULE_11729072656154999563+e30acd3a/model.neff
2026-09-09 09:20:44.000619:  152950  [INFO]: Using a cached neff at /home/ubuntu/neuron_cache_e2e/neuronxcc-2.23.6484.0+3b612583/MODULE_9907504738751219654+e30acd3a/model.neff
2026-09-09 09:20:44.000619:  152925  [INFO]: Using a cached neff at /home/ubuntu/neuron_cache_e2e/neuronxcc-2.23.6484.0+3b612583/MODULE_9907504738751219654+e30acd3a/model.neff
2026-09-09 09:20:44.000619:  152933  [INFO]: Using a cached neff at /home/ubuntu/neuron_cache_e2e/neuronxcc-2.23.6484.0+3b612583/MODULE_9907504738751219654+e30acd3a/model.neff
/home/ubuntu/train_llama10b_tp_families.py:486: DeprecationWarning: Use torch_xla.sync instead
  xm.mark_step()
/home/ubuntu/train_llama10b_tp_families.py:486: DeprecationWarning: Use torch_xla.sync instead
  xm.mark_step()
2026-09-09 09:20:44.000619:  152943  [INFO]: Using a cached neff at /home/ubuntu/neuron_cache_e2e/neuronxcc-2.23.6484.0+3b612583/MODULE_9907504738751219654+e30acd3a/model.neff
2026-09-09 09:20:44.000619:  152948  [INFO]: Using a cached neff at /home/ubuntu/neuron_cache_e2e/neuronxcc-2.23.6484.0+3b612583/MODULE_11729072656154999563+e30acd3a/model.neff
2026-09-09 09:20:44.000619:  152937  [INFO]: Using a cached neff at /home/ubuntu/neuron_cache_e2e/neuronxcc-2.23.6484.0+3b612583/MODULE_9907504738751219654+e30acd3a/model.neff
/home/ubuntu/train_llama10b_tp_families.py:486: DeprecationWarning: Use torch_xla.sync instead
  xm.mark_step()
/home/ubuntu/train_llama10b_tp_families.py:486: DeprecationWarning: Use torch_xla.sync instead
  xm.mark_step()
2026-09-09 09:20:44.000622:  152934  [INFO]: Using a cached neff at /home/ubuntu/neuron_cache_e2e/neuronxcc-2.23.6484.0+3b612583/MODULE_9907504738751219654+e30acd3a/model.neff
/home/ubuntu/train_llama10b_tp_families.py:486: DeprecationWarning: Use torch_xla.sync instead
  xm.mark_step()
2026-09-09 09:20:44.000623:  152924  [INFO]: Using a cached neff at /home/ubuntu/neuron_cache_e2e/neuronxcc-2.23.6484.0+3b612583/MODULE_9907504738751219654+e30acd3a/model.neff
/home/ubuntu/train_llama10b_tp_families.py:486: DeprecationWarning: Use torch_xla.sync instead
  xm.mark_step()
/home/ubuntu/train_llama10b_tp_families.py:486: DeprecationWarning: Use torch_xla.sync instead
  xm.mark_step()
/home/ubuntu/train_llama10b_tp_families.py:486: DeprecationWarning: Use torch_xla.sync instead
  xm.mark_step()
/home/ubuntu/train_llama10b_tp_families.py:486: DeprecationWarning: Use torch_xla.sync instead
  xm.mark_step()
/home/ubuntu/train_llama10b_tp_families.py:486: DeprecationWarning: Use torch_xla.sync instead
  xm.mark_step()
2026-09-09 09:20:44.000625:  152949  [INFO]: Using a cached neff at /home/ubuntu/neuron_cache_e2e/neuronxcc-2.23.6484.0+3b612583/MODULE_9907504738751219654+e30acd3a/model.neff
2026-09-09 09:20:44.000626:  152923  [INFO]: Using a cached neff at /home/ubuntu/neuron_cache_e2e/neuronxcc-2.23.6484.0+3b612583/MODULE_9907504738751219654+e30acd3a/model.neff
2026-09-09 09:20:44.000626:  152940  [INFO]: Using a cached neff at /home/ubuntu/neuron_cache_e2e/neuronxcc-2.23.6484.0+3b612583/MODULE_9907504738751219654+e30acd3a/model.neff
/home/ubuntu/train_llama10b_tp_families.py:486: DeprecationWarning: Use torch_xla.sync instead
  xm.mark_step()
/home/ubuntu/train_llama10b_tp_families.py:486: DeprecationWarning: Use torch_xla.sync instead
  xm.mark_step()
2026-09-09 09:20:44.000627:  152942  [INFO]: Using a cached neff at /home/ubuntu/neuron_cache_e2e/neuronxcc-2.23.6484.0+3b612583/MODULE_9907504738751219654+e30acd3a/model.neff
2026-09-09 09:20:44.000627:  152936  [INFO]: Using a cached neff at /home/ubuntu/neuron_cache_e2e/neuronxcc-2.23.6484.0+3b612583/MODULE_9907504738751219654+e30acd3a/model.neff
2026-09-09 09:20:44.000627:  152945  [INFO]: Using a cached neff at /home/ubuntu/neuron_cache_e2e/neuronxcc-2.23.6484.0+3b612583/MODULE_9907504738751219654+e30acd3a/model.neff
/home/ubuntu/train_llama10b_tp_families.py:486: DeprecationWarning: Use torch_xla.sync instead
  xm.mark_step()
2026-09-09 09:20:44.000629:  152927  [INFO]: Using a cached neff at /home/ubuntu/neuron_cache_e2e/neuronxcc-2.23.6484.0+3b612583/MODULE_9907504738751219654+e30acd3a/model.neff
2026-09-09 09:20:44.000629:  152946  [INFO]: Using a cached neff at /home/ubuntu/neuron_cache_e2e/neuronxcc-2.23.6484.0+3b612583/MODULE_9907504738751219654+e30acd3a/model.neff
2026-09-09 09:20:44.000629:  152938  [INFO]: Using a cached neff at /home/ubuntu/neuron_cache_e2e/neuronxcc-2.23.6484.0+3b612583/MODULE_9907504738751219654+e30acd3a/model.neff
2026-09-09 09:20:44.000630:  152922  [INFO]: Using a cached neff at /home/ubuntu/neuron_cache_e2e/neuronxcc-2.23.6484.0+3b612583/MODULE_9907504738751219654+e30acd3a/model.neff
2026-09-09 09:20:44.000631:  152947  [INFO]: Using a cached neff at /home/ubuntu/neuron_cache_e2e/neuronxcc-2.23.6484.0+3b612583/MODULE_9907504738751219654+e30acd3a/model.neff
2026-09-09 09:20:44.000631:  152952  [INFO]: Using a cached neff at /home/ubuntu/neuron_cache_e2e/neuronxcc-2.23.6484.0+3b612583/MODULE_9907504738751219654+e30acd3a/model.neff
2026-09-09 09:20:44.000631:  152941  [INFO]: Using a cached neff at /home/ubuntu/neuron_cache_e2e/neuronxcc-2.23.6484.0+3b612583/MODULE_9907504738751219654+e30acd3a/model.neff
2026-09-09 09:20:44.000633:  152929  [INFO]: Using a cached neff at /home/ubuntu/neuron_cache_e2e/neuronxcc-2.23.6484.0+3b612583/MODULE_9907504738751219654+e30acd3a/model.neff
2026-09-09 09:20:44.000634:  152944  [INFO]: Using a cached neff at /home/ubuntu/neuron_cache_e2e/neuronxcc-2.23.6484.0+3b612583/MODULE_9907504738751219654+e30acd3a/model.neff
2026-09-09 09:20:44.000634:  152926  [INFO]: Using a cached neff at /home/ubuntu/neuron_cache_e2e/neuronxcc-2.23.6484.0+3b612583/MODULE_9907504738751219654+e30acd3a/model.neff
2026-09-09 09:20:44.000634:  152935  [INFO]: Using a cached neff at /home/ubuntu/neuron_cache_e2e/neuronxcc-2.23.6484.0+3b612583/MODULE_9907504738751219654+e30acd3a/model.neff
2026-09-09 09:20:44.000635:  152939  [INFO]: Using a cached neff at /home/ubuntu/neuron_cache_e2e/neuronxcc-2.23.6484.0+3b612583/MODULE_9907504738751219654+e30acd3a/model.neff
2026-09-09 09:20:44.000635:  152931  [INFO]: Using a cached neff at /home/ubuntu/neuron_cache_e2e/neuronxcc-2.23.6484.0+3b612583/MODULE_9907504738751219654+e30acd3a/model.neff
2026-09-09 09:20:44.000638:  152930  [INFO]: Using a cached neff at /home/ubuntu/neuron_cache_e2e/neuronxcc-2.23.6484.0+3b612583/MODULE_9907504738751219654+e30acd3a/model.neff
2026-09-09 09:20:44.000639:  152921  [INFO]: Using a cached neff at /home/ubuntu/neuron_cache_e2e/neuronxcc-2.23.6484.0+3b612583/MODULE_9907504738751219654+e30acd3a/model.neff
2026-09-09 09:20:44.000639:  152948  [INFO]: Using a cached neff at /home/ubuntu/neuron_cache_e2e/neuronxcc-2.23.6484.0+3b612583/MODULE_9907504738751219654+e30acd3a/model.neff
2026-09-09 09:20:44.000812:  152945  [INFO]: Using a cached neff at /home/ubuntu/neuron_cache_e2e/neuronxcc-2.23.6484.0+3b612583/MODULE_1499171137088151669+e30acd3a/model.neff
2026-09-09 09:20:44.000812:  152941  [INFO]: Using a cached neff at /home/ubuntu/neuron_cache_e2e/neuronxcc-2.23.6484.0+3b612583/MODULE_1499171137088151669+e30acd3a/model.neff
2026-09-09 09:20:44.000813:  152940  [INFO]: Using a cached neff at /home/ubuntu/neuron_cache_e2e/neuronxcc-2.23.6484.0+3b612583/MODULE_1499171137088151669+e30acd3a/model.neff
2026-09-09 09:20:44.000813:  152950  [INFO]: Using a cached neff at /home/ubuntu/neuron_cache_e2e/neuronxcc-2.23.6484.0+3b612583/MODULE_1499171137088151669+e30acd3a/model.neff
2026-09-09 09:20:44.000814:  152928  [INFO]: Using a cached neff at /home/ubuntu/neuron_cache_e2e/neuronxcc-2.23.6484.0+3b612583/MODULE_1499171137088151669+e30acd3a/model.neff
2026-09-09 09:20:44.000814:  152944  [INFO]: Using a cached neff at /home/ubuntu/neuron_cache_e2e/neuronxcc-2.23.6484.0+3b612583/MODULE_1499171137088151669+e30acd3a/model.neff
2026-09-09 09:20:44.000815:  152936  [INFO]: Using a cached neff at /home/ubuntu/neuron_cache_e2e/neuronxcc-2.23.6484.0+3b612583/MODULE_1499171137088151669+e30acd3a/model.neff
2026-09-09 09:20:44.000816:  152952  [INFO]: Using a cached neff at /home/ubuntu/neuron_cache_e2e/neuronxcc-2.23.6484.0+3b612583/MODULE_1499171137088151669+e30acd3a/model.neff
2026-09-09 09:20:44.000816:  152924  [INFO]: Using a cached neff at /home/ubuntu/neuron_cache_e2e/neuronxcc-2.23.6484.0+3b612583/MODULE_1499171137088151669+e30acd3a/model.neff
2026-09-09 09:20:44.000817:  152927  [INFO]: Using a cached neff at /home/ubuntu/neuron_cache_e2e/neuronxcc-2.23.6484.0+3b612583/MODULE_1499171137088151669+e30acd3a/model.neff
2026-09-09 09:20:44.000817:  152923  [INFO]: Using a cached neff at /home/ubuntu/neuron_cache_e2e/neuronxcc-2.23.6484.0+3b612583/MODULE_1499171137088151669+e30acd3a/model.neff
2026-09-09 09:20:44.000818:  152948  [INFO]: Using a cached neff at /home/ubuntu/neuron_cache_e2e/neuronxcc-2.23.6484.0+3b612583/MODULE_1499171137088151669+e30acd3a/model.neff
2026-09-09 09:20:44.000819:  152946  [INFO]: Using a cached neff at /home/ubuntu/neuron_cache_e2e/neuronxcc-2.23.6484.0+3b612583/MODULE_1499171137088151669+e30acd3a/model.neff
2026-09-09 09:20:44.000820:  152938  [INFO]: Using a cached neff at /home/ubuntu/neuron_cache_e2e/neuronxcc-2.23.6484.0+3b612583/MODULE_1499171137088151669+e30acd3a/model.neff
2026-09-09 09:20:44.000820:  152926  [INFO]: Using a cached neff at /home/ubuntu/neuron_cache_e2e/neuronxcc-2.23.6484.0+3b612583/MODULE_1499171137088151669+e30acd3a/model.neff
2026-09-09 09:20:44.000821:  152930  [INFO]: Using a cached neff at /home/ubuntu/neuron_cache_e2e/neuronxcc-2.23.6484.0+3b612583/MODULE_1499171137088151669+e30acd3a/model.neff
2026-09-09 09:20:44.000822:  152947  [INFO]: Using a cached neff at /home/ubuntu/neuron_cache_e2e/neuronxcc-2.23.6484.0+3b612583/MODULE_1499171137088151669+e30acd3a/model.neff
2026-09-09 09:20:44.000822:  152921  [INFO]: Using a cached neff at /home/ubuntu/neuron_cache_e2e/neuronxcc-2.23.6484.0+3b612583/MODULE_1499171137088151669+e30acd3a/model.neff
2026-09-09 09:20:44.000824:  152937  [INFO]: Using a cached neff at /home/ubuntu/neuron_cache_e2e/neuronxcc-2.23.6484.0+3b612583/MODULE_1499171137088151669+e30acd3a/model.neff
2026-09-09 09:20:44.000824:  152925  [INFO]: Using a cached neff at /home/ubuntu/neuron_cache_e2e/neuronxcc-2.23.6484.0+3b612583/MODULE_1499171137088151669+e30acd3a/model.neff
2026-09-09 09:20:44.000825:  152951  [INFO]: Using a cached neff at /home/ubuntu/neuron_cache_e2e/neuronxcc-2.23.6484.0+3b612583/MODULE_1499171137088151669+e30acd3a/model.neff
2026-09-09 09:20:44.000825:  152949  [INFO]: Using a cached neff at /home/ubuntu/neuron_cache_e2e/neuronxcc-2.23.6484.0+3b612583/MODULE_1499171137088151669+e30acd3a/model.neff
2026-09-09 09:20:44.000826:  152931  [INFO]: Using a cached neff at /home/ubuntu/neuron_cache_e2e/neuronxcc-2.23.6484.0+3b612583/MODULE_1499171137088151669+e30acd3a/model.neff
2026-09-09 09:20:44.000827:  152943  [INFO]: Using a cached neff at /home/ubuntu/neuron_cache_e2e/neuronxcc-2.23.6484.0+3b612583/MODULE_1499171137088151669+e30acd3a/model.neff
2026-09-09 09:20:44.000828:  152939  [INFO]: Using a cached neff at /home/ubuntu/neuron_cache_e2e/neuronxcc-2.23.6484.0+3b612583/MODULE_1499171137088151669+e30acd3a/model.neff
2026-09-09 09:20:44.000828:  152934  [INFO]: Using a cached neff at /home/ubuntu/neuron_cache_e2e/neuronxcc-2.23.6484.0+3b612583/MODULE_1499171137088151669+e30acd3a/model.neff
2026-09-09 09:20:44.000829:  152933  [INFO]: Using a cached neff at /home/ubuntu/neuron_cache_e2e/neuronxcc-2.23.6484.0+3b612583/MODULE_1499171137088151669+e30acd3a/model.neff
2026-09-09 09:20:44.000829:  152932  [INFO]: Using a cached neff at /home/ubuntu/neuron_cache_e2e/neuronxcc-2.23.6484.0+3b612583/MODULE_1499171137088151669+e30acd3a/model.neff
2026-09-09 09:20:44.000830:  152935  [INFO]: Using a cached neff at /home/ubuntu/neuron_cache_e2e/neuronxcc-2.23.6484.0+3b612583/MODULE_1499171137088151669+e30acd3a/model.neff
2026-09-09 09:20:44.000831:  152942  [INFO]: Using a cached neff at /home/ubuntu/neuron_cache_e2e/neuronxcc-2.23.6484.0+3b612583/MODULE_1499171137088151669+e30acd3a/model.neff
2026-09-09 09:20:44.000831:  152929  [INFO]: Using a cached neff at /home/ubuntu/neuron_cache_e2e/neuronxcc-2.23.6484.0+3b612583/MODULE_1499171137088151669+e30acd3a/model.neff
2026-09-09 09:20:44.000834:  152922  [INFO]: Using a cached neff at /home/ubuntu/neuron_cache_e2e/neuronxcc-2.23.6484.0+3b612583/MODULE_1499171137088151669+e30acd3a/model.neff
2026-09-09 09:20:44.000872:  152941  [INFO]: Using a cached neff at /home/ubuntu/neuron_cache_e2e/neuronxcc-2.23.6484.0+3b612583/MODULE_17648644002933114688+e30acd3a/model.neff
2026-09-09 09:20:44.000873:  152945  [INFO]: Using a cached neff at /home/ubuntu/neuron_cache_e2e/neuronxcc-2.23.6484.0+3b612583/MODULE_17648644002933114688+e30acd3a/model.neff
2026-09-09 09:20:44.000874:  152928  [INFO]: Using a cached neff at /home/ubuntu/neuron_cache_e2e/neuronxcc-2.23.6484.0+3b612583/MODULE_17648644002933114688+e30acd3a/model.neff
2026-09-09 09:20:44.000875:  152940  [INFO]: Using a cached neff at /home/ubuntu/neuron_cache_e2e/neuronxcc-2.23.6484.0+3b612583/MODULE_17648644002933114688+e30acd3a/model.neff
2026-09-09 09:20:44.000877:  152936  [INFO]: Using a cached neff at /home/ubuntu/neuron_cache_e2e/neuronxcc-2.23.6484.0+3b612583/MODULE_17648644002933114688+e30acd3a/model.neff
2026-09-09 09:20:44.000878:  152927  [INFO]: Using a cached neff at /home/ubuntu/neuron_cache_e2e/neuronxcc-2.23.6484.0+3b612583/MODULE_17648644002933114688+e30acd3a/model.neff
2026-09-09 09:20:44.000880:  152944  [INFO]: Using a cached neff at /home/ubuntu/neuron_cache_e2e/neuronxcc-2.23.6484.0+3b612583/MODULE_17648644002933114688+e30acd3a/model.neff
2026-09-09 09:20:44.000882:  152924  [INFO]: Using a cached neff at /home/ubuntu/neuron_cache_e2e/neuronxcc-2.23.6484.0+3b612583/MODULE_17648644002933114688+e30acd3a/model.neff
2026-09-09 09:20:44.000882:  152952  [INFO]: Using a cached neff at /home/ubuntu/neuron_cache_e2e/neuronxcc-2.23.6484.0+3b612583/MODULE_17648644002933114688+e30acd3a/model.neff
2026-09-09 09:20:44.000883:  152923  [INFO]: Using a cached neff at /home/ubuntu/neuron_cache_e2e/neuronxcc-2.23.6484.0+3b612583/MODULE_17648644002933114688+e30acd3a/model.neff
2026-09-09 09:20:44.000884:  152938  [INFO]: Using a cached neff at /home/ubuntu/neuron_cache_e2e/neuronxcc-2.23.6484.0+3b612583/MODULE_17648644002933114688+e30acd3a/model.neff
2026-09-09 09:20:44.000884:  152926  [INFO]: Using a cached neff at /home/ubuntu/neuron_cache_e2e/neuronxcc-2.23.6484.0+3b612583/MODULE_17648644002933114688+e30acd3a/model.neff
2026-09-09 09:20:44.000887:  152948  [INFO]: Using a cached neff at /home/ubuntu/neuron_cache_e2e/neuronxcc-2.23.6484.0+3b612583/MODULE_17648644002933114688+e30acd3a/model.neff
2026-09-09 09:20:44.000889:  152947  [INFO]: Using a cached neff at /home/ubuntu/neuron_cache_e2e/neuronxcc-2.23.6484.0+3b612583/MODULE_17648644002933114688+e30acd3a/model.neff
2026-09-09 09:20:44.000890:  152930  [INFO]: Using a cached neff at /home/ubuntu/neuron_cache_e2e/neuronxcc-2.23.6484.0+3b612583/MODULE_17648644002933114688+e30acd3a/model.neff
2026-09-09 09:20:44.000890:  152925  [INFO]: Using a cached neff at /home/ubuntu/neuron_cache_e2e/neuronxcc-2.23.6484.0+3b612583/MODULE_17648644002933114688+e30acd3a/model.neff
2026-09-09 09:20:44.000892:  152943  [INFO]: Using a cached neff at /home/ubuntu/neuron_cache_e2e/neuronxcc-2.23.6484.0+3b612583/MODULE_17648644002933114688+e30acd3a/model.neff
2026-09-09 09:20:44.000892:  152937  [INFO]: Using a cached neff at /home/ubuntu/neuron_cache_e2e/neuronxcc-2.23.6484.0+3b612583/MODULE_17648644002933114688+e30acd3a/model.neff
2026-09-09 09:20:44.000895:  152921  [INFO]: Using a cached neff at /home/ubuntu/neuron_cache_e2e/neuronxcc-2.23.6484.0+3b612583/MODULE_17648644002933114688+e30acd3a/model.neff
2026-09-09 09:20:44.000895:  152933  [INFO]: Using a cached neff at /home/ubuntu/neuron_cache_e2e/neuronxcc-2.23.6484.0+3b612583/MODULE_17648644002933114688+e30acd3a/model.neff
2026-09-09 09:20:44.000898:  152951  [INFO]: Using a cached neff at /home/ubuntu/neuron_cache_e2e/neuronxcc-2.23.6484.0+3b612583/MODULE_17648644002933114688+e30acd3a/model.neff
2026-09-09 09:20:44.000898:  152931  [INFO]: Using a cached neff at /home/ubuntu/neuron_cache_e2e/neuronxcc-2.23.6484.0+3b612583/MODULE_17648644002933114688+e30acd3a/model.neff
2026-09-09 09:20:44.000899:  152949  [INFO]: Using a cached neff at /home/ubuntu/neuron_cache_e2e/neuronxcc-2.23.6484.0+3b612583/MODULE_17648644002933114688+e30acd3a/model.neff
2026-09-09 09:20:44.000903:  152935  [INFO]: Using a cached neff at /home/ubuntu/neuron_cache_e2e/neuronxcc-2.23.6484.0+3b612583/MODULE_17648644002933114688+e30acd3a/model.neff
2026-09-09 09:20:44.000905:  152942  [INFO]: Using a cached neff at /home/ubuntu/neuron_cache_e2e/neuronxcc-2.23.6484.0+3b612583/MODULE_17648644002933114688+e30acd3a/model.neff
2026-09-09 09:20:44.000906:  152934  [INFO]: Using a cached neff at /home/ubuntu/neuron_cache_e2e/neuronxcc-2.23.6484.0+3b612583/MODULE_17648644002933114688+e30acd3a/model.neff
2026-09-09 09:20:44.000910:  152929  [INFO]: Using a cached neff at /home/ubuntu/neuron_cache_e2e/neuronxcc-2.23.6484.0+3b612583/MODULE_17648644002933114688+e30acd3a/model.neff
2026-09-09 09:20:44.000912:  152932  [INFO]: Using a cached neff at /home/ubuntu/neuron_cache_e2e/neuronxcc-2.23.6484.0+3b612583/MODULE_17648644002933114688+e30acd3a/model.neff
2026-09-09 09:20:44.000913:  152922  [INFO]: Using a cached neff at /home/ubuntu/neuron_cache_e2e/neuronxcc-2.23.6484.0+3b612583/MODULE_17648644002933114688+e30acd3a/model.neff
2026-09-09 09:20:44.000916:  152939  [INFO]: Using a cached neff at /home/ubuntu/neuron_cache_e2e/neuronxcc-2.23.6484.0+3b612583/MODULE_17648644002933114688+e30acd3a/model.neff
2026-09-09 09:20:44.000916:  152946  [INFO]: Using a cached neff at /home/ubuntu/neuron_cache_e2e/neuronxcc-2.23.6484.0+3b612583/MODULE_17648644002933114688+e30acd3a/model.neff
2026-09-09 09:20:44.000917:  152950  [INFO]: Using a cached neff at /home/ubuntu/neuron_cache_e2e/neuronxcc-2.23.6484.0+3b612583/MODULE_17648644002933114688+e30acd3a/model.neff
2026-09-09 09:20:45.000197:  152946  [INFO]: Using a cached neff at /home/ubuntu/neuron_cache_e2e/neuronxcc-2.23.6484.0+3b612583/MODULE_18195731349635810011+e30acd3a/model.neff
2026-09-09 09:20:45.000198:  152928  [INFO]: Using a cached neff at /home/ubuntu/neuron_cache_e2e/neuronxcc-2.23.6484.0+3b612583/MODULE_18195731349635810011+e30acd3a/model.neff
2026-09-09 09:20:45.000199:  152935  [INFO]: Using a cached neff at /home/ubuntu/neuron_cache_e2e/neuronxcc-2.23.6484.0+3b612583/MODULE_18195731349635810011+e30acd3a/model.neff
2026-09-09 09:20:45.000200:  152949  [INFO]: Using a cached neff at /home/ubuntu/neuron_cache_e2e/neuronxcc-2.23.6484.0+3b612583/MODULE_18195731349635810011+e30acd3a/model.neff
2026-09-09 09:20:45.000201:  152936  [INFO]: Using a cached neff at /home/ubuntu/neuron_cache_e2e/neuronxcc-2.23.6484.0+3b612583/MODULE_18195731349635810011+e30acd3a/model.neff
2026-09-09 09:20:45.000201:  152947  [INFO]: Using a cached neff at /home/ubuntu/neuron_cache_e2e/neuronxcc-2.23.6484.0+3b612583/MODULE_18195731349635810011+e30acd3a/model.neff
2026-09-09 09:20:45.000201:  152940  [INFO]: Using a cached neff at /home/ubuntu/neuron_cache_e2e/neuronxcc-2.23.6484.0+3b612583/MODULE_18195731349635810011+e30acd3a/model.neff
2026-09-09 09:20:45.000203:  152930  [INFO]: Using a cached neff at /home/ubuntu/neuron_cache_e2e/neuronxcc-2.23.6484.0+3b612583/MODULE_18195731349635810011+e30acd3a/model.neff
2026-09-09 09:20:45.000203:  152950  [INFO]: Using a cached neff at /home/ubuntu/neuron_cache_e2e/neuronxcc-2.23.6484.0+3b612583/MODULE_18195731349635810011+e30acd3a/model.neff
2026-09-09 09:20:45.000203:  152923  [INFO]: Using a cached neff at /home/ubuntu/neuron_cache_e2e/neuronxcc-2.23.6484.0+3b612583/MODULE_18195731349635810011+e30acd3a/model.neff
2026-09-09 09:20:45.000204:  152924  [INFO]: Using a cached neff at /home/ubuntu/neuron_cache_e2e/neuronxcc-2.23.6484.0+3b612583/MODULE_18195731349635810011+e30acd3a/model.neff
2026-09-09 09:20:45.000205:  152943  [INFO]: Using a cached neff at /home/ubuntu/neuron_cache_e2e/neuronxcc-2.23.6484.0+3b612583/MODULE_18195731349635810011+e30acd3a/model.neff
2026-09-09 09:20:45.000205:  152927  [INFO]: Using a cached neff at /home/ubuntu/neuron_cache_e2e/neuronxcc-2.23.6484.0+3b612583/MODULE_18195731349635810011+e30acd3a/model.neff
2026-09-09 09:20:45.000205:  152934  [INFO]: Using a cached neff at /home/ubuntu/neuron_cache_e2e/neuronxcc-2.23.6484.0+3b612583/MODULE_18195731349635810011+e30acd3a/model.neff
2026-09-09 09:20:45.000207:  152952  [INFO]: Using a cached neff at /home/ubuntu/neuron_cache_e2e/neuronxcc-2.23.6484.0+3b612583/MODULE_18195731349635810011+e30acd3a/model.neff
2026-09-09 09:20:45.000207:  152929  [INFO]: Using a cached neff at /home/ubuntu/neuron_cache_e2e/neuronxcc-2.23.6484.0+3b612583/MODULE_18195731349635810011+e30acd3a/model.neff
2026-09-09 09:20:45.000207:  152931  [INFO]: Using a cached neff at /home/ubuntu/neuron_cache_e2e/neuronxcc-2.23.6484.0+3b612583/MODULE_18195731349635810011+e30acd3a/model.neff
2026-09-09 09:20:45.000208:  152921  [INFO]: Using a cached neff at /home/ubuntu/neuron_cache_e2e/neuronxcc-2.23.6484.0+3b612583/MODULE_18195731349635810011+e30acd3a/model.neff
2026-09-09 09:20:45.000209:  152939  [INFO]: Using a cached neff at /home/ubuntu/neuron_cache_e2e/neuronxcc-2.23.6484.0+3b612583/MODULE_18195731349635810011+e30acd3a/model.neff
2026-09-09 09:20:45.000209:  152933  [INFO]: Using a cached neff at /home/ubuntu/neuron_cache_e2e/neuronxcc-2.23.6484.0+3b612583/MODULE_18195731349635810011+e30acd3a/model.neff
2026-09-09 09:20:45.000209:  152928  [INFO]: Using a cached neff at /home/ubuntu/neuron_cache_e2e/neuronxcc-2.23.6484.0+3b612583/MODULE_8612601412218940330+e30acd3a/model.neff
2026-09-09 09:20:45.000209:  152951  [INFO]: Using a cached neff at /home/ubuntu/neuron_cache_e2e/neuronxcc-2.23.6484.0+3b612583/MODULE_18195731349635810011+e30acd3a/model.neff
2026-09-09 09:20:45.000211:  152945  [INFO]: Using a cached neff at /home/ubuntu/neuron_cache_e2e/neuronxcc-2.23.6484.0+3b612583/MODULE_18195731349635810011+e30acd3a/model.neff
2026-09-09 09:20:45.000211:  152925  [INFO]: Using a cached neff at /home/ubuntu/neuron_cache_e2e/neuronxcc-2.23.6484.0+3b612583/MODULE_18195731349635810011+e30acd3a/model.neff
2026-09-09 09:20:45.000211:  152938  [INFO]: Using a cached neff at /home/ubuntu/neuron_cache_e2e/neuronxcc-2.23.6484.0+3b612583/MODULE_18195731349635810011+e30acd3a/model.neff
2026-09-09 09:20:45.000211:  152935  [INFO]: Using a cached neff at /home/ubuntu/neuron_cache_e2e/neuronxcc-2.23.6484.0+3b612583/MODULE_8612601412218940330+e30acd3a/model.neff
2026-09-09 09:20:45.000212:  152926  [INFO]: Using a cached neff at /home/ubuntu/neuron_cache_e2e/neuronxcc-2.23.6484.0+3b612583/MODULE_18195731349635810011+e30acd3a/model.neff
2026-09-09 09:20:45.000212:  152942  [INFO]: Using a cached neff at /home/ubuntu/neuron_cache_e2e/neuronxcc-2.23.6484.0+3b612583/MODULE_18195731349635810011+e30acd3a/model.neff
2026-09-09 09:20:45.000212:  152949  [INFO]: Using a cached neff at /home/ubuntu/neuron_cache_e2e/neuronxcc-2.23.6484.0+3b612583/MODULE_8612601412218940330+e30acd3a/model.neff
2026-09-09 09:20:45.000212:  152941  [INFO]: Using a cached neff at /home/ubuntu/neuron_cache_e2e/neuronxcc-2.23.6484.0+3b612583/MODULE_18195731349635810011+e30acd3a/model.neff
2026-09-09 09:20:45.000212:  152932  [INFO]: Using a cached neff at /home/ubuntu/neuron_cache_e2e/neuronxcc-2.23.6484.0+3b612583/MODULE_18195731349635810011+e30acd3a/model.neff
2026-09-09 09:20:45.000213:  152946  [INFO]: Using a cached neff at /home/ubuntu/neuron_cache_e2e/neuronxcc-2.23.6484.0+3b612583/MODULE_8612601412218940330+e30acd3a/model.neff
2026-09-09 09:20:45.000213:  152936  [INFO]: Using a cached neff at /home/ubuntu/neuron_cache_e2e/neuronxcc-2.23.6484.0+3b612583/MODULE_8612601412218940330+e30acd3a/model.neff
2026-09-09 09:20:45.000213:  152937  [INFO]: Using a cached neff at /home/ubuntu/neuron_cache_e2e/neuronxcc-2.23.6484.0+3b612583/MODULE_18195731349635810011+e30acd3a/model.neff
2026-09-09 09:20:45.000213:  152944  [INFO]: Using a cached neff at /home/ubuntu/neuron_cache_e2e/neuronxcc-2.23.6484.0+3b612583/MODULE_18195731349635810011+e30acd3a/model.neff
2026-09-09 09:20:45.000214:  152947  [INFO]: Using a cached neff at /home/ubuntu/neuron_cache_e2e/neuronxcc-2.23.6484.0+3b612583/MODULE_8612601412218940330+e30acd3a/model.neff
2026-09-09 09:20:45.000214:  152922  [INFO]: Using a cached neff at /home/ubuntu/neuron_cache_e2e/neuronxcc-2.23.6484.0+3b612583/MODULE_18195731349635810011+e30acd3a/model.neff
2026-09-09 09:20:45.000214:  152948  [INFO]: Using a cached neff at /home/ubuntu/neuron_cache_e2e/neuronxcc-2.23.6484.0+3b612583/MODULE_18195731349635810011+e30acd3a/model.neff
2026-09-09 09:20:45.000216:  152930  [INFO]: Using a cached neff at /home/ubuntu/neuron_cache_e2e/neuronxcc-2.23.6484.0+3b612583/MODULE_8612601412218940330+e30acd3a/model.neff
2026-09-09 09:20:45.000218:  152940  [INFO]: Using a cached neff at /home/ubuntu/neuron_cache_e2e/neuronxcc-2.23.6484.0+3b612583/MODULE_8612601412218940330+e30acd3a/model.neff
2026-09-09 09:20:45.000219:  152923  [INFO]: Using a cached neff at /home/ubuntu/neuron_cache_e2e/neuronxcc-2.23.6484.0+3b612583/MODULE_8612601412218940330+e30acd3a/model.neff
2026-09-09 09:20:45.000219:  152950  [INFO]: Using a cached neff at /home/ubuntu/neuron_cache_e2e/neuronxcc-2.23.6484.0+3b612583/MODULE_8612601412218940330+e30acd3a/model.neff
2026-09-09 09:20:45.000220:  152943  [INFO]: Using a cached neff at /home/ubuntu/neuron_cache_e2e/neuronxcc-2.23.6484.0+3b612583/MODULE_8612601412218940330+e30acd3a/model.neff
2026-09-09 09:20:45.000220:  152927  [INFO]: Using a cached neff at /home/ubuntu/neuron_cache_e2e/neuronxcc-2.23.6484.0+3b612583/MODULE_8612601412218940330+e30acd3a/model.neff
2026-09-09 09:20:45.000220:  152934  [INFO]: Using a cached neff at /home/ubuntu/neuron_cache_e2e/neuronxcc-2.23.6484.0+3b612583/MODULE_8612601412218940330+e30acd3a/model.neff
2026-09-09 09:20:45.000221:  152924  [INFO]: Using a cached neff at /home/ubuntu/neuron_cache_e2e/neuronxcc-2.23.6484.0+3b612583/MODULE_8612601412218940330+e30acd3a/model.neff
2026-09-09 09:20:45.000222:  152929  [INFO]: Using a cached neff at /home/ubuntu/neuron_cache_e2e/neuronxcc-2.23.6484.0+3b612583/MODULE_8612601412218940330+e30acd3a/model.neff
2026-09-09 09:20:45.000223:  152931  [INFO]: Using a cached neff at /home/ubuntu/neuron_cache_e2e/neuronxcc-2.23.6484.0+3b612583/MODULE_8612601412218940330+e30acd3a/model.neff
2026-09-09 09:20:45.000224:  152933  [INFO]: Using a cached neff at /home/ubuntu/neuron_cache_e2e/neuronxcc-2.23.6484.0+3b612583/MODULE_8612601412218940330+e30acd3a/model.neff
2026-09-09 09:20:45.000225:  152921  [INFO]: Using a cached neff at /home/ubuntu/neuron_cache_e2e/neuronxcc-2.23.6484.0+3b612583/MODULE_8612601412218940330+e30acd3a/model.neff
2026-09-09 09:20:45.000226:  152951  [INFO]: Using a cached neff at /home/ubuntu/neuron_cache_e2e/neuronxcc-2.23.6484.0+3b612583/MODULE_8612601412218940330+e30acd3a/model.neff
2026-09-09 09:20:45.000227:  152925  [INFO]: Using a cached neff at /home/ubuntu/neuron_cache_e2e/neuronxcc-2.23.6484.0+3b612583/MODULE_8612601412218940330+e30acd3a/model.neff
2026-09-09 09:20:45.000227:  152952  [INFO]: Using a cached neff at /home/ubuntu/neuron_cache_e2e/neuronxcc-2.23.6484.0+3b612583/MODULE_8612601412218940330+e30acd3a/model.neff
2026-09-09 09:20:45.000228:  152939  [INFO]: Using a cached neff at /home/ubuntu/neuron_cache_e2e/neuronxcc-2.23.6484.0+3b612583/MODULE_8612601412218940330+e30acd3a/model.neff
2026-09-09 09:20:45.000228:  152938  [INFO]: Using a cached neff at /home/ubuntu/neuron_cache_e2e/neuronxcc-2.23.6484.0+3b612583/MODULE_8612601412218940330+e30acd3a/model.neff
2026-09-09 09:20:45.000228:  152926  [INFO]: Using a cached neff at /home/ubuntu/neuron_cache_e2e/neuronxcc-2.23.6484.0+3b612583/MODULE_8612601412218940330+e30acd3a/model.neff
2026-09-09 09:20:45.000229:  152937  [INFO]: Using a cached neff at /home/ubuntu/neuron_cache_e2e/neuronxcc-2.23.6484.0+3b612583/MODULE_8612601412218940330+e30acd3a/model.neff
2026-09-09 09:20:45.000231:  152948  [INFO]: Using a cached neff at /home/ubuntu/neuron_cache_e2e/neuronxcc-2.23.6484.0+3b612583/MODULE_8612601412218940330+e30acd3a/model.neff
2026-09-09 09:20:45.000231:  152941  [INFO]: Using a cached neff at /home/ubuntu/neuron_cache_e2e/neuronxcc-2.23.6484.0+3b612583/MODULE_8612601412218940330+e30acd3a/model.neff
2026-09-09 09:20:45.000232:  152945  [INFO]: Using a cached neff at /home/ubuntu/neuron_cache_e2e/neuronxcc-2.23.6484.0+3b612583/MODULE_8612601412218940330+e30acd3a/model.neff
2026-09-09 09:20:45.000232:  152944  [INFO]: Using a cached neff at /home/ubuntu/neuron_cache_e2e/neuronxcc-2.23.6484.0+3b612583/MODULE_8612601412218940330+e30acd3a/model.neff
2026-09-09 09:20:45.000233:  152922  [INFO]: Using a cached neff at /home/ubuntu/neuron_cache_e2e/neuronxcc-2.23.6484.0+3b612583/MODULE_8612601412218940330+e30acd3a/model.neff
2026-09-09 09:20:45.000233:  152932  [INFO]: Using a cached neff at /home/ubuntu/neuron_cache_e2e/neuronxcc-2.23.6484.0+3b612583/MODULE_8612601412218940330+e30acd3a/model.neff
2026-09-09 09:20:45.000234:  152942  [INFO]: Using a cached neff at /home/ubuntu/neuron_cache_e2e/neuronxcc-2.23.6484.0+3b612583/MODULE_8612601412218940330+e30acd3a/model.neff
/home/ubuntu/train_llama10b_tp_families.py:490: DeprecationWarning: Use torch_xla.sync instead
  xm.mark_step()
/home/ubuntu/train_llama10b_tp_families.py:490: DeprecationWarning: Use torch_xla.sync instead
  xm.mark_step()
/home/ubuntu/train_llama10b_tp_families.py:490: DeprecationWarning: Use torch_xla.sync instead
  xm.mark_step()
/home/ubuntu/train_llama10b_tp_families.py:490: DeprecationWarning: Use torch_xla.sync instead
  xm.mark_step()
/home/ubuntu/train_llama10b_tp_families.py:490: DeprecationWarning: Use torch_xla.sync instead
  xm.mark_step()
/home/ubuntu/train_llama10b_tp_families.py:490: DeprecationWarning: Use torch_xla.sync instead
  xm.mark_step()
/home/ubuntu/train_llama10b_tp_families.py:490: DeprecationWarning: Use torch_xla.sync instead
  xm.mark_step()
/home/ubuntu/train_llama10b_tp_families.py:490: DeprecationWarning: Use torch_xla.sync instead
  xm.mark_step()
/home/ubuntu/train_llama10b_tp_families.py:490: DeprecationWarning: Use torch_xla.sync instead
  xm.mark_step()
/home/ubuntu/train_llama10b_tp_families.py:490: DeprecationWarning: Use torch_xla.sync instead
  xm.mark_step()
/home/ubuntu/train_llama10b_tp_families.py:490: DeprecationWarning: Use torch_xla.sync instead
  xm.mark_step()
/home/ubuntu/train_llama10b_tp_families.py:490: DeprecationWarning: Use torch_xla.sync instead
  xm.mark_step()
/home/ubuntu/train_llama10b_tp_families.py:490: DeprecationWarning: Use torch_xla.sync instead
  xm.mark_step()
/home/ubuntu/train_llama10b_tp_families.py:490: DeprecationWarning: Use torch_xla.sync instead
  xm.mark_step()
/home/ubuntu/train_llama10b_tp_families.py:490: DeprecationWarning: Use torch_xla.sync instead
  xm.mark_step()
/home/ubuntu/train_llama10b_tp_families.py:490: DeprecationWarning: Use torch_xla.sync instead
  xm.mark_step()
/home/ubuntu/train_llama10b_tp_families.py:490: DeprecationWarning: Use torch_xla.sync instead
  xm.mark_step()
/home/ubuntu/train_llama10b_tp_families.py:490: DeprecationWarning: Use torch_xla.sync instead
  xm.mark_step()
/home/ubuntu/train_llama10b_tp_families.py:490: DeprecationWarning: Use torch_xla.sync instead
  xm.mark_step()
/home/ubuntu/train_llama10b_tp_families.py:490: DeprecationWarning: Use torch_xla.sync instead
  xm.mark_step()
/home/ubuntu/train_llama10b_tp_families.py:490: DeprecationWarning: Use torch_xla.sync instead
  xm.mark_step()
/home/ubuntu/train_llama10b_tp_families.py:490: DeprecationWarning: Use torch_xla.sync instead
  xm.mark_step()
/home/ubuntu/train_llama10b_tp_families.py:490: DeprecationWarning: Use torch_xla.sync instead
  xm.mark_step()
/home/ubuntu/train_llama10b_tp_families.py:490: DeprecationWarning: Use torch_xla.sync instead
  xm.mark_step()
/home/ubuntu/train_llama10b_tp_families.py:490: DeprecationWarning: Use torch_xla.sync instead
  xm.mark_step()
/home/ubuntu/train_llama10b_tp_families.py:490: DeprecationWarning: Use torch_xla.sync instead
  xm.mark_step()
/home/ubuntu/train_llama10b_tp_families.py:490: DeprecationWarning: Use torch_xla.sync instead
  xm.mark_step()
/home/ubuntu/train_llama10b_tp_families.py:490: DeprecationWarning: Use torch_xla.sync instead
  xm.mark_step()
/home/ubuntu/train_llama10b_tp_families.py:490: DeprecationWarning: Use torch_xla.sync instead
  xm.mark_step()
/home/ubuntu/train_llama10b_tp_families.py:490: DeprecationWarning: Use torch_xla.sync instead
  xm.mark_step()
/home/ubuntu/train_llama10b_tp_families.py:490: DeprecationWarning: Use torch_xla.sync instead
  xm.mark_step()
/home/ubuntu/train_llama10b_tp_families.py:490: DeprecationWarning: Use torch_xla.sync instead
  xm.mark_step()
2026-09-09 09:20:50.000366:  152934  [INFO]: Using a cached neff at /home/ubuntu/neuron_cache_e2e/neuronxcc-2.23.6484.0+3b612583/MODULE_8732584952886592803+e30acd3a/model.neff
2026-09-09 09:20:50.000366:  152945  [INFO]: Using a cached neff at /home/ubuntu/neuron_cache_e2e/neuronxcc-2.23.6484.0+3b612583/MODULE_8732584952886592803+e30acd3a/model.neff
2026-09-09 09:20:50.000366:  152929  [INFO]: Using a cached neff at /home/ubuntu/neuron_cache_e2e/neuronxcc-2.23.6484.0+3b612583/MODULE_8732584952886592803+e30acd3a/model.neff
2026-09-09 09:20:50.000366:  152925  [INFO]: Using a cached neff at /home/ubuntu/neuron_cache_e2e/neuronxcc-2.23.6484.0+3b612583/MODULE_8732584952886592803+e30acd3a/model.neff
2026-09-09 09:20:50.000367:  152951  [INFO]: Using a cached neff at /home/ubuntu/neuron_cache_e2e/neuronxcc-2.23.6484.0+3b612583/MODULE_8732584952886592803+e30acd3a/model.neff
2026-09-09 09:20:50.000368:  152937  [INFO]: Using a cached neff at /home/ubuntu/neuron_cache_e2e/neuronxcc-2.23.6484.0+3b612583/MODULE_8732584952886592803+e30acd3a/model.neff
2026-09-09 09:20:50.000368:  152944  [INFO]: Using a cached neff at /home/ubuntu/neuron_cache_e2e/neuronxcc-2.23.6484.0+3b612583/MODULE_8732584952886592803+e30acd3a/model.neff
2026-09-09 09:20:50.000369:  152921  [INFO]: Using a cached neff at /home/ubuntu/neuron_cache_e2e/neuronxcc-2.23.6484.0+3b612583/MODULE_8732584952886592803+e30acd3a/model.neff
2026-09-09 09:20:50.000372:  152930  [INFO]: Using a cached neff at /home/ubuntu/neuron_cache_e2e/neuronxcc-2.23.6484.0+3b612583/MODULE_8732584952886592803+e30acd3a/model.neff
2026-09-09 09:20:50.000372:  152946  [INFO]: Using a cached neff at /home/ubuntu/neuron_cache_e2e/neuronxcc-2.23.6484.0+3b612583/MODULE_8732584952886592803+e30acd3a/model.neff
2026-09-09 09:20:50.000372:  152924  [INFO]: Using a cached neff at /home/ubuntu/neuron_cache_e2e/neuronxcc-2.23.6484.0+3b612583/MODULE_8732584952886592803+e30acd3a/model.neff
2026-09-09 09:20:50.000372:  152927  [INFO]: Using a cached neff at /home/ubuntu/neuron_cache_e2e/neuronxcc-2.23.6484.0+3b612583/MODULE_8732584952886592803+e30acd3a/model.neff
2026-09-09 09:20:50.000373:  152922  [INFO]: Using a cached neff at /home/ubuntu/neuron_cache_e2e/neuronxcc-2.23.6484.0+3b612583/MODULE_8732584952886592803+e30acd3a/model.neff
2026-09-09 09:20:50.000373:  152936  [INFO]: Using a cached neff at /home/ubuntu/neuron_cache_e2e/neuronxcc-2.23.6484.0+3b612583/MODULE_8732584952886592803+e30acd3a/model.neff
2026-09-09 09:20:50.000374:  152952  [INFO]: Using a cached neff at /home/ubuntu/neuron_cache_e2e/neuronxcc-2.23.6484.0+3b612583/MODULE_8732584952886592803+e30acd3a/model.neff
2026-09-09 09:20:50.000375:  152940  [INFO]: Using a cached neff at /home/ubuntu/neuron_cache_e2e/neuronxcc-2.23.6484.0+3b612583/MODULE_8732584952886592803+e30acd3a/model.neff
2026-09-09 09:20:50.000375:  152942  [INFO]: Using a cached neff at /home/ubuntu/neuron_cache_e2e/neuronxcc-2.23.6484.0+3b612583/MODULE_8732584952886592803+e30acd3a/model.neff
2026-09-09 09:20:50.000376:  152928  [INFO]: Using a cached neff at /home/ubuntu/neuron_cache_e2e/neuronxcc-2.23.6484.0+3b612583/MODULE_8732584952886592803+e30acd3a/model.neff
2026-09-09 09:20:50.000376:  152947  [INFO]: Using a cached neff at /home/ubuntu/neuron_cache_e2e/neuronxcc-2.23.6484.0+3b612583/MODULE_8732584952886592803+e30acd3a/model.neff
2026-09-09 09:20:50.000377:  152931  [INFO]: Using a cached neff at /home/ubuntu/neuron_cache_e2e/neuronxcc-2.23.6484.0+3b612583/MODULE_8732584952886592803+e30acd3a/model.neff
2026-09-09 09:20:50.000378:  152948  [INFO]: Using a cached neff at /home/ubuntu/neuron_cache_e2e/neuronxcc-2.23.6484.0+3b612583/MODULE_8732584952886592803+e30acd3a/model.neff
/home/ubuntu/train_llama10b_tp_families.py:513: DeprecationWarning: Use torch_xla.sync instead
  xm.mark_step()   # slice sync graph: norms done
2026-09-09 09:20:50.000380:  152939  [INFO]: Using a cached neff at /home/ubuntu/neuron_cache_e2e/neuronxcc-2.23.6484.0+3b612583/MODULE_8732584952886592803+e30acd3a/model.neff
/home/ubuntu/train_llama10b_tp_families.py:513: DeprecationWarning: Use torch_xla.sync instead
  xm.mark_step()   # slice sync graph: norms done
/home/ubuntu/train_llama10b_tp_families.py:513: DeprecationWarning: Use torch_xla.sync instead
  xm.mark_step()   # slice sync graph: norms done
2026-09-09 09:20:50.000382:  152943  [INFO]: Using a cached neff at /home/ubuntu/neuron_cache_e2e/neuronxcc-2.23.6484.0+3b612583/MODULE_8732584952886592803+e30acd3a/model.neff
/home/ubuntu/train_llama10b_tp_families.py:513: DeprecationWarning: Use torch_xla.sync instead
  xm.mark_step()   # slice sync graph: norms done
/home/ubuntu/train_llama10b_tp_families.py:513: DeprecationWarning: Use torch_xla.sync instead
  xm.mark_step()   # slice sync graph: norms done
/home/ubuntu/train_llama10b_tp_families.py:513: DeprecationWarning: Use torch_xla.sync instead
  xm.mark_step()   # slice sync graph: norms done
2026-09-09 09:20:50.000384:  152933  [INFO]: Using a cached neff at /home/ubuntu/neuron_cache_e2e/neuronxcc-2.23.6484.0+3b612583/MODULE_8732584952886592803+e30acd3a/model.neff
/home/ubuntu/train_llama10b_tp_families.py:513: DeprecationWarning: Use torch_xla.sync instead
  xm.mark_step()   # slice sync graph: norms done
/home/ubuntu/train_llama10b_tp_families.py:513: DeprecationWarning: Use torch_xla.sync instead
  xm.mark_step()   # slice sync graph: norms done
2026-09-09 09:20:50.000386:  152935  [INFO]: Using a cached neff at /home/ubuntu/neuron_cache_e2e/neuronxcc-2.23.6484.0+3b612583/MODULE_8732584952886592803+e30acd3a/model.neff
2026-09-09 09:20:50.000386:  152938  [INFO]: Using a cached neff at /home/ubuntu/neuron_cache_e2e/neuronxcc-2.23.6484.0+3b612583/MODULE_8732584952886592803+e30acd3a/model.neff
2026-09-09 09:20:50.000386:  152932  [INFO]: Using a cached neff at /home/ubuntu/neuron_cache_e2e/neuronxcc-2.23.6484.0+3b612583/MODULE_8732584952886592803+e30acd3a/model.neff
/home/ubuntu/train_llama10b_tp_families.py:513: DeprecationWarning: Use torch_xla.sync instead
  xm.mark_step()   # slice sync graph: norms done
2026-09-09 09:20:50.000387:  152923  [INFO]: Using a cached neff at /home/ubuntu/neuron_cache_e2e/neuronxcc-2.23.6484.0+3b612583/MODULE_8732584952886592803+e30acd3a/model.neff
/home/ubuntu/train_llama10b_tp_families.py:513: DeprecationWarning: Use torch_xla.sync instead
  xm.mark_step()   # slice sync graph: norms done
2026-09-09 09:20:50.000387:  152926  [INFO]: Using a cached neff at /home/ubuntu/neuron_cache_e2e/neuronxcc-2.23.6484.0+3b612583/MODULE_8732584952886592803+e30acd3a/model.neff
2026-09-09 09:20:50.000388:  152950  [INFO]: Using a cached neff at /home/ubuntu/neuron_cache_e2e/neuronxcc-2.23.6484.0+3b612583/MODULE_8732584952886592803+e30acd3a/model.neff
2026-09-09 09:20:50.000388:  152941  [INFO]: Using a cached neff at /home/ubuntu/neuron_cache_e2e/neuronxcc-2.23.6484.0+3b612583/MODULE_8732584952886592803+e30acd3a/model.neff
/home/ubuntu/train_llama10b_tp_families.py:513: DeprecationWarning: Use torch_xla.sync instead
  xm.mark_step()   # slice sync graph: norms done
2026-09-09 09:20:50.000390:  152949  [INFO]: Using a cached neff at /home/ubuntu/neuron_cache_e2e/neuronxcc-2.23.6484.0+3b612583/MODULE_8732584952886592803+e30acd3a/model.neff
/home/ubuntu/train_llama10b_tp_families.py:513: DeprecationWarning: Use torch_xla.sync instead
  xm.mark_step()   # slice sync graph: norms done
/home/ubuntu/train_llama10b_tp_families.py:513: DeprecationWarning: Use torch_xla.sync instead
  xm.mark_step()   # slice sync graph: norms done
/home/ubuntu/train_llama10b_tp_families.py:513: DeprecationWarning: Use torch_xla.sync instead
  xm.mark_step()   # slice sync graph: norms done
/home/ubuntu/train_llama10b_tp_families.py:513: DeprecationWarning: Use torch_xla.sync instead
  xm.mark_step()   # slice sync graph: norms done
/home/ubuntu/train_llama10b_tp_families.py:513: DeprecationWarning: Use torch_xla.sync instead
  xm.mark_step()   # slice sync graph: norms done
/home/ubuntu/train_llama10b_tp_families.py:513: DeprecationWarning: Use torch_xla.sync instead
  xm.mark_step()   # slice sync graph: norms done
/home/ubuntu/train_llama10b_tp_families.py:513: DeprecationWarning: Use torch_xla.sync instead
  xm.mark_step()   # slice sync graph: norms done
/home/ubuntu/train_llama10b_tp_families.py:513: DeprecationWarning: Use torch_xla.sync instead
  xm.mark_step()   # slice sync graph: norms done
/home/ubuntu/train_llama10b_tp_families.py:513: DeprecationWarning: Use torch_xla.sync instead
  xm.mark_step()   # slice sync graph: norms done
/home/ubuntu/train_llama10b_tp_families.py:513: DeprecationWarning: Use torch_xla.sync instead
  xm.mark_step()   # slice sync graph: norms done
/home/ubuntu/train_llama10b_tp_families.py:513: DeprecationWarning: Use torch_xla.sync instead
  xm.mark_step()   # slice sync graph: norms done
/home/ubuntu/train_llama10b_tp_families.py:513: DeprecationWarning: Use torch_xla.sync instead
  xm.mark_step()   # slice sync graph: norms done
/home/ubuntu/train_llama10b_tp_families.py:513: DeprecationWarning: Use torch_xla.sync instead
  xm.mark_step()   # slice sync graph: norms done
/home/ubuntu/train_llama10b_tp_families.py:513: DeprecationWarning: Use torch_xla.sync instead
  xm.mark_step()   # slice sync graph: norms done
/home/ubuntu/train_llama10b_tp_families.py:513: DeprecationWarning: Use torch_xla.sync instead
  xm.mark_step()   # slice sync graph: norms done
/home/ubuntu/train_llama10b_tp_families.py:513: DeprecationWarning: Use torch_xla.sync instead
  xm.mark_step()   # slice sync graph: norms done
/home/ubuntu/train_llama10b_tp_families.py:513: DeprecationWarning: Use torch_xla.sync instead
  xm.mark_step()   # slice sync graph: norms done
/home/ubuntu/train_llama10b_tp_families.py:513: DeprecationWarning: Use torch_xla.sync instead
  xm.mark_step()   # slice sync graph: norms done
/home/ubuntu/train_llama10b_tp_families.py:513: DeprecationWarning: Use torch_xla.sync instead
  xm.mark_step()   # slice sync graph: norms done
/home/ubuntu/train_llama10b_tp_families.py:513: DeprecationWarning: Use torch_xla.sync instead
  xm.mark_step()   # slice sync graph: norms done
/home/ubuntu/train_llama10b_tp_families.py:513: DeprecationWarning: Use torch_xla.sync instead
  xm.mark_step()   # slice sync graph: norms done
2026-09-09 09:20:50.000439:  152934  [INFO]: Using a cached neff at /home/ubuntu/neuron_cache_e2e/neuronxcc-2.23.6484.0+3b612583/MODULE_3717679725840786226+e30acd3a/model.neff
2026-09-09 09:20:50.000442:  152945  [INFO]: Using a cached neff at /home/ubuntu/neuron_cache_e2e/neuronxcc-2.23.6484.0+3b612583/MODULE_3717679725840786226+e30acd3a/model.neff
2026-09-09 09:20:50.000442:  152937  [INFO]: Using a cached neff at /home/ubuntu/neuron_cache_e2e/neuronxcc-2.23.6484.0+3b612583/MODULE_3717679725840786226+e30acd3a/model.neff
2026-09-09 09:20:50.000444:  152929  [INFO]: Using a cached neff at /home/ubuntu/neuron_cache_e2e/neuronxcc-2.23.6484.0+3b612583/MODULE_3717679725840786226+e30acd3a/model.neff
2026-09-09 09:20:50.000446:  152921  [INFO]: Using a cached neff at /home/ubuntu/neuron_cache_e2e/neuronxcc-2.23.6484.0+3b612583/MODULE_3717679725840786226+e30acd3a/model.neff
2026-09-09 09:20:50.000447:  152944  [INFO]: Using a cached neff at /home/ubuntu/neuron_cache_e2e/neuronxcc-2.23.6484.0+3b612583/MODULE_3717679725840786226+e30acd3a/model.neff
2026-09-09 09:20:50.000449:  152951  [INFO]: Using a cached neff at /home/ubuntu/neuron_cache_e2e/neuronxcc-2.23.6484.0+3b612583/MODULE_3717679725840786226+e30acd3a/model.neff
2026-09-09 09:20:50.000450:  152927  [INFO]: Using a cached neff at /home/ubuntu/neuron_cache_e2e/neuronxcc-2.23.6484.0+3b612583/MODULE_3717679725840786226+e30acd3a/model.neff
2026-09-09 09:20:50.000451:  152930  [INFO]: Using a cached neff at /home/ubuntu/neuron_cache_e2e/neuronxcc-2.23.6484.0+3b612583/MODULE_3717679725840786226+e30acd3a/model.neff
2026-09-09 09:20:50.000452:  152924  [INFO]: Using a cached neff at /home/ubuntu/neuron_cache_e2e/neuronxcc-2.23.6484.0+3b612583/MODULE_3717679725840786226+e30acd3a/model.neff
2026-09-09 09:20:50.000453:  152942  [INFO]: Using a cached neff at /home/ubuntu/neuron_cache_e2e/neuronxcc-2.23.6484.0+3b612583/MODULE_3717679725840786226+e30acd3a/model.neff
2026-09-09 09:20:50.000458:  152952  [INFO]: Using a cached neff at /home/ubuntu/neuron_cache_e2e/neuronxcc-2.23.6484.0+3b612583/MODULE_3717679725840786226+e30acd3a/model.neff
2026-09-09 09:20:50.000459:  152940  [INFO]: Using a cached neff at /home/ubuntu/neuron_cache_e2e/neuronxcc-2.23.6484.0+3b612583/MODULE_3717679725840786226+e30acd3a/model.neff
2026-09-09 09:20:50.000461:  152946  [INFO]: Using a cached neff at /home/ubuntu/neuron_cache_e2e/neuronxcc-2.23.6484.0+3b612583/MODULE_3717679725840786226+e30acd3a/model.neff
2026-09-09 09:20:50.000461:  152931  [INFO]: Using a cached neff at /home/ubuntu/neuron_cache_e2e/neuronxcc-2.23.6484.0+3b612583/MODULE_3717679725840786226+e30acd3a/model.neff
2026-09-09 09:20:50.000466:  152948  [INFO]: Using a cached neff at /home/ubuntu/neuron_cache_e2e/neuronxcc-2.23.6484.0+3b612583/MODULE_3717679725840786226+e30acd3a/model.neff
2026-09-09 09:20:50.000466:  152936  [INFO]: Using a cached neff at /home/ubuntu/neuron_cache_e2e/neuronxcc-2.23.6484.0+3b612583/MODULE_3717679725840786226+e30acd3a/model.neff
2026-09-09 09:20:50.000466:  152925  [INFO]: Using a cached neff at /home/ubuntu/neuron_cache_e2e/neuronxcc-2.23.6484.0+3b612583/MODULE_3717679725840786226+e30acd3a/model.neff
2026-09-09 09:20:50.000466:  152922  [INFO]: Using a cached neff at /home/ubuntu/neuron_cache_e2e/neuronxcc-2.23.6484.0+3b612583/MODULE_3717679725840786226+e30acd3a/model.neff
2026-09-09 09:20:50.000466:  152943  [INFO]: Using a cached neff at /home/ubuntu/neuron_cache_e2e/neuronxcc-2.23.6484.0+3b612583/MODULE_3717679725840786226+e30acd3a/model.neff
2026-09-09 09:20:50.000466:  152933  [INFO]: Using a cached neff at /home/ubuntu/neuron_cache_e2e/neuronxcc-2.23.6484.0+3b612583/MODULE_3717679725840786226+e30acd3a/model.neff
2026-09-09 09:20:50.000469:  152939  [INFO]: Using a cached neff at /home/ubuntu/neuron_cache_e2e/neuronxcc-2.23.6484.0+3b612583/MODULE_3717679725840786226+e30acd3a/model.neff
2026-09-09 09:20:50.000469:  152947  [INFO]: Using a cached neff at /home/ubuntu/neuron_cache_e2e/neuronxcc-2.23.6484.0+3b612583/MODULE_3717679725840786226+e30acd3a/model.neff
2026-09-09 09:20:50.000471:  152928  [INFO]: Using a cached neff at /home/ubuntu/neuron_cache_e2e/neuronxcc-2.23.6484.0+3b612583/MODULE_3717679725840786226+e30acd3a/model.neff
2026-09-09 09:20:50.000471:  152935  [INFO]: Using a cached neff at /home/ubuntu/neuron_cache_e2e/neuronxcc-2.23.6484.0+3b612583/MODULE_3717679725840786226+e30acd3a/model.neff
2026-09-09 09:20:50.000472:  152923  [INFO]: Using a cached neff at /home/ubuntu/neuron_cache_e2e/neuronxcc-2.23.6484.0+3b612583/MODULE_3717679725840786226+e30acd3a/model.neff
2026-09-09 09:20:50.000472:  152932  [INFO]: Using a cached neff at /home/ubuntu/neuron_cache_e2e/neuronxcc-2.23.6484.0+3b612583/MODULE_3717679725840786226+e30acd3a/model.neff
2026-09-09 09:20:50.000473:  152938  [INFO]: Using a cached neff at /home/ubuntu/neuron_cache_e2e/neuronxcc-2.23.6484.0+3b612583/MODULE_3717679725840786226+e30acd3a/model.neff
2026-09-09 09:20:50.000474:  152941  [INFO]: Using a cached neff at /home/ubuntu/neuron_cache_e2e/neuronxcc-2.23.6484.0+3b612583/MODULE_3717679725840786226+e30acd3a/model.neff
2026-09-09 09:20:50.000474:  152950  [INFO]: Using a cached neff at /home/ubuntu/neuron_cache_e2e/neuronxcc-2.23.6484.0+3b612583/MODULE_3717679725840786226+e30acd3a/model.neff
2026-09-09 09:20:50.000479:  152926  [INFO]: Using a cached neff at /home/ubuntu/neuron_cache_e2e/neuronxcc-2.23.6484.0+3b612583/MODULE_3717679725840786226+e30acd3a/model.neff
2026-09-09 09:20:50.000483:  152949  [INFO]: Using a cached neff at /home/ubuntu/neuron_cache_e2e/neuronxcc-2.23.6484.0+3b612583/MODULE_3717679725840786226+e30acd3a/model.neff
/home/ubuntu/train_llama10b_tp_families.py:522: DeprecationWarning: Use torch_xla.sync instead
  xm.mark_step()   # slice sync graph: F4b done
/home/ubuntu/train_llama10b_tp_families.py:522: DeprecationWarning: Use torch_xla.sync instead
  xm.mark_step()   # slice sync graph: F4b done
/home/ubuntu/train_llama10b_tp_families.py:538: DeprecationWarning: Use torch_xla.sync instead
  xm.mark_step()   # slice sync graph: F6/F7 done
/home/ubuntu/train_llama10b_tp_families.py:522: DeprecationWarning: Use torch_xla.sync instead
  xm.mark_step()   # slice sync graph: F4b done
/home/ubuntu/train_llama10b_tp_families.py:522: DeprecationWarning: Use torch_xla.sync instead
  xm.mark_step()   # slice sync graph: F4b done
/home/ubuntu/train_llama10b_tp_families.py:538: DeprecationWarning: Use torch_xla.sync instead
  xm.mark_step()   # slice sync graph: F6/F7 done
/home/ubuntu/train_llama10b_tp_families.py:538: DeprecationWarning: Use torch_xla.sync instead
  xm.mark_step()   # slice sync graph: F6/F7 done
/home/ubuntu/train_llama10b_tp_families.py:538: DeprecationWarning: Use torch_xla.sync instead
  xm.mark_step()   # slice sync graph: F6/F7 done
/home/ubuntu/train_llama10b_tp_families.py:522: DeprecationWarning: Use torch_xla.sync instead
  xm.mark_step()   # slice sync graph: F4b done
/home/ubuntu/train_llama10b_tp_families.py:522: DeprecationWarning: Use torch_xla.sync instead
  xm.mark_step()   # slice sync graph: F4b done
/home/ubuntu/train_llama10b_tp_families.py:522: DeprecationWarning: Use torch_xla.sync instead
  xm.mark_step()   # slice sync graph: F4b done
/home/ubuntu/train_llama10b_tp_families.py:522: DeprecationWarning: Use torch_xla.sync instead
  xm.mark_step()   # slice sync graph: F4b done
/home/ubuntu/train_llama10b_tp_families.py:538: DeprecationWarning: Use torch_xla.sync instead
  xm.mark_step()   # slice sync graph: F6/F7 done
/home/ubuntu/train_llama10b_tp_families.py:538: DeprecationWarning: Use torch_xla.sync instead
  xm.mark_step()   # slice sync graph: F6/F7 done
/home/ubuntu/train_llama10b_tp_families.py:538: DeprecationWarning: Use torch_xla.sync instead
  xm.mark_step()   # slice sync graph: F6/F7 done
/home/ubuntu/train_llama10b_tp_families.py:522: DeprecationWarning: Use torch_xla.sync instead
  xm.mark_step()   # slice sync graph: F4b done
/home/ubuntu/train_llama10b_tp_families.py:538: DeprecationWarning: Use torch_xla.sync instead
  xm.mark_step()   # slice sync graph: F6/F7 done
/home/ubuntu/train_llama10b_tp_families.py:522: DeprecationWarning: Use torch_xla.sync instead
  xm.mark_step()   # slice sync graph: F4b done
/home/ubuntu/train_llama10b_tp_families.py:538: DeprecationWarning: Use torch_xla.sync instead
  xm.mark_step()   # slice sync graph: F6/F7 done
/home/ubuntu/train_llama10b_tp_families.py:522: DeprecationWarning: Use torch_xla.sync instead
  xm.mark_step()   # slice sync graph: F4b done
/home/ubuntu/train_llama10b_tp_families.py:522: DeprecationWarning: Use torch_xla.sync instead
  xm.mark_step()   # slice sync graph: F4b done
/home/ubuntu/train_llama10b_tp_families.py:538: DeprecationWarning: Use torch_xla.sync instead
  xm.mark_step()   # slice sync graph: F6/F7 done
/home/ubuntu/train_llama10b_tp_families.py:538: DeprecationWarning: Use torch_xla.sync instead
  xm.mark_step()   # slice sync graph: F6/F7 done
/home/ubuntu/train_llama10b_tp_families.py:538: DeprecationWarning: Use torch_xla.sync instead
  xm.mark_step()   # slice sync graph: F6/F7 done
/home/ubuntu/train_llama10b_tp_families.py:522: DeprecationWarning: Use torch_xla.sync instead
  xm.mark_step()   # slice sync graph: F4b done
/home/ubuntu/train_llama10b_tp_families.py:522: DeprecationWarning: Use torch_xla.sync instead
  xm.mark_step()   # slice sync graph: F4b done
/home/ubuntu/train_llama10b_tp_families.py:522: DeprecationWarning: Use torch_xla.sync instead
  xm.mark_step()   # slice sync graph: F4b done
/home/ubuntu/train_llama10b_tp_families.py:538: DeprecationWarning: Use torch_xla.sync instead
  xm.mark_step()   # slice sync graph: F6/F7 done
/home/ubuntu/train_llama10b_tp_families.py:522: DeprecationWarning: Use torch_xla.sync instead
  xm.mark_step()   # slice sync graph: F4b done
/home/ubuntu/train_llama10b_tp_families.py:522: DeprecationWarning: Use torch_xla.sync instead
  xm.mark_step()   # slice sync graph: F4b done
/home/ubuntu/train_llama10b_tp_families.py:538: DeprecationWarning: Use torch_xla.sync instead
  xm.mark_step()   # slice sync graph: F6/F7 done
/home/ubuntu/train_llama10b_tp_families.py:522: DeprecationWarning: Use torch_xla.sync instead
  xm.mark_step()   # slice sync graph: F4b done
/home/ubuntu/train_llama10b_tp_families.py:522: DeprecationWarning: Use torch_xla.sync instead
  xm.mark_step()   # slice sync graph: F4b done
/home/ubuntu/train_llama10b_tp_families.py:538: DeprecationWarning: Use torch_xla.sync instead
  xm.mark_step()   # slice sync graph: F6/F7 done
/home/ubuntu/train_llama10b_tp_families.py:538: DeprecationWarning: Use torch_xla.sync instead
  xm.mark_step()   # slice sync graph: F6/F7 done
/home/ubuntu/train_llama10b_tp_families.py:538: DeprecationWarning: Use torch_xla.sync instead
  xm.mark_step()   # slice sync graph: F6/F7 done
/home/ubuntu/train_llama10b_tp_families.py:522: DeprecationWarning: Use torch_xla.sync instead
  xm.mark_step()   # slice sync graph: F4b done
/home/ubuntu/train_llama10b_tp_families.py:522: DeprecationWarning: Use torch_xla.sync instead
  xm.mark_step()   # slice sync graph: F4b done
/home/ubuntu/train_llama10b_tp_families.py:522: DeprecationWarning: Use torch_xla.sync instead
  xm.mark_step()   # slice sync graph: F4b done
/home/ubuntu/train_llama10b_tp_families.py:522: DeprecationWarning: Use torch_xla.sync instead
  xm.mark_step()   # slice sync graph: F4b done
/home/ubuntu/train_llama10b_tp_families.py:538: DeprecationWarning: Use torch_xla.sync instead
  xm.mark_step()   # slice sync graph: F6/F7 done
/home/ubuntu/train_llama10b_tp_families.py:522: DeprecationWarning: Use torch_xla.sync instead
  xm.mark_step()   # slice sync graph: F4b done
/home/ubuntu/train_llama10b_tp_families.py:538: DeprecationWarning: Use torch_xla.sync instead
  xm.mark_step()   # slice sync graph: F6/F7 done
/home/ubuntu/train_llama10b_tp_families.py:522: DeprecationWarning: Use torch_xla.sync instead
  xm.mark_step()   # slice sync graph: F4b done
/home/ubuntu/train_llama10b_tp_families.py:538: DeprecationWarning: Use torch_xla.sync instead
  xm.mark_step()   # slice sync graph: F6/F7 done
/home/ubuntu/train_llama10b_tp_families.py:522: DeprecationWarning: Use torch_xla.sync instead
  xm.mark_step()   # slice sync graph: F4b done
/home/ubuntu/train_llama10b_tp_families.py:538: DeprecationWarning: Use torch_xla.sync instead
  xm.mark_step()   # slice sync graph: F6/F7 done
/home/ubuntu/train_llama10b_tp_families.py:522: DeprecationWarning: Use torch_xla.sync instead
  xm.mark_step()   # slice sync graph: F4b done
/home/ubuntu/train_llama10b_tp_families.py:538: DeprecationWarning: Use torch_xla.sync instead
  xm.mark_step()   # slice sync graph: F6/F7 done
/home/ubuntu/train_llama10b_tp_families.py:538: DeprecationWarning: Use torch_xla.sync instead
  xm.mark_step()   # slice sync graph: F6/F7 done
/home/ubuntu/train_llama10b_tp_families.py:538: DeprecationWarning: Use torch_xla.sync instead
  xm.mark_step()   # slice sync graph: F6/F7 done
/home/ubuntu/train_llama10b_tp_families.py:522: DeprecationWarning: Use torch_xla.sync instead
  xm.mark_step()   # slice sync graph: F4b done
/home/ubuntu/train_llama10b_tp_families.py:522: DeprecationWarning: Use torch_xla.sync instead
  xm.mark_step()   # slice sync graph: F4b done
/home/ubuntu/train_llama10b_tp_families.py:538: DeprecationWarning: Use torch_xla.sync instead
  xm.mark_step()   # slice sync graph: F6/F7 done
/home/ubuntu/train_llama10b_tp_families.py:538: DeprecationWarning: Use torch_xla.sync instead
  xm.mark_step()   # slice sync graph: F6/F7 done
/home/ubuntu/train_llama10b_tp_families.py:538: DeprecationWarning: Use torch_xla.sync instead
  xm.mark_step()   # slice sync graph: F6/F7 done
/home/ubuntu/train_llama10b_tp_families.py:538: DeprecationWarning: Use torch_xla.sync instead
  xm.mark_step()   # slice sync graph: F6/F7 done
/home/ubuntu/train_llama10b_tp_families.py:538: DeprecationWarning: Use torch_xla.sync instead
  xm.mark_step()   # slice sync graph: F6/F7 done
2026-09-09 09:20:50.000556:  152934  [INFO]: Using a cached neff at /home/ubuntu/neuron_cache_e2e/neuronxcc-2.23.6484.0+3b612583/MODULE_4599069280531176627+e30acd3a/model.neff
2026-09-09 09:20:50.000556:  152937  [INFO]: Using a cached neff at /home/ubuntu/neuron_cache_e2e/neuronxcc-2.23.6484.0+3b612583/MODULE_4599069280531176627+e30acd3a/model.neff
/home/ubuntu/train_llama10b_tp_families.py:522: DeprecationWarning: Use torch_xla.sync instead
  xm.mark_step()   # slice sync graph: F4b done
2026-09-09 09:20:50.000558:  152929  [INFO]: Using a cached neff at /home/ubuntu/neuron_cache_e2e/neuronxcc-2.23.6484.0+3b612583/MODULE_4599069280531176627+e30acd3a/model.neff
/home/ubuntu/train_llama10b_tp_families.py:522: DeprecationWarning: Use torch_xla.sync instead
  xm.mark_step()   # slice sync graph: F4b done
2026-09-09 09:20:50.000560:  152945  [INFO]: Using a cached neff at /home/ubuntu/neuron_cache_e2e/neuronxcc-2.23.6484.0+3b612583/MODULE_4599069280531176627+e30acd3a/model.neff
/home/ubuntu/train_llama10b_tp_families.py:538: DeprecationWarning: Use torch_xla.sync instead
  xm.mark_step()   # slice sync graph: F6/F7 done
2026-09-09 09:20:50.000564:  152921  [INFO]: Using a cached neff at /home/ubuntu/neuron_cache_e2e/neuronxcc-2.23.6484.0+3b612583/MODULE_4599069280531176627+e30acd3a/model.neff
/home/ubuntu/train_llama10b_tp_families.py:538: DeprecationWarning: Use torch_xla.sync instead
  xm.mark_step()   # slice sync graph: F6/F7 done
2026-09-09 09:20:50.000567:  152944  [INFO]: Using a cached neff at /home/ubuntu/neuron_cache_e2e/neuronxcc-2.23.6484.0+3b612583/MODULE_4599069280531176627+e30acd3a/model.neff
2026-09-09 09:20:50.000570:  152924  [INFO]: Using a cached neff at /home/ubuntu/neuron_cache_e2e/neuronxcc-2.23.6484.0+3b612583/MODULE_4599069280531176627+e30acd3a/model.neff
2026-09-09 09:20:50.000572:  152951  [INFO]: Using a cached neff at /home/ubuntu/neuron_cache_e2e/neuronxcc-2.23.6484.0+3b612583/MODULE_4599069280531176627+e30acd3a/model.neff
2026-09-09 09:20:50.000572:  152930  [INFO]: Using a cached neff at /home/ubuntu/neuron_cache_e2e/neuronxcc-2.23.6484.0+3b612583/MODULE_4599069280531176627+e30acd3a/model.neff
/home/ubuntu/train_llama10b_tp_families.py:522: DeprecationWarning: Use torch_xla.sync instead
  xm.mark_step()   # slice sync graph: F4b done
2026-09-09 09:20:50.000575:  152927  [INFO]: Using a cached neff at /home/ubuntu/neuron_cache_e2e/neuronxcc-2.23.6484.0+3b612583/MODULE_4599069280531176627+e30acd3a/model.neff
2026-09-09 09:20:50.000575:  152942  [INFO]: Using a cached neff at /home/ubuntu/neuron_cache_e2e/neuronxcc-2.23.6484.0+3b612583/MODULE_4599069280531176627+e30acd3a/model.neff
2026-09-09 09:20:50.000576:  152931  [INFO]: Using a cached neff at /home/ubuntu/neuron_cache_e2e/neuronxcc-2.23.6484.0+3b612583/MODULE_4599069280531176627+e30acd3a/model.neff
2026-09-09 09:20:50.000576:  152933  [INFO]: Using a cached neff at /home/ubuntu/neuron_cache_e2e/neuronxcc-2.23.6484.0+3b612583/MODULE_4599069280531176627+e30acd3a/model.neff
/home/ubuntu/train_llama10b_tp_families.py:538: DeprecationWarning: Use torch_xla.sync instead
  xm.mark_step()   # slice sync graph: F6/F7 done
2026-09-09 09:20:50.000579:  152943  [INFO]: Using a cached neff at /home/ubuntu/neuron_cache_e2e/neuronxcc-2.23.6484.0+3b612583/MODULE_4599069280531176627+e30acd3a/model.neff
2026-09-09 09:20:50.000585:  152940  [INFO]: Using a cached neff at /home/ubuntu/neuron_cache_e2e/neuronxcc-2.23.6484.0+3b612583/MODULE_4599069280531176627+e30acd3a/model.neff
2026-09-09 09:20:50.000585:  152946  [INFO]: Using a cached neff at /home/ubuntu/neuron_cache_e2e/neuronxcc-2.23.6484.0+3b612583/MODULE_4599069280531176627+e30acd3a/model.neff
2026-09-09 09:20:50.000586:  152947  [INFO]: Using a cached neff at /home/ubuntu/neuron_cache_e2e/neuronxcc-2.23.6484.0+3b612583/MODULE_4599069280531176627+e30acd3a/model.neff
2026-09-09 09:20:50.000587:  152928  [INFO]: Using a cached neff at /home/ubuntu/neuron_cache_e2e/neuronxcc-2.23.6484.0+3b612583/MODULE_4599069280531176627+e30acd3a/model.neff
2026-09-09 09:20:50.000587:  152925  [INFO]: Using a cached neff at /home/ubuntu/neuron_cache_e2e/neuronxcc-2.23.6484.0+3b612583/MODULE_4599069280531176627+e30acd3a/model.neff
2026-09-09 09:20:50.000587:  152922  [INFO]: Using a cached neff at /home/ubuntu/neuron_cache_e2e/neuronxcc-2.23.6484.0+3b612583/MODULE_4599069280531176627+e30acd3a/model.neff
2026-09-09 09:20:50.000588:  152939  [INFO]: Using a cached neff at /home/ubuntu/neuron_cache_e2e/neuronxcc-2.23.6484.0+3b612583/MODULE_4599069280531176627+e30acd3a/model.neff
2026-09-09 09:20:50.000589:  152941  [INFO]: Using a cached neff at /home/ubuntu/neuron_cache_e2e/neuronxcc-2.23.6484.0+3b612583/MODULE_4599069280531176627+e30acd3a/model.neff
2026-09-09 09:20:50.000589:  152923  [INFO]: Using a cached neff at /home/ubuntu/neuron_cache_e2e/neuronxcc-2.23.6484.0+3b612583/MODULE_4599069280531176627+e30acd3a/model.neff
2026-09-09 09:20:50.000589:  152938  [INFO]: Using a cached neff at /home/ubuntu/neuron_cache_e2e/neuronxcc-2.23.6484.0+3b612583/MODULE_4599069280531176627+e30acd3a/model.neff
2026-09-09 09:20:50.000590:  152948  [INFO]: Using a cached neff at /home/ubuntu/neuron_cache_e2e/neuronxcc-2.23.6484.0+3b612583/MODULE_4599069280531176627+e30acd3a/model.neff
2026-09-09 09:20:50.000590:  152936  [INFO]: Using a cached neff at /home/ubuntu/neuron_cache_e2e/neuronxcc-2.23.6484.0+3b612583/MODULE_4599069280531176627+e30acd3a/model.neff
2026-09-09 09:20:50.000595:  152950  [INFO]: Using a cached neff at /home/ubuntu/neuron_cache_e2e/neuronxcc-2.23.6484.0+3b612583/MODULE_4599069280531176627+e30acd3a/model.neff
2026-09-09 09:20:50.000595:  152932  [INFO]: Using a cached neff at /home/ubuntu/neuron_cache_e2e/neuronxcc-2.23.6484.0+3b612583/MODULE_4599069280531176627+e30acd3a/model.neff
2026-09-09 09:20:50.000598:  152952  [INFO]: Using a cached neff at /home/ubuntu/neuron_cache_e2e/neuronxcc-2.23.6484.0+3b612583/MODULE_4599069280531176627+e30acd3a/model.neff
2026-09-09 09:20:50.000603:  152935  [INFO]: Using a cached neff at /home/ubuntu/neuron_cache_e2e/neuronxcc-2.23.6484.0+3b612583/MODULE_4599069280531176627+e30acd3a/model.neff
2026-09-09 09:20:50.000610:  152926  [INFO]: Using a cached neff at /home/ubuntu/neuron_cache_e2e/neuronxcc-2.23.6484.0+3b612583/MODULE_4599069280531176627+e30acd3a/model.neff
/home/ubuntu/train_llama10b_tp_families.py:557: DeprecationWarning: Use torch_xla.sync instead
  xm.mark_step()
/home/ubuntu/train_llama10b_tp_families.py:557: DeprecationWarning: Use torch_xla.sync instead
  xm.mark_step()
/home/ubuntu/train_llama10b_tp_families.py:557: DeprecationWarning: Use torch_xla.sync instead
  xm.mark_step()
/home/ubuntu/train_llama10b_tp_families.py:557: DeprecationWarning: Use torch_xla.sync instead
  xm.mark_step()
/home/ubuntu/train_llama10b_tp_families.py:557: DeprecationWarning: Use torch_xla.sync instead
  xm.mark_step()
/home/ubuntu/train_llama10b_tp_families.py:557: DeprecationWarning: Use torch_xla.sync instead
  xm.mark_step()
/home/ubuntu/train_llama10b_tp_families.py:557: DeprecationWarning: Use torch_xla.sync instead
  xm.mark_step()
/home/ubuntu/train_llama10b_tp_families.py:557: DeprecationWarning: Use torch_xla.sync instead
  xm.mark_step()
/home/ubuntu/train_llama10b_tp_families.py:557: DeprecationWarning: Use torch_xla.sync instead
  xm.mark_step()
/home/ubuntu/train_llama10b_tp_families.py:557: DeprecationWarning: Use torch_xla.sync instead
  xm.mark_step()
/home/ubuntu/train_llama10b_tp_families.py:557: DeprecationWarning: Use torch_xla.sync instead
  xm.mark_step()
/home/ubuntu/train_llama10b_tp_families.py:557: DeprecationWarning: Use torch_xla.sync instead
  xm.mark_step()
/home/ubuntu/train_llama10b_tp_families.py:557: DeprecationWarning: Use torch_xla.sync instead
  xm.mark_step()
/home/ubuntu/train_llama10b_tp_families.py:557: DeprecationWarning: Use torch_xla.sync instead
  xm.mark_step()
/home/ubuntu/train_llama10b_tp_families.py:557: DeprecationWarning: Use torch_xla.sync instead
  xm.mark_step()
2026-09-09 09:20:50.000645:  152949  [INFO]: Using a cached neff at /home/ubuntu/neuron_cache_e2e/neuronxcc-2.23.6484.0+3b612583/MODULE_4599069280531176627+e30acd3a/model.neff
/home/ubuntu/train_llama10b_tp_families.py:557: DeprecationWarning: Use torch_xla.sync instead
  xm.mark_step()
/home/ubuntu/train_llama10b_tp_families.py:557: DeprecationWarning: Use torch_xla.sync instead
  xm.mark_step()
/home/ubuntu/train_llama10b_tp_families.py:557: DeprecationWarning: Use torch_xla.sync instead
  xm.mark_step()
/home/ubuntu/train_llama10b_tp_families.py:557: DeprecationWarning: Use torch_xla.sync instead
  xm.mark_step()
/home/ubuntu/train_llama10b_tp_families.py:557: DeprecationWarning: Use torch_xla.sync instead
  xm.mark_step()
/home/ubuntu/train_llama10b_tp_families.py:557: DeprecationWarning: Use torch_xla.sync instead
  xm.mark_step()
/home/ubuntu/train_llama10b_tp_families.py:557: DeprecationWarning: Use torch_xla.sync instead
  xm.mark_step()
/home/ubuntu/train_llama10b_tp_families.py:557: DeprecationWarning: Use torch_xla.sync instead
  xm.mark_step()
/home/ubuntu/train_llama10b_tp_families.py:557: DeprecationWarning: Use torch_xla.sync instead
  xm.mark_step()
/home/ubuntu/train_llama10b_tp_families.py:557: DeprecationWarning: Use torch_xla.sync instead
  xm.mark_step()
/home/ubuntu/train_llama10b_tp_families.py:557: DeprecationWarning: Use torch_xla.sync instead
  xm.mark_step()
/home/ubuntu/train_llama10b_tp_families.py:557: DeprecationWarning: Use torch_xla.sync instead
  xm.mark_step()
/home/ubuntu/train_llama10b_tp_families.py:557: DeprecationWarning: Use torch_xla.sync instead
  xm.mark_step()
/home/ubuntu/train_llama10b_tp_families.py:557: DeprecationWarning: Use torch_xla.sync instead
  xm.mark_step()
/home/ubuntu/train_llama10b_tp_families.py:557: DeprecationWarning: Use torch_xla.sync instead
  xm.mark_step()
/home/ubuntu/train_llama10b_tp_families.py:557: DeprecationWarning: Use torch_xla.sync instead
  xm.mark_step()
/home/ubuntu/train_llama10b_tp_families.py:557: DeprecationWarning: Use torch_xla.sync instead
  xm.mark_step()
2026-09-09 09:20:51.000184:  152935  [INFO]: Using a cached neff at /home/ubuntu/neuron_cache_e2e/neuronxcc-2.23.6484.0+3b612583/MODULE_2126413186853582282+e30acd3a/model.neff
2026-09-09 09:20:51.000503:  152922  [INFO]: Using a cached neff at /home/ubuntu/neuron_cache_e2e/neuronxcc-2.23.6484.0+3b612583/MODULE_2126413186853582282+e30acd3a/model.neff
2026-09-09 09:20:51.000635:  152930  [INFO]: Using a cached neff at /home/ubuntu/neuron_cache_e2e/neuronxcc-2.23.6484.0+3b612583/MODULE_2126413186853582282+e30acd3a/model.neff
2026-09-09 09:20:51.000680:  152933  [INFO]: Using a cached neff at /home/ubuntu/neuron_cache_e2e/neuronxcc-2.23.6484.0+3b612583/MODULE_2126413186853582282+e30acd3a/model.neff
2026-09-09 09:20:51.000680:  152929  [INFO]: Using a cached neff at /home/ubuntu/neuron_cache_e2e/neuronxcc-2.23.6484.0+3b612583/MODULE_2126413186853582282+e30acd3a/model.neff
2026-09-09 09:20:51.000680:  152951  [INFO]: Using a cached neff at /home/ubuntu/neuron_cache_e2e/neuronxcc-2.23.6484.0+3b612583/MODULE_2126413186853582282+e30acd3a/model.neff
2026-09-09 09:20:51.000726:  152932  [INFO]: Using a cached neff at /home/ubuntu/neuron_cache_e2e/neuronxcc-2.23.6484.0+3b612583/MODULE_2126413186853582282+e30acd3a/model.neff
2026-09-09 09:20:51.000726:  152938  [INFO]: Using a cached neff at /home/ubuntu/neuron_cache_e2e/neuronxcc-2.23.6484.0+3b612583/MODULE_2126413186853582282+e30acd3a/model.neff
2026-09-09 09:20:51.000771:  152927  [INFO]: Using a cached neff at /home/ubuntu/neuron_cache_e2e/neuronxcc-2.23.6484.0+3b612583/MODULE_2126413186853582282+e30acd3a/model.neff
2026-09-09 09:20:51.000771:  152931  [INFO]: Using a cached neff at /home/ubuntu/neuron_cache_e2e/neuronxcc-2.23.6484.0+3b612583/MODULE_2126413186853582282+e30acd3a/model.neff
2026-09-09 09:20:51.000855:  152952  [INFO]: Using a cached neff at /home/ubuntu/neuron_cache_e2e/neuronxcc-2.23.6484.0+3b612583/MODULE_2126413186853582282+e30acd3a/model.neff
2026-09-09 09:20:52.000033:  152934  [INFO]: Using a cached neff at /home/ubuntu/neuron_cache_e2e/neuronxcc-2.23.6484.0+3b612583/MODULE_2126413186853582282+e30acd3a/model.neff
2026-09-09 09:20:52.000033:  152940  [INFO]: Using a cached neff at /home/ubuntu/neuron_cache_e2e/neuronxcc-2.23.6484.0+3b612583/MODULE_2126413186853582282+e30acd3a/model.neff
2026-09-09 09:20:52.000034:  152946  [INFO]: Using a cached neff at /home/ubuntu/neuron_cache_e2e/neuronxcc-2.23.6484.0+3b612583/MODULE_2126413186853582282+e30acd3a/model.neff
2026-09-09 09:20:52.000034:  152937  [INFO]: Using a cached neff at /home/ubuntu/neuron_cache_e2e/neuronxcc-2.23.6484.0+3b612583/MODULE_2126413186853582282+e30acd3a/model.neff
2026-09-09 09:20:52.000202:  152936  [INFO]: Using a cached neff at /home/ubuntu/neuron_cache_e2e/neuronxcc-2.23.6484.0+3b612583/MODULE_2126413186853582282+e30acd3a/model.neff
2026-09-09 09:20:52.000277:  152925  [INFO]: Using a cached neff at /home/ubuntu/neuron_cache_e2e/neuronxcc-2.23.6484.0+3b612583/MODULE_2126413186853582282+e30acd3a/model.neff
2026-09-09 09:20:52.000366:  152939  [INFO]: Using a cached neff at /home/ubuntu/neuron_cache_e2e/neuronxcc-2.23.6484.0+3b612583/MODULE_2126413186853582282+e30acd3a/model.neff
2026-09-09 09:20:52.000366:  152942  [INFO]: Using a cached neff at /home/ubuntu/neuron_cache_e2e/neuronxcc-2.23.6484.0+3b612583/MODULE_2126413186853582282+e30acd3a/model.neff
2026-09-09 09:20:52.000412:  152941  [INFO]: Using a cached neff at /home/ubuntu/neuron_cache_e2e/neuronxcc-2.23.6484.0+3b612583/MODULE_2126413186853582282+e30acd3a/model.neff
2026-09-09 09:20:52.000412:  152921  [INFO]: Using a cached neff at /home/ubuntu/neuron_cache_e2e/neuronxcc-2.23.6484.0+3b612583/MODULE_2126413186853582282+e30acd3a/model.neff
2026-09-09 09:20:52.000459:  152928  [INFO]: Using a cached neff at /home/ubuntu/neuron_cache_e2e/neuronxcc-2.23.6484.0+3b612583/MODULE_2126413186853582282+e30acd3a/model.neff
/home/ubuntu/train_llama10b_tp_families.py:616: DeprecationWarning: Use torch_xla.sync instead
  xm.mark_step()
2026-09-09 09:20:52.000501:  152924  [INFO]: Using a cached neff at /home/ubuntu/neuron_cache_e2e/neuronxcc-2.23.6484.0+3b612583/MODULE_2126413186853582282+e30acd3a/model.neff
2026-09-09 09:20:52.000591:  152947  [INFO]: Using a cached neff at /home/ubuntu/neuron_cache_e2e/neuronxcc-2.23.6484.0+3b612583/MODULE_2126413186853582282+e30acd3a/model.neff
2026-09-09 09:20:52.000660:  152944  [INFO]: Using a cached neff at /home/ubuntu/neuron_cache_e2e/neuronxcc-2.23.6484.0+3b612583/MODULE_2126413186853582282+e30acd3a/model.neff
2026-09-09 09:20:52.000748:  152923  [INFO]: Using a cached neff at /home/ubuntu/neuron_cache_e2e/neuronxcc-2.23.6484.0+3b612583/MODULE_2126413186853582282+e30acd3a/model.neff
2026-09-09 09:20:52.000766:  152949  [INFO]: Using a cached neff at /home/ubuntu/neuron_cache_e2e/neuronxcc-2.23.6484.0+3b612583/MODULE_2126413186853582282+e30acd3a/model.neff
/home/ubuntu/train_llama10b_tp_families.py:616: DeprecationWarning: Use torch_xla.sync instead
  xm.mark_step()
2026-09-09 09:20:52.000829:  152950  [INFO]: Using a cached neff at /home/ubuntu/neuron_cache_e2e/neuronxcc-2.23.6484.0+3b612583/MODULE_2126413186853582282+e30acd3a/model.neff
/home/ubuntu/train_llama10b_tp_families.py:616: DeprecationWarning: Use torch_xla.sync instead
  xm.mark_step()
2026-09-09 09:20:52.000874:  152945  [INFO]: Using a cached neff at /home/ubuntu/neuron_cache_e2e/neuronxcc-2.23.6484.0+3b612583/MODULE_2126413186853582282+e30acd3a/model.neff
2026-09-09 09:20:52.000874:  152948  [INFO]: Using a cached neff at /home/ubuntu/neuron_cache_e2e/neuronxcc-2.23.6484.0+3b612583/MODULE_2126413186853582282+e30acd3a/model.neff
/home/ubuntu/train_llama10b_tp_families.py:616: DeprecationWarning: Use torch_xla.sync instead
  xm.mark_step()
2026-09-09 09:20:52.000929:  152926  [INFO]: Using a cached neff at /home/ubuntu/neuron_cache_e2e/neuronxcc-2.23.6484.0+3b612583/MODULE_2126413186853582282+e30acd3a/model.neff
/home/ubuntu/train_llama10b_tp_families.py:616: DeprecationWarning: Use torch_xla.sync instead
  xm.mark_step()
/home/ubuntu/train_llama10b_tp_families.py:616: DeprecationWarning: Use torch_xla.sync instead
  xm.mark_step()
/home/ubuntu/train_llama10b_tp_families.py:616: DeprecationWarning: Use torch_xla.sync instead
  xm.mark_step()
/home/ubuntu/train_llama10b_tp_families.py:616: DeprecationWarning: Use torch_xla.sync instead
  xm.mark_step()
/home/ubuntu/train_llama10b_tp_families.py:616: DeprecationWarning: Use torch_xla.sync instead
  xm.mark_step()
2026-09-09 09:20:53.000121:  152943  [INFO]: Using a cached neff at /home/ubuntu/neuron_cache_e2e/neuronxcc-2.23.6484.0+3b612583/MODULE_2126413186853582282+e30acd3a/model.neff
/home/ubuntu/train_llama10b_tp_families.py:616: DeprecationWarning: Use torch_xla.sync instead
  xm.mark_step()
/home/ubuntu/train_llama10b_tp_families.py:616: DeprecationWarning: Use torch_xla.sync instead
  xm.mark_step()
/home/ubuntu/train_llama10b_tp_families.py:616: DeprecationWarning: Use torch_xla.sync instead
  xm.mark_step()
/home/ubuntu/train_llama10b_tp_families.py:616: DeprecationWarning: Use torch_xla.sync instead
  xm.mark_step()
/home/ubuntu/train_llama10b_tp_families.py:616: DeprecationWarning: Use torch_xla.sync instead
  xm.mark_step()
/home/ubuntu/train_llama10b_tp_families.py:616: DeprecationWarning: Use torch_xla.sync instead
  xm.mark_step()
2026-09-09 09:20:53.000422:  152935  [INFO]: Using a cached neff at /home/ubuntu/neuron_cache_e2e/neuronxcc-2.23.6484.0+3b612583/MODULE_15471561942199109669+e30acd3a/model.neff
/home/ubuntu/train_llama10b_tp_families.py:616: DeprecationWarning: Use torch_xla.sync instead
  xm.mark_step()
/home/ubuntu/train_llama10b_tp_families.py:616: DeprecationWarning: Use torch_xla.sync instead
  xm.mark_step()
/home/ubuntu/train_llama10b_tp_families.py:616: DeprecationWarning: Use torch_xla.sync instead
  xm.mark_step()
/home/ubuntu/train_llama10b_tp_families.py:616: DeprecationWarning: Use torch_xla.sync instead
  xm.mark_step()
/home/ubuntu/train_llama10b_tp_families.py:616: DeprecationWarning: Use torch_xla.sync instead
  xm.mark_step()
/home/ubuntu/train_llama10b_tp_families.py:616: DeprecationWarning: Use torch_xla.sync instead
  xm.mark_step()
/home/ubuntu/train_llama10b_tp_families.py:616: DeprecationWarning: Use torch_xla.sync instead
  xm.mark_step()
/home/ubuntu/train_llama10b_tp_families.py:616: DeprecationWarning: Use torch_xla.sync instead
  xm.mark_step()
/home/ubuntu/train_llama10b_tp_families.py:616: DeprecationWarning: Use torch_xla.sync instead
  xm.mark_step()
/home/ubuntu/train_llama10b_tp_families.py:616: DeprecationWarning: Use torch_xla.sync instead
  xm.mark_step()
/home/ubuntu/train_llama10b_tp_families.py:616: DeprecationWarning: Use torch_xla.sync instead
  xm.mark_step()
/home/ubuntu/train_llama10b_tp_families.py:616: DeprecationWarning: Use torch_xla.sync instead
  xm.mark_step()
/home/ubuntu/train_llama10b_tp_families.py:616: DeprecationWarning: Use torch_xla.sync instead
  xm.mark_step()
2026-09-09 09:20:54.000207:  152922  [INFO]: Using a cached neff at /home/ubuntu/neuron_cache_e2e/neuronxcc-2.23.6484.0+3b612583/MODULE_15471561942199109669+e30acd3a/model.neff
/home/ubuntu/train_llama10b_tp_families.py:616: DeprecationWarning: Use torch_xla.sync instead
  xm.mark_step()
/home/ubuntu/train_llama10b_tp_families.py:616: DeprecationWarning: Use torch_xla.sync instead
  xm.mark_step()
/home/ubuntu/train_llama10b_tp_families.py:616: DeprecationWarning: Use torch_xla.sync instead
  xm.mark_step()
/home/ubuntu/train_llama10b_tp_families.py:616: DeprecationWarning: Use torch_xla.sync instead
  xm.mark_step()
2026-09-09 09:20:54.000856:  152929  [INFO]: Using a cached neff at /home/ubuntu/neuron_cache_e2e/neuronxcc-2.23.6484.0+3b612583/MODULE_15471561942199109669+e30acd3a/model.neff
2026-09-09 09:20:54.000996:  152930  [INFO]: Using a cached neff at /home/ubuntu/neuron_cache_e2e/neuronxcc-2.23.6484.0+3b612583/MODULE_15471561942199109669+e30acd3a/model.neff
2026-09-09 09:20:55.000462:  152951  [INFO]: Using a cached neff at /home/ubuntu/neuron_cache_e2e/neuronxcc-2.23.6484.0+3b612583/MODULE_15471561942199109669+e30acd3a/model.neff
2026-09-09 09:20:55.000555:  152938  [INFO]: Using a cached neff at /home/ubuntu/neuron_cache_e2e/neuronxcc-2.23.6484.0+3b612583/MODULE_15471561942199109669+e30acd3a/model.neff
2026-09-09 09:20:55.000556:  152931  [INFO]: Using a cached neff at /home/ubuntu/neuron_cache_e2e/neuronxcc-2.23.6484.0+3b612583/MODULE_15471561942199109669+e30acd3a/model.neff
2026-09-09 09:20:56.000614:  152952  [INFO]: Using a cached neff at /home/ubuntu/neuron_cache_e2e/neuronxcc-2.23.6484.0+3b612583/MODULE_15471561942199109669+e30acd3a/model.neff
2026-09-09 09:20:56.000662:  152932  [INFO]: Using a cached neff at /home/ubuntu/neuron_cache_e2e/neuronxcc-2.23.6484.0+3b612583/MODULE_15471561942199109669+e30acd3a/model.neff
2026-09-09 09:20:56.000706:  152933  [INFO]: Using a cached neff at /home/ubuntu/neuron_cache_e2e/neuronxcc-2.23.6484.0+3b612583/MODULE_15471561942199109669+e30acd3a/model.neff
2026-09-09 09:20:56.000845:  152927  [INFO]: Using a cached neff at /home/ubuntu/neuron_cache_e2e/neuronxcc-2.23.6484.0+3b612583/MODULE_15471561942199109669+e30acd3a/model.neff
2026-09-09 09:20:57.000728:  152937  [INFO]: Using a cached neff at /home/ubuntu/neuron_cache_e2e/neuronxcc-2.23.6484.0+3b612583/MODULE_15471561942199109669+e30acd3a/model.neff
2026-09-09 09:20:57.000957:  152934  [INFO]: Using a cached neff at /home/ubuntu/neuron_cache_e2e/neuronxcc-2.23.6484.0+3b612583/MODULE_15471561942199109669+e30acd3a/model.neff
2026-09-09 09:20:57.000957:  152946  [INFO]: Using a cached neff at /home/ubuntu/neuron_cache_e2e/neuronxcc-2.23.6484.0+3b612583/MODULE_15471561942199109669+e30acd3a/model.neff
2026-09-09 09:20:58.000186:  152940  [INFO]: Using a cached neff at /home/ubuntu/neuron_cache_e2e/neuronxcc-2.23.6484.0+3b612583/MODULE_15471561942199109669+e30acd3a/model.neff
2026-09-09 09:20:58.000186:  152942  [INFO]: Using a cached neff at /home/ubuntu/neuron_cache_e2e/neuronxcc-2.23.6484.0+3b612583/MODULE_15471561942199109669+e30acd3a/model.neff
2026-09-09 09:20:58.000363:  152936  [INFO]: Using a cached neff at /home/ubuntu/neuron_cache_e2e/neuronxcc-2.23.6484.0+3b612583/MODULE_15471561942199109669+e30acd3a/model.neff
2026-09-09 09:20:59.000094:  152944  [INFO]: Using a cached neff at /home/ubuntu/neuron_cache_e2e/neuronxcc-2.23.6484.0+3b612583/MODULE_15471561942199109669+e30acd3a/model.neff
2026-09-09 09:20:59.000139:  152925  [INFO]: Using a cached neff at /home/ubuntu/neuron_cache_e2e/neuronxcc-2.23.6484.0+3b612583/MODULE_15471561942199109669+e30acd3a/model.neff
2026-09-09 09:20:59.000492:  152928  [INFO]: Using a cached neff at /home/ubuntu/neuron_cache_e2e/neuronxcc-2.23.6484.0+3b612583/MODULE_15471561942199109669+e30acd3a/model.neff
2026-09-09 09:20:59.000581:  152941  [INFO]: Using a cached neff at /home/ubuntu/neuron_cache_e2e/neuronxcc-2.23.6484.0+3b612583/MODULE_15471561942199109669+e30acd3a/model.neff
2026-09-09 09:20:59.000583:  152950  [INFO]: Using a cached neff at /home/ubuntu/neuron_cache_e2e/neuronxcc-2.23.6484.0+3b612583/MODULE_15471561942199109669+e30acd3a/model.neff
2026-09-09 09:20:59.000675:  152945  [INFO]: Using a cached neff at /home/ubuntu/neuron_cache_e2e/neuronxcc-2.23.6484.0+3b612583/MODULE_15471561942199109669+e30acd3a/model.neff
2026-09-09 09:20:59.000717:  152924  [INFO]: Using a cached neff at /home/ubuntu/neuron_cache_e2e/neuronxcc-2.23.6484.0+3b612583/MODULE_15471561942199109669+e30acd3a/model.neff
2026-09-09 09:20:59.000857:  152939  [INFO]: Using a cached neff at /home/ubuntu/neuron_cache_e2e/neuronxcc-2.23.6484.0+3b612583/MODULE_15471561942199109669+e30acd3a/model.neff
2026-09-09 09:20:59.000857:  152947  [INFO]: Using a cached neff at /home/ubuntu/neuron_cache_e2e/neuronxcc-2.23.6484.0+3b612583/MODULE_15471561942199109669+e30acd3a/model.neff
2026-09-09 09:21:00.000039:  152921  [INFO]: Using a cached neff at /home/ubuntu/neuron_cache_e2e/neuronxcc-2.23.6484.0+3b612583/MODULE_15471561942199109669+e30acd3a/model.neff
2026-09-09 09:21:00.000130:  152923  [INFO]: Using a cached neff at /home/ubuntu/neuron_cache_e2e/neuronxcc-2.23.6484.0+3b612583/MODULE_15471561942199109669+e30acd3a/model.neff
2026-09-09 09:21:01.000420:  152949  [INFO]: Using a cached neff at /home/ubuntu/neuron_cache_e2e/neuronxcc-2.23.6484.0+3b612583/MODULE_15471561942199109669+e30acd3a/model.neff
2026-09-09 09:21:01.000420:  152935  [INFO]: Using a cached neff at /home/ubuntu/neuron_cache_e2e/neuronxcc-2.23.6484.0+3b612583/MODULE_8581184631312811179+e30acd3a/model.neff
2026-09-09 09:21:01.000420:  152948  [INFO]: Using a cached neff at /home/ubuntu/neuron_cache_e2e/neuronxcc-2.23.6484.0+3b612583/MODULE_15471561942199109669+e30acd3a/model.neff
2026-09-09 09:21:01.000420:  152926  [INFO]: Using a cached neff at /home/ubuntu/neuron_cache_e2e/neuronxcc-2.23.6484.0+3b612583/MODULE_15471561942199109669+e30acd3a/model.neff
2026-09-09 09:21:01.000420:  152943  [INFO]: Using a cached neff at /home/ubuntu/neuron_cache_e2e/neuronxcc-2.23.6484.0+3b612583/MODULE_15471561942199109669+e30acd3a/model.neff
2026-09-09 09:21:03.000297:  152930  [INFO]: Using a cached neff at /home/ubuntu/neuron_cache_e2e/neuronxcc-2.23.6484.0+3b612583/MODULE_8581184631312811179+e30acd3a/model.neff
2026-09-09 09:21:03.000343:  152938  [INFO]: Using a cached neff at /home/ubuntu/neuron_cache_e2e/neuronxcc-2.23.6484.0+3b612583/MODULE_8581184631312811179+e30acd3a/model.neff
2026-09-09 09:21:03.000392:  152922  [INFO]: Using a cached neff at /home/ubuntu/neuron_cache_e2e/neuronxcc-2.23.6484.0+3b612583/MODULE_8581184631312811179+e30acd3a/model.neff
2026-09-09 09:21:03.000432:  152931  [INFO]: Using a cached neff at /home/ubuntu/neuron_cache_e2e/neuronxcc-2.23.6484.0+3b612583/MODULE_8581184631312811179+e30acd3a/model.neff
2026-09-09 09:21:03.000475:  152929  [INFO]: Using a cached neff at /home/ubuntu/neuron_cache_e2e/neuronxcc-2.23.6484.0+3b612583/MODULE_8581184631312811179+e30acd3a/model.neff
2026-09-09 09:21:04.000742:  152951  [INFO]: Using a cached neff at /home/ubuntu/neuron_cache_e2e/neuronxcc-2.23.6484.0+3b612583/MODULE_8581184631312811179+e30acd3a/model.neff
2026-09-09 09:21:05.000152:  152932  [INFO]: Using a cached neff at /home/ubuntu/neuron_cache_e2e/neuronxcc-2.23.6484.0+3b612583/MODULE_8581184631312811179+e30acd3a/model.neff
2026-09-09 09:21:05.000198:  152946  [INFO]: Using a cached neff at /home/ubuntu/neuron_cache_e2e/neuronxcc-2.23.6484.0+3b612583/MODULE_8581184631312811179+e30acd3a/model.neff
2026-09-09 09:21:05.000198:  152933  [INFO]: Using a cached neff at /home/ubuntu/neuron_cache_e2e/neuronxcc-2.23.6484.0+3b612583/MODULE_8581184631312811179+e30acd3a/model.neff
2026-09-09 09:21:05.000330:  152925  [INFO]: Using a cached neff at /home/ubuntu/neuron_cache_e2e/neuronxcc-2.23.6484.0+3b612583/MODULE_8581184631312811179+e30acd3a/model.neff
2026-09-09 09:21:05.000372:  152927  [INFO]: Using a cached neff at /home/ubuntu/neuron_cache_e2e/neuronxcc-2.23.6484.0+3b612583/MODULE_8581184631312811179+e30acd3a/model.neff
2026-09-09 09:21:05.000372:  152952  [INFO]: Using a cached neff at /home/ubuntu/neuron_cache_e2e/neuronxcc-2.23.6484.0+3b612583/MODULE_8581184631312811179+e30acd3a/model.neff
2026-09-09 09:21:05.000498:  152937  [INFO]: Using a cached neff at /home/ubuntu/neuron_cache_e2e/neuronxcc-2.23.6484.0+3b612583/MODULE_8581184631312811179+e30acd3a/model.neff
2026-09-09 09:21:05.000631:  152934  [INFO]: Using a cached neff at /home/ubuntu/neuron_cache_e2e/neuronxcc-2.23.6484.0+3b612583/MODULE_8581184631312811179+e30acd3a/model.neff
2026-09-09 09:21:05.000859:  152936  [INFO]: Using a cached neff at /home/ubuntu/neuron_cache_e2e/neuronxcc-2.23.6484.0+3b612583/MODULE_8581184631312811179+e30acd3a/model.neff
2026-09-09 09:21:06.000184:  152942  [INFO]: Using a cached neff at /home/ubuntu/neuron_cache_e2e/neuronxcc-2.23.6484.0+3b612583/MODULE_8581184631312811179+e30acd3a/model.neff
2026-09-09 09:21:06.000277:  152939  [INFO]: Using a cached neff at /home/ubuntu/neuron_cache_e2e/neuronxcc-2.23.6484.0+3b612583/MODULE_8581184631312811179+e30acd3a/model.neff
2026-09-09 09:21:06.000500:  152940  [INFO]: Using a cached neff at /home/ubuntu/neuron_cache_e2e/neuronxcc-2.23.6484.0+3b612583/MODULE_8581184631312811179+e30acd3a/model.neff
2026-09-09 09:21:06.000670:  152928  [INFO]: Using a cached neff at /home/ubuntu/neuron_cache_e2e/neuronxcc-2.23.6484.0+3b612583/MODULE_8581184631312811179+e30acd3a/model.neff
2026-09-09 09:21:06.000670:  152945  [INFO]: Using a cached neff at /home/ubuntu/neuron_cache_e2e/neuronxcc-2.23.6484.0+3b612583/MODULE_8581184631312811179+e30acd3a/model.neff
2026-09-09 09:21:06.000670:  152947  [INFO]: Using a cached neff at /home/ubuntu/neuron_cache_e2e/neuronxcc-2.23.6484.0+3b612583/MODULE_8581184631312811179+e30acd3a/model.neff
2026-09-09 09:21:06.000500:  152944  [INFO]: Using a cached neff at /home/ubuntu/neuron_cache_e2e/neuronxcc-2.23.6484.0+3b612583/MODULE_8581184631312811179+e30acd3a/model.neff
2026-09-09 09:21:06.000670:  152924  [INFO]: Using a cached neff at /home/ubuntu/neuron_cache_e2e/neuronxcc-2.23.6484.0+3b612583/MODULE_8581184631312811179+e30acd3a/model.neff
2026-09-09 09:21:06.000670:  152950  [INFO]: Using a cached neff at /home/ubuntu/neuron_cache_e2e/neuronxcc-2.23.6484.0+3b612583/MODULE_8581184631312811179+e30acd3a/model.neff
2026-09-09 09:21:06.000500:  152941  [INFO]: Using a cached neff at /home/ubuntu/neuron_cache_e2e/neuronxcc-2.23.6484.0+3b612583/MODULE_8581184631312811179+e30acd3a/model.neff
2026-09-09 09:21:06.000671:  152923  [INFO]: Using a cached neff at /home/ubuntu/neuron_cache_e2e/neuronxcc-2.23.6484.0+3b612583/MODULE_8581184631312811179+e30acd3a/model.neff
2026-09-09 09:21:06.000685:  152921  [INFO]: Using a cached neff at /home/ubuntu/neuron_cache_e2e/neuronxcc-2.23.6484.0+3b612583/MODULE_8581184631312811179+e30acd3a/model.neff
2026-09-09 09:21:06.000868:  152926  [INFO]: Using a cached neff at /home/ubuntu/neuron_cache_e2e/neuronxcc-2.23.6484.0+3b612583/MODULE_8581184631312811179+e30acd3a/model.neff
2026-09-09 09:21:06.000912:  152948  [INFO]: Using a cached neff at /home/ubuntu/neuron_cache_e2e/neuronxcc-2.23.6484.0+3b612583/MODULE_8581184631312811179+e30acd3a/model.neff
2026-09-09 09:21:06.000912:  152943  [INFO]: Using a cached neff at /home/ubuntu/neuron_cache_e2e/neuronxcc-2.23.6484.0+3b612583/MODULE_8581184631312811179+e30acd3a/model.neff
2026-09-09 09:21:06.000961:  152949  [INFO]: Using a cached neff at /home/ubuntu/neuron_cache_e2e/neuronxcc-2.23.6484.0+3b612583/MODULE_8581184631312811179+e30acd3a/model.neff
/home/ubuntu/train_llama10b_tp_families.py:627: DeprecationWarning: Use torch_xla.sync instead
  xm.mark_step()
/home/ubuntu/train_llama10b_tp_families.py:627: DeprecationWarning: Use torch_xla.sync instead
  xm.mark_step()
2026-09-09 09:21:07.000123:  152929  [INFO]: Using a cached neff at /home/ubuntu/neuron_cache_e2e/neuronxcc-2.23.6484.0+3b612583/MODULE_9715013359532217420+e30acd3a/model.neff
2026-09-09 09:21:07.000239:  152922  [INFO]: Using a cached neff at /home/ubuntu/neuron_cache_e2e/neuronxcc-2.23.6484.0+3b612583/MODULE_9715013359532217420+e30acd3a/model.neff
/home/ubuntu/train_llama10b_tp_families.py:627: DeprecationWarning: Use torch_xla.sync instead
  xm.mark_step()
/home/ubuntu/train_llama10b_tp_families.py:627: DeprecationWarning: Use torch_xla.sync instead
  xm.mark_step()
/home/ubuntu/train_llama10b_tp_families.py:627: DeprecationWarning: Use torch_xla.sync instead
  xm.mark_step()
/home/ubuntu/train_llama10b_tp_families.py:627: DeprecationWarning: Use torch_xla.sync instead
  xm.mark_step()
/home/ubuntu/train_llama10b_tp_families.py:627: DeprecationWarning: Use torch_xla.sync instead
  xm.mark_step()
2026-09-09 09:21:07.000510:  152937  [INFO]: Using a cached neff at /home/ubuntu/neuron_cache_e2e/neuronxcc-2.23.6484.0+3b612583/MODULE_9715013359532217420+e30acd3a/model.neff
/home/ubuntu/train_llama10b_tp_families.py:627: DeprecationWarning: Use torch_xla.sync instead
  xm.mark_step()
2026-09-09 09:21:07.000588:  152921  [INFO]: Using a cached neff at /home/ubuntu/neuron_cache_e2e/neuronxcc-2.23.6484.0+3b612583/MODULE_9715013359532217420+e30acd3a/model.neff
/home/ubuntu/train_llama10b_tp_families.py:627: DeprecationWarning: Use torch_xla.sync instead
  xm.mark_step()
/home/ubuntu/train_llama10b_tp_families.py:627: DeprecationWarning: Use torch_xla.sync instead
  xm.mark_step()
/home/ubuntu/train_llama10b_tp_families.py:627: DeprecationWarning: Use torch_xla.sync instead
  xm.mark_step()
2026-09-09 09:21:07.000615:  152950  [INFO]: Using a cached neff at /home/ubuntu/neuron_cache_e2e/neuronxcc-2.23.6484.0+3b612583/MODULE_9715013359532217420+e30acd3a/model.neff
/home/ubuntu/train_llama10b_tp_families.py:644: DeprecationWarning: Use torch_xla.sync instead
  xm.mark_step()
/home/ubuntu/train_llama10b_tp_families.py:627: DeprecationWarning: Use torch_xla.sync instead
  xm.mark_step()
2026-09-09 09:21:07.000623:  152934  [INFO]: Using a cached neff at /home/ubuntu/neuron_cache_e2e/neuronxcc-2.23.6484.0+3b612583/MODULE_9715013359532217420+e30acd3a/model.neff
2026-09-09 09:21:07.000627:  152929  [INFO]: Using a cached neff at /home/ubuntu/neuron_cache_e2e/neuronxcc-2.23.6484.0+3b612583/MODULE_14060166962429309307+e30acd3a/model.neff
/home/ubuntu/train_llama10b_tp_families.py:627: DeprecationWarning: Use torch_xla.sync instead
  xm.mark_step()
/home/ubuntu/train_llama10b_tp_families.py:627: DeprecationWarning: Use torch_xla.sync instead
  xm.mark_step()
2026-09-09 09:21:07.000643:  152936  [INFO]: Using a cached neff at /home/ubuntu/neuron_cache_e2e/neuronxcc-2.23.6484.0+3b612583/MODULE_9715013359532217420+e30acd3a/model.neff
/home/ubuntu/train_llama10b_tp_families.py:627: DeprecationWarning: Use torch_xla.sync instead
  xm.mark_step()
/home/ubuntu/train_llama10b_tp_families.py:627: DeprecationWarning: Use torch_xla.sync instead
  xm.mark_step()
2026-09-09 09:21:07.000663:  152929  [INFO]: Using a cached neff at /home/ubuntu/neuron_cache_e2e/neuronxcc-2.23.6484.0+3b612583/MODULE_9156856424950103227+e30acd3a/model.neff
/home/ubuntu/train_llama10b_tp_families.py:627: DeprecationWarning: Use torch_xla.sync instead
  xm.mark_step()
/home/ubuntu/train_llama10b_tp_families.py:627: DeprecationWarning: Use torch_xla.sync instead
  xm.mark_step()
/home/ubuntu/train_llama10b_tp_families.py:644: DeprecationWarning: Use torch_xla.sync instead
  xm.mark_step()
/home/ubuntu/train_llama10b_tp_families.py:627: DeprecationWarning: Use torch_xla.sync instead
  xm.mark_step()
/home/ubuntu/train_llama10b_tp_families.py:627: DeprecationWarning: Use torch_xla.sync instead
  xm.mark_step()
2026-09-09 09:21:07.000696:  152922  [INFO]: Using a cached neff at /home/ubuntu/neuron_cache_e2e/neuronxcc-2.23.6484.0+3b612583/MODULE_14060166962429309307+e30acd3a/model.neff
/home/ubuntu/train_llama10b_tp_families.py:627: DeprecationWarning: Use torch_xla.sync instead
  xm.mark_step()
2026-09-09 09:21:07.000716:  152924  [INFO]: Using a cached neff at /home/ubuntu/neuron_cache_e2e/neuronxcc-2.23.6484.0+3b612583/MODULE_9715013359532217420+e30acd3a/model.neff
2026-09-09 09:21:07.000720:  152932  [INFO]: Using a cached neff at /home/ubuntu/neuron_cache_e2e/neuronxcc-2.23.6484.0+3b612583/MODULE_9715013359532217420+e30acd3a/model.neff
2026-09-09 09:21:07.000724:  152945  [INFO]: Using a cached neff at /home/ubuntu/neuron_cache_e2e/neuronxcc-2.23.6484.0+3b612583/MODULE_9715013359532217420+e30acd3a/model.neff
/home/ubuntu/train_llama10b_tp_families.py:627: DeprecationWarning: Use torch_xla.sync instead
  xm.mark_step()
/home/ubuntu/train_llama10b_tp_families.py:627: DeprecationWarning: Use torch_xla.sync instead
  xm.mark_step()
2026-09-09 09:21:07.000738:  152922  [INFO]: Using a cached neff at /home/ubuntu/neuron_cache_e2e/neuronxcc-2.23.6484.0+3b612583/MODULE_9156856424950103227+e30acd3a/model.neff
2026-09-09 09:21:07.000741:  152946  [INFO]: Using a cached neff at /home/ubuntu/neuron_cache_e2e/neuronxcc-2.23.6484.0+3b612583/MODULE_9715013359532217420+e30acd3a/model.neff
/home/ubuntu/train_llama10b_tp_families.py:627: DeprecationWarning: Use torch_xla.sync instead
  xm.mark_step()
/home/ubuntu/train_llama10b_tp_families.py:627: DeprecationWarning: Use torch_xla.sync instead
  xm.mark_step()
2026-09-09 09:21:07.000755:  152951  [INFO]: Using a cached neff at /home/ubuntu/neuron_cache_e2e/neuronxcc-2.23.6484.0+3b612583/MODULE_9715013359532217420+e30acd3a/model.neff
/home/ubuntu/train_llama10b_tp_families.py:627: DeprecationWarning: Use torch_xla.sync instead
  xm.mark_step()
/home/ubuntu/train_llama10b_tp_families.py:627: DeprecationWarning: Use torch_xla.sync instead
  xm.mark_step()
/home/ubuntu/train_llama10b_tp_families.py:627: DeprecationWarning: Use torch_xla.sync instead
  xm.mark_step()
/home/ubuntu/train_llama10b_tp_families.py:627: DeprecationWarning: Use torch_xla.sync instead
  xm.mark_step()
/home/ubuntu/train_llama10b_tp_families.py:627: DeprecationWarning: Use torch_xla.sync instead
  xm.mark_step()
/home/ubuntu/train_llama10b_tp_families.py:627: DeprecationWarning: Use torch_xla.sync instead
  xm.mark_step()
2026-09-09 09:21:07.000775:  152927  [INFO]: Using a cached neff at /home/ubuntu/neuron_cache_e2e/neuronxcc-2.23.6484.0+3b612583/MODULE_9715013359532217420+e30acd3a/model.neff
2026-09-09 09:21:07.000776:  152935  [INFO]: Using a cached neff at /home/ubuntu/neuron_cache_e2e/neuronxcc-2.23.6484.0+3b612583/MODULE_9715013359532217420+e30acd3a/model.neff
/home/ubuntu/train_llama10b_tp_families.py:627: DeprecationWarning: Use torch_xla.sync instead
  xm.mark_step()
2026-09-09 09:21:07.000804:  152930  [INFO]: Using a cached neff at /home/ubuntu/neuron_cache_e2e/neuronxcc-2.23.6484.0+3b612583/MODULE_9715013359532217420+e30acd3a/model.neff
2026-09-09 09:21:07.000808:  152925  [INFO]: Using a cached neff at /home/ubuntu/neuron_cache_e2e/neuronxcc-2.23.6484.0+3b612583/MODULE_9715013359532217420+e30acd3a/model.neff
2026-09-09 09:21:07.000813:  152928  [INFO]: Using a cached neff at /home/ubuntu/neuron_cache_e2e/neuronxcc-2.23.6484.0+3b612583/MODULE_9715013359532217420+e30acd3a/model.neff
2026-09-09 09:21:07.000819:  152941  [INFO]: Using a cached neff at /home/ubuntu/neuron_cache_e2e/neuronxcc-2.23.6484.0+3b612583/MODULE_9715013359532217420+e30acd3a/model.neff
2026-09-09 09:21:07.000824:  152933  [INFO]: Using a cached neff at /home/ubuntu/neuron_cache_e2e/neuronxcc-2.23.6484.0+3b612583/MODULE_9715013359532217420+e30acd3a/model.neff
2026-09-09 09:21:07.000828:  152939  [INFO]: Using a cached neff at /home/ubuntu/neuron_cache_e2e/neuronxcc-2.23.6484.0+3b612583/MODULE_9715013359532217420+e30acd3a/model.neff
2026-09-09 09:21:07.000842:  152931  [INFO]: Using a cached neff at /home/ubuntu/neuron_cache_e2e/neuronxcc-2.23.6484.0+3b612583/MODULE_9715013359532217420+e30acd3a/model.neff
2026-09-09 09:21:07.000855:  152923  [INFO]: Using a cached neff at /home/ubuntu/neuron_cache_e2e/neuronxcc-2.23.6484.0+3b612583/MODULE_9715013359532217420+e30acd3a/model.neff
2026-09-09 09:21:07.000866:  152947  [INFO]: Using a cached neff at /home/ubuntu/neuron_cache_e2e/neuronxcc-2.23.6484.0+3b612583/MODULE_9715013359532217420+e30acd3a/model.neff
2026-09-09 09:21:07.000883:  152948  [INFO]: Using a cached neff at /home/ubuntu/neuron_cache_e2e/neuronxcc-2.23.6484.0+3b612583/MODULE_9715013359532217420+e30acd3a/model.neff
2026-09-09 09:21:07.000889:  152940  [INFO]: Using a cached neff at /home/ubuntu/neuron_cache_e2e/neuronxcc-2.23.6484.0+3b612583/MODULE_9715013359532217420+e30acd3a/model.neff
2026-09-09 09:21:07.000889:  152949  [INFO]: Using a cached neff at /home/ubuntu/neuron_cache_e2e/neuronxcc-2.23.6484.0+3b612583/MODULE_9715013359532217420+e30acd3a/model.neff
2026-09-09 09:21:07.000895:  152938  [INFO]: Using a cached neff at /home/ubuntu/neuron_cache_e2e/neuronxcc-2.23.6484.0+3b612583/MODULE_9715013359532217420+e30acd3a/model.neff
2026-09-09 09:21:07.000896:  152943  [INFO]: Using a cached neff at /home/ubuntu/neuron_cache_e2e/neuronxcc-2.23.6484.0+3b612583/MODULE_9715013359532217420+e30acd3a/model.neff
2026-09-09 09:21:07.000907:  152952  [INFO]: Using a cached neff at /home/ubuntu/neuron_cache_e2e/neuronxcc-2.23.6484.0+3b612583/MODULE_9715013359532217420+e30acd3a/model.neff
2026-09-09 09:21:07.000915:  152944  [INFO]: Using a cached neff at /home/ubuntu/neuron_cache_e2e/neuronxcc-2.23.6484.0+3b612583/MODULE_9715013359532217420+e30acd3a/model.neff
2026-09-09 09:21:07.000920:  152942  [INFO]: Using a cached neff at /home/ubuntu/neuron_cache_e2e/neuronxcc-2.23.6484.0+3b612583/MODULE_9715013359532217420+e30acd3a/model.neff
2026-09-09 09:21:07.000945:  152926  [INFO]: Using a cached neff at /home/ubuntu/neuron_cache_e2e/neuronxcc-2.23.6484.0+3b612583/MODULE_9715013359532217420+e30acd3a/model.neff
/home/ubuntu/train_llama10b_tp_families.py:644: DeprecationWarning: Use torch_xla.sync instead
  xm.mark_step()
2026-09-09 09:21:08.000008:  152937  [INFO]: Using a cached neff at /home/ubuntu/neuron_cache_e2e/neuronxcc-2.23.6484.0+3b612583/MODULE_14060166962429309307+e30acd3a/model.neff
2026-09-09 09:21:08.000042:  152937  [INFO]: Using a cached neff at /home/ubuntu/neuron_cache_e2e/neuronxcc-2.23.6484.0+3b612583/MODULE_9156856424950103227+e30acd3a/model.neff
/home/ubuntu/train_llama10b_tp_families.py:644: DeprecationWarning: Use torch_xla.sync instead
  xm.mark_step()
2026-09-09 09:21:08.000054:  152921  [INFO]: Using a cached neff at /home/ubuntu/neuron_cache_e2e/neuronxcc-2.23.6484.0+3b612583/MODULE_14060166962429309307+e30acd3a/model.neff
2026-09-09 09:21:08.000088:  152921  [INFO]: Using a cached neff at /home/ubuntu/neuron_cache_e2e/neuronxcc-2.23.6484.0+3b612583/MODULE_9156856424950103227+e30acd3a/model.neff
/home/ubuntu/train_llama10b_tp_families.py:644: DeprecationWarning: Use torch_xla.sync instead
  xm.mark_step()
/home/ubuntu/train_llama10b_tp_families.py:644: DeprecationWarning: Use torch_xla.sync instead
  xm.mark_step()
2026-09-09 09:21:08.000135:  152936  [INFO]: Using a cached neff at /home/ubuntu/neuron_cache_e2e/neuronxcc-2.23.6484.0+3b612583/MODULE_14060166962429309307+e30acd3a/model.neff
2026-09-09 09:21:08.000142:  152950  [INFO]: Using a cached neff at /home/ubuntu/neuron_cache_e2e/neuronxcc-2.23.6484.0+3b612583/MODULE_14060166962429309307+e30acd3a/model.neff
/home/ubuntu/train_llama10b_tp_families.py:644: DeprecationWarning: Use torch_xla.sync instead
  xm.mark_step()
2026-09-09 09:21:08.000169:  152936  [INFO]: Using a cached neff at /home/ubuntu/neuron_cache_e2e/neuronxcc-2.23.6484.0+3b612583/MODULE_9156856424950103227+e30acd3a/model.neff
2026-09-09 09:21:08.000180:  152924  [INFO]: Using a cached neff at /home/ubuntu/neuron_cache_e2e/neuronxcc-2.23.6484.0+3b612583/MODULE_14060166962429309307+e30acd3a/model.neff
2026-09-09 09:21:08.000183:  152950  [INFO]: Using a cached neff at /home/ubuntu/neuron_cache_e2e/neuronxcc-2.23.6484.0+3b612583/MODULE_9156856424950103227+e30acd3a/model.neff
/home/ubuntu/train_llama10b_tp_families.py:644: DeprecationWarning: Use torch_xla.sync instead
  xm.mark_step()
/home/ubuntu/train_llama10b_tp_families.py:644: DeprecationWarning: Use torch_xla.sync instead
  xm.mark_step()
2026-09-09 09:21:08.000197:  152946  [INFO]: Using a cached neff at /home/ubuntu/neuron_cache_e2e/neuronxcc-2.23.6484.0+3b612583/MODULE_14060166962429309307+e30acd3a/model.neff
2026-09-09 09:21:08.000206:  152951  [INFO]: Using a cached neff at /home/ubuntu/neuron_cache_e2e/neuronxcc-2.23.6484.0+3b612583/MODULE_14060166962429309307+e30acd3a/model.neff
/home/ubuntu/train_llama10b_tp_families.py:644: DeprecationWarning: Use torch_xla.sync instead
  xm.mark_step()
2026-09-09 09:21:08.000218:  152924  [INFO]: Using a cached neff at /home/ubuntu/neuron_cache_e2e/neuronxcc-2.23.6484.0+3b612583/MODULE_9156856424950103227+e30acd3a/model.neff
2026-09-09 09:21:08.000224:  152934  [INFO]: Using a cached neff at /home/ubuntu/neuron_cache_e2e/neuronxcc-2.23.6484.0+3b612583/MODULE_14060166962429309307+e30acd3a/model.neff
2026-09-09 09:21:08.000231:  152946  [INFO]: Using a cached neff at /home/ubuntu/neuron_cache_e2e/neuronxcc-2.23.6484.0+3b612583/MODULE_9156856424950103227+e30acd3a/model.neff
2026-09-09 09:21:08.000239:  152951  [INFO]: Using a cached neff at /home/ubuntu/neuron_cache_e2e/neuronxcc-2.23.6484.0+3b612583/MODULE_9156856424950103227+e30acd3a/model.neff
/home/ubuntu/train_llama10b_tp_families.py:644: DeprecationWarning: Use torch_xla.sync instead
  xm.mark_step()
/home/ubuntu/train_llama10b_tp_families.py:644: DeprecationWarning: Use torch_xla.sync instead
  xm.mark_step()
/home/ubuntu/train_llama10b_tp_families.py:644: DeprecationWarning: Use torch_xla.sync instead
  xm.mark_step()
2026-09-09 09:21:08.000255:  152945  [INFO]: Using a cached neff at /home/ubuntu/neuron_cache_e2e/neuronxcc-2.23.6484.0+3b612583/MODULE_14060166962429309307+e30acd3a/model.neff
/home/ubuntu/train_llama10b_tp_families.py:644: DeprecationWarning: Use torch_xla.sync instead
  xm.mark_step()
/home/ubuntu/train_llama10b_tp_families.py:644: DeprecationWarning: Use torch_xla.sync instead
  xm.mark_step()
2026-09-09 09:21:08.000262:  152925  [INFO]: Using a cached neff at /home/ubuntu/neuron_cache_e2e/neuronxcc-2.23.6484.0+3b612583/MODULE_14060166962429309307+e30acd3a/model.neff
2026-09-09 09:21:08.000263:  152934  [INFO]: Using a cached neff at /home/ubuntu/neuron_cache_e2e/neuronxcc-2.23.6484.0+3b612583/MODULE_9156856424950103227+e30acd3a/model.neff
2026-09-09 09:21:08.000263:  152932  [INFO]: Using a cached neff at /home/ubuntu/neuron_cache_e2e/neuronxcc-2.23.6484.0+3b612583/MODULE_14060166962429309307+e30acd3a/model.neff
2026-09-09 09:21:08.000269:  152941  [INFO]: Using a cached neff at /home/ubuntu/neuron_cache_e2e/neuronxcc-2.23.6484.0+3b612583/MODULE_14060166962429309307+e30acd3a/model.neff
2026-09-09 09:21:08.000271:  152933  [INFO]: Using a cached neff at /home/ubuntu/neuron_cache_e2e/neuronxcc-2.23.6484.0+3b612583/MODULE_14060166962429309307+e30acd3a/model.neff
/home/ubuntu/train_llama10b_tp_families.py:644: DeprecationWarning: Use torch_xla.sync instead
  xm.mark_step()
/home/ubuntu/train_llama10b_tp_families.py:644: DeprecationWarning: Use torch_xla.sync instead
  xm.mark_step()
2026-09-09 09:21:08.000288:  152945  [INFO]: Using a cached neff at /home/ubuntu/neuron_cache_e2e/neuronxcc-2.23.6484.0+3b612583/MODULE_9156856424950103227+e30acd3a/model.neff
/home/ubuntu/train_llama10b_tp_families.py:644: DeprecationWarning: Use torch_xla.sync instead
  xm.mark_step()
2026-09-09 09:21:08.000296:  152930  [INFO]: Using a cached neff at /home/ubuntu/neuron_cache_e2e/neuronxcc-2.23.6484.0+3b612583/MODULE_14060166962429309307+e30acd3a/model.neff
2026-09-09 09:21:08.000298:  152932  [INFO]: Using a cached neff at /home/ubuntu/neuron_cache_e2e/neuronxcc-2.23.6484.0+3b612583/MODULE_9156856424950103227+e30acd3a/model.neff
2026-09-09 09:21:08.000299:  152925  [INFO]: Using a cached neff at /home/ubuntu/neuron_cache_e2e/neuronxcc-2.23.6484.0+3b612583/MODULE_9156856424950103227+e30acd3a/model.neff
2026-09-09 09:21:08.000299:  152928  [INFO]: Using a cached neff at /home/ubuntu/neuron_cache_e2e/neuronxcc-2.23.6484.0+3b612583/MODULE_14060166962429309307+e30acd3a/model.neff
/home/ubuntu/train_llama10b_tp_families.py:644: DeprecationWarning: Use torch_xla.sync instead
  xm.mark_step()
2026-09-09 09:21:08.000304:  152941  [INFO]: Using a cached neff at /home/ubuntu/neuron_cache_e2e/neuronxcc-2.23.6484.0+3b612583/MODULE_9156856424950103227+e30acd3a/model.neff
2026-09-09 09:21:08.000305:  152933  [INFO]: Using a cached neff at /home/ubuntu/neuron_cache_e2e/neuronxcc-2.23.6484.0+3b612583/MODULE_9156856424950103227+e30acd3a/model.neff
2026-09-09 09:21:08.000306:  152931  [INFO]: Using a cached neff at /home/ubuntu/neuron_cache_e2e/neuronxcc-2.23.6484.0+3b612583/MODULE_14060166962429309307+e30acd3a/model.neff
2026-09-09 09:21:08.000314:  152935  [INFO]: Using a cached neff at /home/ubuntu/neuron_cache_e2e/neuronxcc-2.23.6484.0+3b612583/MODULE_14060166962429309307+e30acd3a/model.neff
/home/ubuntu/train_llama10b_tp_families.py:644: DeprecationWarning: Use torch_xla.sync instead
  xm.mark_step()
/home/ubuntu/train_llama10b_tp_families.py:644: DeprecationWarning: Use torch_xla.sync instead
  xm.mark_step()
/home/ubuntu/train_llama10b_tp_families.py:644: DeprecationWarning: Use torch_xla.sync instead
  xm.mark_step()
2026-09-09 09:21:08.000335:  152923  [INFO]: Using a cached neff at /home/ubuntu/neuron_cache_e2e/neuronxcc-2.23.6484.0+3b612583/MODULE_14060166962429309307+e30acd3a/model.neff
2026-09-09 09:21:08.000336:  152930  [INFO]: Using a cached neff at /home/ubuntu/neuron_cache_e2e/neuronxcc-2.23.6484.0+3b612583/MODULE_9156856424950103227+e30acd3a/model.neff
/home/ubuntu/train_llama10b_tp_families.py:644: DeprecationWarning: Use torch_xla.sync instead
  xm.mark_step()
2026-09-09 09:21:08.000340:  152928  [INFO]: Using a cached neff at /home/ubuntu/neuron_cache_e2e/neuronxcc-2.23.6484.0+3b612583/MODULE_9156856424950103227+e30acd3a/model.neff
2026-09-09 09:21:08.000341:  152947  [INFO]: Using a cached neff at /home/ubuntu/neuron_cache_e2e/neuronxcc-2.23.6484.0+3b612583/MODULE_14060166962429309307+e30acd3a/model.neff
2026-09-09 09:21:08.000345:  152931  [INFO]: Using a cached neff at /home/ubuntu/neuron_cache_e2e/neuronxcc-2.23.6484.0+3b612583/MODULE_9156856424950103227+e30acd3a/model.neff
2026-09-09 09:21:08.000346:  152948  [INFO]: Using a cached neff at /home/ubuntu/neuron_cache_e2e/neuronxcc-2.23.6484.0+3b612583/MODULE_14060166962429309307+e30acd3a/model.neff
2026-09-09 09:21:08.000347:  152929  [INFO]: Using a cached neff at /home/ubuntu/neuron_cache_e2e/neuronxcc-2.23.6484.0+3b612583/MODULE_5822669904513104586+e30acd3a/model.neff
2026-09-09 09:21:08.000350:  152939  [INFO]: Using a cached neff at /home/ubuntu/neuron_cache_e2e/neuronxcc-2.23.6484.0+3b612583/MODULE_14060166962429309307+e30acd3a/model.neff
/home/ubuntu/train_llama10b_tp_families.py:644: DeprecationWarning: Use torch_xla.sync instead
  xm.mark_step()
2026-09-09 09:21:08.000359:  152935  [INFO]: Using a cached neff at /home/ubuntu/neuron_cache_e2e/neuronxcc-2.23.6484.0+3b612583/MODULE_9156856424950103227+e30acd3a/model.neff
/home/ubuntu/train_llama10b_tp_families.py:644: DeprecationWarning: Use torch_xla.sync instead
  xm.mark_step()
/home/ubuntu/train_llama10b_tp_families.py:644: DeprecationWarning: Use torch_xla.sync instead
  xm.mark_step()
/home/ubuntu/train_llama10b_tp_families.py:644: DeprecationWarning: Use torch_xla.sync instead
  xm.mark_step()
2026-09-09 09:21:08.000366:  152952  [INFO]: Using a cached neff at /home/ubuntu/neuron_cache_e2e/neuronxcc-2.23.6484.0+3b612583/MODULE_14060166962429309307+e30acd3a/model.neff
2026-09-09 09:21:08.000371:  152949  [INFO]: Using a cached neff at /home/ubuntu/neuron_cache_e2e/neuronxcc-2.23.6484.0+3b612583/MODULE_14060166962429309307+e30acd3a/model.neff
2026-09-09 09:21:08.000376:  152940  [INFO]: Using a cached neff at /home/ubuntu/neuron_cache_e2e/neuronxcc-2.23.6484.0+3b612583/MODULE_14060166962429309307+e30acd3a/model.neff
2026-09-09 09:21:08.000376:  152929  [INFO]: Using a cached neff at /home/ubuntu/neuron_cache_e2e/neuronxcc-2.23.6484.0+3b612583/MODULE_2373622694781085304+e30acd3a/model.neff
2026-09-09 09:21:08.000377:  152947  [INFO]: Using a cached neff at /home/ubuntu/neuron_cache_e2e/neuronxcc-2.23.6484.0+3b612583/MODULE_9156856424950103227+e30acd3a/model.neff
2026-09-09 09:21:08.000378:  152923  [INFO]: Using a cached neff at /home/ubuntu/neuron_cache_e2e/neuronxcc-2.23.6484.0+3b612583/MODULE_9156856424950103227+e30acd3a/model.neff
/home/ubuntu/train_llama10b_tp_families.py:644: DeprecationWarning: Use torch_xla.sync instead
  xm.mark_step()
2026-09-09 09:21:08.000385:  152942  [INFO]: Using a cached neff at /home/ubuntu/neuron_cache_e2e/neuronxcc-2.23.6484.0+3b612583/MODULE_14060166962429309307+e30acd3a/model.neff
/home/ubuntu/train_llama10b_tp_families.py:644: DeprecationWarning: Use torch_xla.sync instead
  xm.mark_step()
/home/ubuntu/train_llama10b_tp_families.py:644: DeprecationWarning: Use torch_xla.sync instead
  xm.mark_step()
/home/ubuntu/train_llama10b_tp_families.py:644: DeprecationWarning: Use torch_xla.sync instead
  xm.mark_step()
2026-09-09 09:21:08.000398:  152948  [INFO]: Using a cached neff at /home/ubuntu/neuron_cache_e2e/neuronxcc-2.23.6484.0+3b612583/MODULE_9156856424950103227+e30acd3a/model.neff
/home/ubuntu/train_llama10b_tp_families.py:644: DeprecationWarning: Use torch_xla.sync instead
  xm.mark_step()
2026-09-09 09:21:08.000431:  152939  [INFO]: Using a cached neff at /home/ubuntu/neuron_cache_e2e/neuronxcc-2.23.6484.0+3b612583/MODULE_9156856424950103227+e30acd3a/model.neff
2026-09-09 09:21:08.000433:  152943  [INFO]: Using a cached neff at /home/ubuntu/neuron_cache_e2e/neuronxcc-2.23.6484.0+3b612583/MODULE_14060166962429309307+e30acd3a/model.neff
2026-09-09 09:21:08.000440:  152952  [INFO]: Using a cached neff at /home/ubuntu/neuron_cache_e2e/neuronxcc-2.23.6484.0+3b612583/MODULE_9156856424950103227+e30acd3a/model.neff
2026-09-09 09:21:08.000448:  152927  [INFO]: Using a cached neff at /home/ubuntu/neuron_cache_e2e/neuronxcc-2.23.6484.0+3b612583/MODULE_14060166962429309307+e30acd3a/model.neff
2026-09-09 09:21:08.000457:  152926  [INFO]: Using a cached neff at /home/ubuntu/neuron_cache_e2e/neuronxcc-2.23.6484.0+3b612583/MODULE_14060166962429309307+e30acd3a/model.neff
2026-09-09 09:21:08.000467:  152949  [INFO]: Using a cached neff at /home/ubuntu/neuron_cache_e2e/neuronxcc-2.23.6484.0+3b612583/MODULE_9156856424950103227+e30acd3a/model.neff
2026-09-09 09:21:08.000484:  152929  [INFO]: Using a cached neff at /home/ubuntu/neuron_cache_e2e/neuronxcc-2.23.6484.0+3b612583/MODULE_15546749088224118202+e30acd3a/model.neff
2026-09-09 09:21:08.000484:  152938  [INFO]: Using a cached neff at /home/ubuntu/neuron_cache_e2e/neuronxcc-2.23.6484.0+3b612583/MODULE_14060166962429309307+e30acd3a/model.neff
2026-09-09 09:21:08.000497:  152940  [INFO]: Using a cached neff at /home/ubuntu/neuron_cache_e2e/neuronxcc-2.23.6484.0+3b612583/MODULE_9156856424950103227+e30acd3a/model.neff
2026-09-09 09:21:08.000510:  152944  [INFO]: Using a cached neff at /home/ubuntu/neuron_cache_e2e/neuronxcc-2.23.6484.0+3b612583/MODULE_14060166962429309307+e30acd3a/model.neff
2026-09-09 09:21:08.000519:  152942  [INFO]: Using a cached neff at /home/ubuntu/neuron_cache_e2e/neuronxcc-2.23.6484.0+3b612583/MODULE_9156856424950103227+e30acd3a/model.neff
2026-09-09 09:21:08.000537:  152943  [INFO]: Using a cached neff at /home/ubuntu/neuron_cache_e2e/neuronxcc-2.23.6484.0+3b612583/MODULE_9156856424950103227+e30acd3a/model.neff
2026-09-09 09:21:08.000544:  152927  [INFO]: Using a cached neff at /home/ubuntu/neuron_cache_e2e/neuronxcc-2.23.6484.0+3b612583/MODULE_9156856424950103227+e30acd3a/model.neff
2026-09-09 09:21:08.000563:  152926  [INFO]: Using a cached neff at /home/ubuntu/neuron_cache_e2e/neuronxcc-2.23.6484.0+3b612583/MODULE_9156856424950103227+e30acd3a/model.neff
2026-09-09 09:21:08.000581:  152929  [INFO]: Using a cached neff at /home/ubuntu/neuron_cache_e2e/neuronxcc-2.23.6484.0+3b612583/MODULE_6795776154388623675+e30acd3a/model.neff
2026-09-09 09:21:08.000588:  152938  [INFO]: Using a cached neff at /home/ubuntu/neuron_cache_e2e/neuronxcc-2.23.6484.0+3b612583/MODULE_9156856424950103227+e30acd3a/model.neff
2026-09-09 09:21:08.000600:  152944  [INFO]: Using a cached neff at /home/ubuntu/neuron_cache_e2e/neuronxcc-2.23.6484.0+3b612583/MODULE_9156856424950103227+e30acd3a/model.neff
2026-09-09 09:21:08.000635:  152929  [INFO]: Using a cached neff at /home/ubuntu/neuron_cache_e2e/neuronxcc-2.23.6484.0+3b612583/MODULE_6773386797833768649+e30acd3a/model.neff
2026-09-09 09:21:08.000677:  152929  [INFO]: Using a cached neff at /home/ubuntu/neuron_cache_e2e/neuronxcc-2.23.6484.0+3b612583/MODULE_14849796531781449780+e30acd3a/model.neff
2026-09-09 09:21:08.000717:  152929  [INFO]: Using a cached neff at /home/ubuntu/neuron_cache_e2e/neuronxcc-2.23.6484.0+3b612583/MODULE_15914079002818025199+e30acd3a/model.neff
2026-09-09 09:21:08.000726:  152922  [INFO]: Using a cached neff at /home/ubuntu/neuron_cache_e2e/neuronxcc-2.23.6484.0+3b612583/MODULE_5822669904513104586+e30acd3a/model.neff
2026-09-09 09:21:08.000754:  152929  [INFO]: Using a cached neff at /home/ubuntu/neuron_cache_e2e/neuronxcc-2.23.6484.0+3b612583/MODULE_13744807807430301687+e30acd3a/model.neff
2026-09-09 09:21:08.000763:  152922  [INFO]: Using a cached neff at /home/ubuntu/neuron_cache_e2e/neuronxcc-2.23.6484.0+3b612583/MODULE_2373622694781085304+e30acd3a/model.neff
/home/ubuntu/train_llama10b_tp_families.py:645: DeprecationWarning: Use torch_xla.sync instead
  xm.mark_step()   # slice: copy-back done
2026-09-09 09:21:08.000784:  152929  [INFO]: Using a cached neff at /home/ubuntu/neuron_cache_e2e/neuronxcc-2.23.6484.0+3b612583/MODULE_15427396631935572758+e30acd3a/model.neff
2026-09-09 09:21:08.000800:  152922  [INFO]: Using a cached neff at /home/ubuntu/neuron_cache_e2e/neuronxcc-2.23.6484.0+3b612583/MODULE_15546749088224118202+e30acd3a/model.neff
/home/ubuntu/train_llama10b_tp_families.py:653: DeprecationWarning: Use torch_xla.sync instead
  xm.mark_step()
2026-09-09 09:21:08.000837:  152922  [INFO]: Using a cached neff at /home/ubuntu/neuron_cache_e2e/neuronxcc-2.23.6484.0+3b612583/MODULE_6795776154388623675+e30acd3a/model.neff
2026-09-09 09:21:08.000889:  152922  [INFO]: Using a cached neff at /home/ubuntu/neuron_cache_e2e/neuronxcc-2.23.6484.0+3b612583/MODULE_6773386797833768649+e30acd3a/model.neff
2026-09-09 09:21:08.000935:  152929  [INFO]: Using a cached neff at /home/ubuntu/neuron_cache_e2e/neuronxcc-2.23.6484.0+3b612583/MODULE_256651043009643160+e30acd3a/model.neff
2026-09-09 09:21:08.000936:  152922  [INFO]: Using a cached neff at /home/ubuntu/neuron_cache_e2e/neuronxcc-2.23.6484.0+3b612583/MODULE_14849796531781449780+e30acd3a/model.neff
2026-09-09 09:21:08.000975:  152922  [INFO]: Using a cached neff at /home/ubuntu/neuron_cache_e2e/neuronxcc-2.23.6484.0+3b612583/MODULE_15914079002818025199+e30acd3a/model.neff
2026-09-09 09:21:09.000009:  152922  [INFO]: Using a cached neff at /home/ubuntu/neuron_cache_e2e/neuronxcc-2.23.6484.0+3b612583/MODULE_13744807807430301687+e30acd3a/model.neff
/home/ubuntu/train_llama10b_tp_families.py:645: DeprecationWarning: Use torch_xla.sync instead
  xm.mark_step()   # slice: copy-back done
2026-09-09 09:21:09.000034:  152929  [INFO]: Using a cached neff at /home/ubuntu/neuron_cache_e2e/neuronxcc-2.23.6484.0+3b612583/MODULE_14874200043798254035+e30acd3a/model.neff
2026-09-09 09:21:09.000041:  152922  [INFO]: Using a cached neff at /home/ubuntu/neuron_cache_e2e/neuronxcc-2.23.6484.0+3b612583/MODULE_15427396631935572758+e30acd3a/model.neff
/home/ubuntu/train_llama10b_tp_families.py:653: DeprecationWarning: Use torch_xla.sync instead
  xm.mark_step()
2026-09-09 09:21:09.000144:  152937  [INFO]: Using a cached neff at /home/ubuntu/neuron_cache_e2e/neuronxcc-2.23.6484.0+3b612583/MODULE_5822669904513104586+e30acd3a/model.neff
2026-09-09 09:21:09.000181:  152937  [INFO]: Using a cached neff at /home/ubuntu/neuron_cache_e2e/neuronxcc-2.23.6484.0+3b612583/MODULE_2373622694781085304+e30acd3a/model.neff
2026-09-09 09:21:09.000193:  152922  [INFO]: Using a cached neff at /home/ubuntu/neuron_cache_e2e/neuronxcc-2.23.6484.0+3b612583/MODULE_256651043009643160+e30acd3a/model.neff
2026-09-09 09:21:09.000217:  152937  [INFO]: Using a cached neff at /home/ubuntu/neuron_cache_e2e/neuronxcc-2.23.6484.0+3b612583/MODULE_15546749088224118202+e30acd3a/model.neff
2026-09-09 09:21:09.000235:  152950  [INFO]: Using a cached neff at /home/ubuntu/neuron_cache_e2e/neuronxcc-2.23.6484.0+3b612583/MODULE_5822669904513104586+e30acd3a/model.neff
2026-09-09 09:21:09.000245:  152921  [INFO]: Using a cached neff at /home/ubuntu/neuron_cache_e2e/neuronxcc-2.23.6484.0+3b612583/MODULE_5822669904513104586+e30acd3a/model.neff
2026-09-09 09:21:09.000256:  152937  [INFO]: Using a cached neff at /home/ubuntu/neuron_cache_e2e/neuronxcc-2.23.6484.0+3b612583/MODULE_6795776154388623675+e30acd3a/model.neff
2026-09-09 09:21:09.000275:  152950  [INFO]: Using a cached neff at /home/ubuntu/neuron_cache_e2e/neuronxcc-2.23.6484.0+3b612583/MODULE_2373622694781085304+e30acd3a/model.neff
2026-09-09 09:21:09.000289:  152922  [INFO]: Using a cached neff at /home/ubuntu/neuron_cache_e2e/neuronxcc-2.23.6484.0+3b612583/MODULE_14874200043798254035+e30acd3a/model.neff
2026-09-09 09:21:09.000290:  152921  [INFO]: Using a cached neff at /home/ubuntu/neuron_cache_e2e/neuronxcc-2.23.6484.0+3b612583/MODULE_2373622694781085304+e30acd3a/model.neff
2026-09-09 09:21:09.000296:  152924  [INFO]: Using a cached neff at /home/ubuntu/neuron_cache_e2e/neuronxcc-2.23.6484.0+3b612583/MODULE_5822669904513104586+e30acd3a/model.neff
2026-09-09 09:21:09.000306:  152937  [INFO]: Using a cached neff at /home/ubuntu/neuron_cache_e2e/neuronxcc-2.23.6484.0+3b612583/MODULE_6773386797833768649+e30acd3a/model.neff
2026-09-09 09:21:09.000312:  152950  [INFO]: Using a cached neff at /home/ubuntu/neuron_cache_e2e/neuronxcc-2.23.6484.0+3b612583/MODULE_15546749088224118202+e30acd3a/model.neff
2026-09-09 09:21:09.000316:  152932  [INFO]: Using a cached neff at /home/ubuntu/neuron_cache_e2e/neuronxcc-2.23.6484.0+3b612583/MODULE_5822669904513104586+e30acd3a/model.neff
2026-09-09 09:21:09.000327:  152930  [INFO]: Using a cached neff at /home/ubuntu/neuron_cache_e2e/neuronxcc-2.23.6484.0+3b612583/MODULE_5822669904513104586+e30acd3a/model.neff
2026-09-09 09:21:09.000334:  152924  [INFO]: Using a cached neff at /home/ubuntu/neuron_cache_e2e/neuronxcc-2.23.6484.0+3b612583/MODULE_2373622694781085304+e30acd3a/model.neff
2026-09-09 09:21:09.000334:  152921  [INFO]: Using a cached neff at /home/ubuntu/neuron_cache_e2e/neuronxcc-2.23.6484.0+3b612583/MODULE_15546749088224118202+e30acd3a/model.neff
2026-09-09 09:21:09.000342:  152931  [INFO]: Using a cached neff at /home/ubuntu/neuron_cache_e2e/neuronxcc-2.23.6484.0+3b612583/MODULE_5822669904513104586+e30acd3a/model.neff
2026-09-09 09:21:09.000345:  152951  [INFO]: Using a cached neff at /home/ubuntu/neuron_cache_e2e/neuronxcc-2.23.6484.0+3b612583/MODULE_5822669904513104586+e30acd3a/model.neff
2026-09-09 09:21:09.000352:  152950  [INFO]: Using a cached neff at /home/ubuntu/neuron_cache_e2e/neuronxcc-2.23.6484.0+3b612583/MODULE_6795776154388623675+e30acd3a/model.neff
2026-09-09 09:21:09.000353:  152937  [INFO]: Using a cached neff at /home/ubuntu/neuron_cache_e2e/neuronxcc-2.23.6484.0+3b612583/MODULE_14849796531781449780+e30acd3a/model.neff
2026-09-09 09:21:09.000354:  152932  [INFO]: Using a cached neff at /home/ubuntu/neuron_cache_e2e/neuronxcc-2.23.6484.0+3b612583/MODULE_2373622694781085304+e30acd3a/model.neff
2026-09-09 09:21:09.000357:  152923  [INFO]: Using a cached neff at /home/ubuntu/neuron_cache_e2e/neuronxcc-2.23.6484.0+3b612583/MODULE_5822669904513104586+e30acd3a/model.neff
2026-09-09 09:21:09.000365:  152930  [INFO]: Using a cached neff at /home/ubuntu/neuron_cache_e2e/neuronxcc-2.23.6484.0+3b612583/MODULE_2373622694781085304+e30acd3a/model.neff
2026-09-09 09:21:09.000368:  152924  [INFO]: Using a cached neff at /home/ubuntu/neuron_cache_e2e/neuronxcc-2.23.6484.0+3b612583/MODULE_15546749088224118202+e30acd3a/model.neff
2026-09-09 09:21:09.000377:  152931  [INFO]: Using a cached neff at /home/ubuntu/neuron_cache_e2e/neuronxcc-2.23.6484.0+3b612583/MODULE_2373622694781085304+e30acd3a/model.neff
2026-09-09 09:21:09.000380:  152921  [INFO]: Using a cached neff at /home/ubuntu/neuron_cache_e2e/neuronxcc-2.23.6484.0+3b612583/MODULE_6795776154388623675+e30acd3a/model.neff
2026-09-09 09:21:09.000381:  152934  [INFO]: Using a cached neff at /home/ubuntu/neuron_cache_e2e/neuronxcc-2.23.6484.0+3b612583/MODULE_5822669904513104586+e30acd3a/model.neff
2026-09-09 09:21:09.000383:  152951  [INFO]: Using a cached neff at /home/ubuntu/neuron_cache_e2e/neuronxcc-2.23.6484.0+3b612583/MODULE_2373622694781085304+e30acd3a/model.neff
2026-09-09 09:21:09.000391:  152932  [INFO]: Using a cached neff at /home/ubuntu/neuron_cache_e2e/neuronxcc-2.23.6484.0+3b612583/MODULE_15546749088224118202+e30acd3a/model.neff
2026-09-09 09:21:09.000391:  152923  [INFO]: Using a cached neff at /home/ubuntu/neuron_cache_e2e/neuronxcc-2.23.6484.0+3b612583/MODULE_2373622694781085304+e30acd3a/model.neff
2026-09-09 09:21:09.000393:  152937  [INFO]: Using a cached neff at /home/ubuntu/neuron_cache_e2e/neuronxcc-2.23.6484.0+3b612583/MODULE_15914079002818025199+e30acd3a/model.neff
2026-09-09 09:21:09.000396:  152939  [INFO]: Using a cached neff at /home/ubuntu/neuron_cache_e2e/neuronxcc-2.23.6484.0+3b612583/MODULE_5822669904513104586+e30acd3a/model.neff
2026-09-09 09:21:09.000399:  152930  [INFO]: Using a cached neff at /home/ubuntu/neuron_cache_e2e/neuronxcc-2.23.6484.0+3b612583/MODULE_15546749088224118202+e30acd3a/model.neff
2026-09-09 09:21:09.000400:  152950  [INFO]: Using a cached neff at /home/ubuntu/neuron_cache_e2e/neuronxcc-2.23.6484.0+3b612583/MODULE_6773386797833768649+e30acd3a/model.neff
2026-09-09 09:21:09.000404:  152925  [INFO]: Using a cached neff at /home/ubuntu/neuron_cache_e2e/neuronxcc-2.23.6484.0+3b612583/MODULE_5822669904513104586+e30acd3a/model.neff
2026-09-09 09:21:09.000404:  152936  [INFO]: Using a cached neff at /home/ubuntu/neuron_cache_e2e/neuronxcc-2.23.6484.0+3b612583/MODULE_5822669904513104586+e30acd3a/model.neff
2026-09-09 09:21:09.000406:  152924  [INFO]: Using a cached neff at /home/ubuntu/neuron_cache_e2e/neuronxcc-2.23.6484.0+3b612583/MODULE_6795776154388623675+e30acd3a/model.neff
2026-09-09 09:21:09.000414:  152931  [INFO]: Using a cached neff at /home/ubuntu/neuron_cache_e2e/neuronxcc-2.23.6484.0+3b612583/MODULE_15546749088224118202+e30acd3a/model.neff
2026-09-09 09:21:09.000421:  152951  [INFO]: Using a cached neff at /home/ubuntu/neuron_cache_e2e/neuronxcc-2.23.6484.0+3b612583/MODULE_15546749088224118202+e30acd3a/model.neff
2026-09-09 09:21:09.000424:  152923  [INFO]: Using a cached neff at /home/ubuntu/neuron_cache_e2e/neuronxcc-2.23.6484.0+3b612583/MODULE_15546749088224118202+e30acd3a/model.neff
2026-09-09 09:21:09.000426:  152934  [INFO]: Using a cached neff at /home/ubuntu/neuron_cache_e2e/neuronxcc-2.23.6484.0+3b612583/MODULE_2373622694781085304+e30acd3a/model.neff
2026-09-09 09:21:09.000428:  152946  [INFO]: Using a cached neff at /home/ubuntu/neuron_cache_e2e/neuronxcc-2.23.6484.0+3b612583/MODULE_5822669904513104586+e30acd3a/model.neff
2026-09-09 09:21:09.000429:  152937  [INFO]: Using a cached neff at /home/ubuntu/neuron_cache_e2e/neuronxcc-2.23.6484.0+3b612583/MODULE_13744807807430301687+e30acd3a/model.neff
2026-09-09 09:21:09.000430:  152933  [INFO]: Using a cached neff at /home/ubuntu/neuron_cache_e2e/neuronxcc-2.23.6484.0+3b612583/MODULE_5822669904513104586+e30acd3a/model.neff
2026-09-09 09:21:09.000431:  152932  [INFO]: Using a cached neff at /home/ubuntu/neuron_cache_e2e/neuronxcc-2.23.6484.0+3b612583/MODULE_6795776154388623675+e30acd3a/model.neff
2026-09-09 09:21:09.000432:  152939  [INFO]: Using a cached neff at /home/ubuntu/neuron_cache_e2e/neuronxcc-2.23.6484.0+3b612583/MODULE_2373622694781085304+e30acd3a/model.neff
2026-09-09 09:21:09.000437:  152921  [INFO]: Using a cached neff at /home/ubuntu/neuron_cache_e2e/neuronxcc-2.23.6484.0+3b612583/MODULE_6773386797833768649+e30acd3a/model.neff
2026-09-09 09:21:09.000438:  152935  [INFO]: Using a cached neff at /home/ubuntu/neuron_cache_e2e/neuronxcc-2.23.6484.0+3b612583/MODULE_5822669904513104586+e30acd3a/model.neff
2026-09-09 09:21:09.000438:  152940  [INFO]: Using a cached neff at /home/ubuntu/neuron_cache_e2e/neuronxcc-2.23.6484.0+3b612583/MODULE_5822669904513104586+e30acd3a/model.neff
2026-09-09 09:21:09.000439:  152930  [INFO]: Using a cached neff at /home/ubuntu/neuron_cache_e2e/neuronxcc-2.23.6484.0+3b612583/MODULE_6795776154388623675+e30acd3a/model.neff
2026-09-09 09:21:09.000440:  152925  [INFO]: Using a cached neff at /home/ubuntu/neuron_cache_e2e/neuronxcc-2.23.6484.0+3b612583/MODULE_2373622694781085304+e30acd3a/model.neff
2026-09-09 09:21:09.000441:  152950  [INFO]: Using a cached neff at /home/ubuntu/neuron_cache_e2e/neuronxcc-2.23.6484.0+3b612583/MODULE_14849796531781449780+e30acd3a/model.neff
2026-09-09 09:21:09.000442:  152936  [INFO]: Using a cached neff at /home/ubuntu/neuron_cache_e2e/neuronxcc-2.23.6484.0+3b612583/MODULE_2373622694781085304+e30acd3a/model.neff
2026-09-09 09:21:09.000452:  152931  [INFO]: Using a cached neff at /home/ubuntu/neuron_cache_e2e/neuronxcc-2.23.6484.0+3b612583/MODULE_6795776154388623675+e30acd3a/model.neff
2026-09-09 09:21:09.000453:  152924  [INFO]: Using a cached neff at /home/ubuntu/neuron_cache_e2e/neuronxcc-2.23.6484.0+3b612583/MODULE_6773386797833768649+e30acd3a/model.neff
/home/ubuntu/train_llama10b_tp_families.py:645: DeprecationWarning: Use torch_xla.sync instead
  xm.mark_step()   # slice: copy-back done
2026-09-09 09:21:09.000460:  152946  [INFO]: Using a cached neff at /home/ubuntu/neuron_cache_e2e/neuronxcc-2.23.6484.0+3b612583/MODULE_2373622694781085304+e30acd3a/model.neff
2026-09-09 09:21:09.000462:  152951  [INFO]: Using a cached neff at /home/ubuntu/neuron_cache_e2e/neuronxcc-2.23.6484.0+3b612583/MODULE_6795776154388623675+e30acd3a/model.neff
2026-09-09 09:21:09.000462:  152937  [INFO]: Using a cached neff at /home/ubuntu/neuron_cache_e2e/neuronxcc-2.23.6484.0+3b612583/MODULE_15427396631935572758+e30acd3a/model.neff
2026-09-09 09:21:09.000464:  152923  [INFO]: Using a cached neff at /home/ubuntu/neuron_cache_e2e/neuronxcc-2.23.6484.0+3b612583/MODULE_6795776154388623675+e30acd3a/model.neff
2026-09-09 09:21:09.000464:  152934  [INFO]: Using a cached neff at /home/ubuntu/neuron_cache_e2e/neuronxcc-2.23.6484.0+3b612583/MODULE_15546749088224118202+e30acd3a/model.neff
2026-09-09 09:21:09.000464:  152941  [INFO]: Using a cached neff at /home/ubuntu/neuron_cache_e2e/neuronxcc-2.23.6484.0+3b612583/MODULE_5822669904513104586+e30acd3a/model.neff
2026-09-09 09:21:09.000464:  152945  [INFO]: Using a cached neff at /home/ubuntu/neuron_cache_e2e/neuronxcc-2.23.6484.0+3b612583/MODULE_5822669904513104586+e30acd3a/model.neff
2026-09-09 09:21:09.000467:  152933  [INFO]: Using a cached neff at /home/ubuntu/neuron_cache_e2e/neuronxcc-2.23.6484.0+3b612583/MODULE_2373622694781085304+e30acd3a/model.neff
2026-09-09 09:21:09.000470:  152938  [INFO]: Using a cached neff at /home/ubuntu/neuron_cache_e2e/neuronxcc-2.23.6484.0+3b612583/MODULE_5822669904513104586+e30acd3a/model.neff
2026-09-09 09:21:09.000472:  152928  [INFO]: Using a cached neff at /home/ubuntu/neuron_cache_e2e/neuronxcc-2.23.6484.0+3b612583/MODULE_5822669904513104586+e30acd3a/model.neff
2026-09-09 09:21:09.000472:  152939  [INFO]: Using a cached neff at /home/ubuntu/neuron_cache_e2e/neuronxcc-2.23.6484.0+3b612583/MODULE_15546749088224118202+e30acd3a/model.neff
2026-09-09 09:21:09.000473:  152925  [INFO]: Using a cached neff at /home/ubuntu/neuron_cache_e2e/neuronxcc-2.23.6484.0+3b612583/MODULE_15546749088224118202+e30acd3a/model.neff
2026-09-09 09:21:09.000474:  152940  [INFO]: Using a cached neff at /home/ubuntu/neuron_cache_e2e/neuronxcc-2.23.6484.0+3b612583/MODULE_2373622694781085304+e30acd3a/model.neff
2026-09-09 09:21:09.000474:  152936  [INFO]: Using a cached neff at /home/ubuntu/neuron_cache_e2e/neuronxcc-2.23.6484.0+3b612583/MODULE_15546749088224118202+e30acd3a/model.neff
2026-09-09 09:21:09.000477:  152935  [INFO]: Using a cached neff at /home/ubuntu/neuron_cache_e2e/neuronxcc-2.23.6484.0+3b612583/MODULE_2373622694781085304+e30acd3a/model.neff
2026-09-09 09:21:09.000478:  152950  [INFO]: Using a cached neff at /home/ubuntu/neuron_cache_e2e/neuronxcc-2.23.6484.0+3b612583/MODULE_15914079002818025199+e30acd3a/model.neff
2026-09-09 09:21:09.000481:  152932  [INFO]: Using a cached neff at /home/ubuntu/neuron_cache_e2e/neuronxcc-2.23.6484.0+3b612583/MODULE_6773386797833768649+e30acd3a/model.neff
2026-09-09 09:21:09.000482:  152947  [INFO]: Using a cached neff at /home/ubuntu/neuron_cache_e2e/neuronxcc-2.23.6484.0+3b612583/MODULE_5822669904513104586+e30acd3a/model.neff
2026-09-09 09:21:09.000483:  152921  [INFO]: Using a cached neff at /home/ubuntu/neuron_cache_e2e/neuronxcc-2.23.6484.0+3b612583/MODULE_14849796531781449780+e30acd3a/model.neff
2026-09-09 09:21:09.000484:  152930  [INFO]: Using a cached neff at /home/ubuntu/neuron_cache_e2e/neuronxcc-2.23.6484.0+3b612583/MODULE_6773386797833768649+e30acd3a/model.neff
/home/ubuntu/train_llama10b_tp_families.py:653: DeprecationWarning: Use torch_xla.sync instead
  xm.mark_step()
2026-09-09 09:21:09.000493:  152946  [INFO]: Using a cached neff at /home/ubuntu/neuron_cache_e2e/neuronxcc-2.23.6484.0+3b612583/MODULE_15546749088224118202+e30acd3a/model.neff
2026-09-09 09:21:09.000496:  152924  [INFO]: Using a cached neff at /home/ubuntu/neuron_cache_e2e/neuronxcc-2.23.6484.0+3b612583/MODULE_14849796531781449780+e30acd3a/model.neff
2026-09-09 09:21:09.000499:  152945  [INFO]: Using a cached neff at /home/ubuntu/neuron_cache_e2e/neuronxcc-2.23.6484.0+3b612583/MODULE_2373622694781085304+e30acd3a/model.neff
2026-09-09 09:21:09.000501:  152933  [INFO]: Using a cached neff at /home/ubuntu/neuron_cache_e2e/neuronxcc-2.23.6484.0+3b612583/MODULE_15546749088224118202+e30acd3a/model.neff
2026-09-09 09:21:09.000504:  152934  [INFO]: Using a cached neff at /home/ubuntu/neuron_cache_e2e/neuronxcc-2.23.6484.0+3b612583/MODULE_6795776154388623675+e30acd3a/model.neff
2026-09-09 09:21:09.000504:  152941  [INFO]: Using a cached neff at /home/ubuntu/neuron_cache_e2e/neuronxcc-2.23.6484.0+3b612583/MODULE_2373622694781085304+e30acd3a/model.neff
2026-09-09 09:21:09.000505:  152931  [INFO]: Using a cached neff at /home/ubuntu/neuron_cache_e2e/neuronxcc-2.23.6484.0+3b612583/MODULE_6773386797833768649+e30acd3a/model.neff
2026-09-09 09:21:09.000505:  152938  [INFO]: Using a cached neff at /home/ubuntu/neuron_cache_e2e/neuronxcc-2.23.6484.0+3b612583/MODULE_2373622694781085304+e30acd3a/model.neff
2026-09-09 09:21:09.000508:  152949  [INFO]: Using a cached neff at /home/ubuntu/neuron_cache_e2e/neuronxcc-2.23.6484.0+3b612583/MODULE_5822669904513104586+e30acd3a/model.neff
2026-09-09 09:21:09.000508:  152925  [INFO]: Using a cached neff at /home/ubuntu/neuron_cache_e2e/neuronxcc-2.23.6484.0+3b612583/MODULE_6795776154388623675+e30acd3a/model.neff
2026-09-09 09:21:09.000508:  152928  [INFO]: Using a cached neff at /home/ubuntu/neuron_cache_e2e/neuronxcc-2.23.6484.0+3b612583/MODULE_2373622694781085304+e30acd3a/model.neff
2026-09-09 09:21:09.000509:  152940  [INFO]: Using a cached neff at /home/ubuntu/neuron_cache_e2e/neuronxcc-2.23.6484.0+3b612583/MODULE_15546749088224118202+e30acd3a/model.neff
2026-09-09 09:21:09.000510:  152923  [INFO]: Using a cached neff at /home/ubuntu/neuron_cache_e2e/neuronxcc-2.23.6484.0+3b612583/MODULE_6773386797833768649+e30acd3a/model.neff
2026-09-09 09:21:09.000511:  152936  [INFO]: Using a cached neff at /home/ubuntu/neuron_cache_e2e/neuronxcc-2.23.6484.0+3b612583/MODULE_6795776154388623675+e30acd3a/model.neff
2026-09-09 09:21:09.000513:  152951  [INFO]: Using a cached neff at /home/ubuntu/neuron_cache_e2e/neuronxcc-2.23.6484.0+3b612583/MODULE_6773386797833768649+e30acd3a/model.neff
2026-09-09 09:21:09.000513:  152939  [INFO]: Using a cached neff at /home/ubuntu/neuron_cache_e2e/neuronxcc-2.23.6484.0+3b612583/MODULE_6795776154388623675+e30acd3a/model.neff
2026-09-09 09:21:09.000515:  152935  [INFO]: Using a cached neff at /home/ubuntu/neuron_cache_e2e/neuronxcc-2.23.6484.0+3b612583/MODULE_15546749088224118202+e30acd3a/model.neff
2026-09-09 09:21:09.000517:  152950  [INFO]: Using a cached neff at /home/ubuntu/neuron_cache_e2e/neuronxcc-2.23.6484.0+3b612583/MODULE_13744807807430301687+e30acd3a/model.neff
2026-09-09 09:21:09.000519:  152927  [INFO]: Using a cached neff at /home/ubuntu/neuron_cache_e2e/neuronxcc-2.23.6484.0+3b612583/MODULE_5822669904513104586+e30acd3a/model.neff
2026-09-09 09:21:09.000519:  152948  [INFO]: Using a cached neff at /home/ubuntu/neuron_cache_e2e/neuronxcc-2.23.6484.0+3b612583/MODULE_5822669904513104586+e30acd3a/model.neff
2026-09-09 09:21:09.000520:  152947  [INFO]: Using a cached neff at /home/ubuntu/neuron_cache_e2e/neuronxcc-2.23.6484.0+3b612583/MODULE_2373622694781085304+e30acd3a/model.neff
2026-09-09 09:21:09.000524:  152921  [INFO]: Using a cached neff at /home/ubuntu/neuron_cache_e2e/neuronxcc-2.23.6484.0+3b612583/MODULE_15914079002818025199+e30acd3a/model.neff
2026-09-09 09:21:09.000525:  152930  [INFO]: Using a cached neff at /home/ubuntu/neuron_cache_e2e/neuronxcc-2.23.6484.0+3b612583/MODULE_14849796531781449780+e30acd3a/model.neff
2026-09-09 09:21:09.000526:  152932  [INFO]: Using a cached neff at /home/ubuntu/neuron_cache_e2e/neuronxcc-2.23.6484.0+3b612583/MODULE_14849796531781449780+e30acd3a/model.neff
2026-09-09 09:21:09.000529:  152946  [INFO]: Using a cached neff at /home/ubuntu/neuron_cache_e2e/neuronxcc-2.23.6484.0+3b612583/MODULE_6795776154388623675+e30acd3a/model.neff
2026-09-09 09:21:09.000531:  152943  [INFO]: Using a cached neff at /home/ubuntu/neuron_cache_e2e/neuronxcc-2.23.6484.0+3b612583/MODULE_5822669904513104586+e30acd3a/model.neff
2026-09-09 09:21:09.000532:  152945  [INFO]: Using a cached neff at /home/ubuntu/neuron_cache_e2e/neuronxcc-2.23.6484.0+3b612583/MODULE_15546749088224118202+e30acd3a/model.neff
2026-09-09 09:21:09.000533:  152924  [INFO]: Using a cached neff at /home/ubuntu/neuron_cache_e2e/neuronxcc-2.23.6484.0+3b612583/MODULE_15914079002818025199+e30acd3a/model.neff
2026-09-09 09:21:09.000534:  152944  [INFO]: Using a cached neff at /home/ubuntu/neuron_cache_e2e/neuronxcc-2.23.6484.0+3b612583/MODULE_5822669904513104586+e30acd3a/model.neff
2026-09-09 09:21:09.000540:  152941  [INFO]: Using a cached neff at /home/ubuntu/neuron_cache_e2e/neuronxcc-2.23.6484.0+3b612583/MODULE_15546749088224118202+e30acd3a/model.neff
2026-09-09 09:21:09.000540:  152933  [INFO]: Using a cached neff at /home/ubuntu/neuron_cache_e2e/neuronxcc-2.23.6484.0+3b612583/MODULE_6795776154388623675+e30acd3a/model.neff
2026-09-09 09:21:09.000541:  152938  [INFO]: Using a cached neff at /home/ubuntu/neuron_cache_e2e/neuronxcc-2.23.6484.0+3b612583/MODULE_15546749088224118202+e30acd3a/model.neff
2026-09-09 09:21:09.000542:  152949  [INFO]: Using a cached neff at /home/ubuntu/neuron_cache_e2e/neuronxcc-2.23.6484.0+3b612583/MODULE_2373622694781085304+e30acd3a/model.neff
2026-09-09 09:21:09.000544:  152928  [INFO]: Using a cached neff at /home/ubuntu/neuron_cache_e2e/neuronxcc-2.23.6484.0+3b612583/MODULE_15546749088224118202+e30acd3a/model.neff
/home/ubuntu/train_llama10b_tp_families.py:645: DeprecationWarning: Use torch_xla.sync instead
  xm.mark_step()   # slice: copy-back done
2026-09-09 09:21:09.000548:  152940  [INFO]: Using a cached neff at /home/ubuntu/neuron_cache_e2e/neuronxcc-2.23.6484.0+3b612583/MODULE_6795776154388623675+e30acd3a/model.neff
2026-09-09 09:21:09.000552:  152931  [INFO]: Using a cached neff at /home/ubuntu/neuron_cache_e2e/neuronxcc-2.23.6484.0+3b612583/MODULE_14849796531781449780+e30acd3a/model.neff
2026-09-09 09:21:09.000552:  152927  [INFO]: Using a cached neff at /home/ubuntu/neuron_cache_e2e/neuronxcc-2.23.6484.0+3b612583/MODULE_2373622694781085304+e30acd3a/model.neff
2026-09-09 09:21:09.000553:  152947  [INFO]: Using a cached neff at /home/ubuntu/neuron_cache_e2e/neuronxcc-2.23.6484.0+3b612583/MODULE_15546749088224118202+e30acd3a/model.neff
2026-09-09 09:21:09.000554:  152950  [INFO]: Using a cached neff at /home/ubuntu/neuron_cache_e2e/neuronxcc-2.23.6484.0+3b612583/MODULE_15427396631935572758+e30acd3a/model.neff
2026-09-09 09:21:09.000555:  152925  [INFO]: Using a cached neff at /home/ubuntu/neuron_cache_e2e/neuronxcc-2.23.6484.0+3b612583/MODULE_6773386797833768649+e30acd3a/model.neff
2026-09-09 09:21:09.000555:  152942  [INFO]: Using a cached neff at /home/ubuntu/neuron_cache_e2e/neuronxcc-2.23.6484.0+3b612583/MODULE_5822669904513104586+e30acd3a/model.neff
2026-09-09 09:21:09.000555:  152934  [INFO]: Using a cached neff at /home/ubuntu/neuron_cache_e2e/neuronxcc-2.23.6484.0+3b612583/MODULE_6773386797833768649+e30acd3a/model.neff
2026-09-09 09:21:09.000556:  152951  [INFO]: Using a cached neff at /home/ubuntu/neuron_cache_e2e/neuronxcc-2.23.6484.0+3b612583/MODULE_14849796531781449780+e30acd3a/model.neff
2026-09-09 09:21:09.000556:  152923  [INFO]: Using a cached neff at /home/ubuntu/neuron_cache_e2e/neuronxcc-2.23.6484.0+3b612583/MODULE_14849796531781449780+e30acd3a/model.neff
2026-09-09 09:21:09.000557:  152935  [INFO]: Using a cached neff at /home/ubuntu/neuron_cache_e2e/neuronxcc-2.23.6484.0+3b612583/MODULE_6795776154388623675+e30acd3a/model.neff
2026-09-09 09:21:09.000559:  152936  [INFO]: Using a cached neff at /home/ubuntu/neuron_cache_e2e/neuronxcc-2.23.6484.0+3b612583/MODULE_6773386797833768649+e30acd3a/model.neff
2026-09-09 09:21:09.000559:  152926  [INFO]: Using a cached neff at /home/ubuntu/neuron_cache_e2e/neuronxcc-2.23.6484.0+3b612583/MODULE_5822669904513104586+e30acd3a/model.neff
2026-09-09 09:21:09.000559:  152952  [INFO]: Using a cached neff at /home/ubuntu/neuron_cache_e2e/neuronxcc-2.23.6484.0+3b612583/MODULE_5822669904513104586+e30acd3a/model.neff
2026-09-09 09:21:09.000561:  152932  [INFO]: Using a cached neff at /home/ubuntu/neuron_cache_e2e/neuronxcc-2.23.6484.0+3b612583/MODULE_15914079002818025199+e30acd3a/model.neff
2026-09-09 09:21:09.000561:  152948  [INFO]: Using a cached neff at /home/ubuntu/neuron_cache_e2e/neuronxcc-2.23.6484.0+3b612583/MODULE_2373622694781085304+e30acd3a/model.neff
2026-09-09 09:21:09.000562:  152930  [INFO]: Using a cached neff at /home/ubuntu/neuron_cache_e2e/neuronxcc-2.23.6484.0+3b612583/MODULE_15914079002818025199+e30acd3a/model.neff
2026-09-09 09:21:09.000562:  152921  [INFO]: Using a cached neff at /home/ubuntu/neuron_cache_e2e/neuronxcc-2.23.6484.0+3b612583/MODULE_13744807807430301687+e30acd3a/model.neff
2026-09-09 09:21:09.000565:  152943  [INFO]: Using a cached neff at /home/ubuntu/neuron_cache_e2e/neuronxcc-2.23.6484.0+3b612583/MODULE_2373622694781085304+e30acd3a/model.neff
2026-09-09 09:21:09.000567:  152924  [INFO]: Using a cached neff at /home/ubuntu/neuron_cache_e2e/neuronxcc-2.23.6484.0+3b612583/MODULE_13744807807430301687+e30acd3a/model.neff
2026-09-09 09:21:09.000568:  152945  [INFO]: Using a cached neff at /home/ubuntu/neuron_cache_e2e/neuronxcc-2.23.6484.0+3b612583/MODULE_6795776154388623675+e30acd3a/model.neff
2026-09-09 09:21:09.000570:  152939  [INFO]: Using a cached neff at /home/ubuntu/neuron_cache_e2e/neuronxcc-2.23.6484.0+3b612583/MODULE_6773386797833768649+e30acd3a/model.neff
2026-09-09 09:21:09.000571:  152944  [INFO]: Using a cached neff at /home/ubuntu/neuron_cache_e2e/neuronxcc-2.23.6484.0+3b612583/MODULE_2373622694781085304+e30acd3a/model.neff
2026-09-09 09:21:09.000573:  152946  [INFO]: Using a cached neff at /home/ubuntu/neuron_cache_e2e/neuronxcc-2.23.6484.0+3b612583/MODULE_6773386797833768649+e30acd3a/model.neff
2026-09-09 09:21:09.000574:  152949  [INFO]: Using a cached neff at /home/ubuntu/neuron_cache_e2e/neuronxcc-2.23.6484.0+3b612583/MODULE_15546749088224118202+e30acd3a/model.neff
2026-09-09 09:21:09.000577:  152941  [INFO]: Using a cached neff at /home/ubuntu/neuron_cache_e2e/neuronxcc-2.23.6484.0+3b612583/MODULE_6795776154388623675+e30acd3a/model.neff
2026-09-09 09:21:09.000582:  152938  [INFO]: Using a cached neff at /home/ubuntu/neuron_cache_e2e/neuronxcc-2.23.6484.0+3b612583/MODULE_6795776154388623675+e30acd3a/model.neff
/home/ubuntu/train_llama10b_tp_families.py:653: DeprecationWarning: Use torch_xla.sync instead
  xm.mark_step()
/home/ubuntu/train_llama10b_tp_families.py:645: DeprecationWarning: Use torch_xla.sync instead
  xm.mark_step()   # slice: copy-back done
/home/ubuntu/train_llama10b_tp_families.py:645: DeprecationWarning: Use torch_xla.sync instead
  xm.mark_step()   # slice: copy-back done
2026-09-09 09:21:09.000594:  152928  [INFO]: Using a cached neff at /home/ubuntu/neuron_cache_e2e/neuronxcc-2.23.6484.0+3b612583/MODULE_6795776154388623675+e30acd3a/model.neff
2026-09-09 09:21:09.000603:  152933  [INFO]: Using a cached neff at /home/ubuntu/neuron_cache_e2e/neuronxcc-2.23.6484.0+3b612583/MODULE_6773386797833768649+e30acd3a/model.neff
2026-09-09 09:21:09.000615:  152947  [INFO]: Using a cached neff at /home/ubuntu/neuron_cache_e2e/neuronxcc-2.23.6484.0+3b612583/MODULE_6795776154388623675+e30acd3a/model.neff
2026-09-09 09:21:09.000618:  152927  [INFO]: Using a cached neff at /home/ubuntu/neuron_cache_e2e/neuronxcc-2.23.6484.0+3b612583/MODULE_15546749088224118202+e30acd3a/model.neff
2026-09-09 09:21:09.000629:  152942  [INFO]: Using a cached neff at /home/ubuntu/neuron_cache_e2e/neuronxcc-2.23.6484.0+3b612583/MODULE_2373622694781085304+e30acd3a/model.neff
2026-09-09 09:21:09.000630:  152931  [INFO]: Using a cached neff at /home/ubuntu/neuron_cache_e2e/neuronxcc-2.23.6484.0+3b612583/MODULE_15914079002818025199+e30acd3a/model.neff
2026-09-09 09:21:09.000631:  152951  [INFO]: Using a cached neff at /home/ubuntu/neuron_cache_e2e/neuronxcc-2.23.6484.0+3b612583/MODULE_15914079002818025199+e30acd3a/model.neff
2026-09-09 09:21:09.000641:  152925  [INFO]: Using a cached neff at /home/ubuntu/neuron_cache_e2e/neuronxcc-2.23.6484.0+3b612583/MODULE_14849796531781449780+e30acd3a/model.neff
2026-09-09 09:21:09.000653:  152934  [INFO]: Using a cached neff at /home/ubuntu/neuron_cache_e2e/neuronxcc-2.23.6484.0+3b612583/MODULE_14849796531781449780+e30acd3a/model.neff
2026-09-09 09:21:09.000654:  152952  [INFO]: Using a cached neff at /home/ubuntu/neuron_cache_e2e/neuronxcc-2.23.6484.0+3b612583/MODULE_2373622694781085304+e30acd3a/model.neff
2026-09-09 09:21:09.000664:  152937  [INFO]: Using a cached neff at /home/ubuntu/neuron_cache_e2e/neuronxcc-2.23.6484.0+3b612583/MODULE_256651043009643160+e30acd3a/model.neff
2026-09-09 09:21:09.000670:  152932  [INFO]: Using a cached neff at /home/ubuntu/neuron_cache_e2e/neuronxcc-2.23.6484.0+3b612583/MODULE_13744807807430301687+e30acd3a/model.neff
2026-09-09 09:21:09.000677:  152923  [INFO]: Using a cached neff at /home/ubuntu/neuron_cache_e2e/neuronxcc-2.23.6484.0+3b612583/MODULE_15914079002818025199+e30acd3a/model.neff
2026-09-09 09:21:09.000681:  152926  [INFO]: Using a cached neff at /home/ubuntu/neuron_cache_e2e/neuronxcc-2.23.6484.0+3b612583/MODULE_2373622694781085304+e30acd3a/model.neff
/home/ubuntu/train_llama10b_tp_families.py:645: DeprecationWarning: Use torch_xla.sync instead
  xm.mark_step()   # slice: copy-back done
2026-09-09 09:21:09.000702:  152930  [INFO]: Using a cached neff at /home/ubuntu/neuron_cache_e2e/neuronxcc-2.23.6484.0+3b612583/MODULE_13744807807430301687+e30acd3a/model.neff
2026-09-09 09:21:09.000707:  152931  [INFO]: Using a cached neff at /home/ubuntu/neuron_cache_e2e/neuronxcc-2.23.6484.0+3b612583/MODULE_13744807807430301687+e30acd3a/model.neff
2026-09-09 09:21:09.000709:  152940  [INFO]: Using a cached neff at /home/ubuntu/neuron_cache_e2e/neuronxcc-2.23.6484.0+3b612583/MODULE_6773386797833768649+e30acd3a/model.neff
2026-09-09 09:21:09.000714:  152936  [INFO]: Using a cached neff at /home/ubuntu/neuron_cache_e2e/neuronxcc-2.23.6484.0+3b612583/MODULE_14849796531781449780+e30acd3a/model.neff
2026-09-09 09:21:09.000725:  152948  [INFO]: Using a cached neff at /home/ubuntu/neuron_cache_e2e/neuronxcc-2.23.6484.0+3b612583/MODULE_15546749088224118202+e30acd3a/model.neff
2026-09-09 09:21:09.000729:  152921  [INFO]: Using a cached neff at /home/ubuntu/neuron_cache_e2e/neuronxcc-2.23.6484.0+3b612583/MODULE_15427396631935572758+e30acd3a/model.neff
2026-09-09 09:21:09.000730:  152943  [INFO]: Using a cached neff at /home/ubuntu/neuron_cache_e2e/neuronxcc-2.23.6484.0+3b612583/MODULE_15546749088224118202+e30acd3a/model.neff
2026-09-09 09:21:09.000731:  152944  [INFO]: Using a cached neff at /home/ubuntu/neuron_cache_e2e/neuronxcc-2.23.6484.0+3b612583/MODULE_15546749088224118202+e30acd3a/model.neff
/home/ubuntu/train_llama10b_tp_families.py:645: DeprecationWarning: Use torch_xla.sync instead
  xm.mark_step()   # slice: copy-back done
2026-09-09 09:21:09.000736:  152924  [INFO]: Using a cached neff at /home/ubuntu/neuron_cache_e2e/neuronxcc-2.23.6484.0+3b612583/MODULE_15427396631935572758+e30acd3a/model.neff
/home/ubuntu/train_llama10b_tp_families.py:645: DeprecationWarning: Use torch_xla.sync instead
  xm.mark_step()   # slice: copy-back done
/home/ubuntu/train_llama10b_tp_families.py:653: DeprecationWarning: Use torch_xla.sync instead
  xm.mark_step()
2026-09-09 09:21:09.000758:  152935  [INFO]: Using a cached neff at /home/ubuntu/neuron_cache_e2e/neuronxcc-2.23.6484.0+3b612583/MODULE_6773386797833768649+e30acd3a/model.neff
2026-09-09 09:21:09.000766:  152949  [INFO]: Using a cached neff at /home/ubuntu/neuron_cache_e2e/neuronxcc-2.23.6484.0+3b612583/MODULE_6795776154388623675+e30acd3a/model.neff
/home/ubuntu/train_llama10b_tp_families.py:653: DeprecationWarning: Use torch_xla.sync instead
  xm.mark_step()
2026-09-09 09:21:09.000768:  152946  [INFO]: Using a cached neff at /home/ubuntu/neuron_cache_e2e/neuronxcc-2.23.6484.0+3b612583/MODULE_14849796531781449780+e30acd3a/model.neff
2026-09-09 09:21:09.000778:  152945  [INFO]: Using a cached neff at /home/ubuntu/neuron_cache_e2e/neuronxcc-2.23.6484.0+3b612583/MODULE_6773386797833768649+e30acd3a/model.neff
2026-09-09 09:21:09.000791:  152941  [INFO]: Using a cached neff at /home/ubuntu/neuron_cache_e2e/neuronxcc-2.23.6484.0+3b612583/MODULE_6773386797833768649+e30acd3a/model.neff
2026-09-09 09:21:09.000795:  152939  [INFO]: Using a cached neff at /home/ubuntu/neuron_cache_e2e/neuronxcc-2.23.6484.0+3b612583/MODULE_14849796531781449780+e30acd3a/model.neff
2026-09-09 09:21:09.000810:  152938  [INFO]: Using a cached neff at /home/ubuntu/neuron_cache_e2e/neuronxcc-2.23.6484.0+3b612583/MODULE_6773386797833768649+e30acd3a/model.neff
2026-09-09 09:21:09.000816:  152928  [INFO]: Using a cached neff at /home/ubuntu/neuron_cache_e2e/neuronxcc-2.23.6484.0+3b612583/MODULE_6773386797833768649+e30acd3a/model.neff
2026-09-09 09:21:09.000831:  152933  [INFO]: Using a cached neff at /home/ubuntu/neuron_cache_e2e/neuronxcc-2.23.6484.0+3b612583/MODULE_14849796531781449780+e30acd3a/model.neff
2026-09-09 09:21:09.000841:  152927  [INFO]: Using a cached neff at /home/ubuntu/neuron_cache_e2e/neuronxcc-2.23.6484.0+3b612583/MODULE_6795776154388623675+e30acd3a/model.neff
2026-09-09 09:21:09.000846:  152947  [INFO]: Using a cached neff at /home/ubuntu/neuron_cache_e2e/neuronxcc-2.23.6484.0+3b612583/MODULE_6773386797833768649+e30acd3a/model.neff
2026-09-09 09:21:09.000851:  152942  [INFO]: Using a cached neff at /home/ubuntu/neuron_cache_e2e/neuronxcc-2.23.6484.0+3b612583/MODULE_15546749088224118202+e30acd3a/model.neff
2026-09-09 09:21:09.000860:  152951  [INFO]: Using a cached neff at /home/ubuntu/neuron_cache_e2e/neuronxcc-2.23.6484.0+3b612583/MODULE_13744807807430301687+e30acd3a/model.neff
2026-09-09 09:21:09.000862:  152925  [INFO]: Using a cached neff at /home/ubuntu/neuron_cache_e2e/neuronxcc-2.23.6484.0+3b612583/MODULE_15914079002818025199+e30acd3a/model.neff
2026-09-09 09:21:09.000870:  152952  [INFO]: Using a cached neff at /home/ubuntu/neuron_cache_e2e/neuronxcc-2.23.6484.0+3b612583/MODULE_15546749088224118202+e30acd3a/model.neff
2026-09-09 09:21:09.000875:  152934  [INFO]: Using a cached neff at /home/ubuntu/neuron_cache_e2e/neuronxcc-2.23.6484.0+3b612583/MODULE_15914079002818025199+e30acd3a/model.neff
2026-09-09 09:21:09.000878:  152932  [INFO]: Using a cached neff at /home/ubuntu/neuron_cache_e2e/neuronxcc-2.23.6484.0+3b612583/MODULE_15427396631935572758+e30acd3a/model.neff
2026-09-09 09:21:09.000881:  152950  [INFO]: Using a cached neff at /home/ubuntu/neuron_cache_e2e/neuronxcc-2.23.6484.0+3b612583/MODULE_256651043009643160+e30acd3a/model.neff
2026-09-09 09:21:09.000888:  152926  [INFO]: Using a cached neff at /home/ubuntu/neuron_cache_e2e/neuronxcc-2.23.6484.0+3b612583/MODULE_15546749088224118202+e30acd3a/model.neff
/home/ubuntu/train_llama10b_tp_families.py:645: DeprecationWarning: Use torch_xla.sync instead
  xm.mark_step()   # slice: copy-back done
2026-09-09 09:21:09.000894:  152930  [INFO]: Using a cached neff at /home/ubuntu/neuron_cache_e2e/neuronxcc-2.23.6484.0+3b612583/MODULE_15427396631935572758+e30acd3a/model.neff
2026-09-09 09:21:09.000897:  152923  [INFO]: Using a cached neff at /home/ubuntu/neuron_cache_e2e/neuronxcc-2.23.6484.0+3b612583/MODULE_13744807807430301687+e30acd3a/model.neff
2026-09-09 09:21:09.000899:  152931  [INFO]: Using a cached neff at /home/ubuntu/neuron_cache_e2e/neuronxcc-2.23.6484.0+3b612583/MODULE_15427396631935572758+e30acd3a/model.neff
/home/ubuntu/train_llama10b_tp_families.py:653: DeprecationWarning: Use torch_xla.sync instead
  xm.mark_step()
2026-09-09 09:21:09.000922:  152936  [INFO]: Using a cached neff at /home/ubuntu/neuron_cache_e2e/neuronxcc-2.23.6484.0+3b612583/MODULE_15914079002818025199+e30acd3a/model.neff
/home/ubuntu/train_llama10b_tp_families.py:645: DeprecationWarning: Use torch_xla.sync instead
  xm.mark_step()   # slice: copy-back done
2026-09-09 09:21:09.000925:  152940  [INFO]: Using a cached neff at /home/ubuntu/neuron_cache_e2e/neuronxcc-2.23.6484.0+3b612583/MODULE_14849796531781449780+e30acd3a/model.neff
/home/ubuntu/train_llama10b_tp_families.py:653: DeprecationWarning: Use torch_xla.sync instead
  xm.mark_step()
2026-09-09 09:21:09.000935:  152948  [INFO]: Using a cached neff at /home/ubuntu/neuron_cache_e2e/neuronxcc-2.23.6484.0+3b612583/MODULE_6795776154388623675+e30acd3a/model.neff
/home/ubuntu/train_llama10b_tp_families.py:653: DeprecationWarning: Use torch_xla.sync instead
  xm.mark_step()
2026-09-09 09:21:09.000945:  152937  [INFO]: Using a cached neff at /home/ubuntu/neuron_cache_e2e/neuronxcc-2.23.6484.0+3b612583/MODULE_14874200043798254035+e30acd3a/model.neff
2026-09-09 09:21:09.000945:  152944  [INFO]: Using a cached neff at /home/ubuntu/neuron_cache_e2e/neuronxcc-2.23.6484.0+3b612583/MODULE_6795776154388623675+e30acd3a/model.neff
2026-09-09 09:21:09.000948:  152943  [INFO]: Using a cached neff at /home/ubuntu/neuron_cache_e2e/neuronxcc-2.23.6484.0+3b612583/MODULE_6795776154388623675+e30acd3a/model.neff
2026-09-09 09:21:09.000959:  152935  [INFO]: Using a cached neff at /home/ubuntu/neuron_cache_e2e/neuronxcc-2.23.6484.0+3b612583/MODULE_14849796531781449780+e30acd3a/model.neff
2026-09-09 09:21:09.000970:  152949  [INFO]: Using a cached neff at /home/ubuntu/neuron_cache_e2e/neuronxcc-2.23.6484.0+3b612583/MODULE_6773386797833768649+e30acd3a/model.neff
2026-09-09 09:21:09.000977:  152945  [INFO]: Using a cached neff at /home/ubuntu/neuron_cache_e2e/neuronxcc-2.23.6484.0+3b612583/MODULE_14849796531781449780+e30acd3a/model.neff
2026-09-09 09:21:09.000984:  152946  [INFO]: Using a cached neff at /home/ubuntu/neuron_cache_e2e/neuronxcc-2.23.6484.0+3b612583/MODULE_15914079002818025199+e30acd3a/model.neff
2026-09-09 09:21:09.000991:  152939  [INFO]: Using a cached neff at /home/ubuntu/neuron_cache_e2e/neuronxcc-2.23.6484.0+3b612583/MODULE_15914079002818025199+e30acd3a/model.neff
2026-09-09 09:21:09.000997:  152941  [INFO]: Using a cached neff at /home/ubuntu/neuron_cache_e2e/neuronxcc-2.23.6484.0+3b612583/MODULE_14849796531781449780+e30acd3a/model.neff
2026-09-09 09:21:10.000009:  152938  [INFO]: Using a cached neff at /home/ubuntu/neuron_cache_e2e/neuronxcc-2.23.6484.0+3b612583/MODULE_14849796531781449780+e30acd3a/model.neff
2026-09-09 09:21:10.000020:  152933  [INFO]: Using a cached neff at /home/ubuntu/neuron_cache_e2e/neuronxcc-2.23.6484.0+3b612583/MODULE_15914079002818025199+e30acd3a/model.neff
2026-09-09 09:21:10.000031:  152927  [INFO]: Using a cached neff at /home/ubuntu/neuron_cache_e2e/neuronxcc-2.23.6484.0+3b612583/MODULE_6773386797833768649+e30acd3a/model.neff
2026-09-09 09:21:10.000034:  152928  [INFO]: Using a cached neff at /home/ubuntu/neuron_cache_e2e/neuronxcc-2.23.6484.0+3b612583/MODULE_14849796531781449780+e30acd3a/model.neff
2026-09-09 09:21:10.000046:  152942  [INFO]: Using a cached neff at /home/ubuntu/neuron_cache_e2e/neuronxcc-2.23.6484.0+3b612583/MODULE_6795776154388623675+e30acd3a/model.neff
2026-09-09 09:21:10.000068:  152947  [INFO]: Using a cached neff at /home/ubuntu/neuron_cache_e2e/neuronxcc-2.23.6484.0+3b612583/MODULE_14849796531781449780+e30acd3a/model.neff
2026-09-09 09:21:10.000070:  152951  [INFO]: Using a cached neff at /home/ubuntu/neuron_cache_e2e/neuronxcc-2.23.6484.0+3b612583/MODULE_15427396631935572758+e30acd3a/model.neff
2026-09-09 09:21:10.000076:  152921  [INFO]: Using a cached neff at /home/ubuntu/neuron_cache_e2e/neuronxcc-2.23.6484.0+3b612583/MODULE_256651043009643160+e30acd3a/model.neff
2026-09-09 09:21:10.000079:  152925  [INFO]: Using a cached neff at /home/ubuntu/neuron_cache_e2e/neuronxcc-2.23.6484.0+3b612583/MODULE_13744807807430301687+e30acd3a/model.neff
2026-09-09 09:21:10.000081:  152924  [INFO]: Using a cached neff at /home/ubuntu/neuron_cache_e2e/neuronxcc-2.23.6484.0+3b612583/MODULE_256651043009643160+e30acd3a/model.neff
2026-09-09 09:21:10.000095:  152952  [INFO]: Using a cached neff at /home/ubuntu/neuron_cache_e2e/neuronxcc-2.23.6484.0+3b612583/MODULE_6795776154388623675+e30acd3a/model.neff
2026-09-09 09:21:10.000101:  152934  [INFO]: Using a cached neff at /home/ubuntu/neuron_cache_e2e/neuronxcc-2.23.6484.0+3b612583/MODULE_13744807807430301687+e30acd3a/model.neff
/home/ubuntu/train_llama10b_tp_families.py:645: DeprecationWarning: Use torch_xla.sync instead
  xm.mark_step()   # slice: copy-back done
/home/ubuntu/train_llama10b_tp_families.py:653: DeprecationWarning: Use torch_xla.sync instead
  xm.mark_step()
2026-09-09 09:21:10.000118:  152926  [INFO]: Using a cached neff at /home/ubuntu/neuron_cache_e2e/neuronxcc-2.23.6484.0+3b612583/MODULE_6795776154388623675+e30acd3a/model.neff
2026-09-09 09:21:10.000121:  152923  [INFO]: Using a cached neff at /home/ubuntu/neuron_cache_e2e/neuronxcc-2.23.6484.0+3b612583/MODULE_15427396631935572758+e30acd3a/model.neff
2026-09-09 09:21:10.000127:  152936  [INFO]: Using a cached neff at /home/ubuntu/neuron_cache_e2e/neuronxcc-2.23.6484.0+3b612583/MODULE_13744807807430301687+e30acd3a/model.neff
2026-09-09 09:21:10.000131:  152940  [INFO]: Using a cached neff at /home/ubuntu/neuron_cache_e2e/neuronxcc-2.23.6484.0+3b612583/MODULE_15914079002818025199+e30acd3a/model.neff
2026-09-09 09:21:10.000134:  152950  [INFO]: Using a cached neff at /home/ubuntu/neuron_cache_e2e/neuronxcc-2.23.6484.0+3b612583/MODULE_14874200043798254035+e30acd3a/model.neff
/home/ubuntu/train_llama10b_tp_families.py:645: DeprecationWarning: Use torch_xla.sync instead
  xm.mark_step()   # slice: copy-back done
/home/ubuntu/train_llama10b_tp_families.py:653: DeprecationWarning: Use torch_xla.sync instead
  xm.mark_step()
2026-09-09 09:21:10.000154:  152948  [INFO]: Using a cached neff at /home/ubuntu/neuron_cache_e2e/neuronxcc-2.23.6484.0+3b612583/MODULE_6773386797833768649+e30acd3a/model.neff
/home/ubuntu/train_llama10b_tp_families.py:645: DeprecationWarning: Use torch_xla.sync instead
  xm.mark_step()   # slice: copy-back done
2026-09-09 09:21:10.000157:  152943  [INFO]: Using a cached neff at /home/ubuntu/neuron_cache_e2e/neuronxcc-2.23.6484.0+3b612583/MODULE_6773386797833768649+e30acd3a/model.neff
2026-09-09 09:21:10.000162:  152935  [INFO]: Using a cached neff at /home/ubuntu/neuron_cache_e2e/neuronxcc-2.23.6484.0+3b612583/MODULE_15914079002818025199+e30acd3a/model.neff
2026-09-09 09:21:10.000171:  152949  [INFO]: Using a cached neff at /home/ubuntu/neuron_cache_e2e/neuronxcc-2.23.6484.0+3b612583/MODULE_14849796531781449780+e30acd3a/model.neff
2026-09-09 09:21:10.000174:  152944  [INFO]: Using a cached neff at /home/ubuntu/neuron_cache_e2e/neuronxcc-2.23.6484.0+3b612583/MODULE_6773386797833768649+e30acd3a/model.neff
2026-09-09 09:21:10.000185:  152945  [INFO]: Using a cached neff at /home/ubuntu/neuron_cache_e2e/neuronxcc-2.23.6484.0+3b612583/MODULE_15914079002818025199+e30acd3a/model.neff
2026-09-09 09:21:10.000188:  152946  [INFO]: Using a cached neff at /home/ubuntu/neuron_cache_e2e/neuronxcc-2.23.6484.0+3b612583/MODULE_13744807807430301687+e30acd3a/model.neff
2026-09-09 09:21:10.000199:  152941  [INFO]: Using a cached neff at /home/ubuntu/neuron_cache_e2e/neuronxcc-2.23.6484.0+3b612583/MODULE_15914079002818025199+e30acd3a/model.neff
2026-09-09 09:21:10.000203:  152939  [INFO]: Using a cached neff at /home/ubuntu/neuron_cache_e2e/neuronxcc-2.23.6484.0+3b612583/MODULE_13744807807430301687+e30acd3a/model.neff
2026-09-09 09:21:10.000216:  152938  [INFO]: Using a cached neff at /home/ubuntu/neuron_cache_e2e/neuronxcc-2.23.6484.0+3b612583/MODULE_15914079002818025199+e30acd3a/model.neff
/home/ubuntu/train_llama10b_tp_families.py:645: DeprecationWarning: Use torch_xla.sync instead
  xm.mark_step()   # slice: copy-back done
2026-09-09 09:21:10.000222:  152933  [INFO]: Using a cached neff at /home/ubuntu/neuron_cache_e2e/neuronxcc-2.23.6484.0+3b612583/MODULE_13744807807430301687+e30acd3a/model.neff
2026-09-09 09:21:10.000230:  152928  [INFO]: Using a cached neff at /home/ubuntu/neuron_cache_e2e/neuronxcc-2.23.6484.0+3b612583/MODULE_15914079002818025199+e30acd3a/model.neff
/home/ubuntu/train_llama10b_tp_families.py:645: DeprecationWarning: Use torch_xla.sync instead
  xm.mark_step()   # slice: copy-back done
2026-09-09 09:21:10.000237:  152927  [INFO]: Using a cached neff at /home/ubuntu/neuron_cache_e2e/neuronxcc-2.23.6484.0+3b612583/MODULE_14849796531781449780+e30acd3a/model.neff
2026-09-09 09:21:10.000239:  152925  [INFO]: Using a cached neff at /home/ubuntu/neuron_cache_e2e/neuronxcc-2.23.6484.0+3b612583/MODULE_15427396631935572758+e30acd3a/model.neff
2026-09-09 09:21:10.000240:  152931  [INFO]: Using a cached neff at /home/ubuntu/neuron_cache_e2e/neuronxcc-2.23.6484.0+3b612583/MODULE_256651043009643160+e30acd3a/model.neff
2026-09-09 09:21:10.000240:  152947  [INFO]: Using a cached neff at /home/ubuntu/neuron_cache_e2e/neuronxcc-2.23.6484.0+3b612583/MODULE_15914079002818025199+e30acd3a/model.neff
/home/ubuntu/train_llama10b_tp_families.py:645: DeprecationWarning: Use torch_xla.sync instead
  xm.mark_step()   # slice: copy-back done
2026-09-09 09:21:10.000259:  152934  [INFO]: Using a cached neff at /home/ubuntu/neuron_cache_e2e/neuronxcc-2.23.6484.0+3b612583/MODULE_15427396631935572758+e30acd3a/model.neff
2026-09-09 09:21:10.000259:  152936  [INFO]: Using a cached neff at /home/ubuntu/neuron_cache_e2e/neuronxcc-2.23.6484.0+3b612583/MODULE_15427396631935572758+e30acd3a/model.neff
2026-09-09 09:21:10.000259:  152952  [INFO]: Using a cached neff at /home/ubuntu/neuron_cache_e2e/neuronxcc-2.23.6484.0+3b612583/MODULE_6773386797833768649+e30acd3a/model.neff
/home/ubuntu/train_llama10b_tp_families.py:653: DeprecationWarning: Use torch_xla.sync instead
  xm.mark_step()
2026-09-09 09:21:10.000275:  152938  [INFO]: Using a cached neff at /home/ubuntu/neuron_cache_e2e/neuronxcc-2.23.6484.0+3b612583/MODULE_13744807807430301687+e30acd3a/model.neff
2026-09-09 09:21:10.000286:  152940  [INFO]: Using a cached neff at /home/ubuntu/neuron_cache_e2e/neuronxcc-2.23.6484.0+3b612583/MODULE_13744807807430301687+e30acd3a/model.neff
/home/ubuntu/train_llama10b_tp_families.py:653: DeprecationWarning: Use torch_xla.sync instead
  xm.mark_step()
2026-09-09 09:21:10.000294:  152926  [INFO]: Using a cached neff at /home/ubuntu/neuron_cache_e2e/neuronxcc-2.23.6484.0+3b612583/MODULE_6773386797833768649+e30acd3a/model.neff
/home/ubuntu/train_llama10b_tp_families.py:653: DeprecationWarning: Use torch_xla.sync instead
  xm.mark_step()
2026-09-09 09:21:10.000299:  152932  [INFO]: Using a cached neff at /home/ubuntu/neuron_cache_e2e/neuronxcc-2.23.6484.0+3b612583/MODULE_256651043009643160+e30acd3a/model.neff
2026-09-09 09:21:10.000307:  152948  [INFO]: Using a cached neff at /home/ubuntu/neuron_cache_e2e/neuronxcc-2.23.6484.0+3b612583/MODULE_14849796531781449780+e30acd3a/model.neff
/home/ubuntu/train_llama10b_tp_families.py:645: DeprecationWarning: Use torch_xla.sync instead
  xm.mark_step()   # slice: copy-back done
2026-09-09 09:21:10.000318:  152930  [INFO]: Using a cached neff at /home/ubuntu/neuron_cache_e2e/neuronxcc-2.23.6484.0+3b612583/MODULE_256651043009643160+e30acd3a/model.neff
2026-09-09 09:21:10.000320:  152921  [INFO]: Using a cached neff at /home/ubuntu/neuron_cache_e2e/neuronxcc-2.23.6484.0+3b612583/MODULE_14874200043798254035+e30acd3a/model.neff
/home/ubuntu/train_llama10b_tp_families.py:645: DeprecationWarning: Use torch_xla.sync instead
  xm.mark_step()   # slice: copy-back done
2026-09-09 09:21:10.000341:  152942  [INFO]: Using a cached neff at /home/ubuntu/neuron_cache_e2e/neuronxcc-2.23.6484.0+3b612583/MODULE_6773386797833768649+e30acd3a/model.neff
2026-09-09 09:21:10.000344:  152935  [INFO]: Using a cached neff at /home/ubuntu/neuron_cache_e2e/neuronxcc-2.23.6484.0+3b612583/MODULE_13744807807430301687+e30acd3a/model.neff
2026-09-09 09:21:10.000347:  152924  [INFO]: Using a cached neff at /home/ubuntu/neuron_cache_e2e/neuronxcc-2.23.6484.0+3b612583/MODULE_14874200043798254035+e30acd3a/model.neff
2026-09-09 09:21:10.000352:  152943  [INFO]: Using a cached neff at /home/ubuntu/neuron_cache_e2e/neuronxcc-2.23.6484.0+3b612583/MODULE_14849796531781449780+e30acd3a/model.neff
2026-09-09 09:21:10.000361:  152951  [INFO]: Using a cached neff at /home/ubuntu/neuron_cache_e2e/neuronxcc-2.23.6484.0+3b612583/MODULE_256651043009643160+e30acd3a/model.neff
2026-09-09 09:21:10.000369:  152949  [INFO]: Using a cached neff at /home/ubuntu/neuron_cache_e2e/neuronxcc-2.23.6484.0+3b612583/MODULE_15914079002818025199+e30acd3a/model.neff
2026-09-09 09:21:10.000375:  152945  [INFO]: Using a cached neff at /home/ubuntu/neuron_cache_e2e/neuronxcc-2.23.6484.0+3b612583/MODULE_13744807807430301687+e30acd3a/model.neff
/home/ubuntu/train_llama10b_tp_families.py:645: DeprecationWarning: Use torch_xla.sync instead
  xm.mark_step()   # slice: copy-back done
2026-09-09 09:21:10.000384:  152944  [INFO]: Using a cached neff at /home/ubuntu/neuron_cache_e2e/neuronxcc-2.23.6484.0+3b612583/MODULE_14849796531781449780+e30acd3a/model.neff
2026-09-09 09:21:10.000386:  152946  [INFO]: Using a cached neff at /home/ubuntu/neuron_cache_e2e/neuronxcc-2.23.6484.0+3b612583/MODULE_15427396631935572758+e30acd3a/model.neff
2026-09-09 09:21:10.000395:  152939  [INFO]: Using a cached neff at /home/ubuntu/neuron_cache_e2e/neuronxcc-2.23.6484.0+3b612583/MODULE_15427396631935572758+e30acd3a/model.neff
2026-09-09 09:21:10.000395:  152933  [INFO]: Using a cached neff at /home/ubuntu/neuron_cache_e2e/neuronxcc-2.23.6484.0+3b612583/MODULE_15427396631935572758+e30acd3a/model.neff
2026-09-09 09:21:10.000398:  152941  [INFO]: Using a cached neff at /home/ubuntu/neuron_cache_e2e/neuronxcc-2.23.6484.0+3b612583/MODULE_13744807807430301687+e30acd3a/model.neff
/home/ubuntu/train_llama10b_tp_families.py:645: DeprecationWarning: Use torch_xla.sync instead
  xm.mark_step()   # slice: copy-back done
/home/ubuntu/train_llama10b_tp_families.py:653: DeprecationWarning: Use torch_xla.sync instead
  xm.mark_step()
2026-09-09 09:21:10.000417:  152928  [INFO]: Using a cached neff at /home/ubuntu/neuron_cache_e2e/neuronxcc-2.23.6484.0+3b612583/MODULE_13744807807430301687+e30acd3a/model.neff
2026-09-09 09:21:10.000419:  152927  [INFO]: Using a cached neff at /home/ubuntu/neuron_cache_e2e/neuronxcc-2.23.6484.0+3b612583/MODULE_15914079002818025199+e30acd3a/model.neff
2026-09-09 09:21:10.000419:  152938  [INFO]: Using a cached neff at /home/ubuntu/neuron_cache_e2e/neuronxcc-2.23.6484.0+3b612583/MODULE_15427396631935572758+e30acd3a/model.neff
2026-09-09 09:21:10.000423:  152947  [INFO]: Using a cached neff at /home/ubuntu/neuron_cache_e2e/neuronxcc-2.23.6484.0+3b612583/MODULE_13744807807430301687+e30acd3a/model.neff
/home/ubuntu/train_llama10b_tp_families.py:653: DeprecationWarning: Use torch_xla.sync instead
  xm.mark_step()
2026-09-09 09:21:10.000426:  152940  [INFO]: Using a cached neff at /home/ubuntu/neuron_cache_e2e/neuronxcc-2.23.6484.0+3b612583/MODULE_15427396631935572758+e30acd3a/model.neff
/home/ubuntu/train_llama10b_tp_families.py:653: DeprecationWarning: Use torch_xla.sync instead
  xm.mark_step()
/home/ubuntu/train_llama10b_tp_families.py:645: DeprecationWarning: Use torch_xla.sync instead
  xm.mark_step()   # slice: copy-back done
2026-09-09 09:21:10.000432:  152952  [INFO]: Using a cached neff at /home/ubuntu/neuron_cache_e2e/neuronxcc-2.23.6484.0+3b612583/MODULE_14849796531781449780+e30acd3a/model.neff
/home/ubuntu/train_llama10b_tp_families.py:645: DeprecationWarning: Use torch_xla.sync instead
  xm.mark_step()   # slice: copy-back done
2026-09-09 09:21:10.000449:  152923  [INFO]: Using a cached neff at /home/ubuntu/neuron_cache_e2e/neuronxcc-2.23.6484.0+3b612583/MODULE_256651043009643160+e30acd3a/model.neff
/home/ubuntu/train_llama10b_tp_families.py:653: DeprecationWarning: Use torch_xla.sync instead
  xm.mark_step()
2026-09-09 09:21:10.000452:  152948  [INFO]: Using a cached neff at /home/ubuntu/neuron_cache_e2e/neuronxcc-2.23.6484.0+3b612583/MODULE_15914079002818025199+e30acd3a/model.neff
2026-09-09 09:21:10.000452:  152926  [INFO]: Using a cached neff at /home/ubuntu/neuron_cache_e2e/neuronxcc-2.23.6484.0+3b612583/MODULE_14849796531781449780+e30acd3a/model.neff
/home/ubuntu/train_llama10b_tp_families.py:645: DeprecationWarning: Use torch_xla.sync instead
  xm.mark_step()   # slice: copy-back done
2026-09-09 09:21:10.000463:  152931  [INFO]: Using a cached neff at /home/ubuntu/neuron_cache_e2e/neuronxcc-2.23.6484.0+3b612583/MODULE_14874200043798254035+e30acd3a/model.neff
2026-09-09 09:21:10.000467:  152928  [INFO]: Using a cached neff at /home/ubuntu/neuron_cache_e2e/neuronxcc-2.23.6484.0+3b612583/MODULE_15427396631935572758+e30acd3a/model.neff
2026-09-09 09:21:10.000467:  152935  [INFO]: Using a cached neff at /home/ubuntu/neuron_cache_e2e/neuronxcc-2.23.6484.0+3b612583/MODULE_15427396631935572758+e30acd3a/model.neff
/home/ubuntu/train_llama10b_tp_families.py:653: DeprecationWarning: Use torch_xla.sync instead
  xm.mark_step()
2026-09-09 09:21:10.000470:  152943  [INFO]: Using a cached neff at /home/ubuntu/neuron_cache_e2e/neuronxcc-2.23.6484.0+3b612583/MODULE_15914079002818025199+e30acd3a/model.neff
2026-09-09 09:21:10.000474:  152942  [INFO]: Using a cached neff at /home/ubuntu/neuron_cache_e2e/neuronxcc-2.23.6484.0+3b612583/MODULE_14849796531781449780+e30acd3a/model.neff
2026-09-09 09:21:10.000491:  152949  [INFO]: Using a cached neff at /home/ubuntu/neuron_cache_e2e/neuronxcc-2.23.6484.0+3b612583/MODULE_13744807807430301687+e30acd3a/model.neff
2026-09-09 09:21:10.000491:  152945  [INFO]: Using a cached neff at /home/ubuntu/neuron_cache_e2e/neuronxcc-2.23.6484.0+3b612583/MODULE_15427396631935572758+e30acd3a/model.neff
2026-09-09 09:21:10.000491:  152932  [INFO]: Using a cached neff at /home/ubuntu/neuron_cache_e2e/neuronxcc-2.23.6484.0+3b612583/MODULE_14874200043798254035+e30acd3a/model.neff
2026-09-09 09:21:10.000494:  152944  [INFO]: Using a cached neff at /home/ubuntu/neuron_cache_e2e/neuronxcc-2.23.6484.0+3b612583/MODULE_15914079002818025199+e30acd3a/model.neff
2026-09-09 09:21:10.000498:  152941  [INFO]: Using a cached neff at /home/ubuntu/neuron_cache_e2e/neuronxcc-2.23.6484.0+3b612583/MODULE_15427396631935572758+e30acd3a/model.neff
/home/ubuntu/train_llama10b_tp_families.py:653: DeprecationWarning: Use torch_xla.sync instead
  xm.mark_step()
/home/ubuntu/train_llama10b_tp_families.py:653: DeprecationWarning: Use torch_xla.sync instead
  xm.mark_step()
2026-09-09 09:21:10.000501:  152930  [INFO]: Using a cached neff at /home/ubuntu/neuron_cache_e2e/neuronxcc-2.23.6484.0+3b612583/MODULE_14874200043798254035+e30acd3a/model.neff
2026-09-09 09:21:10.000505:  152947  [INFO]: Using a cached neff at /home/ubuntu/neuron_cache_e2e/neuronxcc-2.23.6484.0+3b612583/MODULE_15427396631935572758+e30acd3a/model.neff
2026-09-09 09:21:10.000506:  152927  [INFO]: Using a cached neff at /home/ubuntu/neuron_cache_e2e/neuronxcc-2.23.6484.0+3b612583/MODULE_13744807807430301687+e30acd3a/model.neff
2026-09-09 09:21:10.000515:  152925  [INFO]: Using a cached neff at /home/ubuntu/neuron_cache_e2e/neuronxcc-2.23.6484.0+3b612583/MODULE_256651043009643160+e30acd3a/model.neff
2026-09-09 09:21:10.000516:  152952  [INFO]: Using a cached neff at /home/ubuntu/neuron_cache_e2e/neuronxcc-2.23.6484.0+3b612583/MODULE_15914079002818025199+e30acd3a/model.neff
2026-09-09 09:21:10.000517:  152951  [INFO]: Using a cached neff at /home/ubuntu/neuron_cache_e2e/neuronxcc-2.23.6484.0+3b612583/MODULE_14874200043798254035+e30acd3a/model.neff
/home/ubuntu/train_llama10b_tp_families.py:645: DeprecationWarning: Use torch_xla.sync instead
  xm.mark_step()   # slice: copy-back done
/home/ubuntu/train_llama10b_tp_families.py:653: DeprecationWarning: Use torch_xla.sync instead
  xm.mark_step()
/home/ubuntu/train_llama10b_tp_families.py:653: DeprecationWarning: Use torch_xla.sync instead
  xm.mark_step()
2026-09-09 09:21:10.000536:  152934  [INFO]: Using a cached neff at /home/ubuntu/neuron_cache_e2e/neuronxcc-2.23.6484.0+3b612583/MODULE_256651043009643160+e30acd3a/model.neff
2026-09-09 09:21:10.000539:  152948  [INFO]: Using a cached neff at /home/ubuntu/neuron_cache_e2e/neuronxcc-2.23.6484.0+3b612583/MODULE_13744807807430301687+e30acd3a/model.neff
/home/ubuntu/train_llama10b_tp_families.py:653: DeprecationWarning: Use torch_xla.sync instead
  xm.mark_step()
2026-09-09 09:21:10.000544:  152926  [INFO]: Using a cached neff at /home/ubuntu/neuron_cache_e2e/neuronxcc-2.23.6484.0+3b612583/MODULE_15914079002818025199+e30acd3a/model.neff
/home/ubuntu/train_llama10b_tp_families.py:645: DeprecationWarning: Use torch_xla.sync instead
  xm.mark_step()   # slice: copy-back done
2026-09-09 09:21:10.000556:  152936  [INFO]: Using a cached neff at /home/ubuntu/neuron_cache_e2e/neuronxcc-2.23.6484.0+3b612583/MODULE_256651043009643160+e30acd3a/model.neff
2026-09-09 09:21:10.000560:  152943  [INFO]: Using a cached neff at /home/ubuntu/neuron_cache_e2e/neuronxcc-2.23.6484.0+3b612583/MODULE_13744807807430301687+e30acd3a/model.neff
2026-09-09 09:21:10.000569:  152942  [INFO]: Using a cached neff at /home/ubuntu/neuron_cache_e2e/neuronxcc-2.23.6484.0+3b612583/MODULE_15914079002818025199+e30acd3a/model.neff
2026-09-09 09:21:10.000574:  152949  [INFO]: Using a cached neff at /home/ubuntu/neuron_cache_e2e/neuronxcc-2.23.6484.0+3b612583/MODULE_15427396631935572758+e30acd3a/model.neff
/home/ubuntu/train_llama10b_tp_families.py:645: DeprecationWarning: Use torch_xla.sync instead
  xm.mark_step()   # slice: copy-back done
2026-09-09 09:21:10.000577:  152944  [INFO]: Using a cached neff at /home/ubuntu/neuron_cache_e2e/neuronxcc-2.23.6484.0+3b612583/MODULE_13744807807430301687+e30acd3a/model.neff
/home/ubuntu/train_llama10b_tp_families.py:645: DeprecationWarning: Use torch_xla.sync instead
  xm.mark_step()   # slice: copy-back done
2026-09-09 09:21:10.000591:  152923  [INFO]: Using a cached neff at /home/ubuntu/neuron_cache_e2e/neuronxcc-2.23.6484.0+3b612583/MODULE_14874200043798254035+e30acd3a/model.neff
2026-09-09 09:21:10.000597:  152927  [INFO]: Using a cached neff at /home/ubuntu/neuron_cache_e2e/neuronxcc-2.23.6484.0+3b612583/MODULE_15427396631935572758+e30acd3a/model.neff
2026-09-09 09:21:10.000602:  152946  [INFO]: Using a cached neff at /home/ubuntu/neuron_cache_e2e/neuronxcc-2.23.6484.0+3b612583/MODULE_256651043009643160+e30acd3a/model.neff
/home/ubuntu/train_llama10b_tp_families.py:653: DeprecationWarning: Use torch_xla.sync instead
  xm.mark_step()
2026-09-09 09:21:10.000605:  152952  [INFO]: Using a cached neff at /home/ubuntu/neuron_cache_e2e/neuronxcc-2.23.6484.0+3b612583/MODULE_13744807807430301687+e30acd3a/model.neff
/home/ubuntu/train_llama10b_tp_families.py:645: DeprecationWarning: Use torch_xla.sync instead
  xm.mark_step()   # slice: copy-back done
2026-09-09 09:21:10.000612:  152926  [INFO]: Using a cached neff at /home/ubuntu/neuron_cache_e2e/neuronxcc-2.23.6484.0+3b612583/MODULE_13744807807430301687+e30acd3a/model.neff
2026-09-09 09:21:10.000617:  152948  [INFO]: Using a cached neff at /home/ubuntu/neuron_cache_e2e/neuronxcc-2.23.6484.0+3b612583/MODULE_15427396631935572758+e30acd3a/model.neff
2026-09-09 09:21:10.000620:  152933  [INFO]: Using a cached neff at /home/ubuntu/neuron_cache_e2e/neuronxcc-2.23.6484.0+3b612583/MODULE_256651043009643160+e30acd3a/model.neff
/home/ubuntu/train_llama10b_tp_families.py:653: DeprecationWarning: Use torch_xla.sync instead
  xm.mark_step()
2026-09-09 09:21:10.000637:  152943  [INFO]: Using a cached neff at /home/ubuntu/neuron_cache_e2e/neuronxcc-2.23.6484.0+3b612583/MODULE_15427396631935572758+e30acd3a/model.neff
/home/ubuntu/train_llama10b_tp_families.py:645: DeprecationWarning: Use torch_xla.sync instead
  xm.mark_step()   # slice: copy-back done
2026-09-09 09:21:10.000640:  152939  [INFO]: Using a cached neff at /home/ubuntu/neuron_cache_e2e/neuronxcc-2.23.6484.0+3b612583/MODULE_256651043009643160+e30acd3a/model.neff
/home/ubuntu/train_llama10b_tp_families.py:645: DeprecationWarning: Use torch_xla.sync instead
  xm.mark_step()   # slice: copy-back done
2026-09-09 09:21:10.000646:  152942  [INFO]: Using a cached neff at /home/ubuntu/neuron_cache_e2e/neuronxcc-2.23.6484.0+3b612583/MODULE_13744807807430301687+e30acd3a/model.neff
/home/ubuntu/train_llama10b_tp_families.py:653: DeprecationWarning: Use torch_xla.sync instead
  xm.mark_step()
2026-09-09 09:21:10.000664:  152944  [INFO]: Using a cached neff at /home/ubuntu/neuron_cache_e2e/neuronxcc-2.23.6484.0+3b612583/MODULE_15427396631935572758+e30acd3a/model.neff
2026-09-09 09:21:10.000664:  152938  [INFO]: Using a cached neff at /home/ubuntu/neuron_cache_e2e/neuronxcc-2.23.6484.0+3b612583/MODULE_256651043009643160+e30acd3a/model.neff
/home/ubuntu/train_llama10b_tp_families.py:653: DeprecationWarning: Use torch_xla.sync instead
  xm.mark_step()
2026-09-09 09:21:10.000670:  152925  [INFO]: Using a cached neff at /home/ubuntu/neuron_cache_e2e/neuronxcc-2.23.6484.0+3b612583/MODULE_14874200043798254035+e30acd3a/model.neff
2026-09-09 09:21:10.000674:  152940  [INFO]: Using a cached neff at /home/ubuntu/neuron_cache_e2e/neuronxcc-2.23.6484.0+3b612583/MODULE_256651043009643160+e30acd3a/model.neff
2026-09-09 09:21:10.000677:  152952  [INFO]: Using a cached neff at /home/ubuntu/neuron_cache_e2e/neuronxcc-2.23.6484.0+3b612583/MODULE_15427396631935572758+e30acd3a/model.neff
2026-09-09 09:21:10.000677:  152934  [INFO]: Using a cached neff at /home/ubuntu/neuron_cache_e2e/neuronxcc-2.23.6484.0+3b612583/MODULE_14874200043798254035+e30acd3a/model.neff
/home/ubuntu/train_llama10b_tp_families.py:645: DeprecationWarning: Use torch_xla.sync instead
  xm.mark_step()   # slice: copy-back done
2026-09-09 09:21:10.000683:  152926  [INFO]: Using a cached neff at /home/ubuntu/neuron_cache_e2e/neuronxcc-2.23.6484.0+3b612583/MODULE_15427396631935572758+e30acd3a/model.neff
2026-09-09 09:21:10.000693:  152936  [INFO]: Using a cached neff at /home/ubuntu/neuron_cache_e2e/neuronxcc-2.23.6484.0+3b612583/MODULE_14874200043798254035+e30acd3a/model.neff
2026-09-09 09:21:10.000697:  152935  [INFO]: Using a cached neff at /home/ubuntu/neuron_cache_e2e/neuronxcc-2.23.6484.0+3b612583/MODULE_256651043009643160+e30acd3a/model.neff
2026-09-09 09:21:10.000700:  152928  [INFO]: Using a cached neff at /home/ubuntu/neuron_cache_e2e/neuronxcc-2.23.6484.0+3b612583/MODULE_256651043009643160+e30acd3a/model.neff
/home/ubuntu/train_llama10b_tp_families.py:653: DeprecationWarning: Use torch_xla.sync instead
  xm.mark_step()
2026-09-09 09:21:10.000705:  152945  [INFO]: Using a cached neff at /home/ubuntu/neuron_cache_e2e/neuronxcc-2.23.6484.0+3b612583/MODULE_256651043009643160+e30acd3a/model.neff
/home/ubuntu/train_llama10b_tp_families.py:653: DeprecationWarning: Use torch_xla.sync instead
  xm.mark_step()
2026-09-09 09:21:10.000720:  152942  [INFO]: Using a cached neff at /home/ubuntu/neuron_cache_e2e/neuronxcc-2.23.6484.0+3b612583/MODULE_15427396631935572758+e30acd3a/model.neff
/home/ubuntu/train_llama10b_tp_families.py:653: DeprecationWarning: Use torch_xla.sync instead
  xm.mark_step()
2026-09-09 09:21:10.000723:  152941  [INFO]: Using a cached neff at /home/ubuntu/neuron_cache_e2e/neuronxcc-2.23.6484.0+3b612583/MODULE_256651043009643160+e30acd3a/model.neff
2026-09-09 09:21:10.000732:  152946  [INFO]: Using a cached neff at /home/ubuntu/neuron_cache_e2e/neuronxcc-2.23.6484.0+3b612583/MODULE_14874200043798254035+e30acd3a/model.neff
2026-09-09 09:21:10.000732:  152947  [INFO]: Using a cached neff at /home/ubuntu/neuron_cache_e2e/neuronxcc-2.23.6484.0+3b612583/MODULE_256651043009643160+e30acd3a/model.neff
2026-09-09 09:21:10.000746:  152933  [INFO]: Using a cached neff at /home/ubuntu/neuron_cache_e2e/neuronxcc-2.23.6484.0+3b612583/MODULE_14874200043798254035+e30acd3a/model.neff
/home/ubuntu/train_llama10b_tp_families.py:653: DeprecationWarning: Use torch_xla.sync instead
  xm.mark_step()
2026-09-09 09:21:10.000762:  152939  [INFO]: Using a cached neff at /home/ubuntu/neuron_cache_e2e/neuronxcc-2.23.6484.0+3b612583/MODULE_14874200043798254035+e30acd3a/model.neff
2026-09-09 09:21:10.000766:  152949  [INFO]: Using a cached neff at /home/ubuntu/neuron_cache_e2e/neuronxcc-2.23.6484.0+3b612583/MODULE_256651043009643160+e30acd3a/model.neff
2026-09-09 09:21:10.000786:  152938  [INFO]: Using a cached neff at /home/ubuntu/neuron_cache_e2e/neuronxcc-2.23.6484.0+3b612583/MODULE_14874200043798254035+e30acd3a/model.neff
2026-09-09 09:21:10.000788:  152927  [INFO]: Using a cached neff at /home/ubuntu/neuron_cache_e2e/neuronxcc-2.23.6484.0+3b612583/MODULE_256651043009643160+e30acd3a/model.neff
2026-09-09 09:21:10.000798:  152940  [INFO]: Using a cached neff at /home/ubuntu/neuron_cache_e2e/neuronxcc-2.23.6484.0+3b612583/MODULE_14874200043798254035+e30acd3a/model.neff
2026-09-09 09:21:10.000819:  152943  [INFO]: Using a cached neff at /home/ubuntu/neuron_cache_e2e/neuronxcc-2.23.6484.0+3b612583/MODULE_256651043009643160+e30acd3a/model.neff
2026-09-09 09:21:10.000820:  152935  [INFO]: Using a cached neff at /home/ubuntu/neuron_cache_e2e/neuronxcc-2.23.6484.0+3b612583/MODULE_14874200043798254035+e30acd3a/model.neff
2026-09-09 09:21:10.000821:  152945  [INFO]: Using a cached neff at /home/ubuntu/neuron_cache_e2e/neuronxcc-2.23.6484.0+3b612583/MODULE_14874200043798254035+e30acd3a/model.neff
2026-09-09 09:21:10.000826:  152928  [INFO]: Using a cached neff at /home/ubuntu/neuron_cache_e2e/neuronxcc-2.23.6484.0+3b612583/MODULE_14874200043798254035+e30acd3a/model.neff
2026-09-09 09:21:10.000836:  152948  [INFO]: Using a cached neff at /home/ubuntu/neuron_cache_e2e/neuronxcc-2.23.6484.0+3b612583/MODULE_256651043009643160+e30acd3a/model.neff
2026-09-09 09:21:10.000838:  152947  [INFO]: Using a cached neff at /home/ubuntu/neuron_cache_e2e/neuronxcc-2.23.6484.0+3b612583/MODULE_14874200043798254035+e30acd3a/model.neff
2026-09-09 09:21:10.000840:  152941  [INFO]: Using a cached neff at /home/ubuntu/neuron_cache_e2e/neuronxcc-2.23.6484.0+3b612583/MODULE_14874200043798254035+e30acd3a/model.neff
2026-09-09 09:21:10.000857:  152944  [INFO]: Using a cached neff at /home/ubuntu/neuron_cache_e2e/neuronxcc-2.23.6484.0+3b612583/MODULE_256651043009643160+e30acd3a/model.neff
2026-09-09 09:21:10.000872:  152926  [INFO]: Using a cached neff at /home/ubuntu/neuron_cache_e2e/neuronxcc-2.23.6484.0+3b612583/MODULE_256651043009643160+e30acd3a/model.neff
2026-09-09 09:21:10.000872:  152949  [INFO]: Using a cached neff at /home/ubuntu/neuron_cache_e2e/neuronxcc-2.23.6484.0+3b612583/MODULE_14874200043798254035+e30acd3a/model.neff
2026-09-09 09:21:10.000890:  152952  [INFO]: Using a cached neff at /home/ubuntu/neuron_cache_e2e/neuronxcc-2.23.6484.0+3b612583/MODULE_256651043009643160+e30acd3a/model.neff
2026-09-09 09:21:10.000894:  152942  [INFO]: Using a cached neff at /home/ubuntu/neuron_cache_e2e/neuronxcc-2.23.6484.0+3b612583/MODULE_256651043009643160+e30acd3a/model.neff
2026-09-09 09:21:10.000895:  152927  [INFO]: Using a cached neff at /home/ubuntu/neuron_cache_e2e/neuronxcc-2.23.6484.0+3b612583/MODULE_14874200043798254035+e30acd3a/model.neff
2026-09-09 09:21:10.000921:  152943  [INFO]: Using a cached neff at /home/ubuntu/neuron_cache_e2e/neuronxcc-2.23.6484.0+3b612583/MODULE_14874200043798254035+e30acd3a/model.neff
2026-09-09 09:21:10.000944:  152948  [INFO]: Using a cached neff at /home/ubuntu/neuron_cache_e2e/neuronxcc-2.23.6484.0+3b612583/MODULE_14874200043798254035+e30acd3a/model.neff
2026-09-09 09:21:10.000956:  152944  [INFO]: Using a cached neff at /home/ubuntu/neuron_cache_e2e/neuronxcc-2.23.6484.0+3b612583/MODULE_14874200043798254035+e30acd3a/model.neff
2026-09-09 09:21:10.000974:  152926  [INFO]: Using a cached neff at /home/ubuntu/neuron_cache_e2e/neuronxcc-2.23.6484.0+3b612583/MODULE_14874200043798254035+e30acd3a/model.neff
2026-09-09 09:21:10.000993:  152942  [INFO]: Using a cached neff at /home/ubuntu/neuron_cache_e2e/neuronxcc-2.23.6484.0+3b612583/MODULE_14874200043798254035+e30acd3a/model.neff
2026-09-09 09:21:11.000001:  152952  [INFO]: Using a cached neff at /home/ubuntu/neuron_cache_e2e/neuronxcc-2.23.6484.0+3b612583/MODULE_14874200043798254035+e30acd3a/model.neff
2026-09-09 09:21:23.000467:  152936  [INFO]: Using a cached neff at /home/ubuntu/neuron_cache_e2e/neuronxcc-2.23.6484.0+3b612583/MODULE_16335475570970202006+e30acd3a/model.neff
2026-09-09 09:21:23.000467:  152930  [INFO]: Using a cached neff at /home/ubuntu/neuron_cache_e2e/neuronxcc-2.23.6484.0+3b612583/MODULE_16335475570970202006+e30acd3a/model.neff
2026-09-09 09:21:23.000467:  152924  [INFO]: Using a cached neff at /home/ubuntu/neuron_cache_e2e/neuronxcc-2.23.6484.0+3b612583/MODULE_16335475570970202006+e30acd3a/model.neff
2026-09-09 09:21:23.000512:  152942  [INFO]: Using a cached neff at /home/ubuntu/neuron_cache_e2e/neuronxcc-2.23.6484.0+3b612583/MODULE_16335475570970202006+e30acd3a/model.neff
2026-09-09 09:21:23.000512:  152940  [INFO]: Using a cached neff at /home/ubuntu/neuron_cache_e2e/neuronxcc-2.23.6484.0+3b612583/MODULE_16335475570970202006+e30acd3a/model.neff
2026-09-09 09:21:23.000512:  152925  [INFO]: Using a cached neff at /home/ubuntu/neuron_cache_e2e/neuronxcc-2.23.6484.0+3b612583/MODULE_16335475570970202006+e30acd3a/model.neff
2026-09-09 09:21:23.000557:  152946  [INFO]: Using a cached neff at /home/ubuntu/neuron_cache_e2e/neuronxcc-2.23.6484.0+3b612583/MODULE_16335475570970202006+e30acd3a/model.neff
2026-09-09 09:21:23.000596:  152927  [INFO]: Using a cached neff at /home/ubuntu/neuron_cache_e2e/neuronxcc-2.23.6484.0+3b612583/MODULE_16335475570970202006+e30acd3a/model.neff
2026-09-09 09:21:24.000492:  152932  [INFO]: Using a cached neff at /home/ubuntu/neuron_cache_e2e/neuronxcc-2.23.6484.0+3b612583/MODULE_16335475570970202006+e30acd3a/model.neff
2026-09-09 09:21:24.000673:  152938  [INFO]: Using a cached neff at /home/ubuntu/neuron_cache_e2e/neuronxcc-2.23.6484.0+3b612583/MODULE_16335475570970202006+e30acd3a/model.neff
2026-09-09 09:21:24.000673:  152931  [INFO]: Using a cached neff at /home/ubuntu/neuron_cache_e2e/neuronxcc-2.23.6484.0+3b612583/MODULE_16335475570970202006+e30acd3a/model.neff
2026-09-09 09:21:24.000901:  152939  [INFO]: Using a cached neff at /home/ubuntu/neuron_cache_e2e/neuronxcc-2.23.6484.0+3b612583/MODULE_16335475570970202006+e30acd3a/model.neff
2026-09-09 09:21:24.000988:  152926  [INFO]: Using a cached neff at /home/ubuntu/neuron_cache_e2e/neuronxcc-2.23.6484.0+3b612583/MODULE_16335475570970202006+e30acd3a/model.neff
2026-09-09 09:21:25.000034:  152922  [INFO]: Using a cached neff at /home/ubuntu/neuron_cache_e2e/neuronxcc-2.23.6484.0+3b612583/MODULE_16335475570970202006+e30acd3a/model.neff
2026-09-09 09:21:25.000034:  152950  [INFO]: Using a cached neff at /home/ubuntu/neuron_cache_e2e/neuronxcc-2.23.6484.0+3b612583/MODULE_16335475570970202006+e30acd3a/model.neff
2026-09-09 09:21:25.000034:  152944  [INFO]: Using a cached neff at /home/ubuntu/neuron_cache_e2e/neuronxcc-2.23.6484.0+3b612583/MODULE_16335475570970202006+e30acd3a/model.neff
2026-09-09 09:21:25.000035:  152949  [INFO]: Using a cached neff at /home/ubuntu/neuron_cache_e2e/neuronxcc-2.23.6484.0+3b612583/MODULE_16335475570970202006+e30acd3a/model.neff
2026-09-09 09:21:25.000076:  152948  [INFO]: Using a cached neff at /home/ubuntu/neuron_cache_e2e/neuronxcc-2.23.6484.0+3b612583/MODULE_16335475570970202006+e30acd3a/model.neff
2026-09-09 09:21:25.000123:  152929  [INFO]: Using a cached neff at /home/ubuntu/neuron_cache_e2e/neuronxcc-2.23.6484.0+3b612583/MODULE_16335475570970202006+e30acd3a/model.neff
2026-09-09 09:21:25.000165:  152923  [INFO]: Using a cached neff at /home/ubuntu/neuron_cache_e2e/neuronxcc-2.23.6484.0+3b612583/MODULE_16335475570970202006+e30acd3a/model.neff
2026-09-09 09:21:25.000165:  152934  [INFO]: Using a cached neff at /home/ubuntu/neuron_cache_e2e/neuronxcc-2.23.6484.0+3b612583/MODULE_16335475570970202006+e30acd3a/model.neff
2026-09-09 09:21:25.000165:  152947  [INFO]: Using a cached neff at /home/ubuntu/neuron_cache_e2e/neuronxcc-2.23.6484.0+3b612583/MODULE_16335475570970202006+e30acd3a/model.neff
2026-09-09 09:21:25.000165:  152952  [INFO]: Using a cached neff at /home/ubuntu/neuron_cache_e2e/neuronxcc-2.23.6484.0+3b612583/MODULE_16335475570970202006+e30acd3a/model.neff
2026-09-09 09:21:25.000165:  152943  [INFO]: Using a cached neff at /home/ubuntu/neuron_cache_e2e/neuronxcc-2.23.6484.0+3b612583/MODULE_16335475570970202006+e30acd3a/model.neff
2026-09-09 09:21:25.000165:  152951  [INFO]: Using a cached neff at /home/ubuntu/neuron_cache_e2e/neuronxcc-2.23.6484.0+3b612583/MODULE_16335475570970202006+e30acd3a/model.neff
2026-09-09 09:21:25.000206:  152937  [INFO]: Using a cached neff at /home/ubuntu/neuron_cache_e2e/neuronxcc-2.23.6484.0+3b612583/MODULE_16335475570970202006+e30acd3a/model.neff
2026-09-09 09:21:25.000206:  152933  [INFO]: Using a cached neff at /home/ubuntu/neuron_cache_e2e/neuronxcc-2.23.6484.0+3b612583/MODULE_16335475570970202006+e30acd3a/model.neff
2026-09-09 09:21:25.000206:  152935  [INFO]: Using a cached neff at /home/ubuntu/neuron_cache_e2e/neuronxcc-2.23.6484.0+3b612583/MODULE_16335475570970202006+e30acd3a/model.neff
2026-09-09 09:21:25.000206:  152928  [INFO]: Using a cached neff at /home/ubuntu/neuron_cache_e2e/neuronxcc-2.23.6484.0+3b612583/MODULE_16335475570970202006+e30acd3a/model.neff
2026-09-09 09:21:25.000206:  152921  [INFO]: Using a cached neff at /home/ubuntu/neuron_cache_e2e/neuronxcc-2.23.6484.0+3b612583/MODULE_16335475570970202006+e30acd3a/model.neff
2026-09-09 09:21:25.000206:  152941  [INFO]: Using a cached neff at /home/ubuntu/neuron_cache_e2e/neuronxcc-2.23.6484.0+3b612583/MODULE_16335475570970202006+e30acd3a/model.neff
2026-09-09 09:21:25.000206:  152945  [INFO]: Using a cached neff at /home/ubuntu/neuron_cache_e2e/neuronxcc-2.23.6484.0+3b612583/MODULE_16335475570970202006+e30acd3a/model.neff
2026-09-09 09:21:26.000232:  152950  [INFO]: Using a cached neff at /home/ubuntu/neuron_cache_e2e/neuronxcc-2.23.6484.0+3b612583/MODULE_4624717319235165006+e30acd3a/model.neff
2026-09-09 09:21:26.000241:  152922  [INFO]: Using a cached neff at /home/ubuntu/neuron_cache_e2e/neuronxcc-2.23.6484.0+3b612583/MODULE_4624717319235165006+e30acd3a/model.neff
2026-09-09 09:21:26.000258:  152944  [INFO]: Using a cached neff at /home/ubuntu/neuron_cache_e2e/neuronxcc-2.23.6484.0+3b612583/MODULE_4624717319235165006+e30acd3a/model.neff
2026-09-09 09:21:26.000265:  152928  [INFO]: Using a cached neff at /home/ubuntu/neuron_cache_e2e/neuronxcc-2.23.6484.0+3b612583/MODULE_4624717319235165006+e30acd3a/model.neff
2026-09-09 09:21:26.000266:  152926  [INFO]: Using a cached neff at /home/ubuntu/neuron_cache_e2e/neuronxcc-2.23.6484.0+3b612583/MODULE_4624717319235165006+e30acd3a/model.neff
2026-09-09 09:21:26.000268:  152942  [INFO]: Using a cached neff at /home/ubuntu/neuron_cache_e2e/neuronxcc-2.23.6484.0+3b612583/MODULE_4624717319235165006+e30acd3a/model.neff
2026-09-09 09:21:26.000274:  152935  [INFO]: Using a cached neff at /home/ubuntu/neuron_cache_e2e/neuronxcc-2.23.6484.0+3b612583/MODULE_4624717319235165006+e30acd3a/model.neff
2026-09-09 09:21:26.000275:  152931  [INFO]: Using a cached neff at /home/ubuntu/neuron_cache_e2e/neuronxcc-2.23.6484.0+3b612583/MODULE_4624717319235165006+e30acd3a/model.neff
2026-09-09 09:21:26.000280:  152927  [INFO]: Using a cached neff at /home/ubuntu/neuron_cache_e2e/neuronxcc-2.23.6484.0+3b612583/MODULE_4624717319235165006+e30acd3a/model.neff
2026-09-09 09:21:26.000285:  152941  [INFO]: Using a cached neff at /home/ubuntu/neuron_cache_e2e/neuronxcc-2.23.6484.0+3b612583/MODULE_4624717319235165006+e30acd3a/model.neff
2026-09-09 09:21:26.000298:  152924  [INFO]: Using a cached neff at /home/ubuntu/neuron_cache_e2e/neuronxcc-2.23.6484.0+3b612583/MODULE_4624717319235165006+e30acd3a/model.neff
2026-09-09 09:21:26.000307:  152947  [INFO]: Using a cached neff at /home/ubuntu/neuron_cache_e2e/neuronxcc-2.23.6484.0+3b612583/MODULE_4624717319235165006+e30acd3a/model.neff
2026-09-09 09:21:26.000307:  152923  [INFO]: Using a cached neff at /home/ubuntu/neuron_cache_e2e/neuronxcc-2.23.6484.0+3b612583/MODULE_4624717319235165006+e30acd3a/model.neff
2026-09-09 09:21:26.000308:  152929  [INFO]: Using a cached neff at /home/ubuntu/neuron_cache_e2e/neuronxcc-2.23.6484.0+3b612583/MODULE_4624717319235165006+e30acd3a/model.neff
2026-09-09 09:21:26.000309:  152933  [INFO]: Using a cached neff at /home/ubuntu/neuron_cache_e2e/neuronxcc-2.23.6484.0+3b612583/MODULE_4624717319235165006+e30acd3a/model.neff
2026-09-09 09:21:26.000321:  152938  [INFO]: Using a cached neff at /home/ubuntu/neuron_cache_e2e/neuronxcc-2.23.6484.0+3b612583/MODULE_4624717319235165006+e30acd3a/model.neff
2026-09-09 09:21:26.000322:  152943  [INFO]: Using a cached neff at /home/ubuntu/neuron_cache_e2e/neuronxcc-2.23.6484.0+3b612583/MODULE_4624717319235165006+e30acd3a/model.neff
2026-09-09 09:21:26.000324:  152925  [INFO]: Using a cached neff at /home/ubuntu/neuron_cache_e2e/neuronxcc-2.23.6484.0+3b612583/MODULE_4624717319235165006+e30acd3a/model.neff
2026-09-09 09:21:26.000326:  152932  [INFO]: Using a cached neff at /home/ubuntu/neuron_cache_e2e/neuronxcc-2.23.6484.0+3b612583/MODULE_4624717319235165006+e30acd3a/model.neff
2026-09-09 09:21:26.000332:  152946  [INFO]: Using a cached neff at /home/ubuntu/neuron_cache_e2e/neuronxcc-2.23.6484.0+3b612583/MODULE_4624717319235165006+e30acd3a/model.neff
2026-09-09 09:21:26.000333:  152952  [INFO]: Using a cached neff at /home/ubuntu/neuron_cache_e2e/neuronxcc-2.23.6484.0+3b612583/MODULE_4624717319235165006+e30acd3a/model.neff
2026-09-09 09:21:26.000333:  152949  [INFO]: Using a cached neff at /home/ubuntu/neuron_cache_e2e/neuronxcc-2.23.6484.0+3b612583/MODULE_4624717319235165006+e30acd3a/model.neff
2026-09-09 09:21:26.000339:  152936  [INFO]: Using a cached neff at /home/ubuntu/neuron_cache_e2e/neuronxcc-2.23.6484.0+3b612583/MODULE_4624717319235165006+e30acd3a/model.neff
2026-09-09 09:21:26.000344:  152951  [INFO]: Using a cached neff at /home/ubuntu/neuron_cache_e2e/neuronxcc-2.23.6484.0+3b612583/MODULE_4624717319235165006+e30acd3a/model.neff
2026-09-09 09:21:26.000345:  152948  [INFO]: Using a cached neff at /home/ubuntu/neuron_cache_e2e/neuronxcc-2.23.6484.0+3b612583/MODULE_4624717319235165006+e30acd3a/model.neff
2026-09-09 09:21:26.000351:  152921  [INFO]: Using a cached neff at /home/ubuntu/neuron_cache_e2e/neuronxcc-2.23.6484.0+3b612583/MODULE_4624717319235165006+e30acd3a/model.neff
2026-09-09 09:21:26.000353:  152934  [INFO]: Using a cached neff at /home/ubuntu/neuron_cache_e2e/neuronxcc-2.23.6484.0+3b612583/MODULE_4624717319235165006+e30acd3a/model.neff
2026-09-09 09:21:26.000355:  152937  [INFO]: Using a cached neff at /home/ubuntu/neuron_cache_e2e/neuronxcc-2.23.6484.0+3b612583/MODULE_4624717319235165006+e30acd3a/model.neff
2026-09-09 09:21:26.000355:  152940  [INFO]: Using a cached neff at /home/ubuntu/neuron_cache_e2e/neuronxcc-2.23.6484.0+3b612583/MODULE_4624717319235165006+e30acd3a/model.neff
2026-09-09 09:21:26.000360:  152945  [INFO]: Using a cached neff at /home/ubuntu/neuron_cache_e2e/neuronxcc-2.23.6484.0+3b612583/MODULE_4624717319235165006+e30acd3a/model.neff
2026-09-09 09:21:26.000373:  152930  [INFO]: Using a cached neff at /home/ubuntu/neuron_cache_e2e/neuronxcc-2.23.6484.0+3b612583/MODULE_4624717319235165006+e30acd3a/model.neff
2026-09-09 09:21:26.000387:  152939  [INFO]: Using a cached neff at /home/ubuntu/neuron_cache_e2e/neuronxcc-2.23.6484.0+3b612583/MODULE_4624717319235165006+e30acd3a/model.neff
2026-09-09 09:21:28.000077:  152933  [INFO]: Using a cached neff at /home/ubuntu/neuron_cache_e2e/neuronxcc-2.23.6484.0+3b612583/MODULE_4443475598379848522+e30acd3a/model.neff
2026-09-09 09:21:28.000078:  152950  [INFO]: Using a cached neff at /home/ubuntu/neuron_cache_e2e/neuronxcc-2.23.6484.0+3b612583/MODULE_4443475598379848522+e30acd3a/model.neff
2026-09-09 09:21:28.000102:  152947  [INFO]: Using a cached neff at /home/ubuntu/neuron_cache_e2e/neuronxcc-2.23.6484.0+3b612583/MODULE_4443475598379848522+e30acd3a/model.neff
2026-09-09 09:21:28.000102:  152935  [INFO]: Using a cached neff at /home/ubuntu/neuron_cache_e2e/neuronxcc-2.23.6484.0+3b612583/MODULE_4443475598379848522+e30acd3a/model.neff
2026-09-09 09:21:28.000137:  152941  [INFO]: Using a cached neff at /home/ubuntu/neuron_cache_e2e/neuronxcc-2.23.6484.0+3b612583/MODULE_4443475598379848522+e30acd3a/model.neff
2026-09-09 09:21:28.000144:  152928  [INFO]: Using a cached neff at /home/ubuntu/neuron_cache_e2e/neuronxcc-2.23.6484.0+3b612583/MODULE_4443475598379848522+e30acd3a/model.neff
2026-09-09 09:21:28.000150:  152944  [INFO]: Using a cached neff at /home/ubuntu/neuron_cache_e2e/neuronxcc-2.23.6484.0+3b612583/MODULE_4443475598379848522+e30acd3a/model.neff
2026-09-09 09:21:28.000171:  152927  [INFO]: Using a cached neff at /home/ubuntu/neuron_cache_e2e/neuronxcc-2.23.6484.0+3b612583/MODULE_4443475598379848522+e30acd3a/model.neff
2026-09-09 09:21:28.000191:  152942  [INFO]: Using a cached neff at /home/ubuntu/neuron_cache_e2e/neuronxcc-2.23.6484.0+3b612583/MODULE_4443475598379848522+e30acd3a/model.neff
2026-09-09 09:21:28.000194:  152922  [INFO]: Using a cached neff at /home/ubuntu/neuron_cache_e2e/neuronxcc-2.23.6484.0+3b612583/MODULE_4443475598379848522+e30acd3a/model.neff
2026-09-09 09:21:28.000197:  152929  [INFO]: Using a cached neff at /home/ubuntu/neuron_cache_e2e/neuronxcc-2.23.6484.0+3b612583/MODULE_4443475598379848522+e30acd3a/model.neff
2026-09-09 09:21:28.000207:  152923  [INFO]: Using a cached neff at /home/ubuntu/neuron_cache_e2e/neuronxcc-2.23.6484.0+3b612583/MODULE_4443475598379848522+e30acd3a/model.neff
2026-09-09 09:21:28.000218:  152943  [INFO]: Using a cached neff at /home/ubuntu/neuron_cache_e2e/neuronxcc-2.23.6484.0+3b612583/MODULE_4443475598379848522+e30acd3a/model.neff
2026-09-09 09:21:28.000220:  152938  [INFO]: Using a cached neff at /home/ubuntu/neuron_cache_e2e/neuronxcc-2.23.6484.0+3b612583/MODULE_4443475598379848522+e30acd3a/model.neff
2026-09-09 09:21:28.000221:  152931  [INFO]: Using a cached neff at /home/ubuntu/neuron_cache_e2e/neuronxcc-2.23.6484.0+3b612583/MODULE_4443475598379848522+e30acd3a/model.neff
2026-09-09 09:21:28.000231:  152925  [INFO]: Using a cached neff at /home/ubuntu/neuron_cache_e2e/neuronxcc-2.23.6484.0+3b612583/MODULE_4443475598379848522+e30acd3a/model.neff
2026-09-09 09:21:28.000237:  152952  [INFO]: Using a cached neff at /home/ubuntu/neuron_cache_e2e/neuronxcc-2.23.6484.0+3b612583/MODULE_4443475598379848522+e30acd3a/model.neff
2026-09-09 09:21:28.000238:  152932  [INFO]: Using a cached neff at /home/ubuntu/neuron_cache_e2e/neuronxcc-2.23.6484.0+3b612583/MODULE_4443475598379848522+e30acd3a/model.neff
2026-09-09 09:21:28.000256:  152926  [INFO]: Using a cached neff at /home/ubuntu/neuron_cache_e2e/neuronxcc-2.23.6484.0+3b612583/MODULE_4443475598379848522+e30acd3a/model.neff
2026-09-09 09:21:28.000262:  152946  [INFO]: Using a cached neff at /home/ubuntu/neuron_cache_e2e/neuronxcc-2.23.6484.0+3b612583/MODULE_4443475598379848522+e30acd3a/model.neff
2026-09-09 09:21:28.000263:  152951  [INFO]: Using a cached neff at /home/ubuntu/neuron_cache_e2e/neuronxcc-2.23.6484.0+3b612583/MODULE_4443475598379848522+e30acd3a/model.neff
2026-09-09 09:21:28.000263:  152936  [INFO]: Using a cached neff at /home/ubuntu/neuron_cache_e2e/neuronxcc-2.23.6484.0+3b612583/MODULE_4443475598379848522+e30acd3a/model.neff
2026-09-09 09:21:28.000268:  152921  [INFO]: Using a cached neff at /home/ubuntu/neuron_cache_e2e/neuronxcc-2.23.6484.0+3b612583/MODULE_4443475598379848522+e30acd3a/model.neff
2026-09-09 09:21:28.000268:  152924  [INFO]: Using a cached neff at /home/ubuntu/neuron_cache_e2e/neuronxcc-2.23.6484.0+3b612583/MODULE_4443475598379848522+e30acd3a/model.neff
2026-09-09 09:21:28.000272:  152934  [INFO]: Using a cached neff at /home/ubuntu/neuron_cache_e2e/neuronxcc-2.23.6484.0+3b612583/MODULE_4443475598379848522+e30acd3a/model.neff
2026-09-09 09:21:28.000284:  152930  [INFO]: Using a cached neff at /home/ubuntu/neuron_cache_e2e/neuronxcc-2.23.6484.0+3b612583/MODULE_4443475598379848522+e30acd3a/model.neff
2026-09-09 09:21:28.000285:  152937  [INFO]: Using a cached neff at /home/ubuntu/neuron_cache_e2e/neuronxcc-2.23.6484.0+3b612583/MODULE_4443475598379848522+e30acd3a/model.neff
2026-09-09 09:21:28.000290:  152949  [INFO]: Using a cached neff at /home/ubuntu/neuron_cache_e2e/neuronxcc-2.23.6484.0+3b612583/MODULE_4443475598379848522+e30acd3a/model.neff
2026-09-09 09:21:28.000296:  152948  [INFO]: Using a cached neff at /home/ubuntu/neuron_cache_e2e/neuronxcc-2.23.6484.0+3b612583/MODULE_4443475598379848522+e30acd3a/model.neff
2026-09-09 09:21:28.000296:  152939  [INFO]: Using a cached neff at /home/ubuntu/neuron_cache_e2e/neuronxcc-2.23.6484.0+3b612583/MODULE_4443475598379848522+e30acd3a/model.neff
2026-09-09 09:21:28.000300:  152945  [INFO]: Using a cached neff at /home/ubuntu/neuron_cache_e2e/neuronxcc-2.23.6484.0+3b612583/MODULE_4443475598379848522+e30acd3a/model.neff
2026-09-09 09:21:28.000320:  152940  [INFO]: Using a cached neff at /home/ubuntu/neuron_cache_e2e/neuronxcc-2.23.6484.0+3b612583/MODULE_4443475598379848522+e30acd3a/model.neff
