2026-09-09 09:24:05.084918: W neuron/pjrt-api/neuronpjrt.cc:1781] Use PJRT C-API 0.79 as client did not specify a PJRT C-API version
2026-09-09 09:24:05.229499: W neuron/pjrt-api/neuronpjrt.cc:1781] Use PJRT C-API 0.79 as client did not specify a PJRT C-API version
2026-09-09 09:24:05.245622: W neuron/pjrt-api/neuronpjrt.cc:1781] Use PJRT C-API 0.79 as client did not specify a PJRT C-API version
2026-09-09 09:24:05.251593: W neuron/pjrt-api/neuronpjrt.cc:1781] Use PJRT C-API 0.79 as client did not specify a PJRT C-API version
2026-09-09 09:24:05.260198: W neuron/pjrt-api/neuronpjrt.cc:1781] Use PJRT C-API 0.79 as client did not specify a PJRT C-API version
2026-09-09 09:24:05.294168: W neuron/pjrt-api/neuronpjrt.cc:1781] Use PJRT C-API 0.79 as client did not specify a PJRT C-API version
2026-09-09 09:24:05.296419: W neuron/pjrt-api/neuronpjrt.cc:1781] Use PJRT C-API 0.79 as client did not specify a PJRT C-API version
2026-09-09 09:24:05.303199: W neuron/pjrt-api/neuronpjrt.cc:1781] Use PJRT C-API 0.79 as client did not specify a PJRT C-API version
2026-09-09 09:24:05.307599: W neuron/pjrt-api/neuronpjrt.cc:1781] Use PJRT C-API 0.79 as client did not specify a PJRT C-API version
2026-09-09 09:24:05.356129: W neuron/pjrt-api/neuronpjrt.cc:1781] Use PJRT C-API 0.79 as client did not specify a PJRT C-API version
2026-09-09 09:24:05.356325: W neuron/pjrt-api/neuronpjrt.cc:1781] Use PJRT C-API 0.79 as client did not specify a PJRT C-API version
2026-09-09 09:24:05.358704: W neuron/pjrt-api/neuronpjrt.cc:1781] Use PJRT C-API 0.79 as client did not specify a PJRT C-API version
2026-09-09 09:24:05.361718: W neuron/pjrt-api/neuronpjrt.cc:1781] Use PJRT C-API 0.79 as client did not specify a PJRT C-API version
2026-09-09 09:24:05.363811: W neuron/pjrt-api/neuronpjrt.cc:1781] Use PJRT C-API 0.79 as client did not specify a PJRT C-API version
2026-09-09 09:24:05.381787: W neuron/pjrt-api/neuronpjrt.cc:1781] Use PJRT C-API 0.79 as client did not specify a PJRT C-API version
2026-09-09 09:24:05.383686: W neuron/pjrt-api/neuronpjrt.cc:1781] Use PJRT C-API 0.79 as client did not specify a PJRT C-API version
2026-09-09 09:24:05.383753: W neuron/pjrt-api/neuronpjrt.cc:1781] Use PJRT C-API 0.79 as client did not specify a PJRT C-API version
2026-09-09 09:24:05.387184: W neuron/pjrt-api/neuronpjrt.cc:1781] Use PJRT C-API 0.79 as client did not specify a PJRT C-API version
2026-09-09 09:24:05.399383: W neuron/pjrt-api/neuronpjrt.cc:1781] Use PJRT C-API 0.79 as client did not specify a PJRT C-API version
2026-09-09 09:24:05.421866: W neuron/pjrt-api/neuronpjrt.cc:1781] Use PJRT C-API 0.79 as client did not specify a PJRT C-API version
2026-09-09 09:24:05.422905: W neuron/pjrt-api/neuronpjrt.cc:1781] Use PJRT C-API 0.79 as client did not specify a PJRT C-API version
2026-09-09 09:24:05.429371: W neuron/pjrt-api/neuronpjrt.cc:1781] Use PJRT C-API 0.79 as client did not specify a PJRT C-API version
2026-09-09 09:24:05.439420: W neuron/pjrt-api/neuronpjrt.cc:1781] Use PJRT C-API 0.79 as client did not specify a PJRT C-API version
2026-09-09 09:24:05.456884: W neuron/pjrt-api/neuronpjrt.cc:1781] Use PJRT C-API 0.79 as client did not specify a PJRT C-API version
2026-09-09 09:24:05.494161: W neuron/pjrt-api/neuronpjrt.cc:1781] Use PJRT C-API 0.79 as client did not specify a PJRT C-API version
2026-09-09 09:24:05.499219: W neuron/pjrt-api/neuronpjrt.cc:1781] Use PJRT C-API 0.79 as client did not specify a PJRT C-API version
2026-09-09 09:24:05.500800: W neuron/pjrt-api/neuronpjrt.cc:1781] Use PJRT C-API 0.79 as client did not specify a PJRT C-API version
2026-09-09 09:24:05.546053: W neuron/pjrt-api/neuronpjrt.cc:1781] Use PJRT C-API 0.79 as client did not specify a PJRT C-API version
2026-09-09 09:24:05.553313: W neuron/pjrt-api/neuronpjrt.cc:1781] Use PJRT C-API 0.79 as client did not specify a PJRT C-API version
2026-09-09 09:24:05.576319: W neuron/pjrt-api/neuronpjrt.cc:1781] Use PJRT C-API 0.79 as client did not specify a PJRT C-API version
2026-09-09 09:24:05.581296: W neuron/pjrt-api/neuronpjrt.cc:1781] Use PJRT C-API 0.79 as client did not specify a PJRT C-API version
2026-09-09 09:24:05.733326: W neuron/pjrt-api/neuronpjrt.cc:1781] Use PJRT C-API 0.79 as client did not specify a PJRT C-API version
/home/ubuntu/train_gpt10b_tp_families.py:365: DeprecationWarning: Use torch_xla.sync instead
  xm.mark_step()
/home/ubuntu/train_gpt10b_tp_families.py:365: DeprecationWarning: Use torch_xla.sync instead
  xm.mark_step()
/home/ubuntu/train_gpt10b_tp_families.py:365: DeprecationWarning: Use torch_xla.sync instead
  xm.mark_step()
/home/ubuntu/train_gpt10b_tp_families.py:365: DeprecationWarning: Use torch_xla.sync instead
  xm.mark_step()
/home/ubuntu/train_gpt10b_tp_families.py:365: DeprecationWarning: Use torch_xla.sync instead
  xm.mark_step()
/home/ubuntu/train_gpt10b_tp_families.py:365: DeprecationWarning: Use torch_xla.sync instead
  xm.mark_step()
/home/ubuntu/train_gpt10b_tp_families.py:365: DeprecationWarning: Use torch_xla.sync instead
  xm.mark_step()
/home/ubuntu/train_gpt10b_tp_families.py:365: DeprecationWarning: Use torch_xla.sync instead
  xm.mark_step()
/home/ubuntu/train_gpt10b_tp_families.py:365: DeprecationWarning: Use torch_xla.sync instead
  xm.mark_step()
/home/ubuntu/train_gpt10b_tp_families.py:365: DeprecationWarning: Use torch_xla.sync instead
  xm.mark_step()
/home/ubuntu/train_gpt10b_tp_families.py:365: DeprecationWarning: Use torch_xla.sync instead
  xm.mark_step()
/home/ubuntu/train_gpt10b_tp_families.py:365: DeprecationWarning: Use torch_xla.sync instead
  xm.mark_step()
/home/ubuntu/train_gpt10b_tp_families.py:365: DeprecationWarning: Use torch_xla.sync instead
  xm.mark_step()
/home/ubuntu/train_gpt10b_tp_families.py:365: DeprecationWarning: Use torch_xla.sync instead
  xm.mark_step()
/home/ubuntu/train_gpt10b_tp_families.py:365: DeprecationWarning: Use torch_xla.sync instead
  xm.mark_step()
/home/ubuntu/train_gpt10b_tp_families.py:365: DeprecationWarning: Use torch_xla.sync instead
  xm.mark_step()
/home/ubuntu/train_gpt10b_tp_families.py:365: DeprecationWarning: Use torch_xla.sync instead
  xm.mark_step()
/home/ubuntu/train_gpt10b_tp_families.py:365: DeprecationWarning: Use torch_xla.sync instead
  xm.mark_step()
/home/ubuntu/train_gpt10b_tp_families.py:365: DeprecationWarning: Use torch_xla.sync instead
  xm.mark_step()
/home/ubuntu/train_gpt10b_tp_families.py:365: DeprecationWarning: Use torch_xla.sync instead
  xm.mark_step()
/home/ubuntu/train_gpt10b_tp_families.py:365: DeprecationWarning: Use torch_xla.sync instead
  xm.mark_step()
/home/ubuntu/train_gpt10b_tp_families.py:365: DeprecationWarning: Use torch_xla.sync instead
  xm.mark_step()
/home/ubuntu/train_gpt10b_tp_families.py:365: DeprecationWarning: Use torch_xla.sync instead
  xm.mark_step()
/home/ubuntu/train_gpt10b_tp_families.py:365: DeprecationWarning: Use torch_xla.sync instead
  xm.mark_step()
/home/ubuntu/train_gpt10b_tp_families.py:365: DeprecationWarning: Use torch_xla.sync instead
  xm.mark_step()
/home/ubuntu/train_gpt10b_tp_families.py:365: DeprecationWarning: Use torch_xla.sync instead
  xm.mark_step()
/home/ubuntu/train_gpt10b_tp_families.py:365: DeprecationWarning: Use torch_xla.sync instead
  xm.mark_step()
/home/ubuntu/train_gpt10b_tp_families.py:365: DeprecationWarning: Use torch_xla.sync instead
  xm.mark_step()
/home/ubuntu/train_gpt10b_tp_families.py:365: DeprecationWarning: Use torch_xla.sync instead
  xm.mark_step()
/home/ubuntu/train_gpt10b_tp_families.py:365: DeprecationWarning: Use torch_xla.sync instead
  xm.mark_step()
/home/ubuntu/train_gpt10b_tp_families.py:365: DeprecationWarning: Use torch_xla.sync instead
  xm.mark_step()
/home/ubuntu/train_gpt10b_tp_families.py:365: DeprecationWarning: Use torch_xla.sync instead
  xm.mark_step()
/home/ubuntu/train_gpt10b_tp_families.py:423: DeprecationWarning: Use torch_xla.sync instead
  xm.mark_step()
/home/ubuntu/train_gpt10b_tp_families.py:423: DeprecationWarning: Use torch_xla.sync instead
  xm.mark_step()
2026-09-09 09:24:49.000705:  172241  [INFO]: Using a cached neff at /home/ubuntu/neuron_cache_e2e/neuronxcc-2.23.6484.0+3b612583/MODULE_15499462365376141814+e30acd3a/model.neff
2026-09-09 09:24:49.000708:  172228  [INFO]: Using a cached neff at /home/ubuntu/neuron_cache_e2e/neuronxcc-2.23.6484.0+3b612583/MODULE_15499462365376141814+e30acd3a/model.neff
/home/ubuntu/train_gpt10b_tp_families.py:423: DeprecationWarning: Use torch_xla.sync instead
  xm.mark_step()
/home/ubuntu/train_gpt10b_tp_families.py:423: DeprecationWarning: Use torch_xla.sync instead
  xm.mark_step()
/home/ubuntu/train_gpt10b_tp_families.py:423: DeprecationWarning: Use torch_xla.sync instead
  xm.mark_step()
/home/ubuntu/train_gpt10b_tp_families.py:423: DeprecationWarning: Use torch_xla.sync instead
  xm.mark_step()
2026-09-09 09:24:49.000796:  172237  [INFO]: Using a cached neff at /home/ubuntu/neuron_cache_e2e/neuronxcc-2.23.6484.0+3b612583/MODULE_15499462365376141814+e30acd3a/model.neff
/home/ubuntu/train_gpt10b_tp_families.py:423: DeprecationWarning: Use torch_xla.sync instead
  xm.mark_step()
2026-09-09 09:24:49.000858:  172249  [INFO]: Using a cached neff at /home/ubuntu/neuron_cache_e2e/neuronxcc-2.23.6484.0+3b612583/MODULE_15499462365376141814+e30acd3a/model.neff
2026-09-09 09:24:49.000871:  172238  [INFO]: Using a cached neff at /home/ubuntu/neuron_cache_e2e/neuronxcc-2.23.6484.0+3b612583/MODULE_15499462365376141814+e30acd3a/model.neff
/home/ubuntu/train_gpt10b_tp_families.py:423: DeprecationWarning: Use torch_xla.sync instead
  xm.mark_step()
2026-09-09 09:24:49.000882:  172226  [INFO]: Using a cached neff at /home/ubuntu/neuron_cache_e2e/neuronxcc-2.23.6484.0+3b612583/MODULE_15499462365376141814+e30acd3a/model.neff
2026-09-09 09:24:49.000884:  172220  [INFO]: Using a cached neff at /home/ubuntu/neuron_cache_e2e/neuronxcc-2.23.6484.0+3b612583/MODULE_15499462365376141814+e30acd3a/model.neff
/home/ubuntu/train_gpt10b_tp_families.py:423: DeprecationWarning: Use torch_xla.sync instead
  xm.mark_step()
/home/ubuntu/train_gpt10b_tp_families.py:423: DeprecationWarning: Use torch_xla.sync instead
  xm.mark_step()
2026-09-09 09:24:49.000967:  172224  [INFO]: Using a cached neff at /home/ubuntu/neuron_cache_e2e/neuronxcc-2.23.6484.0+3b612583/MODULE_15499462365376141814+e30acd3a/model.neff
2026-09-09 09:24:49.000974:  172233  [INFO]: Using a cached neff at /home/ubuntu/neuron_cache_e2e/neuronxcc-2.23.6484.0+3b612583/MODULE_15499462365376141814+e30acd3a/model.neff
/home/ubuntu/train_gpt10b_tp_families.py:423: DeprecationWarning: Use torch_xla.sync instead
  xm.mark_step()
2026-09-09 09:24:49.000996:  172221  [INFO]: Using a cached neff at /home/ubuntu/neuron_cache_e2e/neuronxcc-2.23.6484.0+3b612583/MODULE_15499462365376141814+e30acd3a/model.neff
/home/ubuntu/train_gpt10b_tp_families.py:447: DeprecationWarning: Use torch_xla.sync instead
  xm.mark_step()
2026-09-09 09:24:50.000031:  172228  [INFO]: Using a cached neff at /home/ubuntu/neuron_cache_e2e/neuronxcc-2.23.6484.0+3b612583/MODULE_7709512231245278626+e30acd3a/model.neff
/home/ubuntu/train_gpt10b_tp_families.py:447: DeprecationWarning: Use torch_xla.sync instead
  xm.mark_step()
2026-09-09 09:24:50.000040:  172241  [INFO]: Using a cached neff at /home/ubuntu/neuron_cache_e2e/neuronxcc-2.23.6484.0+3b612583/MODULE_7709512231245278626+e30acd3a/model.neff
/home/ubuntu/train_gpt10b_tp_families.py:447: DeprecationWarning: Use torch_xla.sync instead
  xm.mark_step()
/home/ubuntu/train_gpt10b_tp_families.py:454: DeprecationWarning: Use torch_xla.sync instead
  xm.mark_step()
/home/ubuntu/train_gpt10b_tp_families.py:423: DeprecationWarning: Use torch_xla.sync instead
  xm.mark_step()
2026-09-09 09:24:50.000057:  172237  [INFO]: Using a cached neff at /home/ubuntu/neuron_cache_e2e/neuronxcc-2.23.6484.0+3b612583/MODULE_7709512231245278626+e30acd3a/model.neff
/home/ubuntu/train_gpt10b_tp_families.py:454: DeprecationWarning: Use torch_xla.sync instead
  xm.mark_step()
/home/ubuntu/train_gpt10b_tp_families.py:423: DeprecationWarning: Use torch_xla.sync instead
  xm.mark_step()
/home/ubuntu/train_gpt10b_tp_families.py:454: DeprecationWarning: Use torch_xla.sync instead
  xm.mark_step()
2026-09-09 09:24:50.000080:  172245  [INFO]: Using a cached neff at /home/ubuntu/neuron_cache_e2e/neuronxcc-2.23.6484.0+3b612583/MODULE_15499462365376141814+e30acd3a/model.neff
/home/ubuntu/train_gpt10b_tp_families.py:447: DeprecationWarning: Use torch_xla.sync instead
  xm.mark_step()
2026-09-09 09:24:50.000099:  172228  [INFO]: Using a cached neff at /home/ubuntu/neuron_cache_e2e/neuronxcc-2.23.6484.0+3b612583/MODULE_11581410531984556362+e30acd3a/model.neff
2026-09-09 09:24:50.000102:  172249  [INFO]: Using a cached neff at /home/ubuntu/neuron_cache_e2e/neuronxcc-2.23.6484.0+3b612583/MODULE_7709512231245278626+e30acd3a/model.neff
2026-09-09 09:24:50.000108:  172241  [INFO]: Using a cached neff at /home/ubuntu/neuron_cache_e2e/neuronxcc-2.23.6484.0+3b612583/MODULE_11581410531984556362+e30acd3a/model.neff
/home/ubuntu/train_gpt10b_tp_families.py:447: DeprecationWarning: Use torch_xla.sync instead
  xm.mark_step()
2026-09-09 09:24:50.000120:  172237  [INFO]: Using a cached neff at /home/ubuntu/neuron_cache_e2e/neuronxcc-2.23.6484.0+3b612583/MODULE_11581410531984556362+e30acd3a/model.neff
/home/ubuntu/train_gpt10b_tp_families.py:454: DeprecationWarning: Use torch_xla.sync instead
  xm.mark_step()
2026-09-09 09:24:50.000127:  172226  [INFO]: Using a cached neff at /home/ubuntu/neuron_cache_e2e/neuronxcc-2.23.6484.0+3b612583/MODULE_7709512231245278626+e30acd3a/model.neff
/home/ubuntu/train_gpt10b_tp_families.py:423: DeprecationWarning: Use torch_xla.sync instead
  xm.mark_step()
/home/ubuntu/train_gpt10b_tp_families.py:447: DeprecationWarning: Use torch_xla.sync instead
  xm.mark_step()
2026-09-09 09:24:50.000137:  172247  [INFO]: Using a cached neff at /home/ubuntu/neuron_cache_e2e/neuronxcc-2.23.6484.0+3b612583/MODULE_15499462365376141814+e30acd3a/model.neff
/home/ubuntu/train_gpt10b_tp_families.py:423: DeprecationWarning: Use torch_xla.sync instead
  xm.mark_step()
2026-09-09 09:24:50.000141:  172238  [INFO]: Using a cached neff at /home/ubuntu/neuron_cache_e2e/neuronxcc-2.23.6484.0+3b612583/MODULE_7709512231245278626+e30acd3a/model.neff
/home/ubuntu/train_gpt10b_tp_families.py:454: DeprecationWarning: Use torch_xla.sync instead
  xm.mark_step()
2026-09-09 09:24:50.000154:  172251  [INFO]: Using a cached neff at /home/ubuntu/neuron_cache_e2e/neuronxcc-2.23.6484.0+3b612583/MODULE_15499462365376141814+e30acd3a/model.neff
/home/ubuntu/train_gpt10b_tp_families.py:447: DeprecationWarning: Use torch_xla.sync instead
  xm.mark_step()
/home/ubuntu/train_gpt10b_tp_families.py:423: DeprecationWarning: Use torch_xla.sync instead
  xm.mark_step()
/home/ubuntu/train_gpt10b_tp_families.py:454: DeprecationWarning: Use torch_xla.sync instead
  xm.mark_step()
2026-09-09 09:24:50.000164:  172220  [INFO]: Using a cached neff at /home/ubuntu/neuron_cache_e2e/neuronxcc-2.23.6484.0+3b612583/MODULE_7709512231245278626+e30acd3a/model.neff
2026-09-09 09:24:50.000171:  172249  [INFO]: Using a cached neff at /home/ubuntu/neuron_cache_e2e/neuronxcc-2.23.6484.0+3b612583/MODULE_11581410531984556362+e30acd3a/model.neff
/home/ubuntu/train_gpt10b_tp_families.py:454: DeprecationWarning: Use torch_xla.sync instead
  xm.mark_step()
2026-09-09 09:24:50.000192:  172226  [INFO]: Using a cached neff at /home/ubuntu/neuron_cache_e2e/neuronxcc-2.23.6484.0+3b612583/MODULE_11581410531984556362+e30acd3a/model.neff
/home/ubuntu/train_gpt10b_tp_families.py:447: DeprecationWarning: Use torch_xla.sync instead
  xm.mark_step()
2026-09-09 09:24:50.000219:  172244  [INFO]: Using a cached neff at /home/ubuntu/neuron_cache_e2e/neuronxcc-2.23.6484.0+3b612583/MODULE_15499462365376141814+e30acd3a/model.neff
/home/ubuntu/train_gpt10b_tp_families.py:423: DeprecationWarning: Use torch_xla.sync instead
  xm.mark_step()
2026-09-09 09:24:50.000223:  172233  [INFO]: Using a cached neff at /home/ubuntu/neuron_cache_e2e/neuronxcc-2.23.6484.0+3b612583/MODULE_7709512231245278626+e30acd3a/model.neff
2026-09-09 09:24:50.000232:  172238  [INFO]: Using a cached neff at /home/ubuntu/neuron_cache_e2e/neuronxcc-2.23.6484.0+3b612583/MODULE_11581410531984556362+e30acd3a/model.neff
2026-09-09 09:24:50.000231:  172236  [INFO]: Using a cached neff at /home/ubuntu/neuron_cache_e2e/neuronxcc-2.23.6484.0+3b612583/MODULE_15499462365376141814+e30acd3a/model.neff
2026-09-09 09:24:50.000234:  172220  [INFO]: Using a cached neff at /home/ubuntu/neuron_cache_e2e/neuronxcc-2.23.6484.0+3b612583/MODULE_11581410531984556362+e30acd3a/model.neff
/home/ubuntu/train_gpt10b_tp_families.py:454: DeprecationWarning: Use torch_xla.sync instead
  xm.mark_step()
/home/ubuntu/train_gpt10b_tp_families.py:447: DeprecationWarning: Use torch_xla.sync instead
  xm.mark_step()
/home/ubuntu/train_gpt10b_tp_families.py:447: DeprecationWarning: Use torch_xla.sync instead
  xm.mark_step()
2026-09-09 09:24:50.000253:  172221  [INFO]: Using a cached neff at /home/ubuntu/neuron_cache_e2e/neuronxcc-2.23.6484.0+3b612583/MODULE_7709512231245278626+e30acd3a/model.neff
2026-09-09 09:24:50.000258:  172224  [INFO]: Using a cached neff at /home/ubuntu/neuron_cache_e2e/neuronxcc-2.23.6484.0+3b612583/MODULE_7709512231245278626+e30acd3a/model.neff
2026-09-09 09:24:50.000262:  172235  [INFO]: Using a cached neff at /home/ubuntu/neuron_cache_e2e/neuronxcc-2.23.6484.0+3b612583/MODULE_15499462365376141814+e30acd3a/model.neff
/home/ubuntu/train_gpt10b_tp_families.py:423: DeprecationWarning: Use torch_xla.sync instead
  xm.mark_step()
/home/ubuntu/train_gpt10b_tp_families.py:454: DeprecationWarning: Use torch_xla.sync instead
  xm.mark_step()
/home/ubuntu/train_gpt10b_tp_families.py:454: DeprecationWarning: Use torch_xla.sync instead
  xm.mark_step()
2026-09-09 09:24:50.000285:  172233  [INFO]: Using a cached neff at /home/ubuntu/neuron_cache_e2e/neuronxcc-2.23.6484.0+3b612583/MODULE_11581410531984556362+e30acd3a/model.neff
/home/ubuntu/train_gpt10b_tp_families.py:423: DeprecationWarning: Use torch_xla.sync instead
  xm.mark_step()
/home/ubuntu/train_gpt10b_tp_families.py:423: DeprecationWarning: Use torch_xla.sync instead
  xm.mark_step()
2026-09-09 09:24:50.000315:  172239  [INFO]: Using a cached neff at /home/ubuntu/neuron_cache_e2e/neuronxcc-2.23.6484.0+3b612583/MODULE_15499462365376141814+e30acd3a/model.neff
2026-09-09 09:24:50.000319:  172221  [INFO]: Using a cached neff at /home/ubuntu/neuron_cache_e2e/neuronxcc-2.23.6484.0+3b612583/MODULE_11581410531984556362+e30acd3a/model.neff
2026-09-09 09:24:50.000323:  172224  [INFO]: Using a cached neff at /home/ubuntu/neuron_cache_e2e/neuronxcc-2.23.6484.0+3b612583/MODULE_11581410531984556362+e30acd3a/model.neff
/home/ubuntu/train_gpt10b_tp_families.py:423: DeprecationWarning: Use torch_xla.sync instead
  xm.mark_step()
2026-09-09 09:24:50.000353:  172227  [INFO]: Using a cached neff at /home/ubuntu/neuron_cache_e2e/neuronxcc-2.23.6484.0+3b612583/MODULE_15499462365376141814+e30acd3a/model.neff
/home/ubuntu/train_gpt10b_tp_families.py:447: DeprecationWarning: Use torch_xla.sync instead
  xm.mark_step()
2026-09-09 09:24:50.000365:  172245  [INFO]: Using a cached neff at /home/ubuntu/neuron_cache_e2e/neuronxcc-2.23.6484.0+3b612583/MODULE_7709512231245278626+e30acd3a/model.neff
/home/ubuntu/train_gpt10b_tp_families.py:423: DeprecationWarning: Use torch_xla.sync instead
  xm.mark_step()
2026-09-09 09:24:50.000375:  172243  [INFO]: Using a cached neff at /home/ubuntu/neuron_cache_e2e/neuronxcc-2.23.6484.0+3b612583/MODULE_15499462365376141814+e30acd3a/model.neff
/home/ubuntu/train_gpt10b_tp_families.py:454: DeprecationWarning: Use torch_xla.sync instead
  xm.mark_step()
/home/ubuntu/train_gpt10b_tp_families.py:447: DeprecationWarning: Use torch_xla.sync instead
  xm.mark_step()
2026-09-09 09:24:50.000392:  172231  [INFO]: Using a cached neff at /home/ubuntu/neuron_cache_e2e/neuronxcc-2.23.6484.0+3b612583/MODULE_15499462365376141814+e30acd3a/model.neff
/home/ubuntu/train_gpt10b_tp_families.py:447: DeprecationWarning: Use torch_xla.sync instead
  xm.mark_step()
2026-09-09 09:24:50.000395:  172247  [INFO]: Using a cached neff at /home/ubuntu/neuron_cache_e2e/neuronxcc-2.23.6484.0+3b612583/MODULE_7709512231245278626+e30acd3a/model.neff
2026-09-09 09:24:50.000401:  172251  [INFO]: Using a cached neff at /home/ubuntu/neuron_cache_e2e/neuronxcc-2.23.6484.0+3b612583/MODULE_7709512231245278626+e30acd3a/model.neff
2026-09-09 09:24:50.000408:  172225  [INFO]: Using a cached neff at /home/ubuntu/neuron_cache_e2e/neuronxcc-2.23.6484.0+3b612583/MODULE_15499462365376141814+e30acd3a/model.neff
/home/ubuntu/train_gpt10b_tp_families.py:454: DeprecationWarning: Use torch_xla.sync instead
  xm.mark_step()
/home/ubuntu/train_gpt10b_tp_families.py:454: DeprecationWarning: Use torch_xla.sync instead
  xm.mark_step()
/home/ubuntu/train_gpt10b_tp_families.py:423: DeprecationWarning: Use torch_xla.sync instead
  xm.mark_step()
2026-09-09 09:24:50.000440:  172245  [INFO]: Using a cached neff at /home/ubuntu/neuron_cache_e2e/neuronxcc-2.23.6484.0+3b612583/MODULE_11581410531984556362+e30acd3a/model.neff
2026-09-09 09:24:50.000449:  172223  [INFO]: Using a cached neff at /home/ubuntu/neuron_cache_e2e/neuronxcc-2.23.6484.0+3b612583/MODULE_15499462365376141814+e30acd3a/model.neff
2026-09-09 09:24:50.000460:  172247  [INFO]: Using a cached neff at /home/ubuntu/neuron_cache_e2e/neuronxcc-2.23.6484.0+3b612583/MODULE_11581410531984556362+e30acd3a/model.neff
2026-09-09 09:24:50.000469:  172251  [INFO]: Using a cached neff at /home/ubuntu/neuron_cache_e2e/neuronxcc-2.23.6484.0+3b612583/MODULE_11581410531984556362+e30acd3a/model.neff
/home/ubuntu/train_gpt10b_tp_families.py:447: DeprecationWarning: Use torch_xla.sync instead
  xm.mark_step()
/home/ubuntu/train_gpt10b_tp_families.py:423: DeprecationWarning: Use torch_xla.sync instead
  xm.mark_step()
/home/ubuntu/train_gpt10b_tp_families.py:423: DeprecationWarning: Use torch_xla.sync instead
  xm.mark_step()
/home/ubuntu/train_gpt10b_tp_families.py:447: DeprecationWarning: Use torch_xla.sync instead
  xm.mark_step()
2026-09-09 09:24:50.000494:  172244  [INFO]: Using a cached neff at /home/ubuntu/neuron_cache_e2e/neuronxcc-2.23.6484.0+3b612583/MODULE_7709512231245278626+e30acd3a/model.neff
2026-09-09 09:24:50.000502:  172236  [INFO]: Using a cached neff at /home/ubuntu/neuron_cache_e2e/neuronxcc-2.23.6484.0+3b612583/MODULE_7709512231245278626+e30acd3a/model.neff
/home/ubuntu/train_gpt10b_tp_families.py:454: DeprecationWarning: Use torch_xla.sync instead
  xm.mark_step()
2026-09-09 09:24:50.000516:  172232  [INFO]: Using a cached neff at /home/ubuntu/neuron_cache_e2e/neuronxcc-2.23.6484.0+3b612583/MODULE_15499462365376141814+e30acd3a/model.neff
/home/ubuntu/train_gpt10b_tp_families.py:454: DeprecationWarning: Use torch_xla.sync instead
  xm.mark_step()
/home/ubuntu/train_gpt10b_tp_families.py:423: DeprecationWarning: Use torch_xla.sync instead
  xm.mark_step()
/home/ubuntu/train_gpt10b_tp_families.py:447: DeprecationWarning: Use torch_xla.sync instead
  xm.mark_step()
2026-09-09 09:24:50.000557:  172244  [INFO]: Using a cached neff at /home/ubuntu/neuron_cache_e2e/neuronxcc-2.23.6484.0+3b612583/MODULE_11581410531984556362+e30acd3a/model.neff
2026-09-09 09:24:50.000562:  172235  [INFO]: Using a cached neff at /home/ubuntu/neuron_cache_e2e/neuronxcc-2.23.6484.0+3b612583/MODULE_7709512231245278626+e30acd3a/model.neff
2026-09-09 09:24:50.000570:  172236  [INFO]: Using a cached neff at /home/ubuntu/neuron_cache_e2e/neuronxcc-2.23.6484.0+3b612583/MODULE_11581410531984556362+e30acd3a/model.neff
2026-09-09 09:24:50.000580:  172229  [INFO]: Using a cached neff at /home/ubuntu/neuron_cache_e2e/neuronxcc-2.23.6484.0+3b612583/MODULE_15499462365376141814+e30acd3a/model.neff
/home/ubuntu/train_gpt10b_tp_families.py:454: DeprecationWarning: Use torch_xla.sync instead
  xm.mark_step()
2026-09-09 09:24:50.000584:  172222  [INFO]: Using a cached neff at /home/ubuntu/neuron_cache_e2e/neuronxcc-2.23.6484.0+3b612583/MODULE_15499462365376141814+e30acd3a/model.neff
/home/ubuntu/train_gpt10b_tp_families.py:447: DeprecationWarning: Use torch_xla.sync instead
  xm.mark_step()
/home/ubuntu/train_gpt10b_tp_families.py:447: DeprecationWarning: Use torch_xla.sync instead
  xm.mark_step()
2026-09-09 09:24:50.000599:  172227  [INFO]: Using a cached neff at /home/ubuntu/neuron_cache_e2e/neuronxcc-2.23.6484.0+3b612583/MODULE_7709512231245278626+e30acd3a/model.neff
2026-09-09 09:24:50.000601:  172239  [INFO]: Using a cached neff at /home/ubuntu/neuron_cache_e2e/neuronxcc-2.23.6484.0+3b612583/MODULE_7709512231245278626+e30acd3a/model.neff
/home/ubuntu/train_gpt10b_tp_families.py:423: DeprecationWarning: Use torch_xla.sync instead
  xm.mark_step()
/home/ubuntu/train_gpt10b_tp_families.py:423: DeprecationWarning: Use torch_xla.sync instead
  xm.mark_step()
/home/ubuntu/train_gpt10b_tp_families.py:447: DeprecationWarning: Use torch_xla.sync instead
  xm.mark_step()
/home/ubuntu/train_gpt10b_tp_families.py:454: DeprecationWarning: Use torch_xla.sync instead
  xm.mark_step()
/home/ubuntu/train_gpt10b_tp_families.py:454: DeprecationWarning: Use torch_xla.sync instead
  xm.mark_step()
/home/ubuntu/train_gpt10b_tp_families.py:423: DeprecationWarning: Use torch_xla.sync instead
  xm.mark_step()
2026-09-09 09:24:50.000625:  172243  [INFO]: Using a cached neff at /home/ubuntu/neuron_cache_e2e/neuronxcc-2.23.6484.0+3b612583/MODULE_7709512231245278626+e30acd3a/model.neff
2026-09-09 09:24:50.000627:  172246  [INFO]: Using a cached neff at /home/ubuntu/neuron_cache_e2e/neuronxcc-2.23.6484.0+3b612583/MODULE_15499462365376141814+e30acd3a/model.neff
2026-09-09 09:24:50.000631:  172235  [INFO]: Using a cached neff at /home/ubuntu/neuron_cache_e2e/neuronxcc-2.23.6484.0+3b612583/MODULE_11581410531984556362+e30acd3a/model.neff
/home/ubuntu/train_gpt10b_tp_families.py:447: DeprecationWarning: Use torch_xla.sync instead
  xm.mark_step()
/home/ubuntu/train_gpt10b_tp_families.py:454: DeprecationWarning: Use torch_xla.sync instead
  xm.mark_step()
2026-09-09 09:24:50.000648:  172225  [INFO]: Using a cached neff at /home/ubuntu/neuron_cache_e2e/neuronxcc-2.23.6484.0+3b612583/MODULE_7709512231245278626+e30acd3a/model.neff
2026-09-09 09:24:50.000663:  172227  [INFO]: Using a cached neff at /home/ubuntu/neuron_cache_e2e/neuronxcc-2.23.6484.0+3b612583/MODULE_11581410531984556362+e30acd3a/model.neff
2026-09-09 09:24:50.000664:  172239  [INFO]: Using a cached neff at /home/ubuntu/neuron_cache_e2e/neuronxcc-2.23.6484.0+3b612583/MODULE_11581410531984556362+e30acd3a/model.neff
/home/ubuntu/train_gpt10b_tp_families.py:454: DeprecationWarning: Use torch_xla.sync instead
  xm.mark_step()
/home/ubuntu/train_gpt10b_tp_families.py:447: DeprecationWarning: Use torch_xla.sync instead
  xm.mark_step()
2026-09-09 09:24:50.000675:  172231  [INFO]: Using a cached neff at /home/ubuntu/neuron_cache_e2e/neuronxcc-2.23.6484.0+3b612583/MODULE_7709512231245278626+e30acd3a/model.neff
2026-09-09 09:24:50.000679:  172250  [INFO]: Using a cached neff at /home/ubuntu/neuron_cache_e2e/neuronxcc-2.23.6484.0+3b612583/MODULE_15499462365376141814+e30acd3a/model.neff
2026-09-09 09:24:50.000681:  172234  [INFO]: Using a cached neff at /home/ubuntu/neuron_cache_e2e/neuronxcc-2.23.6484.0+3b612583/MODULE_15499462365376141814+e30acd3a/model.neff
2026-09-09 09:24:50.000689:  172243  [INFO]: Using a cached neff at /home/ubuntu/neuron_cache_e2e/neuronxcc-2.23.6484.0+3b612583/MODULE_11581410531984556362+e30acd3a/model.neff
/home/ubuntu/train_gpt10b_tp_families.py:454: DeprecationWarning: Use torch_xla.sync instead
  xm.mark_step()
2026-09-09 09:24:50.000692:  172230  [INFO]: Using a cached neff at /home/ubuntu/neuron_cache_e2e/neuronxcc-2.23.6484.0+3b612583/MODULE_15499462365376141814+e30acd3a/model.neff
2026-09-09 09:24:50.000713:  172225  [INFO]: Using a cached neff at /home/ubuntu/neuron_cache_e2e/neuronxcc-2.23.6484.0+3b612583/MODULE_11581410531984556362+e30acd3a/model.neff
/home/ubuntu/train_gpt10b_tp_families.py:447: DeprecationWarning: Use torch_xla.sync instead
  xm.mark_step()
2026-09-09 09:24:50.000725:  172223  [INFO]: Using a cached neff at /home/ubuntu/neuron_cache_e2e/neuronxcc-2.23.6484.0+3b612583/MODULE_7709512231245278626+e30acd3a/model.neff
2026-09-09 09:24:50.000739:  172231  [INFO]: Using a cached neff at /home/ubuntu/neuron_cache_e2e/neuronxcc-2.23.6484.0+3b612583/MODULE_11581410531984556362+e30acd3a/model.neff
/home/ubuntu/train_gpt10b_tp_families.py:454: DeprecationWarning: Use torch_xla.sync instead
  xm.mark_step()
/home/ubuntu/train_gpt10b_tp_families.py:447: DeprecationWarning: Use torch_xla.sync instead
  xm.mark_step()
2026-09-09 09:24:50.000755:  172232  [INFO]: Using a cached neff at /home/ubuntu/neuron_cache_e2e/neuronxcc-2.23.6484.0+3b612583/MODULE_7709512231245278626+e30acd3a/model.neff
/home/ubuntu/train_gpt10b_tp_families.py:454: DeprecationWarning: Use torch_xla.sync instead
  xm.mark_step()
2026-09-09 09:24:50.000790:  172223  [INFO]: Using a cached neff at /home/ubuntu/neuron_cache_e2e/neuronxcc-2.23.6484.0+3b612583/MODULE_11581410531984556362+e30acd3a/model.neff
/home/ubuntu/train_gpt10b_tp_families.py:447: DeprecationWarning: Use torch_xla.sync instead
  xm.mark_step()
2026-09-09 09:24:50.000818:  172229  [INFO]: Using a cached neff at /home/ubuntu/neuron_cache_e2e/neuronxcc-2.23.6484.0+3b612583/MODULE_7709512231245278626+e30acd3a/model.neff
/home/ubuntu/train_gpt10b_tp_families.py:447: DeprecationWarning: Use torch_xla.sync instead
  xm.mark_step()
2026-09-09 09:24:50.000827:  172222  [INFO]: Using a cached neff at /home/ubuntu/neuron_cache_e2e/neuronxcc-2.23.6484.0+3b612583/MODULE_7709512231245278626+e30acd3a/model.neff
2026-09-09 09:24:50.000829:  172232  [INFO]: Using a cached neff at /home/ubuntu/neuron_cache_e2e/neuronxcc-2.23.6484.0+3b612583/MODULE_11581410531984556362+e30acd3a/model.neff
/home/ubuntu/train_gpt10b_tp_families.py:454: DeprecationWarning: Use torch_xla.sync instead
  xm.mark_step()
/home/ubuntu/train_gpt10b_tp_families.py:454: DeprecationWarning: Use torch_xla.sync instead
  xm.mark_step()
/home/ubuntu/train_gpt10b_tp_families.py:447: DeprecationWarning: Use torch_xla.sync instead
  xm.mark_step()
2026-09-09 09:24:50.000864:  172246  [INFO]: Using a cached neff at /home/ubuntu/neuron_cache_e2e/neuronxcc-2.23.6484.0+3b612583/MODULE_7709512231245278626+e30acd3a/model.neff
/home/ubuntu/train_gpt10b_tp_families.py:454: DeprecationWarning: Use torch_xla.sync instead
  xm.mark_step()
2026-09-09 09:24:50.000881:  172229  [INFO]: Using a cached neff at /home/ubuntu/neuron_cache_e2e/neuronxcc-2.23.6484.0+3b612583/MODULE_11581410531984556362+e30acd3a/model.neff
2026-09-09 09:24:50.000887:  172222  [INFO]: Using a cached neff at /home/ubuntu/neuron_cache_e2e/neuronxcc-2.23.6484.0+3b612583/MODULE_11581410531984556362+e30acd3a/model.neff
/home/ubuntu/train_gpt10b_tp_families.py:447: DeprecationWarning: Use torch_xla.sync instead
  xm.mark_step()
/home/ubuntu/train_gpt10b_tp_families.py:447: DeprecationWarning: Use torch_xla.sync instead
  xm.mark_step()
2026-09-09 09:24:50.000914:  172250  [INFO]: Using a cached neff at /home/ubuntu/neuron_cache_e2e/neuronxcc-2.23.6484.0+3b612583/MODULE_7709512231245278626+e30acd3a/model.neff
2026-09-09 09:24:50.000914:  172234  [INFO]: Using a cached neff at /home/ubuntu/neuron_cache_e2e/neuronxcc-2.23.6484.0+3b612583/MODULE_7709512231245278626+e30acd3a/model.neff
/home/ubuntu/train_gpt10b_tp_families.py:447: DeprecationWarning: Use torch_xla.sync instead
  xm.mark_step()
2026-09-09 09:24:50.000923:  172230  [INFO]: Using a cached neff at /home/ubuntu/neuron_cache_e2e/neuronxcc-2.23.6484.0+3b612583/MODULE_7709512231245278626+e30acd3a/model.neff
2026-09-09 09:24:50.000927:  172246  [INFO]: Using a cached neff at /home/ubuntu/neuron_cache_e2e/neuronxcc-2.23.6484.0+3b612583/MODULE_11581410531984556362+e30acd3a/model.neff
/home/ubuntu/train_gpt10b_tp_families.py:454: DeprecationWarning: Use torch_xla.sync instead
  xm.mark_step()
/home/ubuntu/train_gpt10b_tp_families.py:454: DeprecationWarning: Use torch_xla.sync instead
  xm.mark_step()
/home/ubuntu/train_gpt10b_tp_families.py:454: DeprecationWarning: Use torch_xla.sync instead
  xm.mark_step()
2026-09-09 09:24:50.000974:  172250  [INFO]: Using a cached neff at /home/ubuntu/neuron_cache_e2e/neuronxcc-2.23.6484.0+3b612583/MODULE_11581410531984556362+e30acd3a/model.neff
2026-09-09 09:24:50.000975:  172234  [INFO]: Using a cached neff at /home/ubuntu/neuron_cache_e2e/neuronxcc-2.23.6484.0+3b612583/MODULE_11581410531984556362+e30acd3a/model.neff
2026-09-09 09:24:50.000984:  172230  [INFO]: Using a cached neff at /home/ubuntu/neuron_cache_e2e/neuronxcc-2.23.6484.0+3b612583/MODULE_11581410531984556362+e30acd3a/model.neff
/home/ubuntu/train_gpt10b_tp_families.py:423: DeprecationWarning: Use torch_xla.sync instead
  xm.mark_step()
2026-09-09 09:24:51.000451:  172248  [INFO]: Using a cached neff at /home/ubuntu/neuron_cache_e2e/neuronxcc-2.23.6484.0+3b612583/MODULE_15499462365376141814+e30acd3a/model.neff
/home/ubuntu/train_gpt10b_tp_families.py:423: DeprecationWarning: Use torch_xla.sync instead
  xm.mark_step()
/home/ubuntu/train_gpt10b_tp_families.py:423: DeprecationWarning: Use torch_xla.sync instead
  xm.mark_step()
2026-09-09 09:24:51.000647:  172242  [INFO]: Using a cached neff at /home/ubuntu/neuron_cache_e2e/neuronxcc-2.23.6484.0+3b612583/MODULE_15499462365376141814+e30acd3a/model.neff
2026-09-09 09:24:51.000666:  172240  [INFO]: Using a cached neff at /home/ubuntu/neuron_cache_e2e/neuronxcc-2.23.6484.0+3b612583/MODULE_15499462365376141814+e30acd3a/model.neff
/home/ubuntu/train_gpt10b_tp_families.py:447: DeprecationWarning: Use torch_xla.sync instead
  xm.mark_step()
2026-09-09 09:24:51.000689:  172248  [INFO]: Using a cached neff at /home/ubuntu/neuron_cache_e2e/neuronxcc-2.23.6484.0+3b612583/MODULE_7709512231245278626+e30acd3a/model.neff
/home/ubuntu/train_gpt10b_tp_families.py:454: DeprecationWarning: Use torch_xla.sync instead
  xm.mark_step()
2026-09-09 09:24:51.000751:  172248  [INFO]: Using a cached neff at /home/ubuntu/neuron_cache_e2e/neuronxcc-2.23.6484.0+3b612583/MODULE_11581410531984556362+e30acd3a/model.neff
/home/ubuntu/train_gpt10b_tp_families.py:447: DeprecationWarning: Use torch_xla.sync instead
  xm.mark_step()
2026-09-09 09:24:51.000880:  172242  [INFO]: Using a cached neff at /home/ubuntu/neuron_cache_e2e/neuronxcc-2.23.6484.0+3b612583/MODULE_7709512231245278626+e30acd3a/model.neff
/home/ubuntu/train_gpt10b_tp_families.py:447: DeprecationWarning: Use torch_xla.sync instead
  xm.mark_step()
/home/ubuntu/train_gpt10b_tp_families.py:454: DeprecationWarning: Use torch_xla.sync instead
  xm.mark_step()
2026-09-09 09:24:51.000898:  172240  [INFO]: Using a cached neff at /home/ubuntu/neuron_cache_e2e/neuronxcc-2.23.6484.0+3b612583/MODULE_7709512231245278626+e30acd3a/model.neff
/home/ubuntu/train_gpt10b_tp_families.py:454: DeprecationWarning: Use torch_xla.sync instead
  xm.mark_step()
2026-09-09 09:24:51.000940:  172242  [INFO]: Using a cached neff at /home/ubuntu/neuron_cache_e2e/neuronxcc-2.23.6484.0+3b612583/MODULE_11581410531984556362+e30acd3a/model.neff
2026-09-09 09:24:51.000957:  172240  [INFO]: Using a cached neff at /home/ubuntu/neuron_cache_e2e/neuronxcc-2.23.6484.0+3b612583/MODULE_11581410531984556362+e30acd3a/model.neff
/home/ubuntu/train_gpt10b_tp_families.py:460: DeprecationWarning: Use torch_xla.sync instead
  xm.mark_step()
/home/ubuntu/train_gpt10b_tp_families.py:460: DeprecationWarning: Use torch_xla.sync instead
  xm.mark_step()
/home/ubuntu/train_gpt10b_tp_families.py:460: DeprecationWarning: Use torch_xla.sync instead
  xm.mark_step()
/home/ubuntu/train_gpt10b_tp_families.py:460: DeprecationWarning: Use torch_xla.sync instead
  xm.mark_step()
/home/ubuntu/train_gpt10b_tp_families.py:460: DeprecationWarning: Use torch_xla.sync instead
  xm.mark_step()
/home/ubuntu/train_gpt10b_tp_families.py:460: DeprecationWarning: Use torch_xla.sync instead
  xm.mark_step()
/home/ubuntu/train_gpt10b_tp_families.py:460: DeprecationWarning: Use torch_xla.sync instead
  xm.mark_step()
/home/ubuntu/train_gpt10b_tp_families.py:460: DeprecationWarning: Use torch_xla.sync instead
  xm.mark_step()
/home/ubuntu/train_gpt10b_tp_families.py:460: DeprecationWarning: Use torch_xla.sync instead
  xm.mark_step()
/home/ubuntu/train_gpt10b_tp_families.py:460: DeprecationWarning: Use torch_xla.sync instead
  xm.mark_step()
/home/ubuntu/train_gpt10b_tp_families.py:460: DeprecationWarning: Use torch_xla.sync instead
  xm.mark_step()
/home/ubuntu/train_gpt10b_tp_families.py:460: DeprecationWarning: Use torch_xla.sync instead
  xm.mark_step()
/home/ubuntu/train_gpt10b_tp_families.py:460: DeprecationWarning: Use torch_xla.sync instead
  xm.mark_step()
/home/ubuntu/train_gpt10b_tp_families.py:460: DeprecationWarning: Use torch_xla.sync instead
  xm.mark_step()
/home/ubuntu/train_gpt10b_tp_families.py:460: DeprecationWarning: Use torch_xla.sync instead
  xm.mark_step()
/home/ubuntu/train_gpt10b_tp_families.py:460: DeprecationWarning: Use torch_xla.sync instead
  xm.mark_step()
/home/ubuntu/train_gpt10b_tp_families.py:460: DeprecationWarning: Use torch_xla.sync instead
  xm.mark_step()
/home/ubuntu/train_gpt10b_tp_families.py:460: DeprecationWarning: Use torch_xla.sync instead
  xm.mark_step()
/home/ubuntu/train_gpt10b_tp_families.py:460: DeprecationWarning: Use torch_xla.sync instead
  xm.mark_step()
/home/ubuntu/train_gpt10b_tp_families.py:460: DeprecationWarning: Use torch_xla.sync instead
  xm.mark_step()
/home/ubuntu/train_gpt10b_tp_families.py:460: DeprecationWarning: Use torch_xla.sync instead
  xm.mark_step()
/home/ubuntu/train_gpt10b_tp_families.py:460: DeprecationWarning: Use torch_xla.sync instead
  xm.mark_step()
/home/ubuntu/train_gpt10b_tp_families.py:460: DeprecationWarning: Use torch_xla.sync instead
  xm.mark_step()
/home/ubuntu/train_gpt10b_tp_families.py:460: DeprecationWarning: Use torch_xla.sync instead
  xm.mark_step()
/home/ubuntu/train_gpt10b_tp_families.py:460: DeprecationWarning: Use torch_xla.sync instead
  xm.mark_step()
/home/ubuntu/train_gpt10b_tp_families.py:460: DeprecationWarning: Use torch_xla.sync instead
  xm.mark_step()
/home/ubuntu/train_gpt10b_tp_families.py:460: DeprecationWarning: Use torch_xla.sync instead
  xm.mark_step()
/home/ubuntu/train_gpt10b_tp_families.py:460: DeprecationWarning: Use torch_xla.sync instead
  xm.mark_step()
/home/ubuntu/train_gpt10b_tp_families.py:460: DeprecationWarning: Use torch_xla.sync instead
  xm.mark_step()
/home/ubuntu/train_gpt10b_tp_families.py:460: DeprecationWarning: Use torch_xla.sync instead
  xm.mark_step()
/home/ubuntu/train_gpt10b_tp_families.py:460: DeprecationWarning: Use torch_xla.sync instead
  xm.mark_step()
/home/ubuntu/train_gpt10b_tp_families.py:460: DeprecationWarning: Use torch_xla.sync instead
  xm.mark_step()
2026-09-09 09:24:53.000543:  172222  [INFO]: Using a cached neff at /home/ubuntu/neuron_cache_e2e/neuronxcc-2.23.6484.0+3b612583/MODULE_8628471563315418426+e30acd3a/model.neff
2026-09-09 09:24:53.000543:  172248  [INFO]: Using a cached neff at /home/ubuntu/neuron_cache_e2e/neuronxcc-2.23.6484.0+3b612583/MODULE_8628471563315418426+e30acd3a/model.neff
2026-09-09 09:24:53.000543:  172230  [INFO]: Using a cached neff at /home/ubuntu/neuron_cache_e2e/neuronxcc-2.23.6484.0+3b612583/MODULE_8628471563315418426+e30acd3a/model.neff
2026-09-09 09:24:53.000544:  172240  [INFO]: Using a cached neff at /home/ubuntu/neuron_cache_e2e/neuronxcc-2.23.6484.0+3b612583/MODULE_8628471563315418426+e30acd3a/model.neff
2026-09-09 09:24:53.000544:  172232  [INFO]: Using a cached neff at /home/ubuntu/neuron_cache_e2e/neuronxcc-2.23.6484.0+3b612583/MODULE_8628471563315418426+e30acd3a/model.neff
2026-09-09 09:24:53.000544:  172247  [INFO]: Using a cached neff at /home/ubuntu/neuron_cache_e2e/neuronxcc-2.23.6484.0+3b612583/MODULE_8628471563315418426+e30acd3a/model.neff
2026-09-09 09:24:53.000544:  172233  [INFO]: Using a cached neff at /home/ubuntu/neuron_cache_e2e/neuronxcc-2.23.6484.0+3b612583/MODULE_8628471563315418426+e30acd3a/model.neff
2026-09-09 09:24:53.000544:  172228  [INFO]: Using a cached neff at /home/ubuntu/neuron_cache_e2e/neuronxcc-2.23.6484.0+3b612583/MODULE_8628471563315418426+e30acd3a/model.neff
2026-09-09 09:24:53.000544:  172245  [INFO]: Using a cached neff at /home/ubuntu/neuron_cache_e2e/neuronxcc-2.23.6484.0+3b612583/MODULE_8628471563315418426+e30acd3a/model.neff
2026-09-09 09:24:53.000545:  172250  [INFO]: Using a cached neff at /home/ubuntu/neuron_cache_e2e/neuronxcc-2.23.6484.0+3b612583/MODULE_8628471563315418426+e30acd3a/model.neff
2026-09-09 09:24:53.000545:  172238  [INFO]: Using a cached neff at /home/ubuntu/neuron_cache_e2e/neuronxcc-2.23.6484.0+3b612583/MODULE_8628471563315418426+e30acd3a/model.neff
2026-09-09 09:24:53.000546:  172242  [INFO]: Using a cached neff at /home/ubuntu/neuron_cache_e2e/neuronxcc-2.23.6484.0+3b612583/MODULE_8628471563315418426+e30acd3a/model.neff
2026-09-09 09:24:53.000546:  172225  [INFO]: Using a cached neff at /home/ubuntu/neuron_cache_e2e/neuronxcc-2.23.6484.0+3b612583/MODULE_8628471563315418426+e30acd3a/model.neff
2026-09-09 09:24:53.000546:  172226  [INFO]: Using a cached neff at /home/ubuntu/neuron_cache_e2e/neuronxcc-2.23.6484.0+3b612583/MODULE_8628471563315418426+e30acd3a/model.neff
2026-09-09 09:24:53.000546:  172251  [INFO]: Using a cached neff at /home/ubuntu/neuron_cache_e2e/neuronxcc-2.23.6484.0+3b612583/MODULE_8628471563315418426+e30acd3a/model.neff
2026-09-09 09:24:53.000547:  172235  [INFO]: Using a cached neff at /home/ubuntu/neuron_cache_e2e/neuronxcc-2.23.6484.0+3b612583/MODULE_8628471563315418426+e30acd3a/model.neff
2026-09-09 09:24:53.000548:  172243  [INFO]: Using a cached neff at /home/ubuntu/neuron_cache_e2e/neuronxcc-2.23.6484.0+3b612583/MODULE_8628471563315418426+e30acd3a/model.neff
2026-09-09 09:24:53.000548:  172224  [INFO]: Using a cached neff at /home/ubuntu/neuron_cache_e2e/neuronxcc-2.23.6484.0+3b612583/MODULE_8628471563315418426+e30acd3a/model.neff
2026-09-09 09:24:53.000550:  172246  [INFO]: Using a cached neff at /home/ubuntu/neuron_cache_e2e/neuronxcc-2.23.6484.0+3b612583/MODULE_8628471563315418426+e30acd3a/model.neff
2026-09-09 09:24:53.000551:  172237  [INFO]: Using a cached neff at /home/ubuntu/neuron_cache_e2e/neuronxcc-2.23.6484.0+3b612583/MODULE_8628471563315418426+e30acd3a/model.neff
2026-09-09 09:24:53.000551:  172231  [INFO]: Using a cached neff at /home/ubuntu/neuron_cache_e2e/neuronxcc-2.23.6484.0+3b612583/MODULE_8628471563315418426+e30acd3a/model.neff
2026-09-09 09:24:53.000552:  172221  [INFO]: Using a cached neff at /home/ubuntu/neuron_cache_e2e/neuronxcc-2.23.6484.0+3b612583/MODULE_8628471563315418426+e30acd3a/model.neff
2026-09-09 09:24:53.000552:  172220  [INFO]: Using a cached neff at /home/ubuntu/neuron_cache_e2e/neuronxcc-2.23.6484.0+3b612583/MODULE_8628471563315418426+e30acd3a/model.neff
2026-09-09 09:24:53.000554:  172236  [INFO]: Using a cached neff at /home/ubuntu/neuron_cache_e2e/neuronxcc-2.23.6484.0+3b612583/MODULE_8628471563315418426+e30acd3a/model.neff
2026-09-09 09:24:53.000556:  172241  [INFO]: Using a cached neff at /home/ubuntu/neuron_cache_e2e/neuronxcc-2.23.6484.0+3b612583/MODULE_8628471563315418426+e30acd3a/model.neff
2026-09-09 09:24:53.000556:  172249  [INFO]: Using a cached neff at /home/ubuntu/neuron_cache_e2e/neuronxcc-2.23.6484.0+3b612583/MODULE_8628471563315418426+e30acd3a/model.neff
2026-09-09 09:24:53.000556:  172244  [INFO]: Using a cached neff at /home/ubuntu/neuron_cache_e2e/neuronxcc-2.23.6484.0+3b612583/MODULE_8628471563315418426+e30acd3a/model.neff
2026-09-09 09:24:53.000557:  172234  [INFO]: Using a cached neff at /home/ubuntu/neuron_cache_e2e/neuronxcc-2.23.6484.0+3b612583/MODULE_8628471563315418426+e30acd3a/model.neff
2026-09-09 09:24:53.000560:  172239  [INFO]: Using a cached neff at /home/ubuntu/neuron_cache_e2e/neuronxcc-2.23.6484.0+3b612583/MODULE_8628471563315418426+e30acd3a/model.neff
2026-09-09 09:24:53.000561:  172227  [INFO]: Using a cached neff at /home/ubuntu/neuron_cache_e2e/neuronxcc-2.23.6484.0+3b612583/MODULE_8628471563315418426+e30acd3a/model.neff
2026-09-09 09:24:53.000561:  172223  [INFO]: Using a cached neff at /home/ubuntu/neuron_cache_e2e/neuronxcc-2.23.6484.0+3b612583/MODULE_8628471563315418426+e30acd3a/model.neff
/home/ubuntu/train_gpt10b_tp_families.py:466: DeprecationWarning: Use torch_xla.sync instead
  xm.mark_step()
2026-09-09 09:24:53.000563:  172229  [INFO]: Using a cached neff at /home/ubuntu/neuron_cache_e2e/neuronxcc-2.23.6484.0+3b612583/MODULE_8628471563315418426+e30acd3a/model.neff
/home/ubuntu/train_gpt10b_tp_families.py:466: DeprecationWarning: Use torch_xla.sync instead
  xm.mark_step()
/home/ubuntu/train_gpt10b_tp_families.py:466: DeprecationWarning: Use torch_xla.sync instead
  xm.mark_step()
/home/ubuntu/train_gpt10b_tp_families.py:466: DeprecationWarning: Use torch_xla.sync instead
  xm.mark_step()
/home/ubuntu/train_gpt10b_tp_families.py:466: DeprecationWarning: Use torch_xla.sync instead
  xm.mark_step()
/home/ubuntu/train_gpt10b_tp_families.py:466: DeprecationWarning: Use torch_xla.sync instead
  xm.mark_step()
/home/ubuntu/train_gpt10b_tp_families.py:466: DeprecationWarning: Use torch_xla.sync instead
  xm.mark_step()
/home/ubuntu/train_gpt10b_tp_families.py:466: DeprecationWarning: Use torch_xla.sync instead
  xm.mark_step()
/home/ubuntu/train_gpt10b_tp_families.py:466: DeprecationWarning: Use torch_xla.sync instead
  xm.mark_step()
/home/ubuntu/train_gpt10b_tp_families.py:466: DeprecationWarning: Use torch_xla.sync instead
  xm.mark_step()
/home/ubuntu/train_gpt10b_tp_families.py:466: DeprecationWarning: Use torch_xla.sync instead
  xm.mark_step()
/home/ubuntu/train_gpt10b_tp_families.py:466: DeprecationWarning: Use torch_xla.sync instead
  xm.mark_step()
/home/ubuntu/train_gpt10b_tp_families.py:466: DeprecationWarning: Use torch_xla.sync instead
  xm.mark_step()
/home/ubuntu/train_gpt10b_tp_families.py:466: DeprecationWarning: Use torch_xla.sync instead
  xm.mark_step()
/home/ubuntu/train_gpt10b_tp_families.py:466: DeprecationWarning: Use torch_xla.sync instead
  xm.mark_step()
/home/ubuntu/train_gpt10b_tp_families.py:466: DeprecationWarning: Use torch_xla.sync instead
  xm.mark_step()
/home/ubuntu/train_gpt10b_tp_families.py:466: DeprecationWarning: Use torch_xla.sync instead
  xm.mark_step()
/home/ubuntu/train_gpt10b_tp_families.py:466: DeprecationWarning: Use torch_xla.sync instead
  xm.mark_step()
/home/ubuntu/train_gpt10b_tp_families.py:466: DeprecationWarning: Use torch_xla.sync instead
  xm.mark_step()
/home/ubuntu/train_gpt10b_tp_families.py:466: DeprecationWarning: Use torch_xla.sync instead
  xm.mark_step()
/home/ubuntu/train_gpt10b_tp_families.py:466: DeprecationWarning: Use torch_xla.sync instead
  xm.mark_step()
/home/ubuntu/train_gpt10b_tp_families.py:466: DeprecationWarning: Use torch_xla.sync instead
  xm.mark_step()
/home/ubuntu/train_gpt10b_tp_families.py:466: DeprecationWarning: Use torch_xla.sync instead
  xm.mark_step()
/home/ubuntu/train_gpt10b_tp_families.py:466: DeprecationWarning: Use torch_xla.sync instead
  xm.mark_step()
/home/ubuntu/train_gpt10b_tp_families.py:466: DeprecationWarning: Use torch_xla.sync instead
  xm.mark_step()
/home/ubuntu/train_gpt10b_tp_families.py:466: DeprecationWarning: Use torch_xla.sync instead
  xm.mark_step()
/home/ubuntu/train_gpt10b_tp_families.py:466: DeprecationWarning: Use torch_xla.sync instead
  xm.mark_step()
/home/ubuntu/train_gpt10b_tp_families.py:466: DeprecationWarning: Use torch_xla.sync instead
  xm.mark_step()
/home/ubuntu/train_gpt10b_tp_families.py:466: DeprecationWarning: Use torch_xla.sync instead
  xm.mark_step()
/home/ubuntu/train_gpt10b_tp_families.py:466: DeprecationWarning: Use torch_xla.sync instead
  xm.mark_step()
/home/ubuntu/train_gpt10b_tp_families.py:466: DeprecationWarning: Use torch_xla.sync instead
  xm.mark_step()
/home/ubuntu/train_gpt10b_tp_families.py:466: DeprecationWarning: Use torch_xla.sync instead
  xm.mark_step()
2026-09-09 09:24:53.000591:  172222  [INFO]: Using a cached neff at /home/ubuntu/neuron_cache_e2e/neuronxcc-2.23.6484.0+3b612583/MODULE_5081436077720620070+e30acd3a/model.neff
2026-09-09 09:24:53.000591:  172230  [INFO]: Using a cached neff at /home/ubuntu/neuron_cache_e2e/neuronxcc-2.23.6484.0+3b612583/MODULE_5081436077720620070+e30acd3a/model.neff
2026-09-09 09:24:53.000592:  172248  [INFO]: Using a cached neff at /home/ubuntu/neuron_cache_e2e/neuronxcc-2.23.6484.0+3b612583/MODULE_5081436077720620070+e30acd3a/model.neff
2026-09-09 09:24:53.000592:  172233  [INFO]: Using a cached neff at /home/ubuntu/neuron_cache_e2e/neuronxcc-2.23.6484.0+3b612583/MODULE_5081436077720620070+e30acd3a/model.neff
2026-09-09 09:24:53.000593:  172232  [INFO]: Using a cached neff at /home/ubuntu/neuron_cache_e2e/neuronxcc-2.23.6484.0+3b612583/MODULE_5081436077720620070+e30acd3a/model.neff
2026-09-09 09:24:53.000596:  172228  [INFO]: Using a cached neff at /home/ubuntu/neuron_cache_e2e/neuronxcc-2.23.6484.0+3b612583/MODULE_5081436077720620070+e30acd3a/model.neff
2026-09-09 09:24:53.000599:  172245  [INFO]: Using a cached neff at /home/ubuntu/neuron_cache_e2e/neuronxcc-2.23.6484.0+3b612583/MODULE_5081436077720620070+e30acd3a/model.neff
2026-09-09 09:24:53.000600:  172231  [INFO]: Using a cached neff at /home/ubuntu/neuron_cache_e2e/neuronxcc-2.23.6484.0+3b612583/MODULE_5081436077720620070+e30acd3a/model.neff
2026-09-09 09:24:53.000600:  172250  [INFO]: Using a cached neff at /home/ubuntu/neuron_cache_e2e/neuronxcc-2.23.6484.0+3b612583/MODULE_5081436077720620070+e30acd3a/model.neff
2026-09-09 09:24:53.000601:  172238  [INFO]: Using a cached neff at /home/ubuntu/neuron_cache_e2e/neuronxcc-2.23.6484.0+3b612583/MODULE_5081436077720620070+e30acd3a/model.neff
2026-09-09 09:24:53.000601:  172226  [INFO]: Using a cached neff at /home/ubuntu/neuron_cache_e2e/neuronxcc-2.23.6484.0+3b612583/MODULE_5081436077720620070+e30acd3a/model.neff
2026-09-09 09:24:53.000604:  172247  [INFO]: Using a cached neff at /home/ubuntu/neuron_cache_e2e/neuronxcc-2.23.6484.0+3b612583/MODULE_5081436077720620070+e30acd3a/model.neff
2026-09-09 09:24:53.000604:  172225  [INFO]: Using a cached neff at /home/ubuntu/neuron_cache_e2e/neuronxcc-2.23.6484.0+3b612583/MODULE_5081436077720620070+e30acd3a/model.neff
2026-09-09 09:24:53.000605:  172242  [INFO]: Using a cached neff at /home/ubuntu/neuron_cache_e2e/neuronxcc-2.23.6484.0+3b612583/MODULE_5081436077720620070+e30acd3a/model.neff
2026-09-09 09:24:53.000606:  172240  [INFO]: Using a cached neff at /home/ubuntu/neuron_cache_e2e/neuronxcc-2.23.6484.0+3b612583/MODULE_5081436077720620070+e30acd3a/model.neff
2026-09-09 09:24:53.000607:  172241  [INFO]: Using a cached neff at /home/ubuntu/neuron_cache_e2e/neuronxcc-2.23.6484.0+3b612583/MODULE_5081436077720620070+e30acd3a/model.neff
2026-09-09 09:24:53.000607:  172243  [INFO]: Using a cached neff at /home/ubuntu/neuron_cache_e2e/neuronxcc-2.23.6484.0+3b612583/MODULE_5081436077720620070+e30acd3a/model.neff
2026-09-09 09:24:53.000608:  172224  [INFO]: Using a cached neff at /home/ubuntu/neuron_cache_e2e/neuronxcc-2.23.6484.0+3b612583/MODULE_5081436077720620070+e30acd3a/model.neff
2026-09-09 09:24:53.000610:  172246  [INFO]: Using a cached neff at /home/ubuntu/neuron_cache_e2e/neuronxcc-2.23.6484.0+3b612583/MODULE_5081436077720620070+e30acd3a/model.neff
2026-09-09 09:24:53.000610:  172251  [INFO]: Using a cached neff at /home/ubuntu/neuron_cache_e2e/neuronxcc-2.23.6484.0+3b612583/MODULE_5081436077720620070+e30acd3a/model.neff
2026-09-09 09:24:53.000612:  172235  [INFO]: Using a cached neff at /home/ubuntu/neuron_cache_e2e/neuronxcc-2.23.6484.0+3b612583/MODULE_5081436077720620070+e30acd3a/model.neff
2026-09-09 09:24:53.000613:  172237  [INFO]: Using a cached neff at /home/ubuntu/neuron_cache_e2e/neuronxcc-2.23.6484.0+3b612583/MODULE_5081436077720620070+e30acd3a/model.neff
2026-09-09 09:24:53.000613:  172221  [INFO]: Using a cached neff at /home/ubuntu/neuron_cache_e2e/neuronxcc-2.23.6484.0+3b612583/MODULE_5081436077720620070+e30acd3a/model.neff
2026-09-09 09:24:53.000615:  172236  [INFO]: Using a cached neff at /home/ubuntu/neuron_cache_e2e/neuronxcc-2.23.6484.0+3b612583/MODULE_5081436077720620070+e30acd3a/model.neff
2026-09-09 09:24:53.000616:  172220  [INFO]: Using a cached neff at /home/ubuntu/neuron_cache_e2e/neuronxcc-2.23.6484.0+3b612583/MODULE_5081436077720620070+e30acd3a/model.neff
2026-09-09 09:24:53.000617:  172244  [INFO]: Using a cached neff at /home/ubuntu/neuron_cache_e2e/neuronxcc-2.23.6484.0+3b612583/MODULE_5081436077720620070+e30acd3a/model.neff
2026-09-09 09:24:53.000618:  172249  [INFO]: Using a cached neff at /home/ubuntu/neuron_cache_e2e/neuronxcc-2.23.6484.0+3b612583/MODULE_5081436077720620070+e30acd3a/model.neff
2026-09-09 09:24:53.000621:  172234  [INFO]: Using a cached neff at /home/ubuntu/neuron_cache_e2e/neuronxcc-2.23.6484.0+3b612583/MODULE_5081436077720620070+e30acd3a/model.neff
2026-09-09 09:24:53.000626:  172227  [INFO]: Using a cached neff at /home/ubuntu/neuron_cache_e2e/neuronxcc-2.23.6484.0+3b612583/MODULE_5081436077720620070+e30acd3a/model.neff
2026-09-09 09:24:53.000626:  172239  [INFO]: Using a cached neff at /home/ubuntu/neuron_cache_e2e/neuronxcc-2.23.6484.0+3b612583/MODULE_5081436077720620070+e30acd3a/model.neff
2026-09-09 09:24:53.000627:  172229  [INFO]: Using a cached neff at /home/ubuntu/neuron_cache_e2e/neuronxcc-2.23.6484.0+3b612583/MODULE_5081436077720620070+e30acd3a/model.neff
2026-09-09 09:24:53.000636:  172223  [INFO]: Using a cached neff at /home/ubuntu/neuron_cache_e2e/neuronxcc-2.23.6484.0+3b612583/MODULE_5081436077720620070+e30acd3a/model.neff
/home/ubuntu/train_gpt10b_tp_families.py:470: DeprecationWarning: Use torch_xla.sync instead
  xm.mark_step()
/home/ubuntu/train_gpt10b_tp_families.py:470: DeprecationWarning: Use torch_xla.sync instead
  xm.mark_step()
/home/ubuntu/train_gpt10b_tp_families.py:470: DeprecationWarning: Use torch_xla.sync instead
  xm.mark_step()
/home/ubuntu/train_gpt10b_tp_families.py:470: DeprecationWarning: Use torch_xla.sync instead
  xm.mark_step()
/home/ubuntu/train_gpt10b_tp_families.py:470: DeprecationWarning: Use torch_xla.sync instead
  xm.mark_step()
/home/ubuntu/train_gpt10b_tp_families.py:470: DeprecationWarning: Use torch_xla.sync instead
  xm.mark_step()
/home/ubuntu/train_gpt10b_tp_families.py:470: DeprecationWarning: Use torch_xla.sync instead
  xm.mark_step()
/home/ubuntu/train_gpt10b_tp_families.py:470: DeprecationWarning: Use torch_xla.sync instead
  xm.mark_step()
/home/ubuntu/train_gpt10b_tp_families.py:470: DeprecationWarning: Use torch_xla.sync instead
  xm.mark_step()
/home/ubuntu/train_gpt10b_tp_families.py:470: DeprecationWarning: Use torch_xla.sync instead
  xm.mark_step()
/home/ubuntu/train_gpt10b_tp_families.py:470: DeprecationWarning: Use torch_xla.sync instead
  xm.mark_step()
/home/ubuntu/train_gpt10b_tp_families.py:470: DeprecationWarning: Use torch_xla.sync instead
  xm.mark_step()
/home/ubuntu/train_gpt10b_tp_families.py:470: DeprecationWarning: Use torch_xla.sync instead
  xm.mark_step()
/home/ubuntu/train_gpt10b_tp_families.py:470: DeprecationWarning: Use torch_xla.sync instead
  xm.mark_step()
/home/ubuntu/train_gpt10b_tp_families.py:470: DeprecationWarning: Use torch_xla.sync instead
  xm.mark_step()
/home/ubuntu/train_gpt10b_tp_families.py:470: DeprecationWarning: Use torch_xla.sync instead
  xm.mark_step()
/home/ubuntu/train_gpt10b_tp_families.py:470: DeprecationWarning: Use torch_xla.sync instead
  xm.mark_step()
/home/ubuntu/train_gpt10b_tp_families.py:470: DeprecationWarning: Use torch_xla.sync instead
  xm.mark_step()
/home/ubuntu/train_gpt10b_tp_families.py:470: DeprecationWarning: Use torch_xla.sync instead
  xm.mark_step()
/home/ubuntu/train_gpt10b_tp_families.py:470: DeprecationWarning: Use torch_xla.sync instead
  xm.mark_step()
/home/ubuntu/train_gpt10b_tp_families.py:470: DeprecationWarning: Use torch_xla.sync instead
  xm.mark_step()
/home/ubuntu/train_gpt10b_tp_families.py:470: DeprecationWarning: Use torch_xla.sync instead
  xm.mark_step()
/home/ubuntu/train_gpt10b_tp_families.py:470: DeprecationWarning: Use torch_xla.sync instead
  xm.mark_step()
/home/ubuntu/train_gpt10b_tp_families.py:470: DeprecationWarning: Use torch_xla.sync instead
  xm.mark_step()
/home/ubuntu/train_gpt10b_tp_families.py:470: DeprecationWarning: Use torch_xla.sync instead
  xm.mark_step()
/home/ubuntu/train_gpt10b_tp_families.py:470: DeprecationWarning: Use torch_xla.sync instead
  xm.mark_step()
/home/ubuntu/train_gpt10b_tp_families.py:470: DeprecationWarning: Use torch_xla.sync instead
  xm.mark_step()
/home/ubuntu/train_gpt10b_tp_families.py:470: DeprecationWarning: Use torch_xla.sync instead
  xm.mark_step()
/home/ubuntu/train_gpt10b_tp_families.py:470: DeprecationWarning: Use torch_xla.sync instead
  xm.mark_step()
/home/ubuntu/train_gpt10b_tp_families.py:470: DeprecationWarning: Use torch_xla.sync instead
  xm.mark_step()
/home/ubuntu/train_gpt10b_tp_families.py:470: DeprecationWarning: Use torch_xla.sync instead
  xm.mark_step()
/home/ubuntu/train_gpt10b_tp_families.py:470: DeprecationWarning: Use torch_xla.sync instead
  xm.mark_step()
2026-09-09 09:24:53.000899:  172244  [INFO]: Using a cached neff at /home/ubuntu/neuron_cache_e2e/neuronxcc-2.23.6484.0+3b612583/MODULE_3998928090034575772+e30acd3a/model.neff
2026-09-09 09:24:53.000899:  172228  [INFO]: Using a cached neff at /home/ubuntu/neuron_cache_e2e/neuronxcc-2.23.6484.0+3b612583/MODULE_3998928090034575772+e30acd3a/model.neff
2026-09-09 09:24:53.000899:  172220  [INFO]: Using a cached neff at /home/ubuntu/neuron_cache_e2e/neuronxcc-2.23.6484.0+3b612583/MODULE_3998928090034575772+e30acd3a/model.neff
2026-09-09 09:24:53.000899:  172235  [INFO]: Using a cached neff at /home/ubuntu/neuron_cache_e2e/neuronxcc-2.23.6484.0+3b612583/MODULE_3998928090034575772+e30acd3a/model.neff
2026-09-09 09:24:53.000899:  172233  [INFO]: Using a cached neff at /home/ubuntu/neuron_cache_e2e/neuronxcc-2.23.6484.0+3b612583/MODULE_3998928090034575772+e30acd3a/model.neff
2026-09-09 09:24:53.000900:  172229  [INFO]: Using a cached neff at /home/ubuntu/neuron_cache_e2e/neuronxcc-2.23.6484.0+3b612583/MODULE_3998928090034575772+e30acd3a/model.neff
2026-09-09 09:24:53.000901:  172225  [INFO]: Using a cached neff at /home/ubuntu/neuron_cache_e2e/neuronxcc-2.23.6484.0+3b612583/MODULE_3998928090034575772+e30acd3a/model.neff
2026-09-09 09:24:53.000901:  172245  [INFO]: Using a cached neff at /home/ubuntu/neuron_cache_e2e/neuronxcc-2.23.6484.0+3b612583/MODULE_3998928090034575772+e30acd3a/model.neff
2026-09-09 09:24:53.000902:  172236  [INFO]: Using a cached neff at /home/ubuntu/neuron_cache_e2e/neuronxcc-2.23.6484.0+3b612583/MODULE_3998928090034575772+e30acd3a/model.neff
2026-09-09 09:24:53.000902:  172234  [INFO]: Using a cached neff at /home/ubuntu/neuron_cache_e2e/neuronxcc-2.23.6484.0+3b612583/MODULE_3998928090034575772+e30acd3a/model.neff
2026-09-09 09:24:53.000902:  172243  [INFO]: Using a cached neff at /home/ubuntu/neuron_cache_e2e/neuronxcc-2.23.6484.0+3b612583/MODULE_3998928090034575772+e30acd3a/model.neff
2026-09-09 09:24:53.000904:  172237  [INFO]: Using a cached neff at /home/ubuntu/neuron_cache_e2e/neuronxcc-2.23.6484.0+3b612583/MODULE_3998928090034575772+e30acd3a/model.neff
2026-09-09 09:24:53.000905:  172238  [INFO]: Using a cached neff at /home/ubuntu/neuron_cache_e2e/neuronxcc-2.23.6484.0+3b612583/MODULE_3998928090034575772+e30acd3a/model.neff
2026-09-09 09:24:53.000905:  172222  [INFO]: Using a cached neff at /home/ubuntu/neuron_cache_e2e/neuronxcc-2.23.6484.0+3b612583/MODULE_3998928090034575772+e30acd3a/model.neff
2026-09-09 09:24:53.000906:  172223  [INFO]: Using a cached neff at /home/ubuntu/neuron_cache_e2e/neuronxcc-2.23.6484.0+3b612583/MODULE_3998928090034575772+e30acd3a/model.neff
2026-09-09 09:24:53.000908:  172242  [INFO]: Using a cached neff at /home/ubuntu/neuron_cache_e2e/neuronxcc-2.23.6484.0+3b612583/MODULE_3998928090034575772+e30acd3a/model.neff
/home/ubuntu/train_gpt10b_tp_families.py:482: DeprecationWarning: Use torch_xla.sync instead
  xm.mark_step()
2026-09-09 09:24:53.000909:  172249  [INFO]: Using a cached neff at /home/ubuntu/neuron_cache_e2e/neuronxcc-2.23.6484.0+3b612583/MODULE_3998928090034575772+e30acd3a/model.neff
/home/ubuntu/train_gpt10b_tp_families.py:482: DeprecationWarning: Use torch_xla.sync instead
  xm.mark_step()
/home/ubuntu/train_gpt10b_tp_families.py:482: DeprecationWarning: Use torch_xla.sync instead
  xm.mark_step()
/home/ubuntu/train_gpt10b_tp_families.py:482: DeprecationWarning: Use torch_xla.sync instead
  xm.mark_step()
2026-09-09 09:24:53.000909:  172226  [INFO]: Using a cached neff at /home/ubuntu/neuron_cache_e2e/neuronxcc-2.23.6484.0+3b612583/MODULE_3998928090034575772+e30acd3a/model.neff
2026-09-09 09:24:53.000910:  172227  [INFO]: Using a cached neff at /home/ubuntu/neuron_cache_e2e/neuronxcc-2.23.6484.0+3b612583/MODULE_3998928090034575772+e30acd3a/model.neff
2026-09-09 09:24:53.000910:  172246  [INFO]: Using a cached neff at /home/ubuntu/neuron_cache_e2e/neuronxcc-2.23.6484.0+3b612583/MODULE_3998928090034575772+e30acd3a/model.neff
/home/ubuntu/train_gpt10b_tp_families.py:482: DeprecationWarning: Use torch_xla.sync instead
  xm.mark_step()
/home/ubuntu/train_gpt10b_tp_families.py:482: DeprecationWarning: Use torch_xla.sync instead
  xm.mark_step()
/home/ubuntu/train_gpt10b_tp_families.py:482: DeprecationWarning: Use torch_xla.sync instead
  xm.mark_step()
/home/ubuntu/train_gpt10b_tp_families.py:482: DeprecationWarning: Use torch_xla.sync instead
  xm.mark_step()
/home/ubuntu/train_gpt10b_tp_families.py:482: DeprecationWarning: Use torch_xla.sync instead
  xm.mark_step()
/home/ubuntu/train_gpt10b_tp_families.py:482: DeprecationWarning: Use torch_xla.sync instead
  xm.mark_step()
2026-09-09 09:24:53.000913:  172250  [INFO]: Using a cached neff at /home/ubuntu/neuron_cache_e2e/neuronxcc-2.23.6484.0+3b612583/MODULE_3998928090034575772+e30acd3a/model.neff
/home/ubuntu/train_gpt10b_tp_families.py:482: DeprecationWarning: Use torch_xla.sync instead
  xm.mark_step()
2026-09-09 09:24:53.000914:  172248  [INFO]: Using a cached neff at /home/ubuntu/neuron_cache_e2e/neuronxcc-2.23.6484.0+3b612583/MODULE_3998928090034575772+e30acd3a/model.neff
2026-09-09 09:24:53.000914:  172232  [INFO]: Using a cached neff at /home/ubuntu/neuron_cache_e2e/neuronxcc-2.23.6484.0+3b612583/MODULE_3998928090034575772+e30acd3a/model.neff
2026-09-09 09:24:53.000915:  172241  [INFO]: Using a cached neff at /home/ubuntu/neuron_cache_e2e/neuronxcc-2.23.6484.0+3b612583/MODULE_3998928090034575772+e30acd3a/model.neff
/home/ubuntu/train_gpt10b_tp_families.py:482: DeprecationWarning: Use torch_xla.sync instead
  xm.mark_step()
/home/ubuntu/train_gpt10b_tp_families.py:482: DeprecationWarning: Use torch_xla.sync instead
  xm.mark_step()
2026-09-09 09:24:53.000916:  172224  [INFO]: Using a cached neff at /home/ubuntu/neuron_cache_e2e/neuronxcc-2.23.6484.0+3b612583/MODULE_3998928090034575772+e30acd3a/model.neff
/home/ubuntu/train_gpt10b_tp_families.py:482: DeprecationWarning: Use torch_xla.sync instead
  xm.mark_step()
2026-09-09 09:24:53.000919:  172239  [INFO]: Using a cached neff at /home/ubuntu/neuron_cache_e2e/neuronxcc-2.23.6484.0+3b612583/MODULE_3998928090034575772+e30acd3a/model.neff
2026-09-09 09:24:53.000919:  172230  [INFO]: Using a cached neff at /home/ubuntu/neuron_cache_e2e/neuronxcc-2.23.6484.0+3b612583/MODULE_3998928090034575772+e30acd3a/model.neff
2026-09-09 09:24:53.000919:  172221  [INFO]: Using a cached neff at /home/ubuntu/neuron_cache_e2e/neuronxcc-2.23.6484.0+3b612583/MODULE_3998928090034575772+e30acd3a/model.neff
/home/ubuntu/train_gpt10b_tp_families.py:482: DeprecationWarning: Use torch_xla.sync instead
  xm.mark_step()
2026-09-09 09:24:53.000919:  172251  [INFO]: Using a cached neff at /home/ubuntu/neuron_cache_e2e/neuronxcc-2.23.6484.0+3b612583/MODULE_3998928090034575772+e30acd3a/model.neff
/home/ubuntu/train_gpt10b_tp_families.py:482: DeprecationWarning: Use torch_xla.sync instead
  xm.mark_step()
2026-09-09 09:24:53.000921:  172233  [INFO]: Using a cached neff at /home/ubuntu/neuron_cache_e2e/neuronxcc-2.23.6484.0+3b612583/MODULE_323656846986923474+e30acd3a/model.neff
2026-09-09 09:24:53.000921:  172247  [INFO]: Using a cached neff at /home/ubuntu/neuron_cache_e2e/neuronxcc-2.23.6484.0+3b612583/MODULE_3998928090034575772+e30acd3a/model.neff
2026-09-09 09:24:53.000921:  172240  [INFO]: Using a cached neff at /home/ubuntu/neuron_cache_e2e/neuronxcc-2.23.6484.0+3b612583/MODULE_3998928090034575772+e30acd3a/model.neff
2026-09-09 09:24:53.000921:  172231  [INFO]: Using a cached neff at /home/ubuntu/neuron_cache_e2e/neuronxcc-2.23.6484.0+3b612583/MODULE_3998928090034575772+e30acd3a/model.neff
/home/ubuntu/train_gpt10b_tp_families.py:482: DeprecationWarning: Use torch_xla.sync instead
  xm.mark_step()
/home/ubuntu/train_gpt10b_tp_families.py:482: DeprecationWarning: Use torch_xla.sync instead
  xm.mark_step()
/home/ubuntu/train_gpt10b_tp_families.py:482: DeprecationWarning: Use torch_xla.sync instead
  xm.mark_step()
/home/ubuntu/train_gpt10b_tp_families.py:482: DeprecationWarning: Use torch_xla.sync instead
  xm.mark_step()
2026-09-09 09:24:53.000922:  172234  [INFO]: Using a cached neff at /home/ubuntu/neuron_cache_e2e/neuronxcc-2.23.6484.0+3b612583/MODULE_323656846986923474+e30acd3a/model.neff
2026-09-09 09:24:53.000922:  172235  [INFO]: Using a cached neff at /home/ubuntu/neuron_cache_e2e/neuronxcc-2.23.6484.0+3b612583/MODULE_323656846986923474+e30acd3a/model.neff
2026-09-09 09:24:53.000923:  172244  [INFO]: Using a cached neff at /home/ubuntu/neuron_cache_e2e/neuronxcc-2.23.6484.0+3b612583/MODULE_323656846986923474+e30acd3a/model.neff
2026-09-09 09:24:53.000923:  172228  [INFO]: Using a cached neff at /home/ubuntu/neuron_cache_e2e/neuronxcc-2.23.6484.0+3b612583/MODULE_323656846986923474+e30acd3a/model.neff
2026-09-09 09:24:53.000924:  172225  [INFO]: Using a cached neff at /home/ubuntu/neuron_cache_e2e/neuronxcc-2.23.6484.0+3b612583/MODULE_323656846986923474+e30acd3a/model.neff
2026-09-09 09:24:53.000924:  172229  [INFO]: Using a cached neff at /home/ubuntu/neuron_cache_e2e/neuronxcc-2.23.6484.0+3b612583/MODULE_323656846986923474+e30acd3a/model.neff
2026-09-09 09:24:53.000924:  172220  [INFO]: Using a cached neff at /home/ubuntu/neuron_cache_e2e/neuronxcc-2.23.6484.0+3b612583/MODULE_323656846986923474+e30acd3a/model.neff
2026-09-09 09:24:53.000925:  172243  [INFO]: Using a cached neff at /home/ubuntu/neuron_cache_e2e/neuronxcc-2.23.6484.0+3b612583/MODULE_323656846986923474+e30acd3a/model.neff
/home/ubuntu/train_gpt10b_tp_families.py:482: DeprecationWarning: Use torch_xla.sync instead
  xm.mark_step()
/home/ubuntu/train_gpt10b_tp_families.py:482: DeprecationWarning: Use torch_xla.sync instead
  xm.mark_step()
/home/ubuntu/train_gpt10b_tp_families.py:482: DeprecationWarning: Use torch_xla.sync instead
  xm.mark_step()
/home/ubuntu/train_gpt10b_tp_families.py:482: DeprecationWarning: Use torch_xla.sync instead
  xm.mark_step()
2026-09-09 09:24:53.000926:  172238  [INFO]: Using a cached neff at /home/ubuntu/neuron_cache_e2e/neuronxcc-2.23.6484.0+3b612583/MODULE_323656846986923474+e30acd3a/model.neff
2026-09-09 09:24:53.000927:  172236  [INFO]: Using a cached neff at /home/ubuntu/neuron_cache_e2e/neuronxcc-2.23.6484.0+3b612583/MODULE_323656846986923474+e30acd3a/model.neff
2026-09-09 09:24:53.000928:  172245  [INFO]: Using a cached neff at /home/ubuntu/neuron_cache_e2e/neuronxcc-2.23.6484.0+3b612583/MODULE_323656846986923474+e30acd3a/model.neff
2026-09-09 09:24:53.000928:  172222  [INFO]: Using a cached neff at /home/ubuntu/neuron_cache_e2e/neuronxcc-2.23.6484.0+3b612583/MODULE_323656846986923474+e30acd3a/model.neff
2026-09-09 09:24:53.000928:  172223  [INFO]: Using a cached neff at /home/ubuntu/neuron_cache_e2e/neuronxcc-2.23.6484.0+3b612583/MODULE_323656846986923474+e30acd3a/model.neff
/home/ubuntu/train_gpt10b_tp_families.py:482: DeprecationWarning: Use torch_xla.sync instead
  xm.mark_step()
2026-09-09 09:24:53.000929:  172237  [INFO]: Using a cached neff at /home/ubuntu/neuron_cache_e2e/neuronxcc-2.23.6484.0+3b612583/MODULE_323656846986923474+e30acd3a/model.neff
2026-09-09 09:24:53.000929:  172226  [INFO]: Using a cached neff at /home/ubuntu/neuron_cache_e2e/neuronxcc-2.23.6484.0+3b612583/MODULE_323656846986923474+e30acd3a/model.neff
2026-09-09 09:24:53.000930:  172242  [INFO]: Using a cached neff at /home/ubuntu/neuron_cache_e2e/neuronxcc-2.23.6484.0+3b612583/MODULE_323656846986923474+e30acd3a/model.neff
/home/ubuntu/train_gpt10b_tp_families.py:482: DeprecationWarning: Use torch_xla.sync instead
  xm.mark_step()
/home/ubuntu/train_gpt10b_tp_families.py:482: DeprecationWarning: Use torch_xla.sync instead
  xm.mark_step()
2026-09-09 09:24:53.000931:  172249  [INFO]: Using a cached neff at /home/ubuntu/neuron_cache_e2e/neuronxcc-2.23.6484.0+3b612583/MODULE_323656846986923474+e30acd3a/model.neff
/home/ubuntu/train_gpt10b_tp_families.py:482: DeprecationWarning: Use torch_xla.sync instead
  xm.mark_step()
2026-09-09 09:24:53.000931:  172227  [INFO]: Using a cached neff at /home/ubuntu/neuron_cache_e2e/neuronxcc-2.23.6484.0+3b612583/MODULE_323656846986923474+e30acd3a/model.neff
/home/ubuntu/train_gpt10b_tp_families.py:482: DeprecationWarning: Use torch_xla.sync instead
  xm.mark_step()
2026-09-09 09:24:53.000933:  172246  [INFO]: Using a cached neff at /home/ubuntu/neuron_cache_e2e/neuronxcc-2.23.6484.0+3b612583/MODULE_323656846986923474+e30acd3a/model.neff
/home/ubuntu/train_gpt10b_tp_families.py:482: DeprecationWarning: Use torch_xla.sync instead
  xm.mark_step()
2026-09-09 09:24:53.000933:  172250  [INFO]: Using a cached neff at /home/ubuntu/neuron_cache_e2e/neuronxcc-2.23.6484.0+3b612583/MODULE_323656846986923474+e30acd3a/model.neff
/home/ubuntu/train_gpt10b_tp_families.py:482: DeprecationWarning: Use torch_xla.sync instead
  xm.mark_step()
2026-09-09 09:24:53.000934:  172241  [INFO]: Using a cached neff at /home/ubuntu/neuron_cache_e2e/neuronxcc-2.23.6484.0+3b612583/MODULE_323656846986923474+e30acd3a/model.neff
2026-09-09 09:24:53.000934:  172248  [INFO]: Using a cached neff at /home/ubuntu/neuron_cache_e2e/neuronxcc-2.23.6484.0+3b612583/MODULE_323656846986923474+e30acd3a/model.neff
2026-09-09 09:24:53.000934:  172232  [INFO]: Using a cached neff at /home/ubuntu/neuron_cache_e2e/neuronxcc-2.23.6484.0+3b612583/MODULE_323656846986923474+e30acd3a/model.neff
/home/ubuntu/train_gpt10b_tp_families.py:482: DeprecationWarning: Use torch_xla.sync instead
  xm.mark_step()
2026-09-09 09:24:53.000937:  172224  [INFO]: Using a cached neff at /home/ubuntu/neuron_cache_e2e/neuronxcc-2.23.6484.0+3b612583/MODULE_323656846986923474+e30acd3a/model.neff
2026-09-09 09:24:53.000940:  172239  [INFO]: Using a cached neff at /home/ubuntu/neuron_cache_e2e/neuronxcc-2.23.6484.0+3b612583/MODULE_323656846986923474+e30acd3a/model.neff
2026-09-09 09:24:53.000941:  172230  [INFO]: Using a cached neff at /home/ubuntu/neuron_cache_e2e/neuronxcc-2.23.6484.0+3b612583/MODULE_323656846986923474+e30acd3a/model.neff
2026-09-09 09:24:53.000942:  172221  [INFO]: Using a cached neff at /home/ubuntu/neuron_cache_e2e/neuronxcc-2.23.6484.0+3b612583/MODULE_323656846986923474+e30acd3a/model.neff
2026-09-09 09:24:53.000943:  172231  [INFO]: Using a cached neff at /home/ubuntu/neuron_cache_e2e/neuronxcc-2.23.6484.0+3b612583/MODULE_323656846986923474+e30acd3a/model.neff
2026-09-09 09:24:53.000943:  172251  [INFO]: Using a cached neff at /home/ubuntu/neuron_cache_e2e/neuronxcc-2.23.6484.0+3b612583/MODULE_323656846986923474+e30acd3a/model.neff
2026-09-09 09:24:53.000943:  172240  [INFO]: Using a cached neff at /home/ubuntu/neuron_cache_e2e/neuronxcc-2.23.6484.0+3b612583/MODULE_323656846986923474+e30acd3a/model.neff
2026-09-09 09:24:53.000945:  172247  [INFO]: Using a cached neff at /home/ubuntu/neuron_cache_e2e/neuronxcc-2.23.6484.0+3b612583/MODULE_323656846986923474+e30acd3a/model.neff
/home/ubuntu/train_gpt10b_tp_families.py:491: DeprecationWarning: Use torch_xla.sync instead
  xm.mark_step()
/home/ubuntu/train_gpt10b_tp_families.py:491: DeprecationWarning: Use torch_xla.sync instead
  xm.mark_step()
/home/ubuntu/train_gpt10b_tp_families.py:491: DeprecationWarning: Use torch_xla.sync instead
  xm.mark_step()
/home/ubuntu/train_gpt10b_tp_families.py:491: DeprecationWarning: Use torch_xla.sync instead
  xm.mark_step()
/home/ubuntu/train_gpt10b_tp_families.py:491: DeprecationWarning: Use torch_xla.sync instead
  xm.mark_step()
/home/ubuntu/train_gpt10b_tp_families.py:491: DeprecationWarning: Use torch_xla.sync instead
  xm.mark_step()
/home/ubuntu/train_gpt10b_tp_families.py:491: DeprecationWarning: Use torch_xla.sync instead
  xm.mark_step()
/home/ubuntu/train_gpt10b_tp_families.py:491: DeprecationWarning: Use torch_xla.sync instead
  xm.mark_step()
/home/ubuntu/train_gpt10b_tp_families.py:491: DeprecationWarning: Use torch_xla.sync instead
  xm.mark_step()
/home/ubuntu/train_gpt10b_tp_families.py:491: DeprecationWarning: Use torch_xla.sync instead
  xm.mark_step()
/home/ubuntu/train_gpt10b_tp_families.py:491: DeprecationWarning: Use torch_xla.sync instead
  xm.mark_step()
/home/ubuntu/train_gpt10b_tp_families.py:491: DeprecationWarning: Use torch_xla.sync instead
  xm.mark_step()
/home/ubuntu/train_gpt10b_tp_families.py:491: DeprecationWarning: Use torch_xla.sync instead
  xm.mark_step()
/home/ubuntu/train_gpt10b_tp_families.py:491: DeprecationWarning: Use torch_xla.sync instead
  xm.mark_step()
/home/ubuntu/train_gpt10b_tp_families.py:491: DeprecationWarning: Use torch_xla.sync instead
  xm.mark_step()
/home/ubuntu/train_gpt10b_tp_families.py:491: DeprecationWarning: Use torch_xla.sync instead
  xm.mark_step()
/home/ubuntu/train_gpt10b_tp_families.py:491: DeprecationWarning: Use torch_xla.sync instead
  xm.mark_step()
/home/ubuntu/train_gpt10b_tp_families.py:491: DeprecationWarning: Use torch_xla.sync instead
  xm.mark_step()
/home/ubuntu/train_gpt10b_tp_families.py:491: DeprecationWarning: Use torch_xla.sync instead
  xm.mark_step()
/home/ubuntu/train_gpt10b_tp_families.py:491: DeprecationWarning: Use torch_xla.sync instead
  xm.mark_step()
/home/ubuntu/train_gpt10b_tp_families.py:491: DeprecationWarning: Use torch_xla.sync instead
  xm.mark_step()
/home/ubuntu/train_gpt10b_tp_families.py:491: DeprecationWarning: Use torch_xla.sync instead
  xm.mark_step()
/home/ubuntu/train_gpt10b_tp_families.py:491: DeprecationWarning: Use torch_xla.sync instead
  xm.mark_step()
/home/ubuntu/train_gpt10b_tp_families.py:491: DeprecationWarning: Use torch_xla.sync instead
  xm.mark_step()
/home/ubuntu/train_gpt10b_tp_families.py:491: DeprecationWarning: Use torch_xla.sync instead
  xm.mark_step()
/home/ubuntu/train_gpt10b_tp_families.py:491: DeprecationWarning: Use torch_xla.sync instead
  xm.mark_step()
/home/ubuntu/train_gpt10b_tp_families.py:491: DeprecationWarning: Use torch_xla.sync instead
  xm.mark_step()
/home/ubuntu/train_gpt10b_tp_families.py:491: DeprecationWarning: Use torch_xla.sync instead
  xm.mark_step()
/home/ubuntu/train_gpt10b_tp_families.py:491: DeprecationWarning: Use torch_xla.sync instead
  xm.mark_step()
/home/ubuntu/train_gpt10b_tp_families.py:491: DeprecationWarning: Use torch_xla.sync instead
  xm.mark_step()
/home/ubuntu/train_gpt10b_tp_families.py:491: DeprecationWarning: Use torch_xla.sync instead
  xm.mark_step()
/home/ubuntu/train_gpt10b_tp_families.py:491: DeprecationWarning: Use torch_xla.sync instead
  xm.mark_step()
2026-09-09 09:24:54.000277:  172233  [INFO]: Using a cached neff at /home/ubuntu/neuron_cache_e2e/neuronxcc-2.23.6484.0+3b612583/MODULE_15960904845896928137+e30acd3a/model.neff
2026-09-09 09:24:54.000291:  172226  [INFO]: Using a cached neff at /home/ubuntu/neuron_cache_e2e/neuronxcc-2.23.6484.0+3b612583/MODULE_15960904845896928137+e30acd3a/model.neff
2026-09-09 09:24:54.000305:  172237  [INFO]: Using a cached neff at /home/ubuntu/neuron_cache_e2e/neuronxcc-2.23.6484.0+3b612583/MODULE_15960904845896928137+e30acd3a/model.neff
2026-09-09 09:24:54.000310:  172241  [INFO]: Using a cached neff at /home/ubuntu/neuron_cache_e2e/neuronxcc-2.23.6484.0+3b612583/MODULE_15960904845896928137+e30acd3a/model.neff
2026-09-09 09:24:54.000312:  172249  [INFO]: Using a cached neff at /home/ubuntu/neuron_cache_e2e/neuronxcc-2.23.6484.0+3b612583/MODULE_15960904845896928137+e30acd3a/model.neff
2026-09-09 09:24:54.000393:  172243  [INFO]: Using a cached neff at /home/ubuntu/neuron_cache_e2e/neuronxcc-2.23.6484.0+3b612583/MODULE_15960904845896928137+e30acd3a/model.neff
2026-09-09 09:24:54.000424:  172225  [INFO]: Using a cached neff at /home/ubuntu/neuron_cache_e2e/neuronxcc-2.23.6484.0+3b612583/MODULE_15960904845896928137+e30acd3a/model.neff
2026-09-09 09:24:54.000447:  172240  [INFO]: Using a cached neff at /home/ubuntu/neuron_cache_e2e/neuronxcc-2.23.6484.0+3b612583/MODULE_15960904845896928137+e30acd3a/model.neff
2026-09-09 09:24:54.000472:  172245  [INFO]: Using a cached neff at /home/ubuntu/neuron_cache_e2e/neuronxcc-2.23.6484.0+3b612583/MODULE_15960904845896928137+e30acd3a/model.neff
2026-09-09 09:24:54.000480:  172244  [INFO]: Using a cached neff at /home/ubuntu/neuron_cache_e2e/neuronxcc-2.23.6484.0+3b612583/MODULE_15960904845896928137+e30acd3a/model.neff
2026-09-09 09:24:54.000481:  172236  [INFO]: Using a cached neff at /home/ubuntu/neuron_cache_e2e/neuronxcc-2.23.6484.0+3b612583/MODULE_15960904845896928137+e30acd3a/model.neff
2026-09-09 09:24:54.000482:  172250  [INFO]: Using a cached neff at /home/ubuntu/neuron_cache_e2e/neuronxcc-2.23.6484.0+3b612583/MODULE_15960904845896928137+e30acd3a/model.neff
2026-09-09 09:24:54.000487:  172246  [INFO]: Using a cached neff at /home/ubuntu/neuron_cache_e2e/neuronxcc-2.23.6484.0+3b612583/MODULE_15960904845896928137+e30acd3a/model.neff
2026-09-09 09:24:54.000487:  172227  [INFO]: Using a cached neff at /home/ubuntu/neuron_cache_e2e/neuronxcc-2.23.6484.0+3b612583/MODULE_15960904845896928137+e30acd3a/model.neff
2026-09-09 09:24:54.000491:  172242  [INFO]: Using a cached neff at /home/ubuntu/neuron_cache_e2e/neuronxcc-2.23.6484.0+3b612583/MODULE_15960904845896928137+e30acd3a/model.neff
2026-09-09 09:24:54.000493:  172230  [INFO]: Using a cached neff at /home/ubuntu/neuron_cache_e2e/neuronxcc-2.23.6484.0+3b612583/MODULE_15960904845896928137+e30acd3a/model.neff
2026-09-09 09:24:54.000495:  172235  [INFO]: Using a cached neff at /home/ubuntu/neuron_cache_e2e/neuronxcc-2.23.6484.0+3b612583/MODULE_15960904845896928137+e30acd3a/model.neff
2026-09-09 09:24:54.000498:  172229  [INFO]: Using a cached neff at /home/ubuntu/neuron_cache_e2e/neuronxcc-2.23.6484.0+3b612583/MODULE_15960904845896928137+e30acd3a/model.neff
2026-09-09 09:24:54.000499:  172239  [INFO]: Using a cached neff at /home/ubuntu/neuron_cache_e2e/neuronxcc-2.23.6484.0+3b612583/MODULE_15960904845896928137+e30acd3a/model.neff
2026-09-09 09:24:54.000500:  172222  [INFO]: Using a cached neff at /home/ubuntu/neuron_cache_e2e/neuronxcc-2.23.6484.0+3b612583/MODULE_15960904845896928137+e30acd3a/model.neff
2026-09-09 09:24:54.000501:  172232  [INFO]: Using a cached neff at /home/ubuntu/neuron_cache_e2e/neuronxcc-2.23.6484.0+3b612583/MODULE_15960904845896928137+e30acd3a/model.neff
2026-09-09 09:24:54.000503:  172221  [INFO]: Using a cached neff at /home/ubuntu/neuron_cache_e2e/neuronxcc-2.23.6484.0+3b612583/MODULE_15960904845896928137+e30acd3a/model.neff
2026-09-09 09:24:54.000508:  172238  [INFO]: Using a cached neff at /home/ubuntu/neuron_cache_e2e/neuronxcc-2.23.6484.0+3b612583/MODULE_15960904845896928137+e30acd3a/model.neff
2026-09-09 09:24:54.000509:  172231  [INFO]: Using a cached neff at /home/ubuntu/neuron_cache_e2e/neuronxcc-2.23.6484.0+3b612583/MODULE_15960904845896928137+e30acd3a/model.neff
2026-09-09 09:24:54.000511:  172220  [INFO]: Using a cached neff at /home/ubuntu/neuron_cache_e2e/neuronxcc-2.23.6484.0+3b612583/MODULE_15960904845896928137+e30acd3a/model.neff
2026-09-09 09:24:54.000512:  172248  [INFO]: Using a cached neff at /home/ubuntu/neuron_cache_e2e/neuronxcc-2.23.6484.0+3b612583/MODULE_15960904845896928137+e30acd3a/model.neff
2026-09-09 09:24:54.000515:  172224  [INFO]: Using a cached neff at /home/ubuntu/neuron_cache_e2e/neuronxcc-2.23.6484.0+3b612583/MODULE_15960904845896928137+e30acd3a/model.neff
2026-09-09 09:24:54.000517:  172228  [INFO]: Using a cached neff at /home/ubuntu/neuron_cache_e2e/neuronxcc-2.23.6484.0+3b612583/MODULE_15960904845896928137+e30acd3a/model.neff
2026-09-09 09:24:54.000519:  172251  [INFO]: Using a cached neff at /home/ubuntu/neuron_cache_e2e/neuronxcc-2.23.6484.0+3b612583/MODULE_15960904845896928137+e30acd3a/model.neff
2026-09-09 09:24:54.000522:  172234  [INFO]: Using a cached neff at /home/ubuntu/neuron_cache_e2e/neuronxcc-2.23.6484.0+3b612583/MODULE_15960904845896928137+e30acd3a/model.neff
2026-09-09 09:24:54.000523:  172223  [INFO]: Using a cached neff at /home/ubuntu/neuron_cache_e2e/neuronxcc-2.23.6484.0+3b612583/MODULE_15960904845896928137+e30acd3a/model.neff
/home/ubuntu/train_gpt10b_tp_families.py:497: DeprecationWarning: Use torch_xla.sync instead
  xm.mark_step()
2026-09-09 09:24:54.000530:  172247  [INFO]: Using a cached neff at /home/ubuntu/neuron_cache_e2e/neuronxcc-2.23.6484.0+3b612583/MODULE_15960904845896928137+e30acd3a/model.neff
/home/ubuntu/train_gpt10b_tp_families.py:497: DeprecationWarning: Use torch_xla.sync instead
  xm.mark_step()
2026-09-09 09:24:54.000548:  172233  [INFO]: Using a cached neff at /home/ubuntu/neuron_cache_e2e/neuronxcc-2.23.6484.0+3b612583/MODULE_11746872319423899861+e30acd3a/model.neff
2026-09-09 09:24:54.000551:  172226  [INFO]: Using a cached neff at /home/ubuntu/neuron_cache_e2e/neuronxcc-2.23.6484.0+3b612583/MODULE_11746872319423899861+e30acd3a/model.neff
/home/ubuntu/train_gpt10b_tp_families.py:497: DeprecationWarning: Use torch_xla.sync instead
  xm.mark_step()
/home/ubuntu/train_gpt10b_tp_families.py:497: DeprecationWarning: Use torch_xla.sync instead
  xm.mark_step()
2026-09-09 09:24:54.000572:  172237  [INFO]: Using a cached neff at /home/ubuntu/neuron_cache_e2e/neuronxcc-2.23.6484.0+3b612583/MODULE_11746872319423899861+e30acd3a/model.neff
2026-09-09 09:24:54.000578:  172249  [INFO]: Using a cached neff at /home/ubuntu/neuron_cache_e2e/neuronxcc-2.23.6484.0+3b612583/MODULE_11746872319423899861+e30acd3a/model.neff
/home/ubuntu/train_gpt10b_tp_families.py:497: DeprecationWarning: Use torch_xla.sync instead
  xm.mark_step()
2026-09-09 09:24:54.000603:  172241  [INFO]: Using a cached neff at /home/ubuntu/neuron_cache_e2e/neuronxcc-2.23.6484.0+3b612583/MODULE_11746872319423899861+e30acd3a/model.neff
/home/ubuntu/train_gpt10b_tp_families.py:497: DeprecationWarning: Use torch_xla.sync instead
  xm.mark_step()
/home/ubuntu/train_gpt10b_tp_families.py:497: DeprecationWarning: Use torch_xla.sync instead
  xm.mark_step()
2026-09-09 09:24:54.000745:  172225  [INFO]: Using a cached neff at /home/ubuntu/neuron_cache_e2e/neuronxcc-2.23.6484.0+3b612583/MODULE_11746872319423899861+e30acd3a/model.neff
2026-09-09 09:24:54.000748:  172240  [INFO]: Using a cached neff at /home/ubuntu/neuron_cache_e2e/neuronxcc-2.23.6484.0+3b612583/MODULE_11746872319423899861+e30acd3a/model.neff
/home/ubuntu/train_gpt10b_tp_families.py:497: DeprecationWarning: Use torch_xla.sync instead
  xm.mark_step()
/home/ubuntu/train_gpt10b_tp_families.py:497: DeprecationWarning: Use torch_xla.sync instead
  xm.mark_step()
2026-09-09 09:24:54.000771:  172250  [INFO]: Using a cached neff at /home/ubuntu/neuron_cache_e2e/neuronxcc-2.23.6484.0+3b612583/MODULE_11746872319423899861+e30acd3a/model.neff
2026-09-09 09:24:54.000775:  172236  [INFO]: Using a cached neff at /home/ubuntu/neuron_cache_e2e/neuronxcc-2.23.6484.0+3b612583/MODULE_11746872319423899861+e30acd3a/model.neff
/home/ubuntu/train_gpt10b_tp_families.py:497: DeprecationWarning: Use torch_xla.sync instead
  xm.mark_step()
/home/ubuntu/train_gpt10b_tp_families.py:497: DeprecationWarning: Use torch_xla.sync instead
  xm.mark_step()
/home/ubuntu/train_gpt10b_tp_families.py:497: DeprecationWarning: Use torch_xla.sync instead
  xm.mark_step()
/home/ubuntu/train_gpt10b_tp_families.py:497: DeprecationWarning: Use torch_xla.sync instead
  xm.mark_step()
/home/ubuntu/train_gpt10b_tp_families.py:497: DeprecationWarning: Use torch_xla.sync instead
  xm.mark_step()
/home/ubuntu/train_gpt10b_tp_families.py:497: DeprecationWarning: Use torch_xla.sync instead
  xm.mark_step()
2026-09-09 09:24:54.000791:  172244  [INFO]: Using a cached neff at /home/ubuntu/neuron_cache_e2e/neuronxcc-2.23.6484.0+3b612583/MODULE_11746872319423899861+e30acd3a/model.neff
2026-09-09 09:24:54.000797:  172229  [INFO]: Using a cached neff at /home/ubuntu/neuron_cache_e2e/neuronxcc-2.23.6484.0+3b612583/MODULE_11746872319423899861+e30acd3a/model.neff
2026-09-09 09:24:54.000798:  172232  [INFO]: Using a cached neff at /home/ubuntu/neuron_cache_e2e/neuronxcc-2.23.6484.0+3b612583/MODULE_11746872319423899861+e30acd3a/model.neff
/home/ubuntu/train_gpt10b_tp_families.py:497: DeprecationWarning: Use torch_xla.sync instead
  xm.mark_step()
2026-09-09 09:24:54.000799:  172238  [INFO]: Using a cached neff at /home/ubuntu/neuron_cache_e2e/neuronxcc-2.23.6484.0+3b612583/MODULE_11746872319423899861+e30acd3a/model.neff
/home/ubuntu/train_gpt10b_tp_families.py:497: DeprecationWarning: Use torch_xla.sync instead
  xm.mark_step()
2026-09-09 09:24:54.000801:  172221  [INFO]: Using a cached neff at /home/ubuntu/neuron_cache_e2e/neuronxcc-2.23.6484.0+3b612583/MODULE_11746872319423899861+e30acd3a/model.neff
/home/ubuntu/train_gpt10b_tp_families.py:497: DeprecationWarning: Use torch_xla.sync instead
  xm.mark_step()
/home/ubuntu/train_gpt10b_tp_families.py:497: DeprecationWarning: Use torch_xla.sync instead
  xm.mark_step()
/home/ubuntu/train_gpt10b_tp_families.py:497: DeprecationWarning: Use torch_xla.sync instead
  xm.mark_step()
2026-09-09 09:24:54.000805:  172245  [INFO]: Using a cached neff at /home/ubuntu/neuron_cache_e2e/neuronxcc-2.23.6484.0+3b612583/MODULE_11746872319423899861+e30acd3a/model.neff
/home/ubuntu/train_gpt10b_tp_families.py:497: DeprecationWarning: Use torch_xla.sync instead
  xm.mark_step()
/home/ubuntu/train_gpt10b_tp_families.py:497: DeprecationWarning: Use torch_xla.sync instead
  xm.mark_step()
/home/ubuntu/train_gpt10b_tp_families.py:497: DeprecationWarning: Use torch_xla.sync instead
  xm.mark_step()
2026-09-09 09:24:54.000813:  172234  [INFO]: Using a cached neff at /home/ubuntu/neuron_cache_e2e/neuronxcc-2.23.6484.0+3b612583/MODULE_11746872319423899861+e30acd3a/model.neff
2026-09-09 09:24:54.000815:  172228  [INFO]: Using a cached neff at /home/ubuntu/neuron_cache_e2e/neuronxcc-2.23.6484.0+3b612583/MODULE_11746872319423899861+e30acd3a/model.neff
2026-09-09 09:24:54.000815:  172239  [INFO]: Using a cached neff at /home/ubuntu/neuron_cache_e2e/neuronxcc-2.23.6484.0+3b612583/MODULE_11746872319423899861+e30acd3a/model.neff
2026-09-09 09:24:54.000815:  172248  [INFO]: Using a cached neff at /home/ubuntu/neuron_cache_e2e/neuronxcc-2.23.6484.0+3b612583/MODULE_11746872319423899861+e30acd3a/model.neff
2026-09-09 09:24:54.000816:  172224  [INFO]: Using a cached neff at /home/ubuntu/neuron_cache_e2e/neuronxcc-2.23.6484.0+3b612583/MODULE_11746872319423899861+e30acd3a/model.neff
/home/ubuntu/train_gpt10b_tp_families.py:497: DeprecationWarning: Use torch_xla.sync instead
  xm.mark_step()
2026-09-09 09:24:54.000817:  172242  [INFO]: Using a cached neff at /home/ubuntu/neuron_cache_e2e/neuronxcc-2.23.6484.0+3b612583/MODULE_11746872319423899861+e30acd3a/model.neff
2026-09-09 09:24:54.000822:  172223  [INFO]: Using a cached neff at /home/ubuntu/neuron_cache_e2e/neuronxcc-2.23.6484.0+3b612583/MODULE_11746872319423899861+e30acd3a/model.neff
/home/ubuntu/train_gpt10b_tp_families.py:497: DeprecationWarning: Use torch_xla.sync instead
  xm.mark_step()
2026-09-09 09:24:54.000823:  172235  [INFO]: Using a cached neff at /home/ubuntu/neuron_cache_e2e/neuronxcc-2.23.6484.0+3b612583/MODULE_11746872319423899861+e30acd3a/model.neff
/home/ubuntu/train_gpt10b_tp_families.py:497: DeprecationWarning: Use torch_xla.sync instead
  xm.mark_step()
/home/ubuntu/train_gpt10b_tp_families.py:497: DeprecationWarning: Use torch_xla.sync instead
  xm.mark_step()
2026-09-09 09:24:54.000829:  172231  [INFO]: Using a cached neff at /home/ubuntu/neuron_cache_e2e/neuronxcc-2.23.6484.0+3b612583/MODULE_11746872319423899861+e30acd3a/model.neff
/home/ubuntu/train_gpt10b_tp_families.py:497: DeprecationWarning: Use torch_xla.sync instead
  xm.mark_step()
2026-09-09 09:24:54.000833:  172220  [INFO]: Using a cached neff at /home/ubuntu/neuron_cache_e2e/neuronxcc-2.23.6484.0+3b612583/MODULE_11746872319423899861+e30acd3a/model.neff
2026-09-09 09:24:54.000835:  172243  [INFO]: Using a cached neff at /home/ubuntu/neuron_cache_e2e/neuronxcc-2.23.6484.0+3b612583/MODULE_11746872319423899861+e30acd3a/model.neff
2026-09-09 09:24:54.000836:  172251  [INFO]: Using a cached neff at /home/ubuntu/neuron_cache_e2e/neuronxcc-2.23.6484.0+3b612583/MODULE_11746872319423899861+e30acd3a/model.neff
2026-09-09 09:24:54.000847:  172227  [INFO]: Using a cached neff at /home/ubuntu/neuron_cache_e2e/neuronxcc-2.23.6484.0+3b612583/MODULE_11746872319423899861+e30acd3a/model.neff
/home/ubuntu/train_gpt10b_tp_families.py:497: DeprecationWarning: Use torch_xla.sync instead
  xm.mark_step()
/home/ubuntu/train_gpt10b_tp_families.py:497: DeprecationWarning: Use torch_xla.sync instead
  xm.mark_step()
2026-09-09 09:24:54.000859:  172230  [INFO]: Using a cached neff at /home/ubuntu/neuron_cache_e2e/neuronxcc-2.23.6484.0+3b612583/MODULE_11746872319423899861+e30acd3a/model.neff
2026-09-09 09:24:54.000866:  172247  [INFO]: Using a cached neff at /home/ubuntu/neuron_cache_e2e/neuronxcc-2.23.6484.0+3b612583/MODULE_11746872319423899861+e30acd3a/model.neff
/home/ubuntu/train_gpt10b_tp_families.py:497: DeprecationWarning: Use torch_xla.sync instead
  xm.mark_step()
/home/ubuntu/train_gpt10b_tp_families.py:497: DeprecationWarning: Use torch_xla.sync instead
  xm.mark_step()
2026-09-09 09:24:54.000879:  172246  [INFO]: Using a cached neff at /home/ubuntu/neuron_cache_e2e/neuronxcc-2.23.6484.0+3b612583/MODULE_11746872319423899861+e30acd3a/model.neff
2026-09-09 09:24:54.000881:  172222  [INFO]: Using a cached neff at /home/ubuntu/neuron_cache_e2e/neuronxcc-2.23.6484.0+3b612583/MODULE_11746872319423899861+e30acd3a/model.neff
2026-09-09 09:24:56.000409:  172228  [INFO]: Using a cached neff at /home/ubuntu/neuron_cache_e2e/neuronxcc-2.23.6484.0+3b612583/MODULE_7975248746759498216+e30acd3a/model.neff
2026-09-09 09:24:56.000410:  172249  [INFO]: Using a cached neff at /home/ubuntu/neuron_cache_e2e/neuronxcc-2.23.6484.0+3b612583/MODULE_7975248746759498216+e30acd3a/model.neff
2026-09-09 09:24:56.000410:  172248  [INFO]: Using a cached neff at /home/ubuntu/neuron_cache_e2e/neuronxcc-2.23.6484.0+3b612583/MODULE_7975248746759498216+e30acd3a/model.neff
2026-09-09 09:24:56.000410:  172235  [INFO]: Using a cached neff at /home/ubuntu/neuron_cache_e2e/neuronxcc-2.23.6484.0+3b612583/MODULE_7975248746759498216+e30acd3a/model.neff
2026-09-09 09:24:56.000411:  172220  [INFO]: Using a cached neff at /home/ubuntu/neuron_cache_e2e/neuronxcc-2.23.6484.0+3b612583/MODULE_7975248746759498216+e30acd3a/model.neff
2026-09-09 09:24:56.000412:  172230  [INFO]: Using a cached neff at /home/ubuntu/neuron_cache_e2e/neuronxcc-2.23.6484.0+3b612583/MODULE_7975248746759498216+e30acd3a/model.neff
2026-09-09 09:24:56.000414:  172251  [INFO]: Using a cached neff at /home/ubuntu/neuron_cache_e2e/neuronxcc-2.23.6484.0+3b612583/MODULE_7975248746759498216+e30acd3a/model.neff
2026-09-09 09:24:56.000415:  172224  [INFO]: Using a cached neff at /home/ubuntu/neuron_cache_e2e/neuronxcc-2.23.6484.0+3b612583/MODULE_7975248746759498216+e30acd3a/model.neff
2026-09-09 09:24:56.000415:  172225  [INFO]: Using a cached neff at /home/ubuntu/neuron_cache_e2e/neuronxcc-2.23.6484.0+3b612583/MODULE_7975248746759498216+e30acd3a/model.neff
2026-09-09 09:24:56.000416:  172242  [INFO]: Using a cached neff at /home/ubuntu/neuron_cache_e2e/neuronxcc-2.23.6484.0+3b612583/MODULE_7975248746759498216+e30acd3a/model.neff
2026-09-09 09:24:56.000416:  172222  [INFO]: Using a cached neff at /home/ubuntu/neuron_cache_e2e/neuronxcc-2.23.6484.0+3b612583/MODULE_7975248746759498216+e30acd3a/model.neff
2026-09-09 09:24:56.000417:  172226  [INFO]: Using a cached neff at /home/ubuntu/neuron_cache_e2e/neuronxcc-2.23.6484.0+3b612583/MODULE_7975248746759498216+e30acd3a/model.neff
2026-09-09 09:24:56.000419:  172221  [INFO]: Using a cached neff at /home/ubuntu/neuron_cache_e2e/neuronxcc-2.23.6484.0+3b612583/MODULE_7975248746759498216+e30acd3a/model.neff
2026-09-09 09:24:56.000419:  172237  [INFO]: Using a cached neff at /home/ubuntu/neuron_cache_e2e/neuronxcc-2.23.6484.0+3b612583/MODULE_7975248746759498216+e30acd3a/model.neff
2026-09-09 09:24:56.000420:  172233  [INFO]: Using a cached neff at /home/ubuntu/neuron_cache_e2e/neuronxcc-2.23.6484.0+3b612583/MODULE_7975248746759498216+e30acd3a/model.neff
2026-09-09 09:24:56.000420:  172241  [INFO]: Using a cached neff at /home/ubuntu/neuron_cache_e2e/neuronxcc-2.23.6484.0+3b612583/MODULE_7975248746759498216+e30acd3a/model.neff
2026-09-09 09:24:56.000421:  172239  [INFO]: Using a cached neff at /home/ubuntu/neuron_cache_e2e/neuronxcc-2.23.6484.0+3b612583/MODULE_7975248746759498216+e30acd3a/model.neff
2026-09-09 09:24:56.000422:  172247  [INFO]: Using a cached neff at /home/ubuntu/neuron_cache_e2e/neuronxcc-2.23.6484.0+3b612583/MODULE_7975248746759498216+e30acd3a/model.neff
2026-09-09 09:24:56.000423:  172238  [INFO]: Using a cached neff at /home/ubuntu/neuron_cache_e2e/neuronxcc-2.23.6484.0+3b612583/MODULE_7975248746759498216+e30acd3a/model.neff
2026-09-09 09:24:56.000424:  172246  [INFO]: Using a cached neff at /home/ubuntu/neuron_cache_e2e/neuronxcc-2.23.6484.0+3b612583/MODULE_7975248746759498216+e30acd3a/model.neff
2026-09-09 09:24:56.000425:  172244  [INFO]: Using a cached neff at /home/ubuntu/neuron_cache_e2e/neuronxcc-2.23.6484.0+3b612583/MODULE_7975248746759498216+e30acd3a/model.neff
2026-09-09 09:24:56.000428:  172243  [INFO]: Using a cached neff at /home/ubuntu/neuron_cache_e2e/neuronxcc-2.23.6484.0+3b612583/MODULE_7975248746759498216+e30acd3a/model.neff
2026-09-09 09:24:56.000429:  172240  [INFO]: Using a cached neff at /home/ubuntu/neuron_cache_e2e/neuronxcc-2.23.6484.0+3b612583/MODULE_7975248746759498216+e30acd3a/model.neff
2026-09-09 09:24:56.000432:  172245  [INFO]: Using a cached neff at /home/ubuntu/neuron_cache_e2e/neuronxcc-2.23.6484.0+3b612583/MODULE_7975248746759498216+e30acd3a/model.neff
2026-09-09 09:24:56.000433:  172227  [INFO]: Using a cached neff at /home/ubuntu/neuron_cache_e2e/neuronxcc-2.23.6484.0+3b612583/MODULE_7975248746759498216+e30acd3a/model.neff
2026-09-09 09:24:56.000433:  172231  [INFO]: Using a cached neff at /home/ubuntu/neuron_cache_e2e/neuronxcc-2.23.6484.0+3b612583/MODULE_7975248746759498216+e30acd3a/model.neff
2026-09-09 09:24:56.000435:  172250  [INFO]: Using a cached neff at /home/ubuntu/neuron_cache_e2e/neuronxcc-2.23.6484.0+3b612583/MODULE_7975248746759498216+e30acd3a/model.neff
2026-09-09 09:24:56.000435:  172236  [INFO]: Using a cached neff at /home/ubuntu/neuron_cache_e2e/neuronxcc-2.23.6484.0+3b612583/MODULE_7975248746759498216+e30acd3a/model.neff
2026-09-09 09:24:56.000437:  172232  [INFO]: Using a cached neff at /home/ubuntu/neuron_cache_e2e/neuronxcc-2.23.6484.0+3b612583/MODULE_7975248746759498216+e30acd3a/model.neff
2026-09-09 09:24:56.000438:  172234  [INFO]: Using a cached neff at /home/ubuntu/neuron_cache_e2e/neuronxcc-2.23.6484.0+3b612583/MODULE_7975248746759498216+e30acd3a/model.neff
2026-09-09 09:24:56.000439:  172229  [INFO]: Using a cached neff at /home/ubuntu/neuron_cache_e2e/neuronxcc-2.23.6484.0+3b612583/MODULE_7975248746759498216+e30acd3a/model.neff
2026-09-09 09:24:56.000442:  172223  [INFO]: Using a cached neff at /home/ubuntu/neuron_cache_e2e/neuronxcc-2.23.6484.0+3b612583/MODULE_7975248746759498216+e30acd3a/model.neff
2026-09-09 09:24:56.000454:  172228  [INFO]: Using a cached neff at /home/ubuntu/neuron_cache_e2e/neuronxcc-2.23.6484.0+3b612583/MODULE_3541718428970686010+e30acd3a/model.neff
2026-09-09 09:24:56.000455:  172220  [INFO]: Using a cached neff at /home/ubuntu/neuron_cache_e2e/neuronxcc-2.23.6484.0+3b612583/MODULE_3541718428970686010+e30acd3a/model.neff
2026-09-09 09:24:56.000457:  172249  [INFO]: Using a cached neff at /home/ubuntu/neuron_cache_e2e/neuronxcc-2.23.6484.0+3b612583/MODULE_3541718428970686010+e30acd3a/model.neff
2026-09-09 09:24:56.000458:  172235  [INFO]: Using a cached neff at /home/ubuntu/neuron_cache_e2e/neuronxcc-2.23.6484.0+3b612583/MODULE_3541718428970686010+e30acd3a/model.neff
2026-09-09 09:24:56.000460:  172248  [INFO]: Using a cached neff at /home/ubuntu/neuron_cache_e2e/neuronxcc-2.23.6484.0+3b612583/MODULE_3541718428970686010+e30acd3a/model.neff
2026-09-09 09:24:56.000461:  172251  [INFO]: Using a cached neff at /home/ubuntu/neuron_cache_e2e/neuronxcc-2.23.6484.0+3b612583/MODULE_3541718428970686010+e30acd3a/model.neff
2026-09-09 09:24:56.000462:  172230  [INFO]: Using a cached neff at /home/ubuntu/neuron_cache_e2e/neuronxcc-2.23.6484.0+3b612583/MODULE_3541718428970686010+e30acd3a/model.neff
2026-09-09 09:24:56.000465:  172224  [INFO]: Using a cached neff at /home/ubuntu/neuron_cache_e2e/neuronxcc-2.23.6484.0+3b612583/MODULE_3541718428970686010+e30acd3a/model.neff
2026-09-09 09:24:56.000466:  172242  [INFO]: Using a cached neff at /home/ubuntu/neuron_cache_e2e/neuronxcc-2.23.6484.0+3b612583/MODULE_3541718428970686010+e30acd3a/model.neff
2026-09-09 09:24:56.000467:  172226  [INFO]: Using a cached neff at /home/ubuntu/neuron_cache_e2e/neuronxcc-2.23.6484.0+3b612583/MODULE_3541718428970686010+e30acd3a/model.neff
2026-09-09 09:24:56.000468:  172222  [INFO]: Using a cached neff at /home/ubuntu/neuron_cache_e2e/neuronxcc-2.23.6484.0+3b612583/MODULE_3541718428970686010+e30acd3a/model.neff
2026-09-09 09:24:56.000469:  172221  [INFO]: Using a cached neff at /home/ubuntu/neuron_cache_e2e/neuronxcc-2.23.6484.0+3b612583/MODULE_3541718428970686010+e30acd3a/model.neff
2026-09-09 09:24:56.000469:  172239  [INFO]: Using a cached neff at /home/ubuntu/neuron_cache_e2e/neuronxcc-2.23.6484.0+3b612583/MODULE_3541718428970686010+e30acd3a/model.neff
2026-09-09 09:24:56.000470:  172237  [INFO]: Using a cached neff at /home/ubuntu/neuron_cache_e2e/neuronxcc-2.23.6484.0+3b612583/MODULE_3541718428970686010+e30acd3a/model.neff
2026-09-09 09:24:56.000471:  172241  [INFO]: Using a cached neff at /home/ubuntu/neuron_cache_e2e/neuronxcc-2.23.6484.0+3b612583/MODULE_3541718428970686010+e30acd3a/model.neff
2026-09-09 09:24:56.000473:  172233  [INFO]: Using a cached neff at /home/ubuntu/neuron_cache_e2e/neuronxcc-2.23.6484.0+3b612583/MODULE_3541718428970686010+e30acd3a/model.neff
2026-09-09 09:24:56.000473:  172225  [INFO]: Using a cached neff at /home/ubuntu/neuron_cache_e2e/neuronxcc-2.23.6484.0+3b612583/MODULE_3541718428970686010+e30acd3a/model.neff
2026-09-09 09:24:56.000474:  172246  [INFO]: Using a cached neff at /home/ubuntu/neuron_cache_e2e/neuronxcc-2.23.6484.0+3b612583/MODULE_3541718428970686010+e30acd3a/model.neff
2026-09-09 09:24:56.000474:  172238  [INFO]: Using a cached neff at /home/ubuntu/neuron_cache_e2e/neuronxcc-2.23.6484.0+3b612583/MODULE_3541718428970686010+e30acd3a/model.neff
2026-09-09 09:24:56.000477:  172247  [INFO]: Using a cached neff at /home/ubuntu/neuron_cache_e2e/neuronxcc-2.23.6484.0+3b612583/MODULE_3541718428970686010+e30acd3a/model.neff
2026-09-09 09:24:56.000477:  172244  [INFO]: Using a cached neff at /home/ubuntu/neuron_cache_e2e/neuronxcc-2.23.6484.0+3b612583/MODULE_3541718428970686010+e30acd3a/model.neff
2026-09-09 09:24:56.000479:  172240  [INFO]: Using a cached neff at /home/ubuntu/neuron_cache_e2e/neuronxcc-2.23.6484.0+3b612583/MODULE_3541718428970686010+e30acd3a/model.neff
2026-09-09 09:24:56.000481:  172245  [INFO]: Using a cached neff at /home/ubuntu/neuron_cache_e2e/neuronxcc-2.23.6484.0+3b612583/MODULE_3541718428970686010+e30acd3a/model.neff
2026-09-09 09:24:56.000486:  172232  [INFO]: Using a cached neff at /home/ubuntu/neuron_cache_e2e/neuronxcc-2.23.6484.0+3b612583/MODULE_3541718428970686010+e30acd3a/model.neff
2026-09-09 09:24:56.000489:  172227  [INFO]: Using a cached neff at /home/ubuntu/neuron_cache_e2e/neuronxcc-2.23.6484.0+3b612583/MODULE_3541718428970686010+e30acd3a/model.neff
2026-09-09 09:24:56.000489:  172243  [INFO]: Using a cached neff at /home/ubuntu/neuron_cache_e2e/neuronxcc-2.23.6484.0+3b612583/MODULE_3541718428970686010+e30acd3a/model.neff
2026-09-09 09:24:56.000491:  172231  [INFO]: Using a cached neff at /home/ubuntu/neuron_cache_e2e/neuronxcc-2.23.6484.0+3b612583/MODULE_3541718428970686010+e30acd3a/model.neff
2026-09-09 09:24:56.000492:  172236  [INFO]: Using a cached neff at /home/ubuntu/neuron_cache_e2e/neuronxcc-2.23.6484.0+3b612583/MODULE_3541718428970686010+e30acd3a/model.neff
2026-09-09 09:24:56.000493:  172250  [INFO]: Using a cached neff at /home/ubuntu/neuron_cache_e2e/neuronxcc-2.23.6484.0+3b612583/MODULE_3541718428970686010+e30acd3a/model.neff
2026-09-09 09:24:56.000494:  172234  [INFO]: Using a cached neff at /home/ubuntu/neuron_cache_e2e/neuronxcc-2.23.6484.0+3b612583/MODULE_3541718428970686010+e30acd3a/model.neff
2026-09-09 09:24:56.000495:  172229  [INFO]: Using a cached neff at /home/ubuntu/neuron_cache_e2e/neuronxcc-2.23.6484.0+3b612583/MODULE_3541718428970686010+e30acd3a/model.neff
2026-09-09 09:24:56.000496:  172223  [INFO]: Using a cached neff at /home/ubuntu/neuron_cache_e2e/neuronxcc-2.23.6484.0+3b612583/MODULE_3541718428970686010+e30acd3a/model.neff
2026-09-09 09:24:56.000785:  172240  [INFO]: Using a cached neff at /home/ubuntu/neuron_cache_e2e/neuronxcc-2.23.6484.0+3b612583/MODULE_17089791188315351658+e30acd3a/model.neff
2026-09-09 09:24:56.000786:  172242  [INFO]: Using a cached neff at /home/ubuntu/neuron_cache_e2e/neuronxcc-2.23.6484.0+3b612583/MODULE_17089791188315351658+e30acd3a/model.neff
2026-09-09 09:24:56.000786:  172244  [INFO]: Using a cached neff at /home/ubuntu/neuron_cache_e2e/neuronxcc-2.23.6484.0+3b612583/MODULE_17089791188315351658+e30acd3a/model.neff
2026-09-09 09:24:56.000786:  172241  [INFO]: Using a cached neff at /home/ubuntu/neuron_cache_e2e/neuronxcc-2.23.6484.0+3b612583/MODULE_17089791188315351658+e30acd3a/model.neff
2026-09-09 09:24:56.000786:  172226  [INFO]: Using a cached neff at /home/ubuntu/neuron_cache_e2e/neuronxcc-2.23.6484.0+3b612583/MODULE_17089791188315351658+e30acd3a/model.neff
2026-09-09 09:24:56.000786:  172229  [INFO]: Using a cached neff at /home/ubuntu/neuron_cache_e2e/neuronxcc-2.23.6484.0+3b612583/MODULE_17089791188315351658+e30acd3a/model.neff
2026-09-09 09:24:56.000787:  172248  [INFO]: Using a cached neff at /home/ubuntu/neuron_cache_e2e/neuronxcc-2.23.6484.0+3b612583/MODULE_17089791188315351658+e30acd3a/model.neff
2026-09-09 09:24:56.000787:  172247  [INFO]: Using a cached neff at /home/ubuntu/neuron_cache_e2e/neuronxcc-2.23.6484.0+3b612583/MODULE_17089791188315351658+e30acd3a/model.neff
2026-09-09 09:24:56.000787:  172235  [INFO]: Using a cached neff at /home/ubuntu/neuron_cache_e2e/neuronxcc-2.23.6484.0+3b612583/MODULE_17089791188315351658+e30acd3a/model.neff
2026-09-09 09:24:56.000787:  172234  [INFO]: Using a cached neff at /home/ubuntu/neuron_cache_e2e/neuronxcc-2.23.6484.0+3b612583/MODULE_17089791188315351658+e30acd3a/model.neff
2026-09-09 09:24:56.000788:  172225  [INFO]: Using a cached neff at /home/ubuntu/neuron_cache_e2e/neuronxcc-2.23.6484.0+3b612583/MODULE_17089791188315351658+e30acd3a/model.neff
2026-09-09 09:24:56.000788:  172239  [INFO]: Using a cached neff at /home/ubuntu/neuron_cache_e2e/neuronxcc-2.23.6484.0+3b612583/MODULE_17089791188315351658+e30acd3a/model.neff
2026-09-09 09:24:56.000788:  172251  [INFO]: Using a cached neff at /home/ubuntu/neuron_cache_e2e/neuronxcc-2.23.6484.0+3b612583/MODULE_17089791188315351658+e30acd3a/model.neff
2026-09-09 09:24:56.000789:  172249  [INFO]: Using a cached neff at /home/ubuntu/neuron_cache_e2e/neuronxcc-2.23.6484.0+3b612583/MODULE_17089791188315351658+e30acd3a/model.neff
2026-09-09 09:24:56.000790:  172223  [INFO]: Using a cached neff at /home/ubuntu/neuron_cache_e2e/neuronxcc-2.23.6484.0+3b612583/MODULE_17089791188315351658+e30acd3a/model.neff
2026-09-09 09:24:56.000790:  172246  [INFO]: Using a cached neff at /home/ubuntu/neuron_cache_e2e/neuronxcc-2.23.6484.0+3b612583/MODULE_17089791188315351658+e30acd3a/model.neff
2026-09-09 09:24:56.000791:  172230  [INFO]: Using a cached neff at /home/ubuntu/neuron_cache_e2e/neuronxcc-2.23.6484.0+3b612583/MODULE_17089791188315351658+e30acd3a/model.neff
2026-09-09 09:24:56.000791:  172237  [INFO]: Using a cached neff at /home/ubuntu/neuron_cache_e2e/neuronxcc-2.23.6484.0+3b612583/MODULE_17089791188315351658+e30acd3a/model.neff
2026-09-09 09:24:56.000792:  172233  [INFO]: Using a cached neff at /home/ubuntu/neuron_cache_e2e/neuronxcc-2.23.6484.0+3b612583/MODULE_17089791188315351658+e30acd3a/model.neff
2026-09-09 09:24:56.000792:  172245  [INFO]: Using a cached neff at /home/ubuntu/neuron_cache_e2e/neuronxcc-2.23.6484.0+3b612583/MODULE_17089791188315351658+e30acd3a/model.neff
2026-09-09 09:24:56.000793:  172232  [INFO]: Using a cached neff at /home/ubuntu/neuron_cache_e2e/neuronxcc-2.23.6484.0+3b612583/MODULE_17089791188315351658+e30acd3a/model.neff
2026-09-09 09:24:56.000794:  172227  [INFO]: Using a cached neff at /home/ubuntu/neuron_cache_e2e/neuronxcc-2.23.6484.0+3b612583/MODULE_17089791188315351658+e30acd3a/model.neff
2026-09-09 09:24:56.000795:  172222  [INFO]: Using a cached neff at /home/ubuntu/neuron_cache_e2e/neuronxcc-2.23.6484.0+3b612583/MODULE_17089791188315351658+e30acd3a/model.neff
2026-09-09 09:24:56.000795:  172221  [INFO]: Using a cached neff at /home/ubuntu/neuron_cache_e2e/neuronxcc-2.23.6484.0+3b612583/MODULE_17089791188315351658+e30acd3a/model.neff
2026-09-09 09:24:56.000796:  172231  [INFO]: Using a cached neff at /home/ubuntu/neuron_cache_e2e/neuronxcc-2.23.6484.0+3b612583/MODULE_17089791188315351658+e30acd3a/model.neff
2026-09-09 09:24:56.000797:  172220  [INFO]: Using a cached neff at /home/ubuntu/neuron_cache_e2e/neuronxcc-2.23.6484.0+3b612583/MODULE_17089791188315351658+e30acd3a/model.neff
2026-09-09 09:24:56.000798:  172228  [INFO]: Using a cached neff at /home/ubuntu/neuron_cache_e2e/neuronxcc-2.23.6484.0+3b612583/MODULE_17089791188315351658+e30acd3a/model.neff
2026-09-09 09:24:56.000798:  172224  [INFO]: Using a cached neff at /home/ubuntu/neuron_cache_e2e/neuronxcc-2.23.6484.0+3b612583/MODULE_17089791188315351658+e30acd3a/model.neff
2026-09-09 09:24:56.000798:  172243  [INFO]: Using a cached neff at /home/ubuntu/neuron_cache_e2e/neuronxcc-2.23.6484.0+3b612583/MODULE_17089791188315351658+e30acd3a/model.neff
2026-09-09 09:24:56.000799:  172238  [INFO]: Using a cached neff at /home/ubuntu/neuron_cache_e2e/neuronxcc-2.23.6484.0+3b612583/MODULE_17089791188315351658+e30acd3a/model.neff
2026-09-09 09:24:56.000799:  172236  [INFO]: Using a cached neff at /home/ubuntu/neuron_cache_e2e/neuronxcc-2.23.6484.0+3b612583/MODULE_17089791188315351658+e30acd3a/model.neff
2026-09-09 09:24:56.000800:  172250  [INFO]: Using a cached neff at /home/ubuntu/neuron_cache_e2e/neuronxcc-2.23.6484.0+3b612583/MODULE_17089791188315351658+e30acd3a/model.neff
2026-09-09 09:24:56.000821:  172242  [INFO]: Using a cached neff at /home/ubuntu/neuron_cache_e2e/neuronxcc-2.23.6484.0+3b612583/MODULE_8612601412218940330+e30acd3a/model.neff
2026-09-09 09:24:56.000821:  172240  [INFO]: Using a cached neff at /home/ubuntu/neuron_cache_e2e/neuronxcc-2.23.6484.0+3b612583/MODULE_8612601412218940330+e30acd3a/model.neff
2026-09-09 09:24:56.000821:  172229  [INFO]: Using a cached neff at /home/ubuntu/neuron_cache_e2e/neuronxcc-2.23.6484.0+3b612583/MODULE_8612601412218940330+e30acd3a/model.neff
2026-09-09 09:24:56.000821:  172226  [INFO]: Using a cached neff at /home/ubuntu/neuron_cache_e2e/neuronxcc-2.23.6484.0+3b612583/MODULE_8612601412218940330+e30acd3a/model.neff
2026-09-09 09:24:56.000822:  172248  [INFO]: Using a cached neff at /home/ubuntu/neuron_cache_e2e/neuronxcc-2.23.6484.0+3b612583/MODULE_8612601412218940330+e30acd3a/model.neff
2026-09-09 09:24:56.000823:  172234  [INFO]: Using a cached neff at /home/ubuntu/neuron_cache_e2e/neuronxcc-2.23.6484.0+3b612583/MODULE_8612601412218940330+e30acd3a/model.neff
2026-09-09 09:24:56.000824:  172225  [INFO]: Using a cached neff at /home/ubuntu/neuron_cache_e2e/neuronxcc-2.23.6484.0+3b612583/MODULE_8612601412218940330+e30acd3a/model.neff
2026-09-09 09:24:56.000824:  172235  [INFO]: Using a cached neff at /home/ubuntu/neuron_cache_e2e/neuronxcc-2.23.6484.0+3b612583/MODULE_8612601412218940330+e30acd3a/model.neff
2026-09-09 09:24:56.000824:  172247  [INFO]: Using a cached neff at /home/ubuntu/neuron_cache_e2e/neuronxcc-2.23.6484.0+3b612583/MODULE_8612601412218940330+e30acd3a/model.neff
2026-09-09 09:24:56.000825:  172239  [INFO]: Using a cached neff at /home/ubuntu/neuron_cache_e2e/neuronxcc-2.23.6484.0+3b612583/MODULE_8612601412218940330+e30acd3a/model.neff
2026-09-09 09:24:56.000825:  172251  [INFO]: Using a cached neff at /home/ubuntu/neuron_cache_e2e/neuronxcc-2.23.6484.0+3b612583/MODULE_8612601412218940330+e30acd3a/model.neff
2026-09-09 09:24:56.000826:  172246  [INFO]: Using a cached neff at /home/ubuntu/neuron_cache_e2e/neuronxcc-2.23.6484.0+3b612583/MODULE_8612601412218940330+e30acd3a/model.neff
2026-09-09 09:24:56.000827:  172230  [INFO]: Using a cached neff at /home/ubuntu/neuron_cache_e2e/neuronxcc-2.23.6484.0+3b612583/MODULE_8612601412218940330+e30acd3a/model.neff
2026-09-09 09:24:56.000828:  172249  [INFO]: Using a cached neff at /home/ubuntu/neuron_cache_e2e/neuronxcc-2.23.6484.0+3b612583/MODULE_8612601412218940330+e30acd3a/model.neff
2026-09-09 09:24:56.000828:  172223  [INFO]: Using a cached neff at /home/ubuntu/neuron_cache_e2e/neuronxcc-2.23.6484.0+3b612583/MODULE_8612601412218940330+e30acd3a/model.neff
2026-09-09 09:24:56.000830:  172244  [INFO]: Using a cached neff at /home/ubuntu/neuron_cache_e2e/neuronxcc-2.23.6484.0+3b612583/MODULE_8612601412218940330+e30acd3a/model.neff
2026-09-09 09:24:56.000831:  172232  [INFO]: Using a cached neff at /home/ubuntu/neuron_cache_e2e/neuronxcc-2.23.6484.0+3b612583/MODULE_8612601412218940330+e30acd3a/model.neff
2026-09-09 09:24:56.000832:  172233  [INFO]: Using a cached neff at /home/ubuntu/neuron_cache_e2e/neuronxcc-2.23.6484.0+3b612583/MODULE_8612601412218940330+e30acd3a/model.neff
2026-09-09 09:24:56.000833:  172220  [INFO]: Using a cached neff at /home/ubuntu/neuron_cache_e2e/neuronxcc-2.23.6484.0+3b612583/MODULE_8612601412218940330+e30acd3a/model.neff
2026-09-09 09:24:56.000833:  172222  [INFO]: Using a cached neff at /home/ubuntu/neuron_cache_e2e/neuronxcc-2.23.6484.0+3b612583/MODULE_8612601412218940330+e30acd3a/model.neff
2026-09-09 09:24:56.000834:  172228  [INFO]: Using a cached neff at /home/ubuntu/neuron_cache_e2e/neuronxcc-2.23.6484.0+3b612583/MODULE_8612601412218940330+e30acd3a/model.neff
2026-09-09 09:24:56.000834:  172221  [INFO]: Using a cached neff at /home/ubuntu/neuron_cache_e2e/neuronxcc-2.23.6484.0+3b612583/MODULE_8612601412218940330+e30acd3a/model.neff
2026-09-09 09:24:56.000835:  172236  [INFO]: Using a cached neff at /home/ubuntu/neuron_cache_e2e/neuronxcc-2.23.6484.0+3b612583/MODULE_8612601412218940330+e30acd3a/model.neff
2026-09-09 09:24:56.000835:  172245  [INFO]: Using a cached neff at /home/ubuntu/neuron_cache_e2e/neuronxcc-2.23.6484.0+3b612583/MODULE_8612601412218940330+e30acd3a/model.neff
2026-09-09 09:24:56.000836:  172241  [INFO]: Using a cached neff at /home/ubuntu/neuron_cache_e2e/neuronxcc-2.23.6484.0+3b612583/MODULE_8612601412218940330+e30acd3a/model.neff
2026-09-09 09:24:56.000836:  172238  [INFO]: Using a cached neff at /home/ubuntu/neuron_cache_e2e/neuronxcc-2.23.6484.0+3b612583/MODULE_8612601412218940330+e30acd3a/model.neff
2026-09-09 09:24:56.000839:  172237  [INFO]: Using a cached neff at /home/ubuntu/neuron_cache_e2e/neuronxcc-2.23.6484.0+3b612583/MODULE_8612601412218940330+e30acd3a/model.neff
2026-09-09 09:24:56.000839:  172250  [INFO]: Using a cached neff at /home/ubuntu/neuron_cache_e2e/neuronxcc-2.23.6484.0+3b612583/MODULE_8612601412218940330+e30acd3a/model.neff
2026-09-09 09:24:56.000840:  172227  [INFO]: Using a cached neff at /home/ubuntu/neuron_cache_e2e/neuronxcc-2.23.6484.0+3b612583/MODULE_8612601412218940330+e30acd3a/model.neff
2026-09-09 09:24:56.000841:  172224  [INFO]: Using a cached neff at /home/ubuntu/neuron_cache_e2e/neuronxcc-2.23.6484.0+3b612583/MODULE_8612601412218940330+e30acd3a/model.neff
2026-09-09 09:24:56.000841:  172243  [INFO]: Using a cached neff at /home/ubuntu/neuron_cache_e2e/neuronxcc-2.23.6484.0+3b612583/MODULE_8612601412218940330+e30acd3a/model.neff
2026-09-09 09:24:56.000842:  172231  [INFO]: Using a cached neff at /home/ubuntu/neuron_cache_e2e/neuronxcc-2.23.6484.0+3b612583/MODULE_8612601412218940330+e30acd3a/model.neff
/home/ubuntu/train_gpt10b_tp_families.py:501: DeprecationWarning: Use torch_xla.sync instead
  xm.mark_step()
/home/ubuntu/train_gpt10b_tp_families.py:501: DeprecationWarning: Use torch_xla.sync instead
  xm.mark_step()
/home/ubuntu/train_gpt10b_tp_families.py:501: DeprecationWarning: Use torch_xla.sync instead
  xm.mark_step()
/home/ubuntu/train_gpt10b_tp_families.py:501: DeprecationWarning: Use torch_xla.sync instead
  xm.mark_step()
/home/ubuntu/train_gpt10b_tp_families.py:501: DeprecationWarning: Use torch_xla.sync instead
  xm.mark_step()
/home/ubuntu/train_gpt10b_tp_families.py:501: DeprecationWarning: Use torch_xla.sync instead
  xm.mark_step()
/home/ubuntu/train_gpt10b_tp_families.py:501: DeprecationWarning: Use torch_xla.sync instead
  xm.mark_step()
/home/ubuntu/train_gpt10b_tp_families.py:501: DeprecationWarning: Use torch_xla.sync instead
  xm.mark_step()
/home/ubuntu/train_gpt10b_tp_families.py:501: DeprecationWarning: Use torch_xla.sync instead
  xm.mark_step()
/home/ubuntu/train_gpt10b_tp_families.py:501: DeprecationWarning: Use torch_xla.sync instead
  xm.mark_step()
/home/ubuntu/train_gpt10b_tp_families.py:501: DeprecationWarning: Use torch_xla.sync instead
  xm.mark_step()
/home/ubuntu/train_gpt10b_tp_families.py:501: DeprecationWarning: Use torch_xla.sync instead
  xm.mark_step()
/home/ubuntu/train_gpt10b_tp_families.py:501: DeprecationWarning: Use torch_xla.sync instead
  xm.mark_step()
/home/ubuntu/train_gpt10b_tp_families.py:501: DeprecationWarning: Use torch_xla.sync instead
  xm.mark_step()
/home/ubuntu/train_gpt10b_tp_families.py:501: DeprecationWarning: Use torch_xla.sync instead
  xm.mark_step()
/home/ubuntu/train_gpt10b_tp_families.py:501: DeprecationWarning: Use torch_xla.sync instead
  xm.mark_step()
/home/ubuntu/train_gpt10b_tp_families.py:501: DeprecationWarning: Use torch_xla.sync instead
  xm.mark_step()
/home/ubuntu/train_gpt10b_tp_families.py:501: DeprecationWarning: Use torch_xla.sync instead
  xm.mark_step()
/home/ubuntu/train_gpt10b_tp_families.py:501: DeprecationWarning: Use torch_xla.sync instead
  xm.mark_step()
/home/ubuntu/train_gpt10b_tp_families.py:501: DeprecationWarning: Use torch_xla.sync instead
  xm.mark_step()
/home/ubuntu/train_gpt10b_tp_families.py:501: DeprecationWarning: Use torch_xla.sync instead
  xm.mark_step()
/home/ubuntu/train_gpt10b_tp_families.py:501: DeprecationWarning: Use torch_xla.sync instead
  xm.mark_step()
/home/ubuntu/train_gpt10b_tp_families.py:501: DeprecationWarning: Use torch_xla.sync instead
  xm.mark_step()
/home/ubuntu/train_gpt10b_tp_families.py:501: DeprecationWarning: Use torch_xla.sync instead
  xm.mark_step()
/home/ubuntu/train_gpt10b_tp_families.py:501: DeprecationWarning: Use torch_xla.sync instead
  xm.mark_step()
/home/ubuntu/train_gpt10b_tp_families.py:501: DeprecationWarning: Use torch_xla.sync instead
  xm.mark_step()
/home/ubuntu/train_gpt10b_tp_families.py:501: DeprecationWarning: Use torch_xla.sync instead
  xm.mark_step()
/home/ubuntu/train_gpt10b_tp_families.py:501: DeprecationWarning: Use torch_xla.sync instead
  xm.mark_step()
/home/ubuntu/train_gpt10b_tp_families.py:501: DeprecationWarning: Use torch_xla.sync instead
  xm.mark_step()
/home/ubuntu/train_gpt10b_tp_families.py:501: DeprecationWarning: Use torch_xla.sync instead
  xm.mark_step()
/home/ubuntu/train_gpt10b_tp_families.py:501: DeprecationWarning: Use torch_xla.sync instead
  xm.mark_step()
/home/ubuntu/train_gpt10b_tp_families.py:501: DeprecationWarning: Use torch_xla.sync instead
  xm.mark_step()
2026-09-09 09:25:13.000507:  172235  [INFO]: Using a cached neff at /home/ubuntu/neuron_cache_e2e/neuronxcc-2.23.6484.0+3b612583/MODULE_8732584952886592803+e30acd3a/model.neff
2026-09-09 09:25:13.000507:  172222  [INFO]: Using a cached neff at /home/ubuntu/neuron_cache_e2e/neuronxcc-2.23.6484.0+3b612583/MODULE_8732584952886592803+e30acd3a/model.neff
2026-09-09 09:25:13.000516:  172223  [INFO]: Using a cached neff at /home/ubuntu/neuron_cache_e2e/neuronxcc-2.23.6484.0+3b612583/MODULE_8732584952886592803+e30acd3a/model.neff
2026-09-09 09:25:13.000518:  172230  [INFO]: Using a cached neff at /home/ubuntu/neuron_cache_e2e/neuronxcc-2.23.6484.0+3b612583/MODULE_8732584952886592803+e30acd3a/model.neff
2026-09-09 09:25:13.000524:  172232  [INFO]: Using a cached neff at /home/ubuntu/neuron_cache_e2e/neuronxcc-2.23.6484.0+3b612583/MODULE_8732584952886592803+e30acd3a/model.neff
2026-09-09 09:25:13.000524:  172245  [INFO]: Using a cached neff at /home/ubuntu/neuron_cache_e2e/neuronxcc-2.23.6484.0+3b612583/MODULE_8732584952886592803+e30acd3a/model.neff
2026-09-09 09:25:13.000527:  172250  [INFO]: Using a cached neff at /home/ubuntu/neuron_cache_e2e/neuronxcc-2.23.6484.0+3b612583/MODULE_8732584952886592803+e30acd3a/model.neff
2026-09-09 09:25:13.000531:  172248  [INFO]: Using a cached neff at /home/ubuntu/neuron_cache_e2e/neuronxcc-2.23.6484.0+3b612583/MODULE_8732584952886592803+e30acd3a/model.neff
2026-09-09 09:25:13.000532:  172246  [INFO]: Using a cached neff at /home/ubuntu/neuron_cache_e2e/neuronxcc-2.23.6484.0+3b612583/MODULE_8732584952886592803+e30acd3a/model.neff
2026-09-09 09:25:13.000535:  172237  [INFO]: Using a cached neff at /home/ubuntu/neuron_cache_e2e/neuronxcc-2.23.6484.0+3b612583/MODULE_8732584952886592803+e30acd3a/model.neff
2026-09-09 09:25:13.000535:  172228  [INFO]: Using a cached neff at /home/ubuntu/neuron_cache_e2e/neuronxcc-2.23.6484.0+3b612583/MODULE_8732584952886592803+e30acd3a/model.neff
2026-09-09 09:25:13.000537:  172249  [INFO]: Using a cached neff at /home/ubuntu/neuron_cache_e2e/neuronxcc-2.23.6484.0+3b612583/MODULE_8732584952886592803+e30acd3a/model.neff
2026-09-09 09:25:13.000538:  172238  [INFO]: Using a cached neff at /home/ubuntu/neuron_cache_e2e/neuronxcc-2.23.6484.0+3b612583/MODULE_8732584952886592803+e30acd3a/model.neff
/home/ubuntu/train_gpt10b_tp_families.py:524: DeprecationWarning: Use torch_xla.sync instead
  xm.mark_step()   # slice sync graph: norms done
2026-09-09 09:25:13.000539:  172243  [INFO]: Using a cached neff at /home/ubuntu/neuron_cache_e2e/neuronxcc-2.23.6484.0+3b612583/MODULE_8732584952886592803+e30acd3a/model.neff
/home/ubuntu/train_gpt10b_tp_families.py:524: DeprecationWarning: Use torch_xla.sync instead
  xm.mark_step()   # slice sync graph: norms done
2026-09-09 09:25:13.000542:  172220  [INFO]: Using a cached neff at /home/ubuntu/neuron_cache_e2e/neuronxcc-2.23.6484.0+3b612583/MODULE_8732584952886592803+e30acd3a/model.neff
2026-09-09 09:25:13.000545:  172226  [INFO]: Using a cached neff at /home/ubuntu/neuron_cache_e2e/neuronxcc-2.23.6484.0+3b612583/MODULE_8732584952886592803+e30acd3a/model.neff
2026-09-09 09:25:13.000545:  172236  [INFO]: Using a cached neff at /home/ubuntu/neuron_cache_e2e/neuronxcc-2.23.6484.0+3b612583/MODULE_8732584952886592803+e30acd3a/model.neff
/home/ubuntu/train_gpt10b_tp_families.py:524: DeprecationWarning: Use torch_xla.sync instead
  xm.mark_step()   # slice sync graph: norms done
2026-09-09 09:25:13.000547:  172251  [INFO]: Using a cached neff at /home/ubuntu/neuron_cache_e2e/neuronxcc-2.23.6484.0+3b612583/MODULE_8732584952886592803+e30acd3a/model.neff
2026-09-09 09:25:13.000548:  172224  [INFO]: Using a cached neff at /home/ubuntu/neuron_cache_e2e/neuronxcc-2.23.6484.0+3b612583/MODULE_8732584952886592803+e30acd3a/model.neff
2026-09-09 09:25:13.000548:  172221  [INFO]: Using a cached neff at /home/ubuntu/neuron_cache_e2e/neuronxcc-2.23.6484.0+3b612583/MODULE_8732584952886592803+e30acd3a/model.neff
2026-09-09 09:25:13.000548:  172239  [INFO]: Using a cached neff at /home/ubuntu/neuron_cache_e2e/neuronxcc-2.23.6484.0+3b612583/MODULE_8732584952886592803+e30acd3a/model.neff
2026-09-09 09:25:13.000551:  172234  [INFO]: Using a cached neff at /home/ubuntu/neuron_cache_e2e/neuronxcc-2.23.6484.0+3b612583/MODULE_8732584952886592803+e30acd3a/model.neff
2026-09-09 09:25:13.000551:  172241  [INFO]: Using a cached neff at /home/ubuntu/neuron_cache_e2e/neuronxcc-2.23.6484.0+3b612583/MODULE_8732584952886592803+e30acd3a/model.neff
/home/ubuntu/train_gpt10b_tp_families.py:524: DeprecationWarning: Use torch_xla.sync instead
  xm.mark_step()   # slice sync graph: norms done
2026-09-09 09:25:13.000552:  172227  [INFO]: Using a cached neff at /home/ubuntu/neuron_cache_e2e/neuronxcc-2.23.6484.0+3b612583/MODULE_8732584952886592803+e30acd3a/model.neff
2026-09-09 09:25:13.000553:  172233  [INFO]: Using a cached neff at /home/ubuntu/neuron_cache_e2e/neuronxcc-2.23.6484.0+3b612583/MODULE_8732584952886592803+e30acd3a/model.neff
2026-09-09 09:25:13.000553:  172242  [INFO]: Using a cached neff at /home/ubuntu/neuron_cache_e2e/neuronxcc-2.23.6484.0+3b612583/MODULE_8732584952886592803+e30acd3a/model.neff
2026-09-09 09:25:13.000554:  172229  [INFO]: Using a cached neff at /home/ubuntu/neuron_cache_e2e/neuronxcc-2.23.6484.0+3b612583/MODULE_8732584952886592803+e30acd3a/model.neff
/home/ubuntu/train_gpt10b_tp_families.py:524: DeprecationWarning: Use torch_xla.sync instead
  xm.mark_step()   # slice sync graph: norms done
2026-09-09 09:25:13.000555:  172244  [INFO]: Using a cached neff at /home/ubuntu/neuron_cache_e2e/neuronxcc-2.23.6484.0+3b612583/MODULE_8732584952886592803+e30acd3a/model.neff
/home/ubuntu/train_gpt10b_tp_families.py:524: DeprecationWarning: Use torch_xla.sync instead
  xm.mark_step()   # slice sync graph: norms done
2026-09-09 09:25:13.000559:  172247  [INFO]: Using a cached neff at /home/ubuntu/neuron_cache_e2e/neuronxcc-2.23.6484.0+3b612583/MODULE_8732584952886592803+e30acd3a/model.neff
2026-09-09 09:25:13.000559:  172231  [INFO]: Using a cached neff at /home/ubuntu/neuron_cache_e2e/neuronxcc-2.23.6484.0+3b612583/MODULE_8732584952886592803+e30acd3a/model.neff
/home/ubuntu/train_gpt10b_tp_families.py:524: DeprecationWarning: Use torch_xla.sync instead
  xm.mark_step()   # slice sync graph: norms done
/home/ubuntu/train_gpt10b_tp_families.py:524: DeprecationWarning: Use torch_xla.sync instead
  xm.mark_step()   # slice sync graph: norms done
/home/ubuntu/train_gpt10b_tp_families.py:524: DeprecationWarning: Use torch_xla.sync instead
  xm.mark_step()   # slice sync graph: norms done
/home/ubuntu/train_gpt10b_tp_families.py:524: DeprecationWarning: Use torch_xla.sync instead
  xm.mark_step()   # slice sync graph: norms done
/home/ubuntu/train_gpt10b_tp_families.py:524: DeprecationWarning: Use torch_xla.sync instead
  xm.mark_step()   # slice sync graph: norms done
/home/ubuntu/train_gpt10b_tp_families.py:524: DeprecationWarning: Use torch_xla.sync instead
  xm.mark_step()   # slice sync graph: norms done
2026-09-09 09:25:13.000564:  172225  [INFO]: Using a cached neff at /home/ubuntu/neuron_cache_e2e/neuronxcc-2.23.6484.0+3b612583/MODULE_8732584952886592803+e30acd3a/model.neff
2026-09-09 09:25:13.000569:  172240  [INFO]: Using a cached neff at /home/ubuntu/neuron_cache_e2e/neuronxcc-2.23.6484.0+3b612583/MODULE_8732584952886592803+e30acd3a/model.neff
/home/ubuntu/train_gpt10b_tp_families.py:524: DeprecationWarning: Use torch_xla.sync instead
  xm.mark_step()   # slice sync graph: norms done
/home/ubuntu/train_gpt10b_tp_families.py:524: DeprecationWarning: Use torch_xla.sync instead
  xm.mark_step()   # slice sync graph: norms done
/home/ubuntu/train_gpt10b_tp_families.py:524: DeprecationWarning: Use torch_xla.sync instead
  xm.mark_step()   # slice sync graph: norms done
/home/ubuntu/train_gpt10b_tp_families.py:524: DeprecationWarning: Use torch_xla.sync instead
  xm.mark_step()   # slice sync graph: norms done
/home/ubuntu/train_gpt10b_tp_families.py:524: DeprecationWarning: Use torch_xla.sync instead
  xm.mark_step()   # slice sync graph: norms done
/home/ubuntu/train_gpt10b_tp_families.py:524: DeprecationWarning: Use torch_xla.sync instead
  xm.mark_step()   # slice sync graph: norms done
/home/ubuntu/train_gpt10b_tp_families.py:524: DeprecationWarning: Use torch_xla.sync instead
  xm.mark_step()   # slice sync graph: norms done
/home/ubuntu/train_gpt10b_tp_families.py:524: DeprecationWarning: Use torch_xla.sync instead
  xm.mark_step()   # slice sync graph: norms done
/home/ubuntu/train_gpt10b_tp_families.py:524: DeprecationWarning: Use torch_xla.sync instead
  xm.mark_step()   # slice sync graph: norms done
/home/ubuntu/train_gpt10b_tp_families.py:524: DeprecationWarning: Use torch_xla.sync instead
  xm.mark_step()   # slice sync graph: norms done
/home/ubuntu/train_gpt10b_tp_families.py:524: DeprecationWarning: Use torch_xla.sync instead
  xm.mark_step()   # slice sync graph: norms done
/home/ubuntu/train_gpt10b_tp_families.py:524: DeprecationWarning: Use torch_xla.sync instead
  xm.mark_step()   # slice sync graph: norms done
/home/ubuntu/train_gpt10b_tp_families.py:524: DeprecationWarning: Use torch_xla.sync instead
  xm.mark_step()   # slice sync graph: norms done
/home/ubuntu/train_gpt10b_tp_families.py:524: DeprecationWarning: Use torch_xla.sync instead
  xm.mark_step()   # slice sync graph: norms done
/home/ubuntu/train_gpt10b_tp_families.py:524: DeprecationWarning: Use torch_xla.sync instead
  xm.mark_step()   # slice sync graph: norms done
/home/ubuntu/train_gpt10b_tp_families.py:524: DeprecationWarning: Use torch_xla.sync instead
  xm.mark_step()   # slice sync graph: norms done
/home/ubuntu/train_gpt10b_tp_families.py:524: DeprecationWarning: Use torch_xla.sync instead
  xm.mark_step()   # slice sync graph: norms done
/home/ubuntu/train_gpt10b_tp_families.py:524: DeprecationWarning: Use torch_xla.sync instead
  xm.mark_step()   # slice sync graph: norms done
/home/ubuntu/train_gpt10b_tp_families.py:524: DeprecationWarning: Use torch_xla.sync instead
  xm.mark_step()   # slice sync graph: norms done
/home/ubuntu/train_gpt10b_tp_families.py:524: DeprecationWarning: Use torch_xla.sync instead
  xm.mark_step()   # slice sync graph: norms done
2026-09-09 09:25:13.000755:  172222  [INFO]: Using a cached neff at /home/ubuntu/neuron_cache_e2e/neuronxcc-2.23.6484.0+3b612583/MODULE_9794514909964512172+e30acd3a/model.neff
2026-09-09 09:25:13.000768:  172230  [INFO]: Using a cached neff at /home/ubuntu/neuron_cache_e2e/neuronxcc-2.23.6484.0+3b612583/MODULE_9794514909964512172+e30acd3a/model.neff
2026-09-09 09:25:13.000769:  172248  [INFO]: Using a cached neff at /home/ubuntu/neuron_cache_e2e/neuronxcc-2.23.6484.0+3b612583/MODULE_9794514909964512172+e30acd3a/model.neff
2026-09-09 09:25:13.000770:  172246  [INFO]: Using a cached neff at /home/ubuntu/neuron_cache_e2e/neuronxcc-2.23.6484.0+3b612583/MODULE_9794514909964512172+e30acd3a/model.neff
2026-09-09 09:25:13.000771:  172228  [INFO]: Using a cached neff at /home/ubuntu/neuron_cache_e2e/neuronxcc-2.23.6484.0+3b612583/MODULE_9794514909964512172+e30acd3a/model.neff
2026-09-09 09:25:13.000772:  172232  [INFO]: Using a cached neff at /home/ubuntu/neuron_cache_e2e/neuronxcc-2.23.6484.0+3b612583/MODULE_9794514909964512172+e30acd3a/model.neff
2026-09-09 09:25:13.000773:  172237  [INFO]: Using a cached neff at /home/ubuntu/neuron_cache_e2e/neuronxcc-2.23.6484.0+3b612583/MODULE_9794514909964512172+e30acd3a/model.neff
2026-09-09 09:25:13.000774:  172226  [INFO]: Using a cached neff at /home/ubuntu/neuron_cache_e2e/neuronxcc-2.23.6484.0+3b612583/MODULE_9794514909964512172+e30acd3a/model.neff
2026-09-09 09:25:13.000775:  172249  [INFO]: Using a cached neff at /home/ubuntu/neuron_cache_e2e/neuronxcc-2.23.6484.0+3b612583/MODULE_9794514909964512172+e30acd3a/model.neff
2026-09-09 09:25:13.000776:  172250  [INFO]: Using a cached neff at /home/ubuntu/neuron_cache_e2e/neuronxcc-2.23.6484.0+3b612583/MODULE_9794514909964512172+e30acd3a/model.neff
2026-09-09 09:25:13.000779:  172233  [INFO]: Using a cached neff at /home/ubuntu/neuron_cache_e2e/neuronxcc-2.23.6484.0+3b612583/MODULE_9794514909964512172+e30acd3a/model.neff
2026-09-09 09:25:13.000783:  172241  [INFO]: Using a cached neff at /home/ubuntu/neuron_cache_e2e/neuronxcc-2.23.6484.0+3b612583/MODULE_9794514909964512172+e30acd3a/model.neff
2026-09-09 09:25:13.000787:  172242  [INFO]: Using a cached neff at /home/ubuntu/neuron_cache_e2e/neuronxcc-2.23.6484.0+3b612583/MODULE_9794514909964512172+e30acd3a/model.neff
2026-09-09 09:25:13.000796:  172236  [INFO]: Using a cached neff at /home/ubuntu/neuron_cache_e2e/neuronxcc-2.23.6484.0+3b612583/MODULE_9794514909964512172+e30acd3a/model.neff
2026-09-09 09:25:13.000796:  172243  [INFO]: Using a cached neff at /home/ubuntu/neuron_cache_e2e/neuronxcc-2.23.6484.0+3b612583/MODULE_9794514909964512172+e30acd3a/model.neff
2026-09-09 09:25:13.000797:  172238  [INFO]: Using a cached neff at /home/ubuntu/neuron_cache_e2e/neuronxcc-2.23.6484.0+3b612583/MODULE_9794514909964512172+e30acd3a/model.neff
2026-09-09 09:25:13.000800:  172235  [INFO]: Using a cached neff at /home/ubuntu/neuron_cache_e2e/neuronxcc-2.23.6484.0+3b612583/MODULE_9794514909964512172+e30acd3a/model.neff
2026-09-09 09:25:13.000800:  172251  [INFO]: Using a cached neff at /home/ubuntu/neuron_cache_e2e/neuronxcc-2.23.6484.0+3b612583/MODULE_9794514909964512172+e30acd3a/model.neff
2026-09-09 09:25:13.000802:  172220  [INFO]: Using a cached neff at /home/ubuntu/neuron_cache_e2e/neuronxcc-2.23.6484.0+3b612583/MODULE_9794514909964512172+e30acd3a/model.neff
2026-09-09 09:25:13.000804:  172244  [INFO]: Using a cached neff at /home/ubuntu/neuron_cache_e2e/neuronxcc-2.23.6484.0+3b612583/MODULE_9794514909964512172+e30acd3a/model.neff
2026-09-09 09:25:13.000805:  172224  [INFO]: Using a cached neff at /home/ubuntu/neuron_cache_e2e/neuronxcc-2.23.6484.0+3b612583/MODULE_9794514909964512172+e30acd3a/model.neff
2026-09-09 09:25:13.000805:  172229  [INFO]: Using a cached neff at /home/ubuntu/neuron_cache_e2e/neuronxcc-2.23.6484.0+3b612583/MODULE_9794514909964512172+e30acd3a/model.neff
2026-09-09 09:25:13.000806:  172234  [INFO]: Using a cached neff at /home/ubuntu/neuron_cache_e2e/neuronxcc-2.23.6484.0+3b612583/MODULE_9794514909964512172+e30acd3a/model.neff
2026-09-09 09:25:13.000810:  172223  [INFO]: Using a cached neff at /home/ubuntu/neuron_cache_e2e/neuronxcc-2.23.6484.0+3b612583/MODULE_9794514909964512172+e30acd3a/model.neff
2026-09-09 09:25:13.000810:  172239  [INFO]: Using a cached neff at /home/ubuntu/neuron_cache_e2e/neuronxcc-2.23.6484.0+3b612583/MODULE_9794514909964512172+e30acd3a/model.neff
2026-09-09 09:25:13.000811:  172225  [INFO]: Using a cached neff at /home/ubuntu/neuron_cache_e2e/neuronxcc-2.23.6484.0+3b612583/MODULE_9794514909964512172+e30acd3a/model.neff
2026-09-09 09:25:13.000815:  172240  [INFO]: Using a cached neff at /home/ubuntu/neuron_cache_e2e/neuronxcc-2.23.6484.0+3b612583/MODULE_9794514909964512172+e30acd3a/model.neff
2026-09-09 09:25:13.000826:  172231  [INFO]: Using a cached neff at /home/ubuntu/neuron_cache_e2e/neuronxcc-2.23.6484.0+3b612583/MODULE_9794514909964512172+e30acd3a/model.neff
2026-09-09 09:25:13.000840:  172247  [INFO]: Using a cached neff at /home/ubuntu/neuron_cache_e2e/neuronxcc-2.23.6484.0+3b612583/MODULE_9794514909964512172+e30acd3a/model.neff
2026-09-09 09:25:13.000844:  172221  [INFO]: Using a cached neff at /home/ubuntu/neuron_cache_e2e/neuronxcc-2.23.6484.0+3b612583/MODULE_9794514909964512172+e30acd3a/model.neff
2026-09-09 09:25:13.000850:  172227  [INFO]: Using a cached neff at /home/ubuntu/neuron_cache_e2e/neuronxcc-2.23.6484.0+3b612583/MODULE_9794514909964512172+e30acd3a/model.neff
2026-09-09 09:25:13.000898:  172245  [INFO]: Using a cached neff at /home/ubuntu/neuron_cache_e2e/neuronxcc-2.23.6484.0+3b612583/MODULE_9794514909964512172+e30acd3a/model.neff
/home/ubuntu/train_gpt10b_tp_families.py:533: DeprecationWarning: Use torch_xla.sync instead
  xm.mark_step()   # slice sync graph: F4b done
/home/ubuntu/train_gpt10b_tp_families.py:533: DeprecationWarning: Use torch_xla.sync instead
  xm.mark_step()   # slice sync graph: F4b done
/home/ubuntu/train_gpt10b_tp_families.py:533: DeprecationWarning: Use torch_xla.sync instead
  xm.mark_step()   # slice sync graph: F4b done
/home/ubuntu/train_gpt10b_tp_families.py:533: DeprecationWarning: Use torch_xla.sync instead
  xm.mark_step()   # slice sync graph: F4b done
/home/ubuntu/train_gpt10b_tp_families.py:533: DeprecationWarning: Use torch_xla.sync instead
  xm.mark_step()   # slice sync graph: F4b done
/home/ubuntu/train_gpt10b_tp_families.py:533: DeprecationWarning: Use torch_xla.sync instead
  xm.mark_step()   # slice sync graph: F4b done
/home/ubuntu/train_gpt10b_tp_families.py:533: DeprecationWarning: Use torch_xla.sync instead
  xm.mark_step()   # slice sync graph: F4b done
/home/ubuntu/train_gpt10b_tp_families.py:533: DeprecationWarning: Use torch_xla.sync instead
  xm.mark_step()   # slice sync graph: F4b done
/home/ubuntu/train_gpt10b_tp_families.py:533: DeprecationWarning: Use torch_xla.sync instead
  xm.mark_step()   # slice sync graph: F4b done
/home/ubuntu/train_gpt10b_tp_families.py:533: DeprecationWarning: Use torch_xla.sync instead
  xm.mark_step()   # slice sync graph: F4b done
/home/ubuntu/train_gpt10b_tp_families.py:533: DeprecationWarning: Use torch_xla.sync instead
  xm.mark_step()   # slice sync graph: F4b done
/home/ubuntu/train_gpt10b_tp_families.py:533: DeprecationWarning: Use torch_xla.sync instead
  xm.mark_step()   # slice sync graph: F4b done
/home/ubuntu/train_gpt10b_tp_families.py:533: DeprecationWarning: Use torch_xla.sync instead
  xm.mark_step()   # slice sync graph: F4b done
/home/ubuntu/train_gpt10b_tp_families.py:533: DeprecationWarning: Use torch_xla.sync instead
  xm.mark_step()   # slice sync graph: F4b done
/home/ubuntu/train_gpt10b_tp_families.py:533: DeprecationWarning: Use torch_xla.sync instead
  xm.mark_step()   # slice sync graph: F4b done
/home/ubuntu/train_gpt10b_tp_families.py:533: DeprecationWarning: Use torch_xla.sync instead
  xm.mark_step()   # slice sync graph: F4b done
/home/ubuntu/train_gpt10b_tp_families.py:533: DeprecationWarning: Use torch_xla.sync instead
  xm.mark_step()   # slice sync graph: F4b done
/home/ubuntu/train_gpt10b_tp_families.py:533: DeprecationWarning: Use torch_xla.sync instead
  xm.mark_step()   # slice sync graph: F4b done
/home/ubuntu/train_gpt10b_tp_families.py:533: DeprecationWarning: Use torch_xla.sync instead
  xm.mark_step()   # slice sync graph: F4b done
/home/ubuntu/train_gpt10b_tp_families.py:533: DeprecationWarning: Use torch_xla.sync instead
  xm.mark_step()   # slice sync graph: F4b done
/home/ubuntu/train_gpt10b_tp_families.py:533: DeprecationWarning: Use torch_xla.sync instead
  xm.mark_step()   # slice sync graph: F4b done
/home/ubuntu/train_gpt10b_tp_families.py:533: DeprecationWarning: Use torch_xla.sync instead
  xm.mark_step()   # slice sync graph: F4b done
/home/ubuntu/train_gpt10b_tp_families.py:533: DeprecationWarning: Use torch_xla.sync instead
  xm.mark_step()   # slice sync graph: F4b done
/home/ubuntu/train_gpt10b_tp_families.py:533: DeprecationWarning: Use torch_xla.sync instead
  xm.mark_step()   # slice sync graph: F4b done
/home/ubuntu/train_gpt10b_tp_families.py:533: DeprecationWarning: Use torch_xla.sync instead
  xm.mark_step()   # slice sync graph: F4b done
/home/ubuntu/train_gpt10b_tp_families.py:533: DeprecationWarning: Use torch_xla.sync instead
  xm.mark_step()   # slice sync graph: F4b done
/home/ubuntu/train_gpt10b_tp_families.py:533: DeprecationWarning: Use torch_xla.sync instead
  xm.mark_step()   # slice sync graph: F4b done
/home/ubuntu/train_gpt10b_tp_families.py:533: DeprecationWarning: Use torch_xla.sync instead
  xm.mark_step()   # slice sync graph: F4b done
/home/ubuntu/train_gpt10b_tp_families.py:533: DeprecationWarning: Use torch_xla.sync instead
  xm.mark_step()   # slice sync graph: F4b done
/home/ubuntu/train_gpt10b_tp_families.py:533: DeprecationWarning: Use torch_xla.sync instead
  xm.mark_step()   # slice sync graph: F4b done
2026-09-09 09:25:14.000066:  172228  [INFO]: Using a cached neff at /home/ubuntu/neuron_cache_e2e/neuronxcc-2.23.6484.0+3b612583/MODULE_10351941693924015316+e30acd3a/model.neff
2026-09-09 09:25:14.000069:  172232  [INFO]: Using a cached neff at /home/ubuntu/neuron_cache_e2e/neuronxcc-2.23.6484.0+3b612583/MODULE_10351941693924015316+e30acd3a/model.neff
2026-09-09 09:25:14.000070:  172226  [INFO]: Using a cached neff at /home/ubuntu/neuron_cache_e2e/neuronxcc-2.23.6484.0+3b612583/MODULE_10351941693924015316+e30acd3a/model.neff
2026-09-09 09:25:14.000071:  172233  [INFO]: Using a cached neff at /home/ubuntu/neuron_cache_e2e/neuronxcc-2.23.6484.0+3b612583/MODULE_10351941693924015316+e30acd3a/model.neff
2026-09-09 09:25:14.000072:  172248  [INFO]: Using a cached neff at /home/ubuntu/neuron_cache_e2e/neuronxcc-2.23.6484.0+3b612583/MODULE_10351941693924015316+e30acd3a/model.neff
2026-09-09 09:25:14.000073:  172237  [INFO]: Using a cached neff at /home/ubuntu/neuron_cache_e2e/neuronxcc-2.23.6484.0+3b612583/MODULE_10351941693924015316+e30acd3a/model.neff
2026-09-09 09:25:14.000080:  172242  [INFO]: Using a cached neff at /home/ubuntu/neuron_cache_e2e/neuronxcc-2.23.6484.0+3b612583/MODULE_10351941693924015316+e30acd3a/model.neff
/home/ubuntu/train_gpt10b_tp_families.py:533: DeprecationWarning: Use torch_xla.sync instead
  xm.mark_step()   # slice sync graph: F4b done
2026-09-09 09:25:14.000083:  172222  [INFO]: Using a cached neff at /home/ubuntu/neuron_cache_e2e/neuronxcc-2.23.6484.0+3b612583/MODULE_10351941693924015316+e30acd3a/model.neff
2026-09-09 09:25:14.000087:  172246  [INFO]: Using a cached neff at /home/ubuntu/neuron_cache_e2e/neuronxcc-2.23.6484.0+3b612583/MODULE_10351941693924015316+e30acd3a/model.neff
2026-09-09 09:25:14.000090:  172230  [INFO]: Using a cached neff at /home/ubuntu/neuron_cache_e2e/neuronxcc-2.23.6484.0+3b612583/MODULE_10351941693924015316+e30acd3a/model.neff
2026-09-09 09:25:14.000102:  172249  [INFO]: Using a cached neff at /home/ubuntu/neuron_cache_e2e/neuronxcc-2.23.6484.0+3b612583/MODULE_10351941693924015316+e30acd3a/model.neff
2026-09-09 09:25:14.000107:  172235  [INFO]: Using a cached neff at /home/ubuntu/neuron_cache_e2e/neuronxcc-2.23.6484.0+3b612583/MODULE_10351941693924015316+e30acd3a/model.neff
2026-09-09 09:25:14.000108:  172238  [INFO]: Using a cached neff at /home/ubuntu/neuron_cache_e2e/neuronxcc-2.23.6484.0+3b612583/MODULE_10351941693924015316+e30acd3a/model.neff
2026-09-09 09:25:14.000108:  172244  [INFO]: Using a cached neff at /home/ubuntu/neuron_cache_e2e/neuronxcc-2.23.6484.0+3b612583/MODULE_10351941693924015316+e30acd3a/model.neff
2026-09-09 09:25:14.000109:  172240  [INFO]: Using a cached neff at /home/ubuntu/neuron_cache_e2e/neuronxcc-2.23.6484.0+3b612583/MODULE_10351941693924015316+e30acd3a/model.neff
/home/ubuntu/train_gpt10b_tp_families.py:533: DeprecationWarning: Use torch_xla.sync instead
  xm.mark_step()   # slice sync graph: F4b done
2026-09-09 09:25:14.000118:  172223  [INFO]: Using a cached neff at /home/ubuntu/neuron_cache_e2e/neuronxcc-2.23.6484.0+3b612583/MODULE_10351941693924015316+e30acd3a/model.neff
2026-09-09 09:25:14.000122:  172229  [INFO]: Using a cached neff at /home/ubuntu/neuron_cache_e2e/neuronxcc-2.23.6484.0+3b612583/MODULE_10351941693924015316+e30acd3a/model.neff
2026-09-09 09:25:14.000122:  172250  [INFO]: Using a cached neff at /home/ubuntu/neuron_cache_e2e/neuronxcc-2.23.6484.0+3b612583/MODULE_10351941693924015316+e30acd3a/model.neff
2026-09-09 09:25:14.000123:  172243  [INFO]: Using a cached neff at /home/ubuntu/neuron_cache_e2e/neuronxcc-2.23.6484.0+3b612583/MODULE_10351941693924015316+e30acd3a/model.neff
2026-09-09 09:25:14.000124:  172241  [INFO]: Using a cached neff at /home/ubuntu/neuron_cache_e2e/neuronxcc-2.23.6484.0+3b612583/MODULE_10351941693924015316+e30acd3a/model.neff
2026-09-09 09:25:14.000124:  172234  [INFO]: Using a cached neff at /home/ubuntu/neuron_cache_e2e/neuronxcc-2.23.6484.0+3b612583/MODULE_10351941693924015316+e30acd3a/model.neff
2026-09-09 09:25:14.000124:  172220  [INFO]: Using a cached neff at /home/ubuntu/neuron_cache_e2e/neuronxcc-2.23.6484.0+3b612583/MODULE_10351941693924015316+e30acd3a/model.neff
2026-09-09 09:25:14.000144:  172236  [INFO]: Using a cached neff at /home/ubuntu/neuron_cache_e2e/neuronxcc-2.23.6484.0+3b612583/MODULE_10351941693924015316+e30acd3a/model.neff
2026-09-09 09:25:14.000147:  172239  [INFO]: Using a cached neff at /home/ubuntu/neuron_cache_e2e/neuronxcc-2.23.6484.0+3b612583/MODULE_10351941693924015316+e30acd3a/model.neff
2026-09-09 09:25:14.000149:  172225  [INFO]: Using a cached neff at /home/ubuntu/neuron_cache_e2e/neuronxcc-2.23.6484.0+3b612583/MODULE_10351941693924015316+e30acd3a/model.neff
2026-09-09 09:25:14.000158:  172224  [INFO]: Using a cached neff at /home/ubuntu/neuron_cache_e2e/neuronxcc-2.23.6484.0+3b612583/MODULE_10351941693924015316+e30acd3a/model.neff
2026-09-09 09:25:14.000164:  172251  [INFO]: Using a cached neff at /home/ubuntu/neuron_cache_e2e/neuronxcc-2.23.6484.0+3b612583/MODULE_10351941693924015316+e30acd3a/model.neff
2026-09-09 09:25:14.000171:  172221  [INFO]: Using a cached neff at /home/ubuntu/neuron_cache_e2e/neuronxcc-2.23.6484.0+3b612583/MODULE_10351941693924015316+e30acd3a/model.neff
2026-09-09 09:25:14.000202:  172247  [INFO]: Using a cached neff at /home/ubuntu/neuron_cache_e2e/neuronxcc-2.23.6484.0+3b612583/MODULE_10351941693924015316+e30acd3a/model.neff
2026-09-09 09:25:14.000217:  172231  [INFO]: Using a cached neff at /home/ubuntu/neuron_cache_e2e/neuronxcc-2.23.6484.0+3b612583/MODULE_10351941693924015316+e30acd3a/model.neff
2026-09-09 09:25:14.000229:  172227  [INFO]: Using a cached neff at /home/ubuntu/neuron_cache_e2e/neuronxcc-2.23.6484.0+3b612583/MODULE_10351941693924015316+e30acd3a/model.neff
2026-09-09 09:25:14.000243:  172245  [INFO]: Using a cached neff at /home/ubuntu/neuron_cache_e2e/neuronxcc-2.23.6484.0+3b612583/MODULE_10351941693924015316+e30acd3a/model.neff
/home/ubuntu/train_gpt10b_tp_families.py:549: DeprecationWarning: Use torch_xla.sync instead
  xm.mark_step()   # slice sync graph: F6/F7 done
/home/ubuntu/train_gpt10b_tp_families.py:549: DeprecationWarning: Use torch_xla.sync instead
  xm.mark_step()   # slice sync graph: F6/F7 done
/home/ubuntu/train_gpt10b_tp_families.py:549: DeprecationWarning: Use torch_xla.sync instead
  xm.mark_step()   # slice sync graph: F6/F7 done
/home/ubuntu/train_gpt10b_tp_families.py:549: DeprecationWarning: Use torch_xla.sync instead
  xm.mark_step()   # slice sync graph: F6/F7 done
/home/ubuntu/train_gpt10b_tp_families.py:549: DeprecationWarning: Use torch_xla.sync instead
  xm.mark_step()   # slice sync graph: F6/F7 done
/home/ubuntu/train_gpt10b_tp_families.py:549: DeprecationWarning: Use torch_xla.sync instead
  xm.mark_step()   # slice sync graph: F6/F7 done
/home/ubuntu/train_gpt10b_tp_families.py:549: DeprecationWarning: Use torch_xla.sync instead
  xm.mark_step()   # slice sync graph: F6/F7 done
/home/ubuntu/train_gpt10b_tp_families.py:549: DeprecationWarning: Use torch_xla.sync instead
  xm.mark_step()   # slice sync graph: F6/F7 done
/home/ubuntu/train_gpt10b_tp_families.py:549: DeprecationWarning: Use torch_xla.sync instead
  xm.mark_step()   # slice sync graph: F6/F7 done
/home/ubuntu/train_gpt10b_tp_families.py:549: DeprecationWarning: Use torch_xla.sync instead
  xm.mark_step()   # slice sync graph: F6/F7 done
/home/ubuntu/train_gpt10b_tp_families.py:549: DeprecationWarning: Use torch_xla.sync instead
  xm.mark_step()   # slice sync graph: F6/F7 done
/home/ubuntu/train_gpt10b_tp_families.py:549: DeprecationWarning: Use torch_xla.sync instead
  xm.mark_step()   # slice sync graph: F6/F7 done
/home/ubuntu/train_gpt10b_tp_families.py:549: DeprecationWarning: Use torch_xla.sync instead
  xm.mark_step()   # slice sync graph: F6/F7 done
/home/ubuntu/train_gpt10b_tp_families.py:549: DeprecationWarning: Use torch_xla.sync instead
  xm.mark_step()   # slice sync graph: F6/F7 done
/home/ubuntu/train_gpt10b_tp_families.py:549: DeprecationWarning: Use torch_xla.sync instead
  xm.mark_step()   # slice sync graph: F6/F7 done
/home/ubuntu/train_gpt10b_tp_families.py:549: DeprecationWarning: Use torch_xla.sync instead
  xm.mark_step()   # slice sync graph: F6/F7 done
/home/ubuntu/train_gpt10b_tp_families.py:549: DeprecationWarning: Use torch_xla.sync instead
  xm.mark_step()   # slice sync graph: F6/F7 done
/home/ubuntu/train_gpt10b_tp_families.py:549: DeprecationWarning: Use torch_xla.sync instead
  xm.mark_step()   # slice sync graph: F6/F7 done
/home/ubuntu/train_gpt10b_tp_families.py:549: DeprecationWarning: Use torch_xla.sync instead
  xm.mark_step()   # slice sync graph: F6/F7 done
/home/ubuntu/train_gpt10b_tp_families.py:549: DeprecationWarning: Use torch_xla.sync instead
  xm.mark_step()   # slice sync graph: F6/F7 done
/home/ubuntu/train_gpt10b_tp_families.py:549: DeprecationWarning: Use torch_xla.sync instead
  xm.mark_step()   # slice sync graph: F6/F7 done
/home/ubuntu/train_gpt10b_tp_families.py:549: DeprecationWarning: Use torch_xla.sync instead
  xm.mark_step()   # slice sync graph: F6/F7 done
/home/ubuntu/train_gpt10b_tp_families.py:549: DeprecationWarning: Use torch_xla.sync instead
  xm.mark_step()   # slice sync graph: F6/F7 done
/home/ubuntu/train_gpt10b_tp_families.py:549: DeprecationWarning: Use torch_xla.sync instead
  xm.mark_step()   # slice sync graph: F6/F7 done
/home/ubuntu/train_gpt10b_tp_families.py:549: DeprecationWarning: Use torch_xla.sync instead
  xm.mark_step()   # slice sync graph: F6/F7 done
/home/ubuntu/train_gpt10b_tp_families.py:549: DeprecationWarning: Use torch_xla.sync instead
  xm.mark_step()   # slice sync graph: F6/F7 done
/home/ubuntu/train_gpt10b_tp_families.py:549: DeprecationWarning: Use torch_xla.sync instead
  xm.mark_step()   # slice sync graph: F6/F7 done
/home/ubuntu/train_gpt10b_tp_families.py:549: DeprecationWarning: Use torch_xla.sync instead
  xm.mark_step()   # slice sync graph: F6/F7 done
/home/ubuntu/train_gpt10b_tp_families.py:549: DeprecationWarning: Use torch_xla.sync instead
  xm.mark_step()   # slice sync graph: F6/F7 done
/home/ubuntu/train_gpt10b_tp_families.py:549: DeprecationWarning: Use torch_xla.sync instead
  xm.mark_step()   # slice sync graph: F6/F7 done
/home/ubuntu/train_gpt10b_tp_families.py:549: DeprecationWarning: Use torch_xla.sync instead
  xm.mark_step()   # slice sync graph: F6/F7 done
/home/ubuntu/train_gpt10b_tp_families.py:549: DeprecationWarning: Use torch_xla.sync instead
  xm.mark_step()   # slice sync graph: F6/F7 done
2026-09-09 09:25:14.000588:  172228  [INFO]: Using a cached neff at /home/ubuntu/neuron_cache_e2e/neuronxcc-2.23.6484.0+3b612583/MODULE_17990348838804218852+e30acd3a/model.neff
2026-09-09 09:25:14.000599:  172248  [INFO]: Using a cached neff at /home/ubuntu/neuron_cache_e2e/neuronxcc-2.23.6484.0+3b612583/MODULE_17990348838804218852+e30acd3a/model.neff
2026-09-09 09:25:14.000601:  172233  [INFO]: Using a cached neff at /home/ubuntu/neuron_cache_e2e/neuronxcc-2.23.6484.0+3b612583/MODULE_17990348838804218852+e30acd3a/model.neff
2026-09-09 09:25:14.000615:  172237  [INFO]: Using a cached neff at /home/ubuntu/neuron_cache_e2e/neuronxcc-2.23.6484.0+3b612583/MODULE_17990348838804218852+e30acd3a/model.neff
2026-09-09 09:25:14.000618:  172242  [INFO]: Using a cached neff at /home/ubuntu/neuron_cache_e2e/neuronxcc-2.23.6484.0+3b612583/MODULE_17990348838804218852+e30acd3a/model.neff
2026-09-09 09:25:14.000632:  172240  [INFO]: Using a cached neff at /home/ubuntu/neuron_cache_e2e/neuronxcc-2.23.6484.0+3b612583/MODULE_17990348838804218852+e30acd3a/model.neff
2026-09-09 09:25:14.000665:  172238  [INFO]: Using a cached neff at /home/ubuntu/neuron_cache_e2e/neuronxcc-2.23.6484.0+3b612583/MODULE_17990348838804218852+e30acd3a/model.neff
2026-09-09 09:25:14.000672:  172244  [INFO]: Using a cached neff at /home/ubuntu/neuron_cache_e2e/neuronxcc-2.23.6484.0+3b612583/MODULE_17990348838804218852+e30acd3a/model.neff
2026-09-09 09:25:14.000673:  172249  [INFO]: Using a cached neff at /home/ubuntu/neuron_cache_e2e/neuronxcc-2.23.6484.0+3b612583/MODULE_17990348838804218852+e30acd3a/model.neff
2026-09-09 09:25:14.000674:  172222  [INFO]: Using a cached neff at /home/ubuntu/neuron_cache_e2e/neuronxcc-2.23.6484.0+3b612583/MODULE_17990348838804218852+e30acd3a/model.neff
2026-09-09 09:25:14.000675:  172241  [INFO]: Using a cached neff at /home/ubuntu/neuron_cache_e2e/neuronxcc-2.23.6484.0+3b612583/MODULE_17990348838804218852+e30acd3a/model.neff
2026-09-09 09:25:14.000676:  172232  [INFO]: Using a cached neff at /home/ubuntu/neuron_cache_e2e/neuronxcc-2.23.6484.0+3b612583/MODULE_17990348838804218852+e30acd3a/model.neff
2026-09-09 09:25:14.000680:  172226  [INFO]: Using a cached neff at /home/ubuntu/neuron_cache_e2e/neuronxcc-2.23.6484.0+3b612583/MODULE_17990348838804218852+e30acd3a/model.neff
2026-09-09 09:25:14.000682:  172220  [INFO]: Using a cached neff at /home/ubuntu/neuron_cache_e2e/neuronxcc-2.23.6484.0+3b612583/MODULE_17990348838804218852+e30acd3a/model.neff
2026-09-09 09:25:14.000688:  172235  [INFO]: Using a cached neff at /home/ubuntu/neuron_cache_e2e/neuronxcc-2.23.6484.0+3b612583/MODULE_17990348838804218852+e30acd3a/model.neff
2026-09-09 09:25:14.000700:  172223  [INFO]: Using a cached neff at /home/ubuntu/neuron_cache_e2e/neuronxcc-2.23.6484.0+3b612583/MODULE_17990348838804218852+e30acd3a/model.neff
2026-09-09 09:25:14.000717:  172229  [INFO]: Using a cached neff at /home/ubuntu/neuron_cache_e2e/neuronxcc-2.23.6484.0+3b612583/MODULE_17990348838804218852+e30acd3a/model.neff
2026-09-09 09:25:14.000727:  172246  [INFO]: Using a cached neff at /home/ubuntu/neuron_cache_e2e/neuronxcc-2.23.6484.0+3b612583/MODULE_17990348838804218852+e30acd3a/model.neff
2026-09-09 09:25:14.000741:  172221  [INFO]: Using a cached neff at /home/ubuntu/neuron_cache_e2e/neuronxcc-2.23.6484.0+3b612583/MODULE_17990348838804218852+e30acd3a/model.neff
2026-09-09 09:25:14.000742:  172236  [INFO]: Using a cached neff at /home/ubuntu/neuron_cache_e2e/neuronxcc-2.23.6484.0+3b612583/MODULE_17990348838804218852+e30acd3a/model.neff
2026-09-09 09:25:14.000757:  172234  [INFO]: Using a cached neff at /home/ubuntu/neuron_cache_e2e/neuronxcc-2.23.6484.0+3b612583/MODULE_17990348838804218852+e30acd3a/model.neff
2026-09-09 09:25:14.000767:  172251  [INFO]: Using a cached neff at /home/ubuntu/neuron_cache_e2e/neuronxcc-2.23.6484.0+3b612583/MODULE_17990348838804218852+e30acd3a/model.neff
2026-09-09 09:25:14.000769:  172250  [INFO]: Using a cached neff at /home/ubuntu/neuron_cache_e2e/neuronxcc-2.23.6484.0+3b612583/MODULE_17990348838804218852+e30acd3a/model.neff
2026-09-09 09:25:14.000773:  172230  [INFO]: Using a cached neff at /home/ubuntu/neuron_cache_e2e/neuronxcc-2.23.6484.0+3b612583/MODULE_17990348838804218852+e30acd3a/model.neff
2026-09-09 09:25:14.000791:  172239  [INFO]: Using a cached neff at /home/ubuntu/neuron_cache_e2e/neuronxcc-2.23.6484.0+3b612583/MODULE_17990348838804218852+e30acd3a/model.neff
2026-09-09 09:25:14.000812:  172247  [INFO]: Using a cached neff at /home/ubuntu/neuron_cache_e2e/neuronxcc-2.23.6484.0+3b612583/MODULE_17990348838804218852+e30acd3a/model.neff
2026-09-09 09:25:14.000815:  172225  [INFO]: Using a cached neff at /home/ubuntu/neuron_cache_e2e/neuronxcc-2.23.6484.0+3b612583/MODULE_17990348838804218852+e30acd3a/model.neff
2026-09-09 09:25:14.000826:  172224  [INFO]: Using a cached neff at /home/ubuntu/neuron_cache_e2e/neuronxcc-2.23.6484.0+3b612583/MODULE_17990348838804218852+e30acd3a/model.neff
2026-09-09 09:25:14.000839:  172227  [INFO]: Using a cached neff at /home/ubuntu/neuron_cache_e2e/neuronxcc-2.23.6484.0+3b612583/MODULE_17990348838804218852+e30acd3a/model.neff
2026-09-09 09:25:14.000853:  172243  [INFO]: Using a cached neff at /home/ubuntu/neuron_cache_e2e/neuronxcc-2.23.6484.0+3b612583/MODULE_17990348838804218852+e30acd3a/model.neff
2026-09-09 09:25:14.000854:  172245  [INFO]: Using a cached neff at /home/ubuntu/neuron_cache_e2e/neuronxcc-2.23.6484.0+3b612583/MODULE_17990348838804218852+e30acd3a/model.neff
2026-09-09 09:25:14.000893:  172231  [INFO]: Using a cached neff at /home/ubuntu/neuron_cache_e2e/neuronxcc-2.23.6484.0+3b612583/MODULE_17990348838804218852+e30acd3a/model.neff
/home/ubuntu/train_gpt10b_tp_families.py:568: DeprecationWarning: Use torch_xla.sync instead
  xm.mark_step()
/home/ubuntu/train_gpt10b_tp_families.py:568: DeprecationWarning: Use torch_xla.sync instead
  xm.mark_step()
/home/ubuntu/train_gpt10b_tp_families.py:568: DeprecationWarning: Use torch_xla.sync instead
  xm.mark_step()
/home/ubuntu/train_gpt10b_tp_families.py:568: DeprecationWarning: Use torch_xla.sync instead
  xm.mark_step()
/home/ubuntu/train_gpt10b_tp_families.py:568: DeprecationWarning: Use torch_xla.sync instead
  xm.mark_step()
/home/ubuntu/train_gpt10b_tp_families.py:568: DeprecationWarning: Use torch_xla.sync instead
  xm.mark_step()
/home/ubuntu/train_gpt10b_tp_families.py:568: DeprecationWarning: Use torch_xla.sync instead
  xm.mark_step()
/home/ubuntu/train_gpt10b_tp_families.py:568: DeprecationWarning: Use torch_xla.sync instead
  xm.mark_step()
/home/ubuntu/train_gpt10b_tp_families.py:568: DeprecationWarning: Use torch_xla.sync instead
  xm.mark_step()
/home/ubuntu/train_gpt10b_tp_families.py:568: DeprecationWarning: Use torch_xla.sync instead
  xm.mark_step()
/home/ubuntu/train_gpt10b_tp_families.py:568: DeprecationWarning: Use torch_xla.sync instead
  xm.mark_step()
/home/ubuntu/train_gpt10b_tp_families.py:568: DeprecationWarning: Use torch_xla.sync instead
  xm.mark_step()
/home/ubuntu/train_gpt10b_tp_families.py:568: DeprecationWarning: Use torch_xla.sync instead
  xm.mark_step()
/home/ubuntu/train_gpt10b_tp_families.py:568: DeprecationWarning: Use torch_xla.sync instead
  xm.mark_step()
/home/ubuntu/train_gpt10b_tp_families.py:568: DeprecationWarning: Use torch_xla.sync instead
  xm.mark_step()
/home/ubuntu/train_gpt10b_tp_families.py:568: DeprecationWarning: Use torch_xla.sync instead
  xm.mark_step()
/home/ubuntu/train_gpt10b_tp_families.py:568: DeprecationWarning: Use torch_xla.sync instead
  xm.mark_step()
/home/ubuntu/train_gpt10b_tp_families.py:568: DeprecationWarning: Use torch_xla.sync instead
  xm.mark_step()
/home/ubuntu/train_gpt10b_tp_families.py:568: DeprecationWarning: Use torch_xla.sync instead
  xm.mark_step()
/home/ubuntu/train_gpt10b_tp_families.py:568: DeprecationWarning: Use torch_xla.sync instead
  xm.mark_step()
/home/ubuntu/train_gpt10b_tp_families.py:568: DeprecationWarning: Use torch_xla.sync instead
  xm.mark_step()
/home/ubuntu/train_gpt10b_tp_families.py:568: DeprecationWarning: Use torch_xla.sync instead
  xm.mark_step()
/home/ubuntu/train_gpt10b_tp_families.py:568: DeprecationWarning: Use torch_xla.sync instead
  xm.mark_step()
/home/ubuntu/train_gpt10b_tp_families.py:568: DeprecationWarning: Use torch_xla.sync instead
  xm.mark_step()
/home/ubuntu/train_gpt10b_tp_families.py:568: DeprecationWarning: Use torch_xla.sync instead
  xm.mark_step()
/home/ubuntu/train_gpt10b_tp_families.py:568: DeprecationWarning: Use torch_xla.sync instead
  xm.mark_step()
/home/ubuntu/train_gpt10b_tp_families.py:568: DeprecationWarning: Use torch_xla.sync instead
  xm.mark_step()
/home/ubuntu/train_gpt10b_tp_families.py:568: DeprecationWarning: Use torch_xla.sync instead
  xm.mark_step()
/home/ubuntu/train_gpt10b_tp_families.py:568: DeprecationWarning: Use torch_xla.sync instead
  xm.mark_step()
/home/ubuntu/train_gpt10b_tp_families.py:568: DeprecationWarning: Use torch_xla.sync instead
  xm.mark_step()
/home/ubuntu/train_gpt10b_tp_families.py:568: DeprecationWarning: Use torch_xla.sync instead
  xm.mark_step()
/home/ubuntu/train_gpt10b_tp_families.py:568: DeprecationWarning: Use torch_xla.sync instead
  xm.mark_step()
2026-09-09 09:25:16.000236:  172222  [INFO]: Using a cached neff at /home/ubuntu/neuron_cache_e2e/neuronxcc-2.23.6484.0+3b612583/MODULE_5827082468977595728+e30acd3a/model.neff
2026-09-09 09:25:16.000272:  172246  [INFO]: Using a cached neff at /home/ubuntu/neuron_cache_e2e/neuronxcc-2.23.6484.0+3b612583/MODULE_5827082468977595728+e30acd3a/model.neff
2026-09-09 09:25:16.000275:  172238  [INFO]: Using a cached neff at /home/ubuntu/neuron_cache_e2e/neuronxcc-2.23.6484.0+3b612583/MODULE_5827082468977595728+e30acd3a/model.neff
2026-09-09 09:25:16.000276:  172220  [INFO]: Using a cached neff at /home/ubuntu/neuron_cache_e2e/neuronxcc-2.23.6484.0+3b612583/MODULE_5827082468977595728+e30acd3a/model.neff
2026-09-09 09:25:16.000281:  172223  [INFO]: Using a cached neff at /home/ubuntu/neuron_cache_e2e/neuronxcc-2.23.6484.0+3b612583/MODULE_5827082468977595728+e30acd3a/model.neff
2026-09-09 09:25:16.000282:  172228  [INFO]: Using a cached neff at /home/ubuntu/neuron_cache_e2e/neuronxcc-2.23.6484.0+3b612583/MODULE_5827082468977595728+e30acd3a/model.neff
2026-09-09 09:25:16.000282:  172230  [INFO]: Using a cached neff at /home/ubuntu/neuron_cache_e2e/neuronxcc-2.23.6484.0+3b612583/MODULE_5827082468977595728+e30acd3a/model.neff
2026-09-09 09:25:16.000284:  172235  [INFO]: Using a cached neff at /home/ubuntu/neuron_cache_e2e/neuronxcc-2.23.6484.0+3b612583/MODULE_5827082468977595728+e30acd3a/model.neff
2026-09-09 09:25:16.000293:  172226  [INFO]: Using a cached neff at /home/ubuntu/neuron_cache_e2e/neuronxcc-2.23.6484.0+3b612583/MODULE_5827082468977595728+e30acd3a/model.neff
2026-09-09 09:25:16.000296:  172248  [INFO]: Using a cached neff at /home/ubuntu/neuron_cache_e2e/neuronxcc-2.23.6484.0+3b612583/MODULE_5827082468977595728+e30acd3a/model.neff
2026-09-09 09:25:16.000296:  172247  [INFO]: Using a cached neff at /home/ubuntu/neuron_cache_e2e/neuronxcc-2.23.6484.0+3b612583/MODULE_5827082468977595728+e30acd3a/model.neff
2026-09-09 09:25:16.000298:  172221  [INFO]: Using a cached neff at /home/ubuntu/neuron_cache_e2e/neuronxcc-2.23.6484.0+3b612583/MODULE_5827082468977595728+e30acd3a/model.neff
2026-09-09 09:25:16.000307:  172237  [INFO]: Using a cached neff at /home/ubuntu/neuron_cache_e2e/neuronxcc-2.23.6484.0+3b612583/MODULE_5827082468977595728+e30acd3a/model.neff
/home/ubuntu/train_gpt10b_tp_families.py:627: DeprecationWarning: Use torch_xla.sync instead
  xm.mark_step()
2026-09-09 09:25:16.000309:  172234  [INFO]: Using a cached neff at /home/ubuntu/neuron_cache_e2e/neuronxcc-2.23.6484.0+3b612583/MODULE_5827082468977595728+e30acd3a/model.neff
2026-09-09 09:25:16.000310:  172231  [INFO]: Using a cached neff at /home/ubuntu/neuron_cache_e2e/neuronxcc-2.23.6484.0+3b612583/MODULE_5827082468977595728+e30acd3a/model.neff
2026-09-09 09:25:16.000311:  172241  [INFO]: Using a cached neff at /home/ubuntu/neuron_cache_e2e/neuronxcc-2.23.6484.0+3b612583/MODULE_5827082468977595728+e30acd3a/model.neff
2026-09-09 09:25:16.000312:  172250  [INFO]: Using a cached neff at /home/ubuntu/neuron_cache_e2e/neuronxcc-2.23.6484.0+3b612583/MODULE_5827082468977595728+e30acd3a/model.neff
2026-09-09 09:25:16.000313:  172245  [INFO]: Using a cached neff at /home/ubuntu/neuron_cache_e2e/neuronxcc-2.23.6484.0+3b612583/MODULE_5827082468977595728+e30acd3a/model.neff
2026-09-09 09:25:16.000317:  172236  [INFO]: Using a cached neff at /home/ubuntu/neuron_cache_e2e/neuronxcc-2.23.6484.0+3b612583/MODULE_5827082468977595728+e30acd3a/model.neff
2026-09-09 09:25:16.000330:  172225  [INFO]: Using a cached neff at /home/ubuntu/neuron_cache_e2e/neuronxcc-2.23.6484.0+3b612583/MODULE_5827082468977595728+e30acd3a/model.neff
2026-09-09 09:25:16.000332:  172232  [INFO]: Using a cached neff at /home/ubuntu/neuron_cache_e2e/neuronxcc-2.23.6484.0+3b612583/MODULE_5827082468977595728+e30acd3a/model.neff
2026-09-09 09:25:16.000336:  172242  [INFO]: Using a cached neff at /home/ubuntu/neuron_cache_e2e/neuronxcc-2.23.6484.0+3b612583/MODULE_5827082468977595728+e30acd3a/model.neff
2026-09-09 09:25:16.000337:  172244  [INFO]: Using a cached neff at /home/ubuntu/neuron_cache_e2e/neuronxcc-2.23.6484.0+3b612583/MODULE_5827082468977595728+e30acd3a/model.neff
/home/ubuntu/train_gpt10b_tp_families.py:627: DeprecationWarning: Use torch_xla.sync instead
  xm.mark_step()
2026-09-09 09:25:16.000340:  172224  [INFO]: Using a cached neff at /home/ubuntu/neuron_cache_e2e/neuronxcc-2.23.6484.0+3b612583/MODULE_5827082468977595728+e30acd3a/model.neff
2026-09-09 09:25:16.000341:  172229  [INFO]: Using a cached neff at /home/ubuntu/neuron_cache_e2e/neuronxcc-2.23.6484.0+3b612583/MODULE_5827082468977595728+e30acd3a/model.neff
/home/ubuntu/train_gpt10b_tp_families.py:627: DeprecationWarning: Use torch_xla.sync instead
  xm.mark_step()
2026-09-09 09:25:16.000342:  172227  [INFO]: Using a cached neff at /home/ubuntu/neuron_cache_e2e/neuronxcc-2.23.6484.0+3b612583/MODULE_5827082468977595728+e30acd3a/model.neff
2026-09-09 09:25:16.000343:  172251  [INFO]: Using a cached neff at /home/ubuntu/neuron_cache_e2e/neuronxcc-2.23.6484.0+3b612583/MODULE_5827082468977595728+e30acd3a/model.neff
2026-09-09 09:25:16.000344:  172249  [INFO]: Using a cached neff at /home/ubuntu/neuron_cache_e2e/neuronxcc-2.23.6484.0+3b612583/MODULE_5827082468977595728+e30acd3a/model.neff
2026-09-09 09:25:16.000346:  172243  [INFO]: Using a cached neff at /home/ubuntu/neuron_cache_e2e/neuronxcc-2.23.6484.0+3b612583/MODULE_5827082468977595728+e30acd3a/model.neff
/home/ubuntu/train_gpt10b_tp_families.py:627: DeprecationWarning: Use torch_xla.sync instead
  xm.mark_step()
2026-09-09 09:25:16.000348:  172233  [INFO]: Using a cached neff at /home/ubuntu/neuron_cache_e2e/neuronxcc-2.23.6484.0+3b612583/MODULE_5827082468977595728+e30acd3a/model.neff
/home/ubuntu/train_gpt10b_tp_families.py:627: DeprecationWarning: Use torch_xla.sync instead
  xm.mark_step()
/home/ubuntu/train_gpt10b_tp_families.py:627: DeprecationWarning: Use torch_xla.sync instead
  xm.mark_step()
/home/ubuntu/train_gpt10b_tp_families.py:627: DeprecationWarning: Use torch_xla.sync instead
  xm.mark_step()
/home/ubuntu/train_gpt10b_tp_families.py:627: DeprecationWarning: Use torch_xla.sync instead
  xm.mark_step()
2026-09-09 09:25:16.000353:  172239  [INFO]: Using a cached neff at /home/ubuntu/neuron_cache_e2e/neuronxcc-2.23.6484.0+3b612583/MODULE_5827082468977595728+e30acd3a/model.neff
/home/ubuntu/train_gpt10b_tp_families.py:627: DeprecationWarning: Use torch_xla.sync instead
  xm.mark_step()
2026-09-09 09:25:16.000357:  172240  [INFO]: Using a cached neff at /home/ubuntu/neuron_cache_e2e/neuronxcc-2.23.6484.0+3b612583/MODULE_5827082468977595728+e30acd3a/model.neff
/home/ubuntu/train_gpt10b_tp_families.py:627: DeprecationWarning: Use torch_xla.sync instead
  xm.mark_step()
/home/ubuntu/train_gpt10b_tp_families.py:627: DeprecationWarning: Use torch_xla.sync instead
  xm.mark_step()
/home/ubuntu/train_gpt10b_tp_families.py:627: DeprecationWarning: Use torch_xla.sync instead
  xm.mark_step()
/home/ubuntu/train_gpt10b_tp_families.py:627: DeprecationWarning: Use torch_xla.sync instead
  xm.mark_step()
/home/ubuntu/train_gpt10b_tp_families.py:627: DeprecationWarning: Use torch_xla.sync instead
  xm.mark_step()
/home/ubuntu/train_gpt10b_tp_families.py:627: DeprecationWarning: Use torch_xla.sync instead
  xm.mark_step()
/home/ubuntu/train_gpt10b_tp_families.py:627: DeprecationWarning: Use torch_xla.sync instead
  xm.mark_step()
/home/ubuntu/train_gpt10b_tp_families.py:627: DeprecationWarning: Use torch_xla.sync instead
  xm.mark_step()
/home/ubuntu/train_gpt10b_tp_families.py:627: DeprecationWarning: Use torch_xla.sync instead
  xm.mark_step()
/home/ubuntu/train_gpt10b_tp_families.py:627: DeprecationWarning: Use torch_xla.sync instead
  xm.mark_step()
/home/ubuntu/train_gpt10b_tp_families.py:627: DeprecationWarning: Use torch_xla.sync instead
  xm.mark_step()
/home/ubuntu/train_gpt10b_tp_families.py:627: DeprecationWarning: Use torch_xla.sync instead
  xm.mark_step()
/home/ubuntu/train_gpt10b_tp_families.py:627: DeprecationWarning: Use torch_xla.sync instead
  xm.mark_step()
/home/ubuntu/train_gpt10b_tp_families.py:627: DeprecationWarning: Use torch_xla.sync instead
  xm.mark_step()
/home/ubuntu/train_gpt10b_tp_families.py:627: DeprecationWarning: Use torch_xla.sync instead
  xm.mark_step()
/home/ubuntu/train_gpt10b_tp_families.py:627: DeprecationWarning: Use torch_xla.sync instead
  xm.mark_step()
/home/ubuntu/train_gpt10b_tp_families.py:627: DeprecationWarning: Use torch_xla.sync instead
  xm.mark_step()
/home/ubuntu/train_gpt10b_tp_families.py:627: DeprecationWarning: Use torch_xla.sync instead
  xm.mark_step()
/home/ubuntu/train_gpt10b_tp_families.py:627: DeprecationWarning: Use torch_xla.sync instead
  xm.mark_step()
/home/ubuntu/train_gpt10b_tp_families.py:627: DeprecationWarning: Use torch_xla.sync instead
  xm.mark_step()
/home/ubuntu/train_gpt10b_tp_families.py:627: DeprecationWarning: Use torch_xla.sync instead
  xm.mark_step()
/home/ubuntu/train_gpt10b_tp_families.py:627: DeprecationWarning: Use torch_xla.sync instead
  xm.mark_step()
/home/ubuntu/train_gpt10b_tp_families.py:627: DeprecationWarning: Use torch_xla.sync instead
  xm.mark_step()
2026-09-09 09:25:16.000943:  172238  [INFO]: Using a cached neff at /home/ubuntu/neuron_cache_e2e/neuronxcc-2.23.6484.0+3b612583/MODULE_5297984159468587655+e30acd3a/model.neff
2026-09-09 09:25:16.000963:  172248  [INFO]: Using a cached neff at /home/ubuntu/neuron_cache_e2e/neuronxcc-2.23.6484.0+3b612583/MODULE_5297984159468587655+e30acd3a/model.neff
2026-09-09 09:25:16.000964:  172250  [INFO]: Using a cached neff at /home/ubuntu/neuron_cache_e2e/neuronxcc-2.23.6484.0+3b612583/MODULE_5297984159468587655+e30acd3a/model.neff
2026-09-09 09:25:16.000969:  172237  [INFO]: Using a cached neff at /home/ubuntu/neuron_cache_e2e/neuronxcc-2.23.6484.0+3b612583/MODULE_5297984159468587655+e30acd3a/model.neff
2026-09-09 09:25:16.000971:  172232  [INFO]: Using a cached neff at /home/ubuntu/neuron_cache_e2e/neuronxcc-2.23.6484.0+3b612583/MODULE_5297984159468587655+e30acd3a/model.neff
2026-09-09 09:25:16.000972:  172226  [INFO]: Using a cached neff at /home/ubuntu/neuron_cache_e2e/neuronxcc-2.23.6484.0+3b612583/MODULE_5297984159468587655+e30acd3a/model.neff
2026-09-09 09:25:16.000974:  172228  [INFO]: Using a cached neff at /home/ubuntu/neuron_cache_e2e/neuronxcc-2.23.6484.0+3b612583/MODULE_5297984159468587655+e30acd3a/model.neff
2026-09-09 09:25:16.000979:  172236  [INFO]: Using a cached neff at /home/ubuntu/neuron_cache_e2e/neuronxcc-2.23.6484.0+3b612583/MODULE_5297984159468587655+e30acd3a/model.neff
2026-09-09 09:25:16.000986:  172230  [INFO]: Using a cached neff at /home/ubuntu/neuron_cache_e2e/neuronxcc-2.23.6484.0+3b612583/MODULE_5297984159468587655+e30acd3a/model.neff
2026-09-09 09:25:17.000001:  172220  [INFO]: Using a cached neff at /home/ubuntu/neuron_cache_e2e/neuronxcc-2.23.6484.0+3b612583/MODULE_5297984159468587655+e30acd3a/model.neff
2026-09-09 09:25:17.000005:  172225  [INFO]: Using a cached neff at /home/ubuntu/neuron_cache_e2e/neuronxcc-2.23.6484.0+3b612583/MODULE_5297984159468587655+e30acd3a/model.neff
2026-09-09 09:25:17.000011:  172234  [INFO]: Using a cached neff at /home/ubuntu/neuron_cache_e2e/neuronxcc-2.23.6484.0+3b612583/MODULE_5297984159468587655+e30acd3a/model.neff
2026-09-09 09:25:17.000019:  172223  [INFO]: Using a cached neff at /home/ubuntu/neuron_cache_e2e/neuronxcc-2.23.6484.0+3b612583/MODULE_5297984159468587655+e30acd3a/model.neff
2026-09-09 09:25:17.000024:  172229  [INFO]: Using a cached neff at /home/ubuntu/neuron_cache_e2e/neuronxcc-2.23.6484.0+3b612583/MODULE_5297984159468587655+e30acd3a/model.neff
2026-09-09 09:25:17.000030:  172243  [INFO]: Using a cached neff at /home/ubuntu/neuron_cache_e2e/neuronxcc-2.23.6484.0+3b612583/MODULE_5297984159468587655+e30acd3a/model.neff
2026-09-09 09:25:17.000032:  172233  [INFO]: Using a cached neff at /home/ubuntu/neuron_cache_e2e/neuronxcc-2.23.6484.0+3b612583/MODULE_5297984159468587655+e30acd3a/model.neff
2026-09-09 09:25:17.000034:  172251  [INFO]: Using a cached neff at /home/ubuntu/neuron_cache_e2e/neuronxcc-2.23.6484.0+3b612583/MODULE_5297984159468587655+e30acd3a/model.neff
2026-09-09 09:25:17.000037:  172235  [INFO]: Using a cached neff at /home/ubuntu/neuron_cache_e2e/neuronxcc-2.23.6484.0+3b612583/MODULE_5297984159468587655+e30acd3a/model.neff
2026-09-09 09:25:17.000038:  172224  [INFO]: Using a cached neff at /home/ubuntu/neuron_cache_e2e/neuronxcc-2.23.6484.0+3b612583/MODULE_5297984159468587655+e30acd3a/model.neff
2026-09-09 09:25:17.000048:  172246  [INFO]: Using a cached neff at /home/ubuntu/neuron_cache_e2e/neuronxcc-2.23.6484.0+3b612583/MODULE_5297984159468587655+e30acd3a/model.neff
2026-09-09 09:25:17.000056:  172249  [INFO]: Using a cached neff at /home/ubuntu/neuron_cache_e2e/neuronxcc-2.23.6484.0+3b612583/MODULE_5297984159468587655+e30acd3a/model.neff
2026-09-09 09:25:17.000058:  172231  [INFO]: Using a cached neff at /home/ubuntu/neuron_cache_e2e/neuronxcc-2.23.6484.0+3b612583/MODULE_5297984159468587655+e30acd3a/model.neff
2026-09-09 09:25:17.000062:  172222  [INFO]: Using a cached neff at /home/ubuntu/neuron_cache_e2e/neuronxcc-2.23.6484.0+3b612583/MODULE_5297984159468587655+e30acd3a/model.neff
2026-09-09 09:25:17.000068:  172240  [INFO]: Using a cached neff at /home/ubuntu/neuron_cache_e2e/neuronxcc-2.23.6484.0+3b612583/MODULE_5297984159468587655+e30acd3a/model.neff
2026-09-09 09:25:17.000076:  172239  [INFO]: Using a cached neff at /home/ubuntu/neuron_cache_e2e/neuronxcc-2.23.6484.0+3b612583/MODULE_5297984159468587655+e30acd3a/model.neff
2026-09-09 09:25:17.000084:  172247  [INFO]: Using a cached neff at /home/ubuntu/neuron_cache_e2e/neuronxcc-2.23.6484.0+3b612583/MODULE_5297984159468587655+e30acd3a/model.neff
2026-09-09 09:25:17.000088:  172238  [INFO]: Using a cached neff at /home/ubuntu/neuron_cache_e2e/neuronxcc-2.23.6484.0+3b612583/MODULE_1982581477933138385+e30acd3a/model.neff
2026-09-09 09:25:17.000092:  172227  [INFO]: Using a cached neff at /home/ubuntu/neuron_cache_e2e/neuronxcc-2.23.6484.0+3b612583/MODULE_5297984159468587655+e30acd3a/model.neff
2026-09-09 09:25:17.000097:  172250  [INFO]: Using a cached neff at /home/ubuntu/neuron_cache_e2e/neuronxcc-2.23.6484.0+3b612583/MODULE_1982581477933138385+e30acd3a/model.neff
2026-09-09 09:25:17.000104:  172237  [INFO]: Using a cached neff at /home/ubuntu/neuron_cache_e2e/neuronxcc-2.23.6484.0+3b612583/MODULE_1982581477933138385+e30acd3a/model.neff
2026-09-09 09:25:17.000111:  172242  [INFO]: Using a cached neff at /home/ubuntu/neuron_cache_e2e/neuronxcc-2.23.6484.0+3b612583/MODULE_5297984159468587655+e30acd3a/model.neff
2026-09-09 09:25:17.000115:  172226  [INFO]: Using a cached neff at /home/ubuntu/neuron_cache_e2e/neuronxcc-2.23.6484.0+3b612583/MODULE_1982581477933138385+e30acd3a/model.neff
2026-09-09 09:25:17.000117:  172241  [INFO]: Using a cached neff at /home/ubuntu/neuron_cache_e2e/neuronxcc-2.23.6484.0+3b612583/MODULE_5297984159468587655+e30acd3a/model.neff
2026-09-09 09:25:17.000121:  172248  [INFO]: Using a cached neff at /home/ubuntu/neuron_cache_e2e/neuronxcc-2.23.6484.0+3b612583/MODULE_1982581477933138385+e30acd3a/model.neff
2026-09-09 09:25:17.000128:  172228  [INFO]: Using a cached neff at /home/ubuntu/neuron_cache_e2e/neuronxcc-2.23.6484.0+3b612583/MODULE_1982581477933138385+e30acd3a/model.neff
/home/ubuntu/train_gpt10b_tp_families.py:638: DeprecationWarning: Use torch_xla.sync instead
  xm.mark_step()
2026-09-09 09:25:17.000137:  172230  [INFO]: Using a cached neff at /home/ubuntu/neuron_cache_e2e/neuronxcc-2.23.6484.0+3b612583/MODULE_1982581477933138385+e30acd3a/model.neff
2026-09-09 09:25:17.000140:  172244  [INFO]: Using a cached neff at /home/ubuntu/neuron_cache_e2e/neuronxcc-2.23.6484.0+3b612583/MODULE_5297984159468587655+e30acd3a/model.neff
2026-09-09 09:25:17.000141:  172220  [INFO]: Using a cached neff at /home/ubuntu/neuron_cache_e2e/neuronxcc-2.23.6484.0+3b612583/MODULE_1982581477933138385+e30acd3a/model.neff
/home/ubuntu/train_gpt10b_tp_families.py:638: DeprecationWarning: Use torch_xla.sync instead
  xm.mark_step()
2026-09-09 09:25:17.000144:  172232  [INFO]: Using a cached neff at /home/ubuntu/neuron_cache_e2e/neuronxcc-2.23.6484.0+3b612583/MODULE_1982581477933138385+e30acd3a/model.neff
/home/ubuntu/train_gpt10b_tp_families.py:638: DeprecationWarning: Use torch_xla.sync instead
  xm.mark_step()
2026-09-09 09:25:17.000155:  172234  [INFO]: Using a cached neff at /home/ubuntu/neuron_cache_e2e/neuronxcc-2.23.6484.0+3b612583/MODULE_1982581477933138385+e30acd3a/model.neff
2026-09-09 09:25:17.000157:  172251  [INFO]: Using a cached neff at /home/ubuntu/neuron_cache_e2e/neuronxcc-2.23.6484.0+3b612583/MODULE_1982581477933138385+e30acd3a/model.neff
2026-09-09 09:25:17.000157:  172225  [INFO]: Using a cached neff at /home/ubuntu/neuron_cache_e2e/neuronxcc-2.23.6484.0+3b612583/MODULE_1982581477933138385+e30acd3a/model.neff
/home/ubuntu/train_gpt10b_tp_families.py:638: DeprecationWarning: Use torch_xla.sync instead
  xm.mark_step()
2026-09-09 09:25:17.000159:  172236  [INFO]: Using a cached neff at /home/ubuntu/neuron_cache_e2e/neuronxcc-2.23.6484.0+3b612583/MODULE_1982581477933138385+e30acd3a/model.neff
2026-09-09 09:25:17.000163:  172223  [INFO]: Using a cached neff at /home/ubuntu/neuron_cache_e2e/neuronxcc-2.23.6484.0+3b612583/MODULE_1982581477933138385+e30acd3a/model.neff
2026-09-09 09:25:17.000165:  172229  [INFO]: Using a cached neff at /home/ubuntu/neuron_cache_e2e/neuronxcc-2.23.6484.0+3b612583/MODULE_1982581477933138385+e30acd3a/model.neff
/home/ubuntu/train_gpt10b_tp_families.py:638: DeprecationWarning: Use torch_xla.sync instead
  xm.mark_step()
/home/ubuntu/train_gpt10b_tp_families.py:638: DeprecationWarning: Use torch_xla.sync instead
  xm.mark_step()
2026-09-09 09:25:17.000175:  172235  [INFO]: Using a cached neff at /home/ubuntu/neuron_cache_e2e/neuronxcc-2.23.6484.0+3b612583/MODULE_1982581477933138385+e30acd3a/model.neff
2026-09-09 09:25:17.000177:  172243  [INFO]: Using a cached neff at /home/ubuntu/neuron_cache_e2e/neuronxcc-2.23.6484.0+3b612583/MODULE_1982581477933138385+e30acd3a/model.neff
2026-09-09 09:25:17.000179:  172238  [INFO]: Using a cached neff at /home/ubuntu/neuron_cache_e2e/neuronxcc-2.23.6484.0+3b612583/MODULE_9111549282147898643+e30acd3a/model.neff
2026-09-09 09:25:17.000179:  172224  [INFO]: Using a cached neff at /home/ubuntu/neuron_cache_e2e/neuronxcc-2.23.6484.0+3b612583/MODULE_1982581477933138385+e30acd3a/model.neff
2026-09-09 09:25:17.000181:  172245  [INFO]: Using a cached neff at /home/ubuntu/neuron_cache_e2e/neuronxcc-2.23.6484.0+3b612583/MODULE_5297984159468587655+e30acd3a/model.neff
/home/ubuntu/train_gpt10b_tp_families.py:638: DeprecationWarning: Use torch_xla.sync instead
  xm.mark_step()
/home/ubuntu/train_gpt10b_tp_families.py:638: DeprecationWarning: Use torch_xla.sync instead
  xm.mark_step()
/home/ubuntu/train_gpt10b_tp_families.py:638: DeprecationWarning: Use torch_xla.sync instead
  xm.mark_step()
2026-09-09 09:25:17.000190:  172246  [INFO]: Using a cached neff at /home/ubuntu/neuron_cache_e2e/neuronxcc-2.23.6484.0+3b612583/MODULE_1982581477933138385+e30acd3a/model.neff
2026-09-09 09:25:17.000191:  172233  [INFO]: Using a cached neff at /home/ubuntu/neuron_cache_e2e/neuronxcc-2.23.6484.0+3b612583/MODULE_1982581477933138385+e30acd3a/model.neff
/home/ubuntu/train_gpt10b_tp_families.py:638: DeprecationWarning: Use torch_xla.sync instead
  xm.mark_step()
2026-09-09 09:25:17.000194:  172249  [INFO]: Using a cached neff at /home/ubuntu/neuron_cache_e2e/neuronxcc-2.23.6484.0+3b612583/MODULE_1982581477933138385+e30acd3a/model.neff
2026-09-09 09:25:17.000194:  172250  [INFO]: Using a cached neff at /home/ubuntu/neuron_cache_e2e/neuronxcc-2.23.6484.0+3b612583/MODULE_9111549282147898643+e30acd3a/model.neff
/home/ubuntu/train_gpt10b_tp_families.py:655: DeprecationWarning: Use torch_xla.sync instead
  xm.mark_step()
/home/ubuntu/train_gpt10b_tp_families.py:638: DeprecationWarning: Use torch_xla.sync instead
  xm.mark_step()
/home/ubuntu/train_gpt10b_tp_families.py:638: DeprecationWarning: Use torch_xla.sync instead
  xm.mark_step()
/home/ubuntu/train_gpt10b_tp_families.py:638: DeprecationWarning: Use torch_xla.sync instead
  xm.mark_step()
2026-09-09 09:25:17.000202:  172231  [INFO]: Using a cached neff at /home/ubuntu/neuron_cache_e2e/neuronxcc-2.23.6484.0+3b612583/MODULE_1982581477933138385+e30acd3a/model.neff
2026-09-09 09:25:17.000203:  172237  [INFO]: Using a cached neff at /home/ubuntu/neuron_cache_e2e/neuronxcc-2.23.6484.0+3b612583/MODULE_9111549282147898643+e30acd3a/model.neff
2026-09-09 09:25:17.000203:  172222  [INFO]: Using a cached neff at /home/ubuntu/neuron_cache_e2e/neuronxcc-2.23.6484.0+3b612583/MODULE_1982581477933138385+e30acd3a/model.neff
/home/ubuntu/train_gpt10b_tp_families.py:638: DeprecationWarning: Use torch_xla.sync instead
  xm.mark_step()
2026-09-09 09:25:17.000207:  172240  [INFO]: Using a cached neff at /home/ubuntu/neuron_cache_e2e/neuronxcc-2.23.6484.0+3b612583/MODULE_1982581477933138385+e30acd3a/model.neff
/home/ubuntu/train_gpt10b_tp_families.py:638: DeprecationWarning: Use torch_xla.sync instead
  xm.mark_step()
2026-09-09 09:25:17.000209:  172226  [INFO]: Using a cached neff at /home/ubuntu/neuron_cache_e2e/neuronxcc-2.23.6484.0+3b612583/MODULE_9111549282147898643+e30acd3a/model.neff
/home/ubuntu/train_gpt10b_tp_families.py:655: DeprecationWarning: Use torch_xla.sync instead
  xm.mark_step()
2026-09-09 09:25:17.000212:  172248  [INFO]: Using a cached neff at /home/ubuntu/neuron_cache_e2e/neuronxcc-2.23.6484.0+3b612583/MODULE_9111549282147898643+e30acd3a/model.neff
/home/ubuntu/train_gpt10b_tp_families.py:638: DeprecationWarning: Use torch_xla.sync instead
  xm.mark_step()
/home/ubuntu/train_gpt10b_tp_families.py:655: DeprecationWarning: Use torch_xla.sync instead
  xm.mark_step()
/home/ubuntu/train_gpt10b_tp_families.py:638: DeprecationWarning: Use torch_xla.sync instead
  xm.mark_step()
/home/ubuntu/train_gpt10b_tp_families.py:655: DeprecationWarning: Use torch_xla.sync instead
  xm.mark_step()
/home/ubuntu/train_gpt10b_tp_families.py:638: DeprecationWarning: Use torch_xla.sync instead
  xm.mark_step()
2026-09-09 09:25:17.000225:  172239  [INFO]: Using a cached neff at /home/ubuntu/neuron_cache_e2e/neuronxcc-2.23.6484.0+3b612583/MODULE_1982581477933138385+e30acd3a/model.neff
/home/ubuntu/train_gpt10b_tp_families.py:655: DeprecationWarning: Use torch_xla.sync instead
  xm.mark_step()
/home/ubuntu/train_gpt10b_tp_families.py:638: DeprecationWarning: Use torch_xla.sync instead
  xm.mark_step()
/home/ubuntu/train_gpt10b_tp_families.py:638: DeprecationWarning: Use torch_xla.sync instead
  xm.mark_step()
/home/ubuntu/train_gpt10b_tp_families.py:638: DeprecationWarning: Use torch_xla.sync instead
  xm.mark_step()
2026-09-09 09:25:17.000240:  172247  [INFO]: Using a cached neff at /home/ubuntu/neuron_cache_e2e/neuronxcc-2.23.6484.0+3b612583/MODULE_1982581477933138385+e30acd3a/model.neff
2026-09-09 09:25:17.000241:  172228  [INFO]: Using a cached neff at /home/ubuntu/neuron_cache_e2e/neuronxcc-2.23.6484.0+3b612583/MODULE_9111549282147898643+e30acd3a/model.neff
/home/ubuntu/train_gpt10b_tp_families.py:638: DeprecationWarning: Use torch_xla.sync instead
  xm.mark_step()
/home/ubuntu/train_gpt10b_tp_families.py:638: DeprecationWarning: Use torch_xla.sync instead
  xm.mark_step()
/home/ubuntu/train_gpt10b_tp_families.py:638: DeprecationWarning: Use torch_xla.sync instead
  xm.mark_step()
2026-09-09 09:25:17.000255:  172230  [INFO]: Using a cached neff at /home/ubuntu/neuron_cache_e2e/neuronxcc-2.23.6484.0+3b612583/MODULE_9111549282147898643+e30acd3a/model.neff
2026-09-09 09:25:17.000277:  172220  [INFO]: Using a cached neff at /home/ubuntu/neuron_cache_e2e/neuronxcc-2.23.6484.0+3b612583/MODULE_9111549282147898643+e30acd3a/model.neff
/home/ubuntu/train_gpt10b_tp_families.py:655: DeprecationWarning: Use torch_xla.sync instead
  xm.mark_step()
2026-09-09 09:25:17.000282:  172232  [INFO]: Using a cached neff at /home/ubuntu/neuron_cache_e2e/neuronxcc-2.23.6484.0+3b612583/MODULE_9111549282147898643+e30acd3a/model.neff
/home/ubuntu/train_gpt10b_tp_families.py:638: DeprecationWarning: Use torch_xla.sync instead
  xm.mark_step()
2026-09-09 09:25:17.000290:  172227  [INFO]: Using a cached neff at /home/ubuntu/neuron_cache_e2e/neuronxcc-2.23.6484.0+3b612583/MODULE_1982581477933138385+e30acd3a/model.neff
/home/ubuntu/train_gpt10b_tp_families.py:655: DeprecationWarning: Use torch_xla.sync instead
  xm.mark_step()
2026-09-09 09:25:17.000299:  172242  [INFO]: Using a cached neff at /home/ubuntu/neuron_cache_e2e/neuronxcc-2.23.6484.0+3b612583/MODULE_1982581477933138385+e30acd3a/model.neff
/home/ubuntu/train_gpt10b_tp_families.py:638: DeprecationWarning: Use torch_xla.sync instead
  xm.mark_step()
2026-09-09 09:25:17.000303:  172251  [INFO]: Using a cached neff at /home/ubuntu/neuron_cache_e2e/neuronxcc-2.23.6484.0+3b612583/MODULE_9111549282147898643+e30acd3a/model.neff
/home/ubuntu/train_gpt10b_tp_families.py:655: DeprecationWarning: Use torch_xla.sync instead
  xm.mark_step()
2026-09-09 09:25:17.000311:  172225  [INFO]: Using a cached neff at /home/ubuntu/neuron_cache_e2e/neuronxcc-2.23.6484.0+3b612583/MODULE_9111549282147898643+e30acd3a/model.neff
/home/ubuntu/train_gpt10b_tp_families.py:655: DeprecationWarning: Use torch_xla.sync instead
  xm.mark_step()
2026-09-09 09:25:17.000318:  172238  [INFO]: Using a cached neff at /home/ubuntu/neuron_cache_e2e/neuronxcc-2.23.6484.0+3b612583/MODULE_17699468275490213154+e30acd3a/model.neff
2026-09-09 09:25:17.000327:  172236  [INFO]: Using a cached neff at /home/ubuntu/neuron_cache_e2e/neuronxcc-2.23.6484.0+3b612583/MODULE_9111549282147898643+e30acd3a/model.neff
/home/ubuntu/train_gpt10b_tp_families.py:655: DeprecationWarning: Use torch_xla.sync instead
  xm.mark_step()
/home/ubuntu/train_gpt10b_tp_families.py:655: DeprecationWarning: Use torch_xla.sync instead
  xm.mark_step()
/home/ubuntu/train_gpt10b_tp_families.py:638: DeprecationWarning: Use torch_xla.sync instead
  xm.mark_step()
2026-09-09 09:25:17.000353:  172241  [INFO]: Using a cached neff at /home/ubuntu/neuron_cache_e2e/neuronxcc-2.23.6484.0+3b612583/MODULE_1982581477933138385+e30acd3a/model.neff
/home/ubuntu/train_gpt10b_tp_families.py:655: DeprecationWarning: Use torch_xla.sync instead
  xm.mark_step()
/home/ubuntu/train_gpt10b_tp_families.py:638: DeprecationWarning: Use torch_xla.sync instead
  xm.mark_step()
2026-09-09 09:25:17.000360:  172223  [INFO]: Using a cached neff at /home/ubuntu/neuron_cache_e2e/neuronxcc-2.23.6484.0+3b612583/MODULE_9111549282147898643+e30acd3a/model.neff
2026-09-09 09:25:17.000376:  172221  [INFO]: Using a cached neff at /home/ubuntu/neuron_cache_e2e/neuronxcc-2.23.6484.0+3b612583/MODULE_5297984159468587655+e30acd3a/model.neff
2026-09-09 09:25:17.000382:  172234  [INFO]: Using a cached neff at /home/ubuntu/neuron_cache_e2e/neuronxcc-2.23.6484.0+3b612583/MODULE_9111549282147898643+e30acd3a/model.neff
2026-09-09 09:25:17.000384:  172229  [INFO]: Using a cached neff at /home/ubuntu/neuron_cache_e2e/neuronxcc-2.23.6484.0+3b612583/MODULE_9111549282147898643+e30acd3a/model.neff
/home/ubuntu/train_gpt10b_tp_families.py:655: DeprecationWarning: Use torch_xla.sync instead
  xm.mark_step()
2026-09-09 09:25:17.000392:  172250  [INFO]: Using a cached neff at /home/ubuntu/neuron_cache_e2e/neuronxcc-2.23.6484.0+3b612583/MODULE_17699468275490213154+e30acd3a/model.neff
2026-09-09 09:25:17.000401:  172235  [INFO]: Using a cached neff at /home/ubuntu/neuron_cache_e2e/neuronxcc-2.23.6484.0+3b612583/MODULE_9111549282147898643+e30acd3a/model.neff
/home/ubuntu/train_gpt10b_tp_families.py:655: DeprecationWarning: Use torch_xla.sync instead
  xm.mark_step()
/home/ubuntu/train_gpt10b_tp_families.py:638: DeprecationWarning: Use torch_xla.sync instead
  xm.mark_step()
/home/ubuntu/train_gpt10b_tp_families.py:655: DeprecationWarning: Use torch_xla.sync instead
  xm.mark_step()
2026-09-09 09:25:17.000413:  172237  [INFO]: Using a cached neff at /home/ubuntu/neuron_cache_e2e/neuronxcc-2.23.6484.0+3b612583/MODULE_17699468275490213154+e30acd3a/model.neff
2026-09-09 09:25:17.000418:  172243  [INFO]: Using a cached neff at /home/ubuntu/neuron_cache_e2e/neuronxcc-2.23.6484.0+3b612583/MODULE_9111549282147898643+e30acd3a/model.neff
/home/ubuntu/train_gpt10b_tp_families.py:655: DeprecationWarning: Use torch_xla.sync instead
  xm.mark_step()
2026-09-09 09:25:17.000424:  172244  [INFO]: Using a cached neff at /home/ubuntu/neuron_cache_e2e/neuronxcc-2.23.6484.0+3b612583/MODULE_1982581477933138385+e30acd3a/model.neff
2026-09-09 09:25:17.000430:  172224  [INFO]: Using a cached neff at /home/ubuntu/neuron_cache_e2e/neuronxcc-2.23.6484.0+3b612583/MODULE_9111549282147898643+e30acd3a/model.neff
2026-09-09 09:25:17.000431:  172226  [INFO]: Using a cached neff at /home/ubuntu/neuron_cache_e2e/neuronxcc-2.23.6484.0+3b612583/MODULE_17699468275490213154+e30acd3a/model.neff
/home/ubuntu/train_gpt10b_tp_families.py:655: DeprecationWarning: Use torch_xla.sync instead
  xm.mark_step()
2026-09-09 09:25:17.000445:  172233  [INFO]: Using a cached neff at /home/ubuntu/neuron_cache_e2e/neuronxcc-2.23.6484.0+3b612583/MODULE_9111549282147898643+e30acd3a/model.neff
2026-09-09 09:25:17.000449:  172248  [INFO]: Using a cached neff at /home/ubuntu/neuron_cache_e2e/neuronxcc-2.23.6484.0+3b612583/MODULE_17699468275490213154+e30acd3a/model.neff
/home/ubuntu/train_gpt10b_tp_families.py:655: DeprecationWarning: Use torch_xla.sync instead
  xm.mark_step()
2026-09-09 09:25:17.000455:  172246  [INFO]: Using a cached neff at /home/ubuntu/neuron_cache_e2e/neuronxcc-2.23.6484.0+3b612583/MODULE_9111549282147898643+e30acd3a/model.neff
2026-09-09 09:25:17.000460:  172249  [INFO]: Using a cached neff at /home/ubuntu/neuron_cache_e2e/neuronxcc-2.23.6484.0+3b612583/MODULE_9111549282147898643+e30acd3a/model.neff
/home/ubuntu/train_gpt10b_tp_families.py:655: DeprecationWarning: Use torch_xla.sync instead
  xm.mark_step()
2026-09-09 09:25:17.000464:  172231  [INFO]: Using a cached neff at /home/ubuntu/neuron_cache_e2e/neuronxcc-2.23.6484.0+3b612583/MODULE_9111549282147898643+e30acd3a/model.neff
/home/ubuntu/train_gpt10b_tp_families.py:638: DeprecationWarning: Use torch_xla.sync instead
  xm.mark_step()
/home/ubuntu/train_gpt10b_tp_families.py:655: DeprecationWarning: Use torch_xla.sync instead
  xm.mark_step()
2026-09-09 09:25:17.000477:  172222  [INFO]: Using a cached neff at /home/ubuntu/neuron_cache_e2e/neuronxcc-2.23.6484.0+3b612583/MODULE_9111549282147898643+e30acd3a/model.neff
/home/ubuntu/train_gpt10b_tp_families.py:655: DeprecationWarning: Use torch_xla.sync instead
  xm.mark_step()
/home/ubuntu/train_gpt10b_tp_families.py:655: DeprecationWarning: Use torch_xla.sync instead
  xm.mark_step()
2026-09-09 09:25:17.000488:  172240  [INFO]: Using a cached neff at /home/ubuntu/neuron_cache_e2e/neuronxcc-2.23.6484.0+3b612583/MODULE_9111549282147898643+e30acd3a/model.neff
2026-09-09 09:25:17.000497:  172245  [INFO]: Using a cached neff at /home/ubuntu/neuron_cache_e2e/neuronxcc-2.23.6484.0+3b612583/MODULE_1982581477933138385+e30acd3a/model.neff
/home/ubuntu/train_gpt10b_tp_families.py:655: DeprecationWarning: Use torch_xla.sync instead
  xm.mark_step()
2026-09-09 09:25:17.000502:  172239  [INFO]: Using a cached neff at /home/ubuntu/neuron_cache_e2e/neuronxcc-2.23.6484.0+3b612583/MODULE_9111549282147898643+e30acd3a/model.neff
2026-09-09 09:25:17.000509:  172228  [INFO]: Using a cached neff at /home/ubuntu/neuron_cache_e2e/neuronxcc-2.23.6484.0+3b612583/MODULE_17699468275490213154+e30acd3a/model.neff
/home/ubuntu/train_gpt10b_tp_families.py:655: DeprecationWarning: Use torch_xla.sync instead
  xm.mark_step()
2026-09-09 09:25:17.000515:  172230  [INFO]: Using a cached neff at /home/ubuntu/neuron_cache_e2e/neuronxcc-2.23.6484.0+3b612583/MODULE_17699468275490213154+e30acd3a/model.neff
2026-09-09 09:25:17.000515:  172220  [INFO]: Using a cached neff at /home/ubuntu/neuron_cache_e2e/neuronxcc-2.23.6484.0+3b612583/MODULE_17699468275490213154+e30acd3a/model.neff
2026-09-09 09:25:17.000518:  172247  [INFO]: Using a cached neff at /home/ubuntu/neuron_cache_e2e/neuronxcc-2.23.6484.0+3b612583/MODULE_9111549282147898643+e30acd3a/model.neff
2026-09-09 09:25:17.000522:  172232  [INFO]: Using a cached neff at /home/ubuntu/neuron_cache_e2e/neuronxcc-2.23.6484.0+3b612583/MODULE_17699468275490213154+e30acd3a/model.neff
2026-09-09 09:25:17.000522:  172251  [INFO]: Using a cached neff at /home/ubuntu/neuron_cache_e2e/neuronxcc-2.23.6484.0+3b612583/MODULE_17699468275490213154+e30acd3a/model.neff
/home/ubuntu/train_gpt10b_tp_families.py:655: DeprecationWarning: Use torch_xla.sync instead
  xm.mark_step()
2026-09-09 09:25:17.000533:  172227  [INFO]: Using a cached neff at /home/ubuntu/neuron_cache_e2e/neuronxcc-2.23.6484.0+3b612583/MODULE_9111549282147898643+e30acd3a/model.neff
2026-09-09 09:25:17.000533:  172225  [INFO]: Using a cached neff at /home/ubuntu/neuron_cache_e2e/neuronxcc-2.23.6484.0+3b612583/MODULE_17699468275490213154+e30acd3a/model.neff
/home/ubuntu/train_gpt10b_tp_families.py:655: DeprecationWarning: Use torch_xla.sync instead
  xm.mark_step()
2026-09-09 09:25:17.000537:  172238  [INFO]: Using a cached neff at /home/ubuntu/neuron_cache_e2e/neuronxcc-2.23.6484.0+3b612583/MODULE_13318081029806370021+e30acd3a/model.neff
2026-09-09 09:25:17.000539:  172236  [INFO]: Using a cached neff at /home/ubuntu/neuron_cache_e2e/neuronxcc-2.23.6484.0+3b612583/MODULE_17699468275490213154+e30acd3a/model.neff
/home/ubuntu/train_gpt10b_tp_families.py:638: DeprecationWarning: Use torch_xla.sync instead
  xm.mark_step()
2026-09-09 09:25:17.000544:  172242  [INFO]: Using a cached neff at /home/ubuntu/neuron_cache_e2e/neuronxcc-2.23.6484.0+3b612583/MODULE_9111549282147898643+e30acd3a/model.neff
/home/ubuntu/train_gpt10b_tp_families.py:655: DeprecationWarning: Use torch_xla.sync instead
  xm.mark_step()
2026-09-09 09:25:17.000550:  172234  [INFO]: Using a cached neff at /home/ubuntu/neuron_cache_e2e/neuronxcc-2.23.6484.0+3b612583/MODULE_17699468275490213154+e30acd3a/model.neff
2026-09-09 09:25:17.000550:  172223  [INFO]: Using a cached neff at /home/ubuntu/neuron_cache_e2e/neuronxcc-2.23.6484.0+3b612583/MODULE_17699468275490213154+e30acd3a/model.neff
2026-09-09 09:25:17.000558:  172241  [INFO]: Using a cached neff at /home/ubuntu/neuron_cache_e2e/neuronxcc-2.23.6484.0+3b612583/MODULE_9111549282147898643+e30acd3a/model.neff
2026-09-09 09:25:17.000558:  172229  [INFO]: Using a cached neff at /home/ubuntu/neuron_cache_e2e/neuronxcc-2.23.6484.0+3b612583/MODULE_17699468275490213154+e30acd3a/model.neff
/home/ubuntu/train_gpt10b_tp_families.py:655: DeprecationWarning: Use torch_xla.sync instead
  xm.mark_step()
2026-09-09 09:25:17.000562:  172250  [INFO]: Using a cached neff at /home/ubuntu/neuron_cache_e2e/neuronxcc-2.23.6484.0+3b612583/MODULE_13318081029806370021+e30acd3a/model.neff
2026-09-09 09:25:17.000563:  172235  [INFO]: Using a cached neff at /home/ubuntu/neuron_cache_e2e/neuronxcc-2.23.6484.0+3b612583/MODULE_17699468275490213154+e30acd3a/model.neff
2026-09-09 09:25:17.000568:  172237  [INFO]: Using a cached neff at /home/ubuntu/neuron_cache_e2e/neuronxcc-2.23.6484.0+3b612583/MODULE_13318081029806370021+e30acd3a/model.neff
2026-09-09 09:25:17.000570:  172243  [INFO]: Using a cached neff at /home/ubuntu/neuron_cache_e2e/neuronxcc-2.23.6484.0+3b612583/MODULE_17699468275490213154+e30acd3a/model.neff
2026-09-09 09:25:17.000572:  172226  [INFO]: Using a cached neff at /home/ubuntu/neuron_cache_e2e/neuronxcc-2.23.6484.0+3b612583/MODULE_13318081029806370021+e30acd3a/model.neff
/home/ubuntu/train_gpt10b_tp_families.py:655: DeprecationWarning: Use torch_xla.sync instead
  xm.mark_step()
2026-09-09 09:25:17.000575:  172224  [INFO]: Using a cached neff at /home/ubuntu/neuron_cache_e2e/neuronxcc-2.23.6484.0+3b612583/MODULE_17699468275490213154+e30acd3a/model.neff
2026-09-09 09:25:17.000579:  172248  [INFO]: Using a cached neff at /home/ubuntu/neuron_cache_e2e/neuronxcc-2.23.6484.0+3b612583/MODULE_13318081029806370021+e30acd3a/model.neff
2026-09-09 09:25:17.000579:  172233  [INFO]: Using a cached neff at /home/ubuntu/neuron_cache_e2e/neuronxcc-2.23.6484.0+3b612583/MODULE_17699468275490213154+e30acd3a/model.neff
2026-09-09 09:25:17.000599:  172244  [INFO]: Using a cached neff at /home/ubuntu/neuron_cache_e2e/neuronxcc-2.23.6484.0+3b612583/MODULE_9111549282147898643+e30acd3a/model.neff
2026-09-09 09:25:17.000609:  172246  [INFO]: Using a cached neff at /home/ubuntu/neuron_cache_e2e/neuronxcc-2.23.6484.0+3b612583/MODULE_17699468275490213154+e30acd3a/model.neff
2026-09-09 09:25:17.000609:  172221  [INFO]: Using a cached neff at /home/ubuntu/neuron_cache_e2e/neuronxcc-2.23.6484.0+3b612583/MODULE_1982581477933138385+e30acd3a/model.neff
2026-09-09 09:25:17.000611:  172231  [INFO]: Using a cached neff at /home/ubuntu/neuron_cache_e2e/neuronxcc-2.23.6484.0+3b612583/MODULE_17699468275490213154+e30acd3a/model.neff
2026-09-09 09:25:17.000613:  172235  [INFO]: Using a cached neff at /home/ubuntu/neuron_cache_e2e/neuronxcc-2.23.6484.0+3b612583/MODULE_13318081029806370021+e30acd3a/model.neff
2026-09-09 09:25:17.000613:  172249  [INFO]: Using a cached neff at /home/ubuntu/neuron_cache_e2e/neuronxcc-2.23.6484.0+3b612583/MODULE_17699468275490213154+e30acd3a/model.neff
2026-09-09 09:25:17.000615:  172222  [INFO]: Using a cached neff at /home/ubuntu/neuron_cache_e2e/neuronxcc-2.23.6484.0+3b612583/MODULE_17699468275490213154+e30acd3a/model.neff
/home/ubuntu/train_gpt10b_tp_families.py:655: DeprecationWarning: Use torch_xla.sync instead
  xm.mark_step()
2026-09-09 09:25:17.000625:  172240  [INFO]: Using a cached neff at /home/ubuntu/neuron_cache_e2e/neuronxcc-2.23.6484.0+3b612583/MODULE_17699468275490213154+e30acd3a/model.neff
2026-09-09 09:25:17.000627:  172239  [INFO]: Using a cached neff at /home/ubuntu/neuron_cache_e2e/neuronxcc-2.23.6484.0+3b612583/MODULE_17699468275490213154+e30acd3a/model.neff
2026-09-09 09:25:17.000630:  172230  [INFO]: Using a cached neff at /home/ubuntu/neuron_cache_e2e/neuronxcc-2.23.6484.0+3b612583/MODULE_13318081029806370021+e30acd3a/model.neff
2026-09-09 09:25:17.000631:  172228  [INFO]: Using a cached neff at /home/ubuntu/neuron_cache_e2e/neuronxcc-2.23.6484.0+3b612583/MODULE_13318081029806370021+e30acd3a/model.neff
2026-09-09 09:25:17.000635:  172220  [INFO]: Using a cached neff at /home/ubuntu/neuron_cache_e2e/neuronxcc-2.23.6484.0+3b612583/MODULE_13318081029806370021+e30acd3a/model.neff
2026-09-09 09:25:17.000637:  172247  [INFO]: Using a cached neff at /home/ubuntu/neuron_cache_e2e/neuronxcc-2.23.6484.0+3b612583/MODULE_17699468275490213154+e30acd3a/model.neff
2026-09-09 09:25:17.000639:  172246  [INFO]: Using a cached neff at /home/ubuntu/neuron_cache_e2e/neuronxcc-2.23.6484.0+3b612583/MODULE_13318081029806370021+e30acd3a/model.neff
2026-09-09 09:25:17.000644:  172232  [INFO]: Using a cached neff at /home/ubuntu/neuron_cache_e2e/neuronxcc-2.23.6484.0+3b612583/MODULE_13318081029806370021+e30acd3a/model.neff
2026-09-09 09:25:17.000650:  172245  [INFO]: Using a cached neff at /home/ubuntu/neuron_cache_e2e/neuronxcc-2.23.6484.0+3b612583/MODULE_9111549282147898643+e30acd3a/model.neff
2026-09-09 09:25:17.000653:  172225  [INFO]: Using a cached neff at /home/ubuntu/neuron_cache_e2e/neuronxcc-2.23.6484.0+3b612583/MODULE_13318081029806370021+e30acd3a/model.neff
2026-09-09 09:25:17.000653:  172235  [INFO]: Using a cached neff at /home/ubuntu/neuron_cache_e2e/neuronxcc-2.23.6484.0+3b612583/MODULE_11129965598566482386+e30acd3a/model.neff
/home/ubuntu/train_gpt10b_tp_families.py:638: DeprecationWarning: Use torch_xla.sync instead
  xm.mark_step()
2026-09-09 09:25:17.000657:  172227  [INFO]: Using a cached neff at /home/ubuntu/neuron_cache_e2e/neuronxcc-2.23.6484.0+3b612583/MODULE_17699468275490213154+e30acd3a/model.neff
2026-09-09 09:25:17.000660:  172238  [INFO]: Using a cached neff at /home/ubuntu/neuron_cache_e2e/neuronxcc-2.23.6484.0+3b612583/MODULE_11129965598566482386+e30acd3a/model.neff
/home/ubuntu/train_gpt10b_tp_families.py:655: DeprecationWarning: Use torch_xla.sync instead
  xm.mark_step()
2026-09-09 09:25:17.000666:  172236  [INFO]: Using a cached neff at /home/ubuntu/neuron_cache_e2e/neuronxcc-2.23.6484.0+3b612583/MODULE_13318081029806370021+e30acd3a/model.neff
2026-09-09 09:25:17.000666:  172234  [INFO]: Using a cached neff at /home/ubuntu/neuron_cache_e2e/neuronxcc-2.23.6484.0+3b612583/MODULE_13318081029806370021+e30acd3a/model.neff
2026-09-09 09:25:17.000666:  172223  [INFO]: Using a cached neff at /home/ubuntu/neuron_cache_e2e/neuronxcc-2.23.6484.0+3b612583/MODULE_13318081029806370021+e30acd3a/model.neff
2026-09-09 09:25:17.000670:  172242  [INFO]: Using a cached neff at /home/ubuntu/neuron_cache_e2e/neuronxcc-2.23.6484.0+3b612583/MODULE_17699468275490213154+e30acd3a/model.neff
2026-09-09 09:25:17.000673:  172229  [INFO]: Using a cached neff at /home/ubuntu/neuron_cache_e2e/neuronxcc-2.23.6484.0+3b612583/MODULE_13318081029806370021+e30acd3a/model.neff
2026-09-09 09:25:17.000676:  172241  [INFO]: Using a cached neff at /home/ubuntu/neuron_cache_e2e/neuronxcc-2.23.6484.0+3b612583/MODULE_17699468275490213154+e30acd3a/model.neff
2026-09-09 09:25:17.000679:  172250  [INFO]: Using a cached neff at /home/ubuntu/neuron_cache_e2e/neuronxcc-2.23.6484.0+3b612583/MODULE_11129965598566482386+e30acd3a/model.neff
2026-09-09 09:25:17.000680:  172237  [INFO]: Using a cached neff at /home/ubuntu/neuron_cache_e2e/neuronxcc-2.23.6484.0+3b612583/MODULE_11129965598566482386+e30acd3a/model.neff
2026-09-09 09:25:17.000685:  172243  [INFO]: Using a cached neff at /home/ubuntu/neuron_cache_e2e/neuronxcc-2.23.6484.0+3b612583/MODULE_13318081029806370021+e30acd3a/model.neff
2026-09-09 09:25:17.000686:  172226  [INFO]: Using a cached neff at /home/ubuntu/neuron_cache_e2e/neuronxcc-2.23.6484.0+3b612583/MODULE_11129965598566482386+e30acd3a/model.neff
2026-09-09 09:25:17.000688:  172224  [INFO]: Using a cached neff at /home/ubuntu/neuron_cache_e2e/neuronxcc-2.23.6484.0+3b612583/MODULE_13318081029806370021+e30acd3a/model.neff
2026-09-09 09:25:17.000692:  172248  [INFO]: Using a cached neff at /home/ubuntu/neuron_cache_e2e/neuronxcc-2.23.6484.0+3b612583/MODULE_11129965598566482386+e30acd3a/model.neff
2026-09-09 09:25:17.000695:  172233  [INFO]: Using a cached neff at /home/ubuntu/neuron_cache_e2e/neuronxcc-2.23.6484.0+3b612583/MODULE_13318081029806370021+e30acd3a/model.neff
2026-09-09 09:25:17.000698:  172244  [INFO]: Using a cached neff at /home/ubuntu/neuron_cache_e2e/neuronxcc-2.23.6484.0+3b612583/MODULE_17699468275490213154+e30acd3a/model.neff
2026-09-09 09:25:17.000703:  172249  [INFO]: Using a cached neff at /home/ubuntu/neuron_cache_e2e/neuronxcc-2.23.6484.0+3b612583/MODULE_13318081029806370021+e30acd3a/model.neff
2026-09-09 09:25:17.000705:  172231  [INFO]: Using a cached neff at /home/ubuntu/neuron_cache_e2e/neuronxcc-2.23.6484.0+3b612583/MODULE_13318081029806370021+e30acd3a/model.neff
2026-09-09 09:25:17.000706:  172251  [INFO]: Using a cached neff at /home/ubuntu/neuron_cache_e2e/neuronxcc-2.23.6484.0+3b612583/MODULE_13318081029806370021+e30acd3a/model.neff
2026-09-09 09:25:17.000706:  172222  [INFO]: Using a cached neff at /home/ubuntu/neuron_cache_e2e/neuronxcc-2.23.6484.0+3b612583/MODULE_13318081029806370021+e30acd3a/model.neff
2026-09-09 09:25:17.000712:  172239  [INFO]: Using a cached neff at /home/ubuntu/neuron_cache_e2e/neuronxcc-2.23.6484.0+3b612583/MODULE_13318081029806370021+e30acd3a/model.neff
2026-09-09 09:25:17.000714:  172240  [INFO]: Using a cached neff at /home/ubuntu/neuron_cache_e2e/neuronxcc-2.23.6484.0+3b612583/MODULE_13318081029806370021+e30acd3a/model.neff
2026-09-09 09:25:17.000714:  172230  [INFO]: Using a cached neff at /home/ubuntu/neuron_cache_e2e/neuronxcc-2.23.6484.0+3b612583/MODULE_11129965598566482386+e30acd3a/model.neff
2026-09-09 09:25:17.000718:  172228  [INFO]: Using a cached neff at /home/ubuntu/neuron_cache_e2e/neuronxcc-2.23.6484.0+3b612583/MODULE_11129965598566482386+e30acd3a/model.neff
2026-09-09 09:25:17.000720:  172220  [INFO]: Using a cached neff at /home/ubuntu/neuron_cache_e2e/neuronxcc-2.23.6484.0+3b612583/MODULE_11129965598566482386+e30acd3a/model.neff
2026-09-09 09:25:17.000723:  172247  [INFO]: Using a cached neff at /home/ubuntu/neuron_cache_e2e/neuronxcc-2.23.6484.0+3b612583/MODULE_13318081029806370021+e30acd3a/model.neff
2026-09-09 09:25:17.000730:  172246  [INFO]: Using a cached neff at /home/ubuntu/neuron_cache_e2e/neuronxcc-2.23.6484.0+3b612583/MODULE_11129965598566482386+e30acd3a/model.neff
2026-09-09 09:25:17.000731:  172221  [INFO]: Using a cached neff at /home/ubuntu/neuron_cache_e2e/neuronxcc-2.23.6484.0+3b612583/MODULE_9111549282147898643+e30acd3a/model.neff
2026-09-09 09:25:17.000734:  172232  [INFO]: Using a cached neff at /home/ubuntu/neuron_cache_e2e/neuronxcc-2.23.6484.0+3b612583/MODULE_11129965598566482386+e30acd3a/model.neff
2026-09-09 09:25:17.000738:  172245  [INFO]: Using a cached neff at /home/ubuntu/neuron_cache_e2e/neuronxcc-2.23.6484.0+3b612583/MODULE_17699468275490213154+e30acd3a/model.neff
2026-09-09 09:25:17.000740:  172225  [INFO]: Using a cached neff at /home/ubuntu/neuron_cache_e2e/neuronxcc-2.23.6484.0+3b612583/MODULE_11129965598566482386+e30acd3a/model.neff
2026-09-09 09:25:17.000743:  172235  [INFO]: Using a cached neff at /home/ubuntu/neuron_cache_e2e/neuronxcc-2.23.6484.0+3b612583/MODULE_4272806645210191267+e30acd3a/model.neff
2026-09-09 09:25:17.000746:  172227  [INFO]: Using a cached neff at /home/ubuntu/neuron_cache_e2e/neuronxcc-2.23.6484.0+3b612583/MODULE_13318081029806370021+e30acd3a/model.neff
2026-09-09 09:25:17.000748:  172238  [INFO]: Using a cached neff at /home/ubuntu/neuron_cache_e2e/neuronxcc-2.23.6484.0+3b612583/MODULE_4272806645210191267+e30acd3a/model.neff
/home/ubuntu/train_gpt10b_tp_families.py:655: DeprecationWarning: Use torch_xla.sync instead
  xm.mark_step()
2026-09-09 09:25:17.000751:  172236  [INFO]: Using a cached neff at /home/ubuntu/neuron_cache_e2e/neuronxcc-2.23.6484.0+3b612583/MODULE_11129965598566482386+e30acd3a/model.neff
2026-09-09 09:25:17.000753:  172234  [INFO]: Using a cached neff at /home/ubuntu/neuron_cache_e2e/neuronxcc-2.23.6484.0+3b612583/MODULE_11129965598566482386+e30acd3a/model.neff
2026-09-09 09:25:17.000756:  172223  [INFO]: Using a cached neff at /home/ubuntu/neuron_cache_e2e/neuronxcc-2.23.6484.0+3b612583/MODULE_11129965598566482386+e30acd3a/model.neff
2026-09-09 09:25:17.000761:  172242  [INFO]: Using a cached neff at /home/ubuntu/neuron_cache_e2e/neuronxcc-2.23.6484.0+3b612583/MODULE_13318081029806370021+e30acd3a/model.neff
2026-09-09 09:25:17.000762:  172229  [INFO]: Using a cached neff at /home/ubuntu/neuron_cache_e2e/neuronxcc-2.23.6484.0+3b612583/MODULE_11129965598566482386+e30acd3a/model.neff
2026-09-09 09:25:17.000766:  172221  [INFO]: Using a cached neff at /home/ubuntu/neuron_cache_e2e/neuronxcc-2.23.6484.0+3b612583/MODULE_17699468275490213154+e30acd3a/model.neff
2026-09-09 09:25:17.000769:  172241  [INFO]: Using a cached neff at /home/ubuntu/neuron_cache_e2e/neuronxcc-2.23.6484.0+3b612583/MODULE_13318081029806370021+e30acd3a/model.neff
2026-09-09 09:25:17.000771:  172237  [INFO]: Using a cached neff at /home/ubuntu/neuron_cache_e2e/neuronxcc-2.23.6484.0+3b612583/MODULE_4272806645210191267+e30acd3a/model.neff
2026-09-09 09:25:17.000773:  172250  [INFO]: Using a cached neff at /home/ubuntu/neuron_cache_e2e/neuronxcc-2.23.6484.0+3b612583/MODULE_4272806645210191267+e30acd3a/model.neff
2026-09-09 09:25:17.000777:  172226  [INFO]: Using a cached neff at /home/ubuntu/neuron_cache_e2e/neuronxcc-2.23.6484.0+3b612583/MODULE_4272806645210191267+e30acd3a/model.neff
2026-09-09 09:25:17.000778:  172243  [INFO]: Using a cached neff at /home/ubuntu/neuron_cache_e2e/neuronxcc-2.23.6484.0+3b612583/MODULE_11129965598566482386+e30acd3a/model.neff
2026-09-09 09:25:17.000779:  172224  [INFO]: Using a cached neff at /home/ubuntu/neuron_cache_e2e/neuronxcc-2.23.6484.0+3b612583/MODULE_11129965598566482386+e30acd3a/model.neff
2026-09-09 09:25:17.000788:  172233  [INFO]: Using a cached neff at /home/ubuntu/neuron_cache_e2e/neuronxcc-2.23.6484.0+3b612583/MODULE_11129965598566482386+e30acd3a/model.neff
2026-09-09 09:25:17.000788:  172236  [INFO]: Using a cached neff at /home/ubuntu/neuron_cache_e2e/neuronxcc-2.23.6484.0+3b612583/MODULE_4272806645210191267+e30acd3a/model.neff
2026-09-09 09:25:17.000789:  172248  [INFO]: Using a cached neff at /home/ubuntu/neuron_cache_e2e/neuronxcc-2.23.6484.0+3b612583/MODULE_4272806645210191267+e30acd3a/model.neff
2026-09-09 09:25:17.000792:  172244  [INFO]: Using a cached neff at /home/ubuntu/neuron_cache_e2e/neuronxcc-2.23.6484.0+3b612583/MODULE_13318081029806370021+e30acd3a/model.neff
2026-09-09 09:25:17.000795:  172249  [INFO]: Using a cached neff at /home/ubuntu/neuron_cache_e2e/neuronxcc-2.23.6484.0+3b612583/MODULE_11129965598566482386+e30acd3a/model.neff
2026-09-09 09:25:17.000798:  172251  [INFO]: Using a cached neff at /home/ubuntu/neuron_cache_e2e/neuronxcc-2.23.6484.0+3b612583/MODULE_11129965598566482386+e30acd3a/model.neff
2026-09-09 09:25:17.000799:  172231  [INFO]: Using a cached neff at /home/ubuntu/neuron_cache_e2e/neuronxcc-2.23.6484.0+3b612583/MODULE_11129965598566482386+e30acd3a/model.neff
2026-09-09 09:25:17.000801:  172222  [INFO]: Using a cached neff at /home/ubuntu/neuron_cache_e2e/neuronxcc-2.23.6484.0+3b612583/MODULE_11129965598566482386+e30acd3a/model.neff
2026-09-09 09:25:17.000805:  172240  [INFO]: Using a cached neff at /home/ubuntu/neuron_cache_e2e/neuronxcc-2.23.6484.0+3b612583/MODULE_11129965598566482386+e30acd3a/model.neff
2026-09-09 09:25:17.000807:  172230  [INFO]: Using a cached neff at /home/ubuntu/neuron_cache_e2e/neuronxcc-2.23.6484.0+3b612583/MODULE_4272806645210191267+e30acd3a/model.neff
2026-09-09 09:25:17.000811:  172239  [INFO]: Using a cached neff at /home/ubuntu/neuron_cache_e2e/neuronxcc-2.23.6484.0+3b612583/MODULE_11129965598566482386+e30acd3a/model.neff
2026-09-09 09:25:17.000811:  172228  [INFO]: Using a cached neff at /home/ubuntu/neuron_cache_e2e/neuronxcc-2.23.6484.0+3b612583/MODULE_4272806645210191267+e30acd3a/model.neff
2026-09-09 09:25:17.000814:  172220  [INFO]: Using a cached neff at /home/ubuntu/neuron_cache_e2e/neuronxcc-2.23.6484.0+3b612583/MODULE_4272806645210191267+e30acd3a/model.neff
2026-09-09 09:25:17.000817:  172247  [INFO]: Using a cached neff at /home/ubuntu/neuron_cache_e2e/neuronxcc-2.23.6484.0+3b612583/MODULE_11129965598566482386+e30acd3a/model.neff
2026-09-09 09:25:17.000819:  172246  [INFO]: Using a cached neff at /home/ubuntu/neuron_cache_e2e/neuronxcc-2.23.6484.0+3b612583/MODULE_4272806645210191267+e30acd3a/model.neff
2026-09-09 09:25:17.000824:  172232  [INFO]: Using a cached neff at /home/ubuntu/neuron_cache_e2e/neuronxcc-2.23.6484.0+3b612583/MODULE_4272806645210191267+e30acd3a/model.neff
2026-09-09 09:25:17.000825:  172245  [INFO]: Using a cached neff at /home/ubuntu/neuron_cache_e2e/neuronxcc-2.23.6484.0+3b612583/MODULE_13318081029806370021+e30acd3a/model.neff
2026-09-09 09:25:17.000827:  172225  [INFO]: Using a cached neff at /home/ubuntu/neuron_cache_e2e/neuronxcc-2.23.6484.0+3b612583/MODULE_4272806645210191267+e30acd3a/model.neff
2026-09-09 09:25:17.000830:  172235  [INFO]: Using a cached neff at /home/ubuntu/neuron_cache_e2e/neuronxcc-2.23.6484.0+3b612583/MODULE_5223633225114114347+e30acd3a/model.neff
2026-09-09 09:25:17.000839:  172238  [INFO]: Using a cached neff at /home/ubuntu/neuron_cache_e2e/neuronxcc-2.23.6484.0+3b612583/MODULE_5223633225114114347+e30acd3a/model.neff
2026-09-09 09:25:17.000839:  172227  [INFO]: Using a cached neff at /home/ubuntu/neuron_cache_e2e/neuronxcc-2.23.6484.0+3b612583/MODULE_11129965598566482386+e30acd3a/model.neff
2026-09-09 09:25:17.000846:  172234  [INFO]: Using a cached neff at /home/ubuntu/neuron_cache_e2e/neuronxcc-2.23.6484.0+3b612583/MODULE_4272806645210191267+e30acd3a/model.neff
2026-09-09 09:25:17.000848:  172223  [INFO]: Using a cached neff at /home/ubuntu/neuron_cache_e2e/neuronxcc-2.23.6484.0+3b612583/MODULE_4272806645210191267+e30acd3a/model.neff
2026-09-09 09:25:17.000850:  172242  [INFO]: Using a cached neff at /home/ubuntu/neuron_cache_e2e/neuronxcc-2.23.6484.0+3b612583/MODULE_11129965598566482386+e30acd3a/model.neff
2026-09-09 09:25:17.000852:  172232  [INFO]: Using a cached neff at /home/ubuntu/neuron_cache_e2e/neuronxcc-2.23.6484.0+3b612583/MODULE_5223633225114114347+e30acd3a/model.neff
2026-09-09 09:25:17.000854:  172229  [INFO]: Using a cached neff at /home/ubuntu/neuron_cache_e2e/neuronxcc-2.23.6484.0+3b612583/MODULE_4272806645210191267+e30acd3a/model.neff
2026-09-09 09:25:17.000856:  172221  [INFO]: Using a cached neff at /home/ubuntu/neuron_cache_e2e/neuronxcc-2.23.6484.0+3b612583/MODULE_13318081029806370021+e30acd3a/model.neff
2026-09-09 09:25:17.000858:  172241  [INFO]: Using a cached neff at /home/ubuntu/neuron_cache_e2e/neuronxcc-2.23.6484.0+3b612583/MODULE_11129965598566482386+e30acd3a/model.neff
2026-09-09 09:25:17.000864:  172237  [INFO]: Using a cached neff at /home/ubuntu/neuron_cache_e2e/neuronxcc-2.23.6484.0+3b612583/MODULE_5223633225114114347+e30acd3a/model.neff
2026-09-09 09:25:17.000866:  172250  [INFO]: Using a cached neff at /home/ubuntu/neuron_cache_e2e/neuronxcc-2.23.6484.0+3b612583/MODULE_5223633225114114347+e30acd3a/model.neff
2026-09-09 09:25:17.000868:  172224  [INFO]: Using a cached neff at /home/ubuntu/neuron_cache_e2e/neuronxcc-2.23.6484.0+3b612583/MODULE_4272806645210191267+e30acd3a/model.neff
2026-09-09 09:25:17.000870:  172226  [INFO]: Using a cached neff at /home/ubuntu/neuron_cache_e2e/neuronxcc-2.23.6484.0+3b612583/MODULE_5223633225114114347+e30acd3a/model.neff
2026-09-09 09:25:17.000873:  172243  [INFO]: Using a cached neff at /home/ubuntu/neuron_cache_e2e/neuronxcc-2.23.6484.0+3b612583/MODULE_4272806645210191267+e30acd3a/model.neff
2026-09-09 09:25:17.000875:  172233  [INFO]: Using a cached neff at /home/ubuntu/neuron_cache_e2e/neuronxcc-2.23.6484.0+3b612583/MODULE_4272806645210191267+e30acd3a/model.neff
2026-09-09 09:25:17.000877:  172236  [INFO]: Using a cached neff at /home/ubuntu/neuron_cache_e2e/neuronxcc-2.23.6484.0+3b612583/MODULE_5223633225114114347+e30acd3a/model.neff
2026-09-09 09:25:17.000879:  172248  [INFO]: Using a cached neff at /home/ubuntu/neuron_cache_e2e/neuronxcc-2.23.6484.0+3b612583/MODULE_5223633225114114347+e30acd3a/model.neff
2026-09-09 09:25:17.000884:  172244  [INFO]: Using a cached neff at /home/ubuntu/neuron_cache_e2e/neuronxcc-2.23.6484.0+3b612583/MODULE_11129965598566482386+e30acd3a/model.neff
2026-09-09 09:25:17.000885:  172249  [INFO]: Using a cached neff at /home/ubuntu/neuron_cache_e2e/neuronxcc-2.23.6484.0+3b612583/MODULE_4272806645210191267+e30acd3a/model.neff
2026-09-09 09:25:17.000890:  172251  [INFO]: Using a cached neff at /home/ubuntu/neuron_cache_e2e/neuronxcc-2.23.6484.0+3b612583/MODULE_4272806645210191267+e30acd3a/model.neff
2026-09-09 09:25:17.000890:  172231  [INFO]: Using a cached neff at /home/ubuntu/neuron_cache_e2e/neuronxcc-2.23.6484.0+3b612583/MODULE_4272806645210191267+e30acd3a/model.neff
2026-09-09 09:25:17.000893:  172222  [INFO]: Using a cached neff at /home/ubuntu/neuron_cache_e2e/neuronxcc-2.23.6484.0+3b612583/MODULE_4272806645210191267+e30acd3a/model.neff
2026-09-09 09:25:17.000897:  172240  [INFO]: Using a cached neff at /home/ubuntu/neuron_cache_e2e/neuronxcc-2.23.6484.0+3b612583/MODULE_4272806645210191267+e30acd3a/model.neff
2026-09-09 09:25:17.000898:  172230  [INFO]: Using a cached neff at /home/ubuntu/neuron_cache_e2e/neuronxcc-2.23.6484.0+3b612583/MODULE_5223633225114114347+e30acd3a/model.neff
2026-09-09 09:25:17.000903:  172228  [INFO]: Using a cached neff at /home/ubuntu/neuron_cache_e2e/neuronxcc-2.23.6484.0+3b612583/MODULE_5223633225114114347+e30acd3a/model.neff
2026-09-09 09:25:17.000907:  172239  [INFO]: Using a cached neff at /home/ubuntu/neuron_cache_e2e/neuronxcc-2.23.6484.0+3b612583/MODULE_4272806645210191267+e30acd3a/model.neff
2026-09-09 09:25:17.000908:  172233  [INFO]: Using a cached neff at /home/ubuntu/neuron_cache_e2e/neuronxcc-2.23.6484.0+3b612583/MODULE_5223633225114114347+e30acd3a/model.neff
2026-09-09 09:25:17.000908:  172220  [INFO]: Using a cached neff at /home/ubuntu/neuron_cache_e2e/neuronxcc-2.23.6484.0+3b612583/MODULE_5223633225114114347+e30acd3a/model.neff
2026-09-09 09:25:17.000913:  172247  [INFO]: Using a cached neff at /home/ubuntu/neuron_cache_e2e/neuronxcc-2.23.6484.0+3b612583/MODULE_4272806645210191267+e30acd3a/model.neff
2026-09-09 09:25:17.000914:  172246  [INFO]: Using a cached neff at /home/ubuntu/neuron_cache_e2e/neuronxcc-2.23.6484.0+3b612583/MODULE_5223633225114114347+e30acd3a/model.neff
2026-09-09 09:25:17.000918:  172245  [INFO]: Using a cached neff at /home/ubuntu/neuron_cache_e2e/neuronxcc-2.23.6484.0+3b612583/MODULE_11129965598566482386+e30acd3a/model.neff
2026-09-09 09:25:17.000920:  172225  [INFO]: Using a cached neff at /home/ubuntu/neuron_cache_e2e/neuronxcc-2.23.6484.0+3b612583/MODULE_5223633225114114347+e30acd3a/model.neff
2026-09-09 09:25:17.000922:  172235  [INFO]: Using a cached neff at /home/ubuntu/neuron_cache_e2e/neuronxcc-2.23.6484.0+3b612583/MODULE_5699981621561527716+e30acd3a/model.neff
2026-09-09 09:25:17.000926:  172238  [INFO]: Using a cached neff at /home/ubuntu/neuron_cache_e2e/neuronxcc-2.23.6484.0+3b612583/MODULE_5699981621561527716+e30acd3a/model.neff
2026-09-09 09:25:17.000928:  172227  [INFO]: Using a cached neff at /home/ubuntu/neuron_cache_e2e/neuronxcc-2.23.6484.0+3b612583/MODULE_4272806645210191267+e30acd3a/model.neff
2026-09-09 09:25:17.000930:  172234  [INFO]: Using a cached neff at /home/ubuntu/neuron_cache_e2e/neuronxcc-2.23.6484.0+3b612583/MODULE_5223633225114114347+e30acd3a/model.neff
2026-09-09 09:25:17.000933:  172223  [INFO]: Using a cached neff at /home/ubuntu/neuron_cache_e2e/neuronxcc-2.23.6484.0+3b612583/MODULE_5223633225114114347+e30acd3a/model.neff
2026-09-09 09:25:17.000937:  172242  [INFO]: Using a cached neff at /home/ubuntu/neuron_cache_e2e/neuronxcc-2.23.6484.0+3b612583/MODULE_4272806645210191267+e30acd3a/model.neff
2026-09-09 09:25:17.000938:  172232  [INFO]: Using a cached neff at /home/ubuntu/neuron_cache_e2e/neuronxcc-2.23.6484.0+3b612583/MODULE_5699981621561527716+e30acd3a/model.neff
2026-09-09 09:25:17.000943:  172229  [INFO]: Using a cached neff at /home/ubuntu/neuron_cache_e2e/neuronxcc-2.23.6484.0+3b612583/MODULE_5223633225114114347+e30acd3a/model.neff
2026-09-09 09:25:17.000944:  172221  [INFO]: Using a cached neff at /home/ubuntu/neuron_cache_e2e/neuronxcc-2.23.6484.0+3b612583/MODULE_11129965598566482386+e30acd3a/model.neff
2026-09-09 09:25:17.000947:  172241  [INFO]: Using a cached neff at /home/ubuntu/neuron_cache_e2e/neuronxcc-2.23.6484.0+3b612583/MODULE_4272806645210191267+e30acd3a/model.neff
2026-09-09 09:25:17.000949:  172237  [INFO]: Using a cached neff at /home/ubuntu/neuron_cache_e2e/neuronxcc-2.23.6484.0+3b612583/MODULE_5699981621561527716+e30acd3a/model.neff
2026-09-09 09:25:17.000951:  172250  [INFO]: Using a cached neff at /home/ubuntu/neuron_cache_e2e/neuronxcc-2.23.6484.0+3b612583/MODULE_5699981621561527716+e30acd3a/model.neff
2026-09-09 09:25:17.000954:  172224  [INFO]: Using a cached neff at /home/ubuntu/neuron_cache_e2e/neuronxcc-2.23.6484.0+3b612583/MODULE_5223633225114114347+e30acd3a/model.neff
2026-09-09 09:25:17.000958:  172234  [INFO]: Using a cached neff at /home/ubuntu/neuron_cache_e2e/neuronxcc-2.23.6484.0+3b612583/MODULE_5699981621561527716+e30acd3a/model.neff
2026-09-09 09:25:17.000960:  172226  [INFO]: Using a cached neff at /home/ubuntu/neuron_cache_e2e/neuronxcc-2.23.6484.0+3b612583/MODULE_5699981621561527716+e30acd3a/model.neff
2026-09-09 09:25:17.000963:  172243  [INFO]: Using a cached neff at /home/ubuntu/neuron_cache_e2e/neuronxcc-2.23.6484.0+3b612583/MODULE_5223633225114114347+e30acd3a/model.neff
2026-09-09 09:25:17.000965:  172236  [INFO]: Using a cached neff at /home/ubuntu/neuron_cache_e2e/neuronxcc-2.23.6484.0+3b612583/MODULE_5699981621561527716+e30acd3a/model.neff
2026-09-09 09:25:17.000968:  172248  [INFO]: Using a cached neff at /home/ubuntu/neuron_cache_e2e/neuronxcc-2.23.6484.0+3b612583/MODULE_5699981621561527716+e30acd3a/model.neff
2026-09-09 09:25:17.000972:  172244  [INFO]: Using a cached neff at /home/ubuntu/neuron_cache_e2e/neuronxcc-2.23.6484.0+3b612583/MODULE_4272806645210191267+e30acd3a/model.neff
2026-09-09 09:25:17.000974:  172251  [INFO]: Using a cached neff at /home/ubuntu/neuron_cache_e2e/neuronxcc-2.23.6484.0+3b612583/MODULE_5223633225114114347+e30acd3a/model.neff
2026-09-09 09:25:17.000978:  172241  [INFO]: Using a cached neff at /home/ubuntu/neuron_cache_e2e/neuronxcc-2.23.6484.0+3b612583/MODULE_5223633225114114347+e30acd3a/model.neff
2026-09-09 09:25:17.000978:  172249  [INFO]: Using a cached neff at /home/ubuntu/neuron_cache_e2e/neuronxcc-2.23.6484.0+3b612583/MODULE_5223633225114114347+e30acd3a/model.neff
2026-09-09 09:25:17.000980:  172231  [INFO]: Using a cached neff at /home/ubuntu/neuron_cache_e2e/neuronxcc-2.23.6484.0+3b612583/MODULE_5223633225114114347+e30acd3a/model.neff
2026-09-09 09:25:17.000984:  172222  [INFO]: Using a cached neff at /home/ubuntu/neuron_cache_e2e/neuronxcc-2.23.6484.0+3b612583/MODULE_5223633225114114347+e30acd3a/model.neff
2026-09-09 09:25:17.000986:  172230  [INFO]: Using a cached neff at /home/ubuntu/neuron_cache_e2e/neuronxcc-2.23.6484.0+3b612583/MODULE_5699981621561527716+e30acd3a/model.neff
2026-09-09 09:25:17.000988:  172240  [INFO]: Using a cached neff at /home/ubuntu/neuron_cache_e2e/neuronxcc-2.23.6484.0+3b612583/MODULE_5223633225114114347+e30acd3a/model.neff
2026-09-09 09:25:17.000991:  172228  [INFO]: Using a cached neff at /home/ubuntu/neuron_cache_e2e/neuronxcc-2.23.6484.0+3b612583/MODULE_5699981621561527716+e30acd3a/model.neff
2026-09-09 09:25:17.000995:  172239  [INFO]: Using a cached neff at /home/ubuntu/neuron_cache_e2e/neuronxcc-2.23.6484.0+3b612583/MODULE_5223633225114114347+e30acd3a/model.neff
2026-09-09 09:25:17.000996:  172233  [INFO]: Using a cached neff at /home/ubuntu/neuron_cache_e2e/neuronxcc-2.23.6484.0+3b612583/MODULE_5699981621561527716+e30acd3a/model.neff
2026-09-09 09:25:18.000001:  172220  [INFO]: Using a cached neff at /home/ubuntu/neuron_cache_e2e/neuronxcc-2.23.6484.0+3b612583/MODULE_5699981621561527716+e30acd3a/model.neff
2026-09-09 09:25:18.000002:  172246  [INFO]: Using a cached neff at /home/ubuntu/neuron_cache_e2e/neuronxcc-2.23.6484.0+3b612583/MODULE_5699981621561527716+e30acd3a/model.neff
2026-09-09 09:25:18.000004:  172247  [INFO]: Using a cached neff at /home/ubuntu/neuron_cache_e2e/neuronxcc-2.23.6484.0+3b612583/MODULE_5223633225114114347+e30acd3a/model.neff
2026-09-09 09:25:18.000007:  172245  [INFO]: Using a cached neff at /home/ubuntu/neuron_cache_e2e/neuronxcc-2.23.6484.0+3b612583/MODULE_4272806645210191267+e30acd3a/model.neff
2026-09-09 09:25:18.000012:  172225  [INFO]: Using a cached neff at /home/ubuntu/neuron_cache_e2e/neuronxcc-2.23.6484.0+3b612583/MODULE_5699981621561527716+e30acd3a/model.neff
2026-09-09 09:25:18.000013:  172235  [INFO]: Using a cached neff at /home/ubuntu/neuron_cache_e2e/neuronxcc-2.23.6484.0+3b612583/MODULE_8575940740000655340+e30acd3a/model.neff
2026-09-09 09:25:18.000016:  172238  [INFO]: Using a cached neff at /home/ubuntu/neuron_cache_e2e/neuronxcc-2.23.6484.0+3b612583/MODULE_8575940740000655340+e30acd3a/model.neff
2026-09-09 09:25:18.000020:  172227  [INFO]: Using a cached neff at /home/ubuntu/neuron_cache_e2e/neuronxcc-2.23.6484.0+3b612583/MODULE_5223633225114114347+e30acd3a/model.neff
2026-09-09 09:25:18.000022:  172223  [INFO]: Using a cached neff at /home/ubuntu/neuron_cache_e2e/neuronxcc-2.23.6484.0+3b612583/MODULE_5699981621561527716+e30acd3a/model.neff
2026-09-09 09:25:18.000024:  172242  [INFO]: Using a cached neff at /home/ubuntu/neuron_cache_e2e/neuronxcc-2.23.6484.0+3b612583/MODULE_5223633225114114347+e30acd3a/model.neff
2026-09-09 09:25:18.000027:  172232  [INFO]: Using a cached neff at /home/ubuntu/neuron_cache_e2e/neuronxcc-2.23.6484.0+3b612583/MODULE_8575940740000655340+e30acd3a/model.neff
2026-09-09 09:25:18.000027:  172229  [INFO]: Using a cached neff at /home/ubuntu/neuron_cache_e2e/neuronxcc-2.23.6484.0+3b612583/MODULE_5699981621561527716+e30acd3a/model.neff
2026-09-09 09:25:18.000032:  172221  [INFO]: Using a cached neff at /home/ubuntu/neuron_cache_e2e/neuronxcc-2.23.6484.0+3b612583/MODULE_4272806645210191267+e30acd3a/model.neff
2026-09-09 09:25:18.000035:  172237  [INFO]: Using a cached neff at /home/ubuntu/neuron_cache_e2e/neuronxcc-2.23.6484.0+3b612583/MODULE_8575940740000655340+e30acd3a/model.neff
2026-09-09 09:25:18.000037:  172250  [INFO]: Using a cached neff at /home/ubuntu/neuron_cache_e2e/neuronxcc-2.23.6484.0+3b612583/MODULE_8575940740000655340+e30acd3a/model.neff
2026-09-09 09:25:18.000040:  172245  [INFO]: Using a cached neff at /home/ubuntu/neuron_cache_e2e/neuronxcc-2.23.6484.0+3b612583/MODULE_5223633225114114347+e30acd3a/model.neff
2026-09-09 09:25:18.000042:  172224  [INFO]: Using a cached neff at /home/ubuntu/neuron_cache_e2e/neuronxcc-2.23.6484.0+3b612583/MODULE_5699981621561527716+e30acd3a/model.neff
2026-09-09 09:25:18.000044:  172234  [INFO]: Using a cached neff at /home/ubuntu/neuron_cache_e2e/neuronxcc-2.23.6484.0+3b612583/MODULE_8575940740000655340+e30acd3a/model.neff
2026-09-09 09:25:18.000048:  172226  [INFO]: Using a cached neff at /home/ubuntu/neuron_cache_e2e/neuronxcc-2.23.6484.0+3b612583/MODULE_8575940740000655340+e30acd3a/model.neff
2026-09-09 09:25:18.000050:  172243  [INFO]: Using a cached neff at /home/ubuntu/neuron_cache_e2e/neuronxcc-2.23.6484.0+3b612583/MODULE_5699981621561527716+e30acd3a/model.neff
2026-09-09 09:25:18.000052:  172236  [INFO]: Using a cached neff at /home/ubuntu/neuron_cache_e2e/neuronxcc-2.23.6484.0+3b612583/MODULE_8575940740000655340+e30acd3a/model.neff
2026-09-09 09:25:18.000057:  172248  [INFO]: Using a cached neff at /home/ubuntu/neuron_cache_e2e/neuronxcc-2.23.6484.0+3b612583/MODULE_8575940740000655340+e30acd3a/model.neff
2026-09-09 09:25:18.000057:  172244  [INFO]: Using a cached neff at /home/ubuntu/neuron_cache_e2e/neuronxcc-2.23.6484.0+3b612583/MODULE_5223633225114114347+e30acd3a/model.neff
2026-09-09 09:25:18.000060:  172251  [INFO]: Using a cached neff at /home/ubuntu/neuron_cache_e2e/neuronxcc-2.23.6484.0+3b612583/MODULE_5699981621561527716+e30acd3a/model.neff
2026-09-09 09:25:18.000065:  172241  [INFO]: Using a cached neff at /home/ubuntu/neuron_cache_e2e/neuronxcc-2.23.6484.0+3b612583/MODULE_5699981621561527716+e30acd3a/model.neff
2026-09-09 09:25:18.000065:  172249  [INFO]: Using a cached neff at /home/ubuntu/neuron_cache_e2e/neuronxcc-2.23.6484.0+3b612583/MODULE_5699981621561527716+e30acd3a/model.neff
2026-09-09 09:25:18.000069:  172231  [INFO]: Using a cached neff at /home/ubuntu/neuron_cache_e2e/neuronxcc-2.23.6484.0+3b612583/MODULE_5699981621561527716+e30acd3a/model.neff
2026-09-09 09:25:18.000070:  172222  [INFO]: Using a cached neff at /home/ubuntu/neuron_cache_e2e/neuronxcc-2.23.6484.0+3b612583/MODULE_5699981621561527716+e30acd3a/model.neff
2026-09-09 09:25:18.000073:  172230  [INFO]: Using a cached neff at /home/ubuntu/neuron_cache_e2e/neuronxcc-2.23.6484.0+3b612583/MODULE_8575940740000655340+e30acd3a/model.neff
2026-09-09 09:25:18.000076:  172240  [INFO]: Using a cached neff at /home/ubuntu/neuron_cache_e2e/neuronxcc-2.23.6484.0+3b612583/MODULE_5699981621561527716+e30acd3a/model.neff
2026-09-09 09:25:18.000080:  172228  [INFO]: Using a cached neff at /home/ubuntu/neuron_cache_e2e/neuronxcc-2.23.6484.0+3b612583/MODULE_8575940740000655340+e30acd3a/model.neff
2026-09-09 09:25:18.000082:  172239  [INFO]: Using a cached neff at /home/ubuntu/neuron_cache_e2e/neuronxcc-2.23.6484.0+3b612583/MODULE_5699981621561527716+e30acd3a/model.neff
2026-09-09 09:25:18.000085:  172233  [INFO]: Using a cached neff at /home/ubuntu/neuron_cache_e2e/neuronxcc-2.23.6484.0+3b612583/MODULE_8575940740000655340+e30acd3a/model.neff
2026-09-09 09:25:18.000087:  172220  [INFO]: Using a cached neff at /home/ubuntu/neuron_cache_e2e/neuronxcc-2.23.6484.0+3b612583/MODULE_8575940740000655340+e30acd3a/model.neff
2026-09-09 09:25:18.000090:  172246  [INFO]: Using a cached neff at /home/ubuntu/neuron_cache_e2e/neuronxcc-2.23.6484.0+3b612583/MODULE_8575940740000655340+e30acd3a/model.neff
2026-09-09 09:25:18.000092:  172247  [INFO]: Using a cached neff at /home/ubuntu/neuron_cache_e2e/neuronxcc-2.23.6484.0+3b612583/MODULE_5699981621561527716+e30acd3a/model.neff
2026-09-09 09:25:18.000095:  172235  [INFO]: Using a cached neff at /home/ubuntu/neuron_cache_e2e/neuronxcc-2.23.6484.0+3b612583/MODULE_14567189089315028411+e30acd3a/model.neff
2026-09-09 09:25:18.000100:  172225  [INFO]: Using a cached neff at /home/ubuntu/neuron_cache_e2e/neuronxcc-2.23.6484.0+3b612583/MODULE_8575940740000655340+e30acd3a/model.neff
2026-09-09 09:25:18.000100:  172238  [INFO]: Using a cached neff at /home/ubuntu/neuron_cache_e2e/neuronxcc-2.23.6484.0+3b612583/MODULE_14567189089315028411+e30acd3a/model.neff
2026-09-09 09:25:18.000104:  172227  [INFO]: Using a cached neff at /home/ubuntu/neuron_cache_e2e/neuronxcc-2.23.6484.0+3b612583/MODULE_5699981621561527716+e30acd3a/model.neff
/home/ubuntu/train_gpt10b_tp_families.py:656: DeprecationWarning: Use torch_xla.sync instead
  xm.mark_step()   # slice: copy-back done
2026-09-09 09:25:18.000108:  172223  [INFO]: Using a cached neff at /home/ubuntu/neuron_cache_e2e/neuronxcc-2.23.6484.0+3b612583/MODULE_8575940740000655340+e30acd3a/model.neff
/home/ubuntu/train_gpt10b_tp_families.py:656: DeprecationWarning: Use torch_xla.sync instead
  xm.mark_step()   # slice: copy-back done
2026-09-09 09:25:18.000110:  172242  [INFO]: Using a cached neff at /home/ubuntu/neuron_cache_e2e/neuronxcc-2.23.6484.0+3b612583/MODULE_5699981621561527716+e30acd3a/model.neff
2026-09-09 09:25:18.000111:  172232  [INFO]: Using a cached neff at /home/ubuntu/neuron_cache_e2e/neuronxcc-2.23.6484.0+3b612583/MODULE_14567189089315028411+e30acd3a/model.neff
2026-09-09 09:25:18.000112:  172229  [INFO]: Using a cached neff at /home/ubuntu/neuron_cache_e2e/neuronxcc-2.23.6484.0+3b612583/MODULE_8575940740000655340+e30acd3a/model.neff
2026-09-09 09:25:18.000119:  172221  [INFO]: Using a cached neff at /home/ubuntu/neuron_cache_e2e/neuronxcc-2.23.6484.0+3b612583/MODULE_5223633225114114347+e30acd3a/model.neff
2026-09-09 09:25:18.000119:  172220  [INFO]: Using a cached neff at /home/ubuntu/neuron_cache_e2e/neuronxcc-2.23.6484.0+3b612583/MODULE_14567189089315028411+e30acd3a/model.neff
2026-09-09 09:25:18.000122:  172250  [INFO]: Using a cached neff at /home/ubuntu/neuron_cache_e2e/neuronxcc-2.23.6484.0+3b612583/MODULE_14567189089315028411+e30acd3a/model.neff
/home/ubuntu/train_gpt10b_tp_families.py:656: DeprecationWarning: Use torch_xla.sync instead
  xm.mark_step()   # slice: copy-back done
2026-09-09 09:25:18.000123:  172245  [INFO]: Using a cached neff at /home/ubuntu/neuron_cache_e2e/neuronxcc-2.23.6484.0+3b612583/MODULE_5699981621561527716+e30acd3a/model.neff
2026-09-09 09:25:18.000126:  172224  [INFO]: Using a cached neff at /home/ubuntu/neuron_cache_e2e/neuronxcc-2.23.6484.0+3b612583/MODULE_8575940740000655340+e30acd3a/model.neff
/home/ubuntu/train_gpt10b_tp_families.py:656: DeprecationWarning: Use torch_xla.sync instead
  xm.mark_step()   # slice: copy-back done
2026-09-09 09:25:18.000131:  172234  [INFO]: Using a cached neff at /home/ubuntu/neuron_cache_e2e/neuronxcc-2.23.6484.0+3b612583/MODULE_14567189089315028411+e30acd3a/model.neff
/home/ubuntu/train_gpt10b_tp_families.py:656: DeprecationWarning: Use torch_xla.sync instead
  xm.mark_step()   # slice: copy-back done
2026-09-09 09:25:18.000134:  172226  [INFO]: Using a cached neff at /home/ubuntu/neuron_cache_e2e/neuronxcc-2.23.6484.0+3b612583/MODULE_14567189089315028411+e30acd3a/model.neff
2026-09-09 09:25:18.000135:  172243  [INFO]: Using a cached neff at /home/ubuntu/neuron_cache_e2e/neuronxcc-2.23.6484.0+3b612583/MODULE_8575940740000655340+e30acd3a/model.neff
2026-09-09 09:25:18.000138:  172223  [INFO]: Using a cached neff at /home/ubuntu/neuron_cache_e2e/neuronxcc-2.23.6484.0+3b612583/MODULE_14567189089315028411+e30acd3a/model.neff
2026-09-09 09:25:18.000140:  172236  [INFO]: Using a cached neff at /home/ubuntu/neuron_cache_e2e/neuronxcc-2.23.6484.0+3b612583/MODULE_14567189089315028411+e30acd3a/model.neff
/home/ubuntu/train_gpt10b_tp_families.py:656: DeprecationWarning: Use torch_xla.sync instead
  xm.mark_step()   # slice: copy-back done
2026-09-09 09:25:18.000144:  172248  [INFO]: Using a cached neff at /home/ubuntu/neuron_cache_e2e/neuronxcc-2.23.6484.0+3b612583/MODULE_14567189089315028411+e30acd3a/model.neff
2026-09-09 09:25:18.000145:  172244  [INFO]: Using a cached neff at /home/ubuntu/neuron_cache_e2e/neuronxcc-2.23.6484.0+3b612583/MODULE_5699981621561527716+e30acd3a/model.neff
/home/ubuntu/train_gpt10b_tp_families.py:656: DeprecationWarning: Use torch_xla.sync instead
  xm.mark_step()   # slice: copy-back done
2026-09-09 09:25:18.000148:  172251  [INFO]: Using a cached neff at /home/ubuntu/neuron_cache_e2e/neuronxcc-2.23.6484.0+3b612583/MODULE_8575940740000655340+e30acd3a/model.neff
/home/ubuntu/train_gpt10b_tp_families.py:656: DeprecationWarning: Use torch_xla.sync instead
  xm.mark_step()   # slice: copy-back done
/home/ubuntu/train_gpt10b_tp_families.py:656: DeprecationWarning: Use torch_xla.sync instead
  xm.mark_step()   # slice: copy-back done
2026-09-09 09:25:18.000153:  172241  [INFO]: Using a cached neff at /home/ubuntu/neuron_cache_e2e/neuronxcc-2.23.6484.0+3b612583/MODULE_8575940740000655340+e30acd3a/model.neff
2026-09-09 09:25:18.000154:  172245  [INFO]: Using a cached neff at /home/ubuntu/neuron_cache_e2e/neuronxcc-2.23.6484.0+3b612583/MODULE_8575940740000655340+e30acd3a/model.neff
/home/ubuntu/train_gpt10b_tp_families.py:656: DeprecationWarning: Use torch_xla.sync instead
  xm.mark_step()   # slice: copy-back done
2026-09-09 09:25:18.000156:  172249  [INFO]: Using a cached neff at /home/ubuntu/neuron_cache_e2e/neuronxcc-2.23.6484.0+3b612583/MODULE_8575940740000655340+e30acd3a/model.neff
2026-09-09 09:25:18.000158:  172231  [INFO]: Using a cached neff at /home/ubuntu/neuron_cache_e2e/neuronxcc-2.23.6484.0+3b612583/MODULE_8575940740000655340+e30acd3a/model.neff
2026-09-09 09:25:18.000163:  172222  [INFO]: Using a cached neff at /home/ubuntu/neuron_cache_e2e/neuronxcc-2.23.6484.0+3b612583/MODULE_8575940740000655340+e30acd3a/model.neff
2026-09-09 09:25:18.000165:  172230  [INFO]: Using a cached neff at /home/ubuntu/neuron_cache_e2e/neuronxcc-2.23.6484.0+3b612583/MODULE_14567189089315028411+e30acd3a/model.neff
2026-09-09 09:25:18.000166:  172240  [INFO]: Using a cached neff at /home/ubuntu/neuron_cache_e2e/neuronxcc-2.23.6484.0+3b612583/MODULE_8575940740000655340+e30acd3a/model.neff
2026-09-09 09:25:18.000170:  172228  [INFO]: Using a cached neff at /home/ubuntu/neuron_cache_e2e/neuronxcc-2.23.6484.0+3b612583/MODULE_14567189089315028411+e30acd3a/model.neff
2026-09-09 09:25:18.000173:  172239  [INFO]: Using a cached neff at /home/ubuntu/neuron_cache_e2e/neuronxcc-2.23.6484.0+3b612583/MODULE_8575940740000655340+e30acd3a/model.neff
/home/ubuntu/train_gpt10b_tp_families.py:656: DeprecationWarning: Use torch_xla.sync instead
  xm.mark_step()   # slice: copy-back done
2026-09-09 09:25:18.000176:  172233  [INFO]: Using a cached neff at /home/ubuntu/neuron_cache_e2e/neuronxcc-2.23.6484.0+3b612583/MODULE_14567189089315028411+e30acd3a/model.neff
2026-09-09 09:25:18.000178:  172237  [INFO]: Using a cached neff at /home/ubuntu/neuron_cache_e2e/neuronxcc-2.23.6484.0+3b612583/MODULE_14567189089315028411+e30acd3a/model.neff
2026-09-09 09:25:18.000180:  172246  [INFO]: Using a cached neff at /home/ubuntu/neuron_cache_e2e/neuronxcc-2.23.6484.0+3b612583/MODULE_14567189089315028411+e30acd3a/model.neff
/home/ubuntu/train_gpt10b_tp_families.py:656: DeprecationWarning: Use torch_xla.sync instead
  xm.mark_step()   # slice: copy-back done
2026-09-09 09:25:18.000182:  172247  [INFO]: Using a cached neff at /home/ubuntu/neuron_cache_e2e/neuronxcc-2.23.6484.0+3b612583/MODULE_8575940740000655340+e30acd3a/model.neff
2026-09-09 09:25:18.000183:  172235  [INFO]: Using a cached neff at /home/ubuntu/neuron_cache_e2e/neuronxcc-2.23.6484.0+3b612583/MODULE_2947808046050219602+e30acd3a/model.neff
2026-09-09 09:25:18.000185:  172238  [INFO]: Using a cached neff at /home/ubuntu/neuron_cache_e2e/neuronxcc-2.23.6484.0+3b612583/MODULE_2947808046050219602+e30acd3a/model.neff
/home/ubuntu/train_gpt10b_tp_families.py:656: DeprecationWarning: Use torch_xla.sync instead
  xm.mark_step()   # slice: copy-back done
2026-09-09 09:25:18.000187:  172225  [INFO]: Using a cached neff at /home/ubuntu/neuron_cache_e2e/neuronxcc-2.23.6484.0+3b612583/MODULE_14567189089315028411+e30acd3a/model.neff
2026-09-09 09:25:18.000187:  172232  [INFO]: Using a cached neff at /home/ubuntu/neuron_cache_e2e/neuronxcc-2.23.6484.0+3b612583/MODULE_2947808046050219602+e30acd3a/model.neff
/home/ubuntu/train_gpt10b_tp_families.py:656: DeprecationWarning: Use torch_xla.sync instead
  xm.mark_step()   # slice: copy-back done
/home/ubuntu/train_gpt10b_tp_families.py:656: DeprecationWarning: Use torch_xla.sync instead
  xm.mark_step()   # slice: copy-back done
2026-09-09 09:25:18.000193:  172242  [INFO]: Using a cached neff at /home/ubuntu/neuron_cache_e2e/neuronxcc-2.23.6484.0+3b612583/MODULE_8575940740000655340+e30acd3a/model.neff
2026-09-09 09:25:18.000194:  172228  [INFO]: Using a cached neff at /home/ubuntu/neuron_cache_e2e/neuronxcc-2.23.6484.0+3b612583/MODULE_2947808046050219602+e30acd3a/model.neff
2026-09-09 09:25:18.000195:  172229  [INFO]: Using a cached neff at /home/ubuntu/neuron_cache_e2e/neuronxcc-2.23.6484.0+3b612583/MODULE_14567189089315028411+e30acd3a/model.neff
2026-09-09 09:25:18.000196:  172250  [INFO]: Using a cached neff at /home/ubuntu/neuron_cache_e2e/neuronxcc-2.23.6484.0+3b612583/MODULE_2947808046050219602+e30acd3a/model.neff
/home/ubuntu/train_gpt10b_tp_families.py:656: DeprecationWarning: Use torch_xla.sync instead
  xm.mark_step()   # slice: copy-back done
2026-09-09 09:25:18.000196:  172220  [INFO]: Using a cached neff at /home/ubuntu/neuron_cache_e2e/neuronxcc-2.23.6484.0+3b612583/MODULE_2947808046050219602+e30acd3a/model.neff
2026-09-09 09:25:18.000202:  172221  [INFO]: Using a cached neff at /home/ubuntu/neuron_cache_e2e/neuronxcc-2.23.6484.0+3b612583/MODULE_5699981621561527716+e30acd3a/model.neff
2026-09-09 09:25:18.000203:  172233  [INFO]: Using a cached neff at /home/ubuntu/neuron_cache_e2e/neuronxcc-2.23.6484.0+3b612583/MODULE_2947808046050219602+e30acd3a/model.neff
2026-09-09 09:25:18.000203:  172224  [INFO]: Using a cached neff at /home/ubuntu/neuron_cache_e2e/neuronxcc-2.23.6484.0+3b612583/MODULE_14567189089315028411+e30acd3a/model.neff
2026-09-09 09:25:18.000205:  172234  [INFO]: Using a cached neff at /home/ubuntu/neuron_cache_e2e/neuronxcc-2.23.6484.0+3b612583/MODULE_2947808046050219602+e30acd3a/model.neff
/home/ubuntu/train_gpt10b_tp_families.py:656: DeprecationWarning: Use torch_xla.sync instead
  xm.mark_step()   # slice: copy-back done
2026-09-09 09:25:18.000207:  172226  [INFO]: Using a cached neff at /home/ubuntu/neuron_cache_e2e/neuronxcc-2.23.6484.0+3b612583/MODULE_2947808046050219602+e30acd3a/model.neff
2026-09-09 09:25:18.000207:  172246  [INFO]: Using a cached neff at /home/ubuntu/neuron_cache_e2e/neuronxcc-2.23.6484.0+3b612583/MODULE_2947808046050219602+e30acd3a/model.neff
2026-09-09 09:25:18.000208:  172243  [INFO]: Using a cached neff at /home/ubuntu/neuron_cache_e2e/neuronxcc-2.23.6484.0+3b612583/MODULE_14567189089315028411+e30acd3a/model.neff
2026-09-09 09:25:18.000210:  172223  [INFO]: Using a cached neff at /home/ubuntu/neuron_cache_e2e/neuronxcc-2.23.6484.0+3b612583/MODULE_2947808046050219602+e30acd3a/model.neff
2026-09-09 09:25:18.000211:  172236  [INFO]: Using a cached neff at /home/ubuntu/neuron_cache_e2e/neuronxcc-2.23.6484.0+3b612583/MODULE_2947808046050219602+e30acd3a/model.neff
2026-09-09 09:25:18.000213:  172248  [INFO]: Using a cached neff at /home/ubuntu/neuron_cache_e2e/neuronxcc-2.23.6484.0+3b612583/MODULE_2947808046050219602+e30acd3a/model.neff
/home/ubuntu/train_gpt10b_tp_families.py:656: DeprecationWarning: Use torch_xla.sync instead
  xm.mark_step()   # slice: copy-back done
2026-09-09 09:25:18.000215:  172244  [INFO]: Using a cached neff at /home/ubuntu/neuron_cache_e2e/neuronxcc-2.23.6484.0+3b612583/MODULE_8575940740000655340+e30acd3a/model.neff
2026-09-09 09:25:18.000218:  172251  [INFO]: Using a cached neff at /home/ubuntu/neuron_cache_e2e/neuronxcc-2.23.6484.0+3b612583/MODULE_14567189089315028411+e30acd3a/model.neff
/home/ubuntu/train_gpt10b_tp_families.py:656: DeprecationWarning: Use torch_xla.sync instead
  xm.mark_step()   # slice: copy-back done
2026-09-09 09:25:18.000219:  172241  [INFO]: Using a cached neff at /home/ubuntu/neuron_cache_e2e/neuronxcc-2.23.6484.0+3b612583/MODULE_14567189089315028411+e30acd3a/model.neff
/home/ubuntu/train_gpt10b_tp_families.py:669: DeprecationWarning: Use torch_xla.sync instead
  xm.mark_step()
/home/ubuntu/train_gpt10b_tp_families.py:669: DeprecationWarning: Use torch_xla.sync instead
  xm.mark_step()
2026-09-09 09:25:18.000224:  172245  [INFO]: Using a cached neff at /home/ubuntu/neuron_cache_e2e/neuronxcc-2.23.6484.0+3b612583/MODULE_14567189089315028411+e30acd3a/model.neff
/home/ubuntu/train_gpt10b_tp_families.py:669: DeprecationWarning: Use torch_xla.sync instead
  xm.mark_step()
2026-09-09 09:25:18.000230:  172231  [INFO]: Using a cached neff at /home/ubuntu/neuron_cache_e2e/neuronxcc-2.23.6484.0+3b612583/MODULE_14567189089315028411+e30acd3a/model.neff
/home/ubuntu/train_gpt10b_tp_families.py:656: DeprecationWarning: Use torch_xla.sync instead
  xm.mark_step()   # slice: copy-back done
2026-09-09 09:25:18.000232:  172249  [INFO]: Using a cached neff at /home/ubuntu/neuron_cache_e2e/neuronxcc-2.23.6484.0+3b612583/MODULE_14567189089315028411+e30acd3a/model.neff
/home/ubuntu/train_gpt10b_tp_families.py:656: DeprecationWarning: Use torch_xla.sync instead
  xm.mark_step()   # slice: copy-back done
2026-09-09 09:25:18.000233:  172230  [INFO]: Using a cached neff at /home/ubuntu/neuron_cache_e2e/neuronxcc-2.23.6484.0+3b612583/MODULE_2947808046050219602+e30acd3a/model.neff
2026-09-09 09:25:18.000234:  172227  [INFO]: Using a cached neff at /home/ubuntu/neuron_cache_e2e/neuronxcc-2.23.6484.0+3b612583/MODULE_8575940740000655340+e30acd3a/model.neff
2026-09-09 09:25:18.000234:  172222  [INFO]: Using a cached neff at /home/ubuntu/neuron_cache_e2e/neuronxcc-2.23.6484.0+3b612583/MODULE_14567189089315028411+e30acd3a/model.neff
2026-09-09 09:25:18.000235:  172239  [INFO]: Using a cached neff at /home/ubuntu/neuron_cache_e2e/neuronxcc-2.23.6484.0+3b612583/MODULE_14567189089315028411+e30acd3a/model.neff
/home/ubuntu/train_gpt10b_tp_families.py:669: DeprecationWarning: Use torch_xla.sync instead
  xm.mark_step()
/home/ubuntu/train_gpt10b_tp_families.py:656: DeprecationWarning: Use torch_xla.sync instead
  xm.mark_step()   # slice: copy-back done
/home/ubuntu/train_gpt10b_tp_families.py:669: DeprecationWarning: Use torch_xla.sync instead
  xm.mark_step()
/home/ubuntu/train_gpt10b_tp_families.py:669: DeprecationWarning: Use torch_xla.sync instead
  xm.mark_step()
2026-09-09 09:25:18.000240:  172240  [INFO]: Using a cached neff at /home/ubuntu/neuron_cache_e2e/neuronxcc-2.23.6484.0+3b612583/MODULE_14567189089315028411+e30acd3a/model.neff
/home/ubuntu/train_gpt10b_tp_families.py:669: DeprecationWarning: Use torch_xla.sync instead
  xm.mark_step()
2026-09-09 09:25:18.000244:  172237  [INFO]: Using a cached neff at /home/ubuntu/neuron_cache_e2e/neuronxcc-2.23.6484.0+3b612583/MODULE_2947808046050219602+e30acd3a/model.neff
2026-09-09 09:25:18.000244:  172229  [INFO]: Using a cached neff at /home/ubuntu/neuron_cache_e2e/neuronxcc-2.23.6484.0+3b612583/MODULE_2947808046050219602+e30acd3a/model.neff
/home/ubuntu/train_gpt10b_tp_families.py:656: DeprecationWarning: Use torch_xla.sync instead
  xm.mark_step()   # slice: copy-back done
2026-09-09 09:25:18.000244:  172225  [INFO]: Using a cached neff at /home/ubuntu/neuron_cache_e2e/neuronxcc-2.23.6484.0+3b612583/MODULE_2947808046050219602+e30acd3a/model.neff
/home/ubuntu/train_gpt10b_tp_families.py:656: DeprecationWarning: Use torch_xla.sync instead
  xm.mark_step()   # slice: copy-back done
2026-09-09 09:25:18.000246:  172247  [INFO]: Using a cached neff at /home/ubuntu/neuron_cache_e2e/neuronxcc-2.23.6484.0+3b612583/MODULE_14567189089315028411+e30acd3a/model.neff
2026-09-09 09:25:18.000246:  172224  [INFO]: Using a cached neff at /home/ubuntu/neuron_cache_e2e/neuronxcc-2.23.6484.0+3b612583/MODULE_2947808046050219602+e30acd3a/model.neff
/home/ubuntu/train_gpt10b_tp_families.py:656: DeprecationWarning: Use torch_xla.sync instead
  xm.mark_step()   # slice: copy-back done
/home/ubuntu/train_gpt10b_tp_families.py:669: DeprecationWarning: Use torch_xla.sync instead
  xm.mark_step()
/home/ubuntu/train_gpt10b_tp_families.py:669: DeprecationWarning: Use torch_xla.sync instead
  xm.mark_step()
/home/ubuntu/train_gpt10b_tp_families.py:669: DeprecationWarning: Use torch_xla.sync instead
  xm.mark_step()
2026-09-09 09:25:18.000250:  172243  [INFO]: Using a cached neff at /home/ubuntu/neuron_cache_e2e/neuronxcc-2.23.6484.0+3b612583/MODULE_2947808046050219602+e30acd3a/model.neff
2026-09-09 09:25:18.000250:  172242  [INFO]: Using a cached neff at /home/ubuntu/neuron_cache_e2e/neuronxcc-2.23.6484.0+3b612583/MODULE_14567189089315028411+e30acd3a/model.neff
/home/ubuntu/train_gpt10b_tp_families.py:669: DeprecationWarning: Use torch_xla.sync instead
  xm.mark_step()
/home/ubuntu/train_gpt10b_tp_families.py:669: DeprecationWarning: Use torch_xla.sync instead
  xm.mark_step()
2026-09-09 09:25:18.000252:  172221  [INFO]: Using a cached neff at /home/ubuntu/neuron_cache_e2e/neuronxcc-2.23.6484.0+3b612583/MODULE_8575940740000655340+e30acd3a/model.neff
/home/ubuntu/train_gpt10b_tp_families.py:656: DeprecationWarning: Use torch_xla.sync instead
  xm.mark_step()   # slice: copy-back done
/home/ubuntu/train_gpt10b_tp_families.py:669: DeprecationWarning: Use torch_xla.sync instead
  xm.mark_step()
/home/ubuntu/train_gpt10b_tp_families.py:656: DeprecationWarning: Use torch_xla.sync instead
  xm.mark_step()   # slice: copy-back done
2026-09-09 09:25:18.000256:  172251  [INFO]: Using a cached neff at /home/ubuntu/neuron_cache_e2e/neuronxcc-2.23.6484.0+3b612583/MODULE_2947808046050219602+e30acd3a/model.neff
2026-09-09 09:25:18.000257:  172244  [INFO]: Using a cached neff at /home/ubuntu/neuron_cache_e2e/neuronxcc-2.23.6484.0+3b612583/MODULE_14567189089315028411+e30acd3a/model.neff
2026-09-09 09:25:18.000258:  172241  [INFO]: Using a cached neff at /home/ubuntu/neuron_cache_e2e/neuronxcc-2.23.6484.0+3b612583/MODULE_2947808046050219602+e30acd3a/model.neff
/home/ubuntu/train_gpt10b_tp_families.py:656: DeprecationWarning: Use torch_xla.sync instead
  xm.mark_step()   # slice: copy-back done
2026-09-09 09:25:18.000259:  172245  [INFO]: Using a cached neff at /home/ubuntu/neuron_cache_e2e/neuronxcc-2.23.6484.0+3b612583/MODULE_2947808046050219602+e30acd3a/model.neff
2026-09-09 09:25:18.000260:  172231  [INFO]: Using a cached neff at /home/ubuntu/neuron_cache_e2e/neuronxcc-2.23.6484.0+3b612583/MODULE_2947808046050219602+e30acd3a/model.neff
2026-09-09 09:25:18.000260:  172222  [INFO]: Using a cached neff at /home/ubuntu/neuron_cache_e2e/neuronxcc-2.23.6484.0+3b612583/MODULE_2947808046050219602+e30acd3a/model.neff
2026-09-09 09:25:18.000262:  172249  [INFO]: Using a cached neff at /home/ubuntu/neuron_cache_e2e/neuronxcc-2.23.6484.0+3b612583/MODULE_2947808046050219602+e30acd3a/model.neff
/home/ubuntu/train_gpt10b_tp_families.py:656: DeprecationWarning: Use torch_xla.sync instead
  xm.mark_step()   # slice: copy-back done
2026-09-09 09:25:18.000263:  172227  [INFO]: Using a cached neff at /home/ubuntu/neuron_cache_e2e/neuronxcc-2.23.6484.0+3b612583/MODULE_14567189089315028411+e30acd3a/model.neff
2026-09-09 09:25:18.000264:  172239  [INFO]: Using a cached neff at /home/ubuntu/neuron_cache_e2e/neuronxcc-2.23.6484.0+3b612583/MODULE_2947808046050219602+e30acd3a/model.neff
2026-09-09 09:25:18.000265:  172240  [INFO]: Using a cached neff at /home/ubuntu/neuron_cache_e2e/neuronxcc-2.23.6484.0+3b612583/MODULE_2947808046050219602+e30acd3a/model.neff
2026-09-09 09:25:18.000266:  172247  [INFO]: Using a cached neff at /home/ubuntu/neuron_cache_e2e/neuronxcc-2.23.6484.0+3b612583/MODULE_2947808046050219602+e30acd3a/model.neff
/home/ubuntu/train_gpt10b_tp_families.py:656: DeprecationWarning: Use torch_xla.sync instead
  xm.mark_step()   # slice: copy-back done
2026-09-09 09:25:18.000268:  172242  [INFO]: Using a cached neff at /home/ubuntu/neuron_cache_e2e/neuronxcc-2.23.6484.0+3b612583/MODULE_2947808046050219602+e30acd3a/model.neff
2026-09-09 09:25:18.000273:  172221  [INFO]: Using a cached neff at /home/ubuntu/neuron_cache_e2e/neuronxcc-2.23.6484.0+3b612583/MODULE_14567189089315028411+e30acd3a/model.neff
2026-09-09 09:25:18.000273:  172244  [INFO]: Using a cached neff at /home/ubuntu/neuron_cache_e2e/neuronxcc-2.23.6484.0+3b612583/MODULE_2947808046050219602+e30acd3a/model.neff
/home/ubuntu/train_gpt10b_tp_families.py:656: DeprecationWarning: Use torch_xla.sync instead
  xm.mark_step()   # slice: copy-back done
2026-09-09 09:25:18.000280:  172227  [INFO]: Using a cached neff at /home/ubuntu/neuron_cache_e2e/neuronxcc-2.23.6484.0+3b612583/MODULE_2947808046050219602+e30acd3a/model.neff
/home/ubuntu/train_gpt10b_tp_families.py:669: DeprecationWarning: Use torch_xla.sync instead
  xm.mark_step()
/home/ubuntu/train_gpt10b_tp_families.py:656: DeprecationWarning: Use torch_xla.sync instead
  xm.mark_step()   # slice: copy-back done
/home/ubuntu/train_gpt10b_tp_families.py:669: DeprecationWarning: Use torch_xla.sync instead
  xm.mark_step()
/home/ubuntu/train_gpt10b_tp_families.py:669: DeprecationWarning: Use torch_xla.sync instead
  xm.mark_step()
/home/ubuntu/train_gpt10b_tp_families.py:669: DeprecationWarning: Use torch_xla.sync instead
  xm.mark_step()
2026-09-09 09:25:18.000290:  172221  [INFO]: Using a cached neff at /home/ubuntu/neuron_cache_e2e/neuronxcc-2.23.6484.0+3b612583/MODULE_2947808046050219602+e30acd3a/model.neff
/home/ubuntu/train_gpt10b_tp_families.py:669: DeprecationWarning: Use torch_xla.sync instead
  xm.mark_step()
/home/ubuntu/train_gpt10b_tp_families.py:669: DeprecationWarning: Use torch_xla.sync instead
  xm.mark_step()
/home/ubuntu/train_gpt10b_tp_families.py:669: DeprecationWarning: Use torch_xla.sync instead
  xm.mark_step()
/home/ubuntu/train_gpt10b_tp_families.py:669: DeprecationWarning: Use torch_xla.sync instead
  xm.mark_step()
/home/ubuntu/train_gpt10b_tp_families.py:669: DeprecationWarning: Use torch_xla.sync instead
  xm.mark_step()
/home/ubuntu/train_gpt10b_tp_families.py:669: DeprecationWarning: Use torch_xla.sync instead
  xm.mark_step()
/home/ubuntu/train_gpt10b_tp_families.py:669: DeprecationWarning: Use torch_xla.sync instead
  xm.mark_step()
/home/ubuntu/train_gpt10b_tp_families.py:669: DeprecationWarning: Use torch_xla.sync instead
  xm.mark_step()
/home/ubuntu/train_gpt10b_tp_families.py:669: DeprecationWarning: Use torch_xla.sync instead
  xm.mark_step()
/home/ubuntu/train_gpt10b_tp_families.py:669: DeprecationWarning: Use torch_xla.sync instead
  xm.mark_step()
/home/ubuntu/train_gpt10b_tp_families.py:669: DeprecationWarning: Use torch_xla.sync instead
  xm.mark_step()
/home/ubuntu/train_gpt10b_tp_families.py:669: DeprecationWarning: Use torch_xla.sync instead
  xm.mark_step()
/home/ubuntu/train_gpt10b_tp_families.py:669: DeprecationWarning: Use torch_xla.sync instead
  xm.mark_step()
/home/ubuntu/train_gpt10b_tp_families.py:669: DeprecationWarning: Use torch_xla.sync instead
  xm.mark_step()
/home/ubuntu/train_gpt10b_tp_families.py:669: DeprecationWarning: Use torch_xla.sync instead
  xm.mark_step()
2026-09-09 09:25:18.000529:  172238  [INFO]: Using a cached neff at /home/ubuntu/neuron_cache_e2e/neuronxcc-2.23.6484.0+3b612583/MODULE_2311441365887874014+e30acd3a/model.neff
2026-09-09 09:25:18.000552:  172233  [INFO]: Using a cached neff at /home/ubuntu/neuron_cache_e2e/neuronxcc-2.23.6484.0+3b612583/MODULE_2311441365887874014+e30acd3a/model.neff
2026-09-09 09:25:18.000557:  172228  [INFO]: Using a cached neff at /home/ubuntu/neuron_cache_e2e/neuronxcc-2.23.6484.0+3b612583/MODULE_2311441365887874014+e30acd3a/model.neff
2026-09-09 09:25:18.000561:  172226  [INFO]: Using a cached neff at /home/ubuntu/neuron_cache_e2e/neuronxcc-2.23.6484.0+3b612583/MODULE_2311441365887874014+e30acd3a/model.neff
2026-09-09 09:25:18.000573:  172246  [INFO]: Using a cached neff at /home/ubuntu/neuron_cache_e2e/neuronxcc-2.23.6484.0+3b612583/MODULE_2311441365887874014+e30acd3a/model.neff
2026-09-09 09:25:18.000576:  172248  [INFO]: Using a cached neff at /home/ubuntu/neuron_cache_e2e/neuronxcc-2.23.6484.0+3b612583/MODULE_2311441365887874014+e30acd3a/model.neff
2026-09-09 09:25:18.000579:  172235  [INFO]: Using a cached neff at /home/ubuntu/neuron_cache_e2e/neuronxcc-2.23.6484.0+3b612583/MODULE_2311441365887874014+e30acd3a/model.neff
2026-09-09 09:25:18.000582:  172250  [INFO]: Using a cached neff at /home/ubuntu/neuron_cache_e2e/neuronxcc-2.23.6484.0+3b612583/MODULE_2311441365887874014+e30acd3a/model.neff
2026-09-09 09:25:18.000588:  172234  [INFO]: Using a cached neff at /home/ubuntu/neuron_cache_e2e/neuronxcc-2.23.6484.0+3b612583/MODULE_2311441365887874014+e30acd3a/model.neff
2026-09-09 09:25:18.000591:  172220  [INFO]: Using a cached neff at /home/ubuntu/neuron_cache_e2e/neuronxcc-2.23.6484.0+3b612583/MODULE_2311441365887874014+e30acd3a/model.neff
2026-09-09 09:25:18.000593:  172223  [INFO]: Using a cached neff at /home/ubuntu/neuron_cache_e2e/neuronxcc-2.23.6484.0+3b612583/MODULE_2311441365887874014+e30acd3a/model.neff
2026-09-09 09:25:18.000594:  172236  [INFO]: Using a cached neff at /home/ubuntu/neuron_cache_e2e/neuronxcc-2.23.6484.0+3b612583/MODULE_2311441365887874014+e30acd3a/model.neff
2026-09-09 09:25:18.000629:  172230  [INFO]: Using a cached neff at /home/ubuntu/neuron_cache_e2e/neuronxcc-2.23.6484.0+3b612583/MODULE_2311441365887874014+e30acd3a/model.neff
2026-09-09 09:25:18.000632:  172237  [INFO]: Using a cached neff at /home/ubuntu/neuron_cache_e2e/neuronxcc-2.23.6484.0+3b612583/MODULE_2311441365887874014+e30acd3a/model.neff
2026-09-09 09:25:18.000638:  172249  [INFO]: Using a cached neff at /home/ubuntu/neuron_cache_e2e/neuronxcc-2.23.6484.0+3b612583/MODULE_2311441365887874014+e30acd3a/model.neff
2026-09-09 09:25:18.000638:  172232  [INFO]: Using a cached neff at /home/ubuntu/neuron_cache_e2e/neuronxcc-2.23.6484.0+3b612583/MODULE_2311441365887874014+e30acd3a/model.neff
2026-09-09 09:25:18.000639:  172225  [INFO]: Using a cached neff at /home/ubuntu/neuron_cache_e2e/neuronxcc-2.23.6484.0+3b612583/MODULE_2311441365887874014+e30acd3a/model.neff
2026-09-09 09:25:18.000642:  172241  [INFO]: Using a cached neff at /home/ubuntu/neuron_cache_e2e/neuronxcc-2.23.6484.0+3b612583/MODULE_2311441365887874014+e30acd3a/model.neff
2026-09-09 09:25:18.000672:  172240  [INFO]: Using a cached neff at /home/ubuntu/neuron_cache_e2e/neuronxcc-2.23.6484.0+3b612583/MODULE_2311441365887874014+e30acd3a/model.neff
2026-09-09 09:25:18.000693:  172229  [INFO]: Using a cached neff at /home/ubuntu/neuron_cache_e2e/neuronxcc-2.23.6484.0+3b612583/MODULE_2311441365887874014+e30acd3a/model.neff
2026-09-09 09:25:18.000738:  172242  [INFO]: Using a cached neff at /home/ubuntu/neuron_cache_e2e/neuronxcc-2.23.6484.0+3b612583/MODULE_2311441365887874014+e30acd3a/model.neff
2026-09-09 09:25:18.000773:  172224  [INFO]: Using a cached neff at /home/ubuntu/neuron_cache_e2e/neuronxcc-2.23.6484.0+3b612583/MODULE_2311441365887874014+e30acd3a/model.neff
2026-09-09 09:25:18.000813:  172251  [INFO]: Using a cached neff at /home/ubuntu/neuron_cache_e2e/neuronxcc-2.23.6484.0+3b612583/MODULE_2311441365887874014+e30acd3a/model.neff
2026-09-09 09:25:18.000824:  172231  [INFO]: Using a cached neff at /home/ubuntu/neuron_cache_e2e/neuronxcc-2.23.6484.0+3b612583/MODULE_2311441365887874014+e30acd3a/model.neff
2026-09-09 09:25:18.000828:  172243  [INFO]: Using a cached neff at /home/ubuntu/neuron_cache_e2e/neuronxcc-2.23.6484.0+3b612583/MODULE_2311441365887874014+e30acd3a/model.neff
2026-09-09 09:25:18.000834:  172245  [INFO]: Using a cached neff at /home/ubuntu/neuron_cache_e2e/neuronxcc-2.23.6484.0+3b612583/MODULE_2311441365887874014+e30acd3a/model.neff
2026-09-09 09:25:18.000839:  172222  [INFO]: Using a cached neff at /home/ubuntu/neuron_cache_e2e/neuronxcc-2.23.6484.0+3b612583/MODULE_2311441365887874014+e30acd3a/model.neff
2026-09-09 09:25:18.000848:  172221  [INFO]: Using a cached neff at /home/ubuntu/neuron_cache_e2e/neuronxcc-2.23.6484.0+3b612583/MODULE_2311441365887874014+e30acd3a/model.neff
2026-09-09 09:25:18.000854:  172247  [INFO]: Using a cached neff at /home/ubuntu/neuron_cache_e2e/neuronxcc-2.23.6484.0+3b612583/MODULE_2311441365887874014+e30acd3a/model.neff
2026-09-09 09:25:18.000859:  172238  [INFO]: Using a cached neff at /home/ubuntu/neuron_cache_e2e/neuronxcc-2.23.6484.0+3b612583/MODULE_14874200043798254035+e30acd3a/model.neff
2026-09-09 09:25:18.000864:  172244  [INFO]: Using a cached neff at /home/ubuntu/neuron_cache_e2e/neuronxcc-2.23.6484.0+3b612583/MODULE_2311441365887874014+e30acd3a/model.neff
2026-09-09 09:25:18.000869:  172227  [INFO]: Using a cached neff at /home/ubuntu/neuron_cache_e2e/neuronxcc-2.23.6484.0+3b612583/MODULE_2311441365887874014+e30acd3a/model.neff
2026-09-09 09:25:18.000874:  172239  [INFO]: Using a cached neff at /home/ubuntu/neuron_cache_e2e/neuronxcc-2.23.6484.0+3b612583/MODULE_2311441365887874014+e30acd3a/model.neff
2026-09-09 09:25:18.000905:  172246  [INFO]: Using a cached neff at /home/ubuntu/neuron_cache_e2e/neuronxcc-2.23.6484.0+3b612583/MODULE_14874200043798254035+e30acd3a/model.neff
2026-09-09 09:25:18.000920:  172233  [INFO]: Using a cached neff at /home/ubuntu/neuron_cache_e2e/neuronxcc-2.23.6484.0+3b612583/MODULE_14874200043798254035+e30acd3a/model.neff
2026-09-09 09:25:18.000920:  172228  [INFO]: Using a cached neff at /home/ubuntu/neuron_cache_e2e/neuronxcc-2.23.6484.0+3b612583/MODULE_14874200043798254035+e30acd3a/model.neff
2026-09-09 09:25:18.000921:  172250  [INFO]: Using a cached neff at /home/ubuntu/neuron_cache_e2e/neuronxcc-2.23.6484.0+3b612583/MODULE_14874200043798254035+e30acd3a/model.neff
2026-09-09 09:25:18.000921:  172226  [INFO]: Using a cached neff at /home/ubuntu/neuron_cache_e2e/neuronxcc-2.23.6484.0+3b612583/MODULE_14874200043798254035+e30acd3a/model.neff
2026-09-09 09:25:18.000925:  172248  [INFO]: Using a cached neff at /home/ubuntu/neuron_cache_e2e/neuronxcc-2.23.6484.0+3b612583/MODULE_14874200043798254035+e30acd3a/model.neff
2026-09-09 09:25:18.000925:  172223  [INFO]: Using a cached neff at /home/ubuntu/neuron_cache_e2e/neuronxcc-2.23.6484.0+3b612583/MODULE_14874200043798254035+e30acd3a/model.neff
2026-09-09 09:25:18.000926:  172220  [INFO]: Using a cached neff at /home/ubuntu/neuron_cache_e2e/neuronxcc-2.23.6484.0+3b612583/MODULE_14874200043798254035+e30acd3a/model.neff
2026-09-09 09:25:18.000927:  172234  [INFO]: Using a cached neff at /home/ubuntu/neuron_cache_e2e/neuronxcc-2.23.6484.0+3b612583/MODULE_14874200043798254035+e30acd3a/model.neff
2026-09-09 09:25:18.000927:  172236  [INFO]: Using a cached neff at /home/ubuntu/neuron_cache_e2e/neuronxcc-2.23.6484.0+3b612583/MODULE_14874200043798254035+e30acd3a/model.neff
2026-09-09 09:25:18.000928:  172235  [INFO]: Using a cached neff at /home/ubuntu/neuron_cache_e2e/neuronxcc-2.23.6484.0+3b612583/MODULE_14874200043798254035+e30acd3a/model.neff
2026-09-09 09:25:18.000929:  172230  [INFO]: Using a cached neff at /home/ubuntu/neuron_cache_e2e/neuronxcc-2.23.6484.0+3b612583/MODULE_14874200043798254035+e30acd3a/model.neff
2026-09-09 09:25:18.000929:  172237  [INFO]: Using a cached neff at /home/ubuntu/neuron_cache_e2e/neuronxcc-2.23.6484.0+3b612583/MODULE_14874200043798254035+e30acd3a/model.neff
2026-09-09 09:25:18.000931:  172232  [INFO]: Using a cached neff at /home/ubuntu/neuron_cache_e2e/neuronxcc-2.23.6484.0+3b612583/MODULE_14874200043798254035+e30acd3a/model.neff
2026-09-09 09:25:18.000932:  172225  [INFO]: Using a cached neff at /home/ubuntu/neuron_cache_e2e/neuronxcc-2.23.6484.0+3b612583/MODULE_14874200043798254035+e30acd3a/model.neff
2026-09-09 09:25:18.000933:  172241  [INFO]: Using a cached neff at /home/ubuntu/neuron_cache_e2e/neuronxcc-2.23.6484.0+3b612583/MODULE_14874200043798254035+e30acd3a/model.neff
2026-09-09 09:25:18.000933:  172249  [INFO]: Using a cached neff at /home/ubuntu/neuron_cache_e2e/neuronxcc-2.23.6484.0+3b612583/MODULE_14874200043798254035+e30acd3a/model.neff
2026-09-09 09:25:18.000934:  172240  [INFO]: Using a cached neff at /home/ubuntu/neuron_cache_e2e/neuronxcc-2.23.6484.0+3b612583/MODULE_14874200043798254035+e30acd3a/model.neff
2026-09-09 09:25:18.000942:  172229  [INFO]: Using a cached neff at /home/ubuntu/neuron_cache_e2e/neuronxcc-2.23.6484.0+3b612583/MODULE_14874200043798254035+e30acd3a/model.neff
2026-09-09 09:25:19.000022:  172242  [INFO]: Using a cached neff at /home/ubuntu/neuron_cache_e2e/neuronxcc-2.23.6484.0+3b612583/MODULE_14874200043798254035+e30acd3a/model.neff
2026-09-09 09:25:19.000027:  172221  [INFO]: Using a cached neff at /home/ubuntu/neuron_cache_e2e/neuronxcc-2.23.6484.0+3b612583/MODULE_14874200043798254035+e30acd3a/model.neff
2026-09-09 09:25:19.000035:  172224  [INFO]: Using a cached neff at /home/ubuntu/neuron_cache_e2e/neuronxcc-2.23.6484.0+3b612583/MODULE_14874200043798254035+e30acd3a/model.neff
2026-09-09 09:25:19.000063:  172231  [INFO]: Using a cached neff at /home/ubuntu/neuron_cache_e2e/neuronxcc-2.23.6484.0+3b612583/MODULE_14874200043798254035+e30acd3a/model.neff
2026-09-09 09:25:19.000067:  172251  [INFO]: Using a cached neff at /home/ubuntu/neuron_cache_e2e/neuronxcc-2.23.6484.0+3b612583/MODULE_14874200043798254035+e30acd3a/model.neff
2026-09-09 09:25:19.000084:  172243  [INFO]: Using a cached neff at /home/ubuntu/neuron_cache_e2e/neuronxcc-2.23.6484.0+3b612583/MODULE_14874200043798254035+e30acd3a/model.neff
2026-09-09 09:25:19.000096:  172245  [INFO]: Using a cached neff at /home/ubuntu/neuron_cache_e2e/neuronxcc-2.23.6484.0+3b612583/MODULE_14874200043798254035+e30acd3a/model.neff
2026-09-09 09:25:19.000101:  172244  [INFO]: Using a cached neff at /home/ubuntu/neuron_cache_e2e/neuronxcc-2.23.6484.0+3b612583/MODULE_14874200043798254035+e30acd3a/model.neff
2026-09-09 09:25:19.000101:  172247  [INFO]: Using a cached neff at /home/ubuntu/neuron_cache_e2e/neuronxcc-2.23.6484.0+3b612583/MODULE_14874200043798254035+e30acd3a/model.neff
2026-09-09 09:25:19.000112:  172227  [INFO]: Using a cached neff at /home/ubuntu/neuron_cache_e2e/neuronxcc-2.23.6484.0+3b612583/MODULE_14874200043798254035+e30acd3a/model.neff
2026-09-09 09:25:19.000115:  172239  [INFO]: Using a cached neff at /home/ubuntu/neuron_cache_e2e/neuronxcc-2.23.6484.0+3b612583/MODULE_14874200043798254035+e30acd3a/model.neff
2026-09-09 09:25:19.000120:  172222  [INFO]: Using a cached neff at /home/ubuntu/neuron_cache_e2e/neuronxcc-2.23.6484.0+3b612583/MODULE_14874200043798254035+e30acd3a/model.neff
2026-09-09 09:25:40.000003:  172235  [INFO]: Using a cached neff at /home/ubuntu/neuron_cache_e2e/neuronxcc-2.23.6484.0+3b612583/MODULE_11439406683618181514+e30acd3a/model.neff
2026-09-09 09:25:40.000015:  172250  [INFO]: Using a cached neff at /home/ubuntu/neuron_cache_e2e/neuronxcc-2.23.6484.0+3b612583/MODULE_11439406683618181514+e30acd3a/model.neff
2026-09-09 09:25:40.000019:  172232  [INFO]: Using a cached neff at /home/ubuntu/neuron_cache_e2e/neuronxcc-2.23.6484.0+3b612583/MODULE_11439406683618181514+e30acd3a/model.neff
2026-09-09 09:25:40.000019:  172222  [INFO]: Using a cached neff at /home/ubuntu/neuron_cache_e2e/neuronxcc-2.23.6484.0+3b612583/MODULE_11439406683618181514+e30acd3a/model.neff
2026-09-09 09:25:40.000055:  172223  [INFO]: Using a cached neff at /home/ubuntu/neuron_cache_e2e/neuronxcc-2.23.6484.0+3b612583/MODULE_11439406683618181514+e30acd3a/model.neff
2026-09-09 09:25:40.000055:  172230  [INFO]: Using a cached neff at /home/ubuntu/neuron_cache_e2e/neuronxcc-2.23.6484.0+3b612583/MODULE_11439406683618181514+e30acd3a/model.neff
2026-09-09 09:25:40.000083:  172238  [INFO]: Using a cached neff at /home/ubuntu/neuron_cache_e2e/neuronxcc-2.23.6484.0+3b612583/MODULE_11439406683618181514+e30acd3a/model.neff
2026-09-09 09:25:40.000087:  172248  [INFO]: Using a cached neff at /home/ubuntu/neuron_cache_e2e/neuronxcc-2.23.6484.0+3b612583/MODULE_11439406683618181514+e30acd3a/model.neff
2026-09-09 09:25:40.000089:  172228  [INFO]: Using a cached neff at /home/ubuntu/neuron_cache_e2e/neuronxcc-2.23.6484.0+3b612583/MODULE_11439406683618181514+e30acd3a/model.neff
2026-09-09 09:25:40.000089:  172237  [INFO]: Using a cached neff at /home/ubuntu/neuron_cache_e2e/neuronxcc-2.23.6484.0+3b612583/MODULE_11439406683618181514+e30acd3a/model.neff
2026-09-09 09:25:40.000090:  172249  [INFO]: Using a cached neff at /home/ubuntu/neuron_cache_e2e/neuronxcc-2.23.6484.0+3b612583/MODULE_11439406683618181514+e30acd3a/model.neff
2026-09-09 09:25:40.000092:  172245  [INFO]: Using a cached neff at /home/ubuntu/neuron_cache_e2e/neuronxcc-2.23.6484.0+3b612583/MODULE_11439406683618181514+e30acd3a/model.neff
2026-09-09 09:25:40.000095:  172243  [INFO]: Using a cached neff at /home/ubuntu/neuron_cache_e2e/neuronxcc-2.23.6484.0+3b612583/MODULE_11439406683618181514+e30acd3a/model.neff
2026-09-09 09:25:40.000098:  172233  [INFO]: Using a cached neff at /home/ubuntu/neuron_cache_e2e/neuronxcc-2.23.6484.0+3b612583/MODULE_11439406683618181514+e30acd3a/model.neff
2026-09-09 09:25:40.000098:  172246  [INFO]: Using a cached neff at /home/ubuntu/neuron_cache_e2e/neuronxcc-2.23.6484.0+3b612583/MODULE_11439406683618181514+e30acd3a/model.neff
2026-09-09 09:25:40.000101:  172220  [INFO]: Using a cached neff at /home/ubuntu/neuron_cache_e2e/neuronxcc-2.23.6484.0+3b612583/MODULE_11439406683618181514+e30acd3a/model.neff
2026-09-09 09:25:40.000103:  172251  [INFO]: Using a cached neff at /home/ubuntu/neuron_cache_e2e/neuronxcc-2.23.6484.0+3b612583/MODULE_11439406683618181514+e30acd3a/model.neff
2026-09-09 09:25:40.000105:  172234  [INFO]: Using a cached neff at /home/ubuntu/neuron_cache_e2e/neuronxcc-2.23.6484.0+3b612583/MODULE_11439406683618181514+e30acd3a/model.neff
2026-09-09 09:25:40.000108:  172239  [INFO]: Using a cached neff at /home/ubuntu/neuron_cache_e2e/neuronxcc-2.23.6484.0+3b612583/MODULE_11439406683618181514+e30acd3a/model.neff
2026-09-09 09:25:40.000112:  172227  [INFO]: Using a cached neff at /home/ubuntu/neuron_cache_e2e/neuronxcc-2.23.6484.0+3b612583/MODULE_11439406683618181514+e30acd3a/model.neff
2026-09-09 09:25:40.000113:  172241  [INFO]: Using a cached neff at /home/ubuntu/neuron_cache_e2e/neuronxcc-2.23.6484.0+3b612583/MODULE_11439406683618181514+e30acd3a/model.neff
2026-09-09 09:25:40.000117:  172224  [INFO]: Using a cached neff at /home/ubuntu/neuron_cache_e2e/neuronxcc-2.23.6484.0+3b612583/MODULE_11439406683618181514+e30acd3a/model.neff
2026-09-09 09:25:40.000119:  172236  [INFO]: Using a cached neff at /home/ubuntu/neuron_cache_e2e/neuronxcc-2.23.6484.0+3b612583/MODULE_11439406683618181514+e30acd3a/model.neff
2026-09-09 09:25:40.000123:  172226  [INFO]: Using a cached neff at /home/ubuntu/neuron_cache_e2e/neuronxcc-2.23.6484.0+3b612583/MODULE_11439406683618181514+e30acd3a/model.neff
2026-09-09 09:25:40.000125:  172242  [INFO]: Using a cached neff at /home/ubuntu/neuron_cache_e2e/neuronxcc-2.23.6484.0+3b612583/MODULE_11439406683618181514+e30acd3a/model.neff
2026-09-09 09:25:40.000126:  172221  [INFO]: Using a cached neff at /home/ubuntu/neuron_cache_e2e/neuronxcc-2.23.6484.0+3b612583/MODULE_11439406683618181514+e30acd3a/model.neff
2026-09-09 09:25:40.000130:  172229  [INFO]: Using a cached neff at /home/ubuntu/neuron_cache_e2e/neuronxcc-2.23.6484.0+3b612583/MODULE_11439406683618181514+e30acd3a/model.neff
2026-09-09 09:25:40.000133:  172247  [INFO]: Using a cached neff at /home/ubuntu/neuron_cache_e2e/neuronxcc-2.23.6484.0+3b612583/MODULE_11439406683618181514+e30acd3a/model.neff
2026-09-09 09:25:40.000138:  172231  [INFO]: Using a cached neff at /home/ubuntu/neuron_cache_e2e/neuronxcc-2.23.6484.0+3b612583/MODULE_11439406683618181514+e30acd3a/model.neff
2026-09-09 09:25:40.000142:  172244  [INFO]: Using a cached neff at /home/ubuntu/neuron_cache_e2e/neuronxcc-2.23.6484.0+3b612583/MODULE_11439406683618181514+e30acd3a/model.neff
2026-09-09 09:25:40.000142:  172235  [INFO]: Using a cached neff at /home/ubuntu/neuron_cache_e2e/neuronxcc-2.23.6484.0+3b612583/MODULE_1165850746759386942+e30acd3a/model.neff
2026-09-09 09:25:40.000143:  172225  [INFO]: Using a cached neff at /home/ubuntu/neuron_cache_e2e/neuronxcc-2.23.6484.0+3b612583/MODULE_11439406683618181514+e30acd3a/model.neff
2026-09-09 09:25:40.000146:  172240  [INFO]: Using a cached neff at /home/ubuntu/neuron_cache_e2e/neuronxcc-2.23.6484.0+3b612583/MODULE_11439406683618181514+e30acd3a/model.neff
2026-09-09 09:25:40.000147:  172250  [INFO]: Using a cached neff at /home/ubuntu/neuron_cache_e2e/neuronxcc-2.23.6484.0+3b612583/MODULE_1165850746759386942+e30acd3a/model.neff
2026-09-09 09:25:40.000148:  172232  [INFO]: Using a cached neff at /home/ubuntu/neuron_cache_e2e/neuronxcc-2.23.6484.0+3b612583/MODULE_1165850746759386942+e30acd3a/model.neff
2026-09-09 09:25:40.000151:  172222  [INFO]: Using a cached neff at /home/ubuntu/neuron_cache_e2e/neuronxcc-2.23.6484.0+3b612583/MODULE_1165850746759386942+e30acd3a/model.neff
2026-09-09 09:25:40.000151:  172223  [INFO]: Using a cached neff at /home/ubuntu/neuron_cache_e2e/neuronxcc-2.23.6484.0+3b612583/MODULE_1165850746759386942+e30acd3a/model.neff
2026-09-09 09:25:40.000152:  172230  [INFO]: Using a cached neff at /home/ubuntu/neuron_cache_e2e/neuronxcc-2.23.6484.0+3b612583/MODULE_1165850746759386942+e30acd3a/model.neff
2026-09-09 09:25:40.000152:  172238  [INFO]: Using a cached neff at /home/ubuntu/neuron_cache_e2e/neuronxcc-2.23.6484.0+3b612583/MODULE_1165850746759386942+e30acd3a/model.neff
2026-09-09 09:25:40.000154:  172249  [INFO]: Using a cached neff at /home/ubuntu/neuron_cache_e2e/neuronxcc-2.23.6484.0+3b612583/MODULE_1165850746759386942+e30acd3a/model.neff
2026-09-09 09:25:40.000155:  172228  [INFO]: Using a cached neff at /home/ubuntu/neuron_cache_e2e/neuronxcc-2.23.6484.0+3b612583/MODULE_1165850746759386942+e30acd3a/model.neff
2026-09-09 09:25:40.000156:  172248  [INFO]: Using a cached neff at /home/ubuntu/neuron_cache_e2e/neuronxcc-2.23.6484.0+3b612583/MODULE_1165850746759386942+e30acd3a/model.neff
2026-09-09 09:25:40.000156:  172237  [INFO]: Using a cached neff at /home/ubuntu/neuron_cache_e2e/neuronxcc-2.23.6484.0+3b612583/MODULE_1165850746759386942+e30acd3a/model.neff
2026-09-09 09:25:40.000159:  172245  [INFO]: Using a cached neff at /home/ubuntu/neuron_cache_e2e/neuronxcc-2.23.6484.0+3b612583/MODULE_1165850746759386942+e30acd3a/model.neff
2026-09-09 09:25:40.000161:  172243  [INFO]: Using a cached neff at /home/ubuntu/neuron_cache_e2e/neuronxcc-2.23.6484.0+3b612583/MODULE_1165850746759386942+e30acd3a/model.neff
2026-09-09 09:25:40.000162:  172233  [INFO]: Using a cached neff at /home/ubuntu/neuron_cache_e2e/neuronxcc-2.23.6484.0+3b612583/MODULE_1165850746759386942+e30acd3a/model.neff
2026-09-09 09:25:40.000163:  172246  [INFO]: Using a cached neff at /home/ubuntu/neuron_cache_e2e/neuronxcc-2.23.6484.0+3b612583/MODULE_1165850746759386942+e30acd3a/model.neff
2026-09-09 09:25:40.000165:  172220  [INFO]: Using a cached neff at /home/ubuntu/neuron_cache_e2e/neuronxcc-2.23.6484.0+3b612583/MODULE_1165850746759386942+e30acd3a/model.neff
2026-09-09 09:25:40.000167:  172251  [INFO]: Using a cached neff at /home/ubuntu/neuron_cache_e2e/neuronxcc-2.23.6484.0+3b612583/MODULE_1165850746759386942+e30acd3a/model.neff
2026-09-09 09:25:40.000169:  172234  [INFO]: Using a cached neff at /home/ubuntu/neuron_cache_e2e/neuronxcc-2.23.6484.0+3b612583/MODULE_1165850746759386942+e30acd3a/model.neff
2026-09-09 09:25:40.000173:  172239  [INFO]: Using a cached neff at /home/ubuntu/neuron_cache_e2e/neuronxcc-2.23.6484.0+3b612583/MODULE_1165850746759386942+e30acd3a/model.neff
2026-09-09 09:25:40.000177:  172241  [INFO]: Using a cached neff at /home/ubuntu/neuron_cache_e2e/neuronxcc-2.23.6484.0+3b612583/MODULE_1165850746759386942+e30acd3a/model.neff
2026-09-09 09:25:40.000177:  172227  [INFO]: Using a cached neff at /home/ubuntu/neuron_cache_e2e/neuronxcc-2.23.6484.0+3b612583/MODULE_1165850746759386942+e30acd3a/model.neff
2026-09-09 09:25:40.000184:  172236  [INFO]: Using a cached neff at /home/ubuntu/neuron_cache_e2e/neuronxcc-2.23.6484.0+3b612583/MODULE_1165850746759386942+e30acd3a/model.neff
2026-09-09 09:25:40.000185:  172224  [INFO]: Using a cached neff at /home/ubuntu/neuron_cache_e2e/neuronxcc-2.23.6484.0+3b612583/MODULE_1165850746759386942+e30acd3a/model.neff
2026-09-09 09:25:40.000188:  172242  [INFO]: Using a cached neff at /home/ubuntu/neuron_cache_e2e/neuronxcc-2.23.6484.0+3b612583/MODULE_1165850746759386942+e30acd3a/model.neff
2026-09-09 09:25:40.000194:  172247  [INFO]: Using a cached neff at /home/ubuntu/neuron_cache_e2e/neuronxcc-2.23.6484.0+3b612583/MODULE_1165850746759386942+e30acd3a/model.neff
2026-09-09 09:25:40.000195:  172229  [INFO]: Using a cached neff at /home/ubuntu/neuron_cache_e2e/neuronxcc-2.23.6484.0+3b612583/MODULE_1165850746759386942+e30acd3a/model.neff
2026-09-09 09:25:40.000199:  172221  [INFO]: Using a cached neff at /home/ubuntu/neuron_cache_e2e/neuronxcc-2.23.6484.0+3b612583/MODULE_1165850746759386942+e30acd3a/model.neff
2026-09-09 09:25:40.000201:  172244  [INFO]: Using a cached neff at /home/ubuntu/neuron_cache_e2e/neuronxcc-2.23.6484.0+3b612583/MODULE_1165850746759386942+e30acd3a/model.neff
2026-09-09 09:25:40.000206:  172231  [INFO]: Using a cached neff at /home/ubuntu/neuron_cache_e2e/neuronxcc-2.23.6484.0+3b612583/MODULE_1165850746759386942+e30acd3a/model.neff
2026-09-09 09:25:40.000210:  172240  [INFO]: Using a cached neff at /home/ubuntu/neuron_cache_e2e/neuronxcc-2.23.6484.0+3b612583/MODULE_1165850746759386942+e30acd3a/model.neff
2026-09-09 09:25:40.000210:  172226  [INFO]: Using a cached neff at /home/ubuntu/neuron_cache_e2e/neuronxcc-2.23.6484.0+3b612583/MODULE_1165850746759386942+e30acd3a/model.neff
2026-09-09 09:25:40.000213:  172225  [INFO]: Using a cached neff at /home/ubuntu/neuron_cache_e2e/neuronxcc-2.23.6484.0+3b612583/MODULE_1165850746759386942+e30acd3a/model.neff
2026-09-09 09:25:40.000523:  172238  [INFO]: Using a cached neff at /home/ubuntu/neuron_cache_e2e/neuronxcc-2.23.6484.0+3b612583/MODULE_9873161558079543617+e30acd3a/model.neff
2026-09-09 09:25:40.000532:  172249  [INFO]: Using a cached neff at /home/ubuntu/neuron_cache_e2e/neuronxcc-2.23.6484.0+3b612583/MODULE_9873161558079543617+e30acd3a/model.neff
2026-09-09 09:25:40.000536:  172235  [INFO]: Using a cached neff at /home/ubuntu/neuron_cache_e2e/neuronxcc-2.23.6484.0+3b612583/MODULE_9873161558079543617+e30acd3a/model.neff
2026-09-09 09:25:40.000547:  172248  [INFO]: Using a cached neff at /home/ubuntu/neuron_cache_e2e/neuronxcc-2.23.6484.0+3b612583/MODULE_9873161558079543617+e30acd3a/model.neff
2026-09-09 09:25:40.000550:  172233  [INFO]: Using a cached neff at /home/ubuntu/neuron_cache_e2e/neuronxcc-2.23.6484.0+3b612583/MODULE_9873161558079543617+e30acd3a/model.neff
2026-09-09 09:25:40.000555:  172232  [INFO]: Using a cached neff at /home/ubuntu/neuron_cache_e2e/neuronxcc-2.23.6484.0+3b612583/MODULE_9873161558079543617+e30acd3a/model.neff
2026-09-09 09:25:40.000556:  172237  [INFO]: Using a cached neff at /home/ubuntu/neuron_cache_e2e/neuronxcc-2.23.6484.0+3b612583/MODULE_9873161558079543617+e30acd3a/model.neff
2026-09-09 09:25:40.000561:  172241  [INFO]: Using a cached neff at /home/ubuntu/neuron_cache_e2e/neuronxcc-2.23.6484.0+3b612583/MODULE_9873161558079543617+e30acd3a/model.neff
2026-09-09 09:25:40.000567:  172230  [INFO]: Using a cached neff at /home/ubuntu/neuron_cache_e2e/neuronxcc-2.23.6484.0+3b612583/MODULE_9873161558079543617+e30acd3a/model.neff
2026-09-09 09:25:40.000570:  172223  [INFO]: Using a cached neff at /home/ubuntu/neuron_cache_e2e/neuronxcc-2.23.6484.0+3b612583/MODULE_9873161558079543617+e30acd3a/model.neff
2026-09-09 09:25:40.000580:  172246  [INFO]: Using a cached neff at /home/ubuntu/neuron_cache_e2e/neuronxcc-2.23.6484.0+3b612583/MODULE_9873161558079543617+e30acd3a/model.neff
2026-09-09 09:25:40.000583:  172220  [INFO]: Using a cached neff at /home/ubuntu/neuron_cache_e2e/neuronxcc-2.23.6484.0+3b612583/MODULE_9873161558079543617+e30acd3a/model.neff
2026-09-09 09:25:40.000588:  172242  [INFO]: Using a cached neff at /home/ubuntu/neuron_cache_e2e/neuronxcc-2.23.6484.0+3b612583/MODULE_9873161558079543617+e30acd3a/model.neff
2026-09-09 09:25:40.000591:  172222  [INFO]: Using a cached neff at /home/ubuntu/neuron_cache_e2e/neuronxcc-2.23.6484.0+3b612583/MODULE_9873161558079543617+e30acd3a/model.neff
2026-09-09 09:25:40.000599:  172250  [INFO]: Using a cached neff at /home/ubuntu/neuron_cache_e2e/neuronxcc-2.23.6484.0+3b612583/MODULE_9873161558079543617+e30acd3a/model.neff
2026-09-09 09:25:40.000602:  172247  [INFO]: Using a cached neff at /home/ubuntu/neuron_cache_e2e/neuronxcc-2.23.6484.0+3b612583/MODULE_9873161558079543617+e30acd3a/model.neff
2026-09-09 09:25:40.000613:  172251  [INFO]: Using a cached neff at /home/ubuntu/neuron_cache_e2e/neuronxcc-2.23.6484.0+3b612583/MODULE_9873161558079543617+e30acd3a/model.neff
2026-09-09 09:25:40.000619:  172227  [INFO]: Using a cached neff at /home/ubuntu/neuron_cache_e2e/neuronxcc-2.23.6484.0+3b612583/MODULE_9873161558079543617+e30acd3a/model.neff
2026-09-09 09:25:40.000622:  172243  [INFO]: Using a cached neff at /home/ubuntu/neuron_cache_e2e/neuronxcc-2.23.6484.0+3b612583/MODULE_9873161558079543617+e30acd3a/model.neff
2026-09-09 09:25:40.000624:  172245  [INFO]: Using a cached neff at /home/ubuntu/neuron_cache_e2e/neuronxcc-2.23.6484.0+3b612583/MODULE_9873161558079543617+e30acd3a/model.neff
2026-09-09 09:25:40.000625:  172239  [INFO]: Using a cached neff at /home/ubuntu/neuron_cache_e2e/neuronxcc-2.23.6484.0+3b612583/MODULE_9873161558079543617+e30acd3a/model.neff
2026-09-09 09:25:40.000631:  172228  [INFO]: Using a cached neff at /home/ubuntu/neuron_cache_e2e/neuronxcc-2.23.6484.0+3b612583/MODULE_9873161558079543617+e30acd3a/model.neff
2026-09-09 09:25:40.000636:  172234  [INFO]: Using a cached neff at /home/ubuntu/neuron_cache_e2e/neuronxcc-2.23.6484.0+3b612583/MODULE_9873161558079543617+e30acd3a/model.neff
2026-09-09 09:25:40.000641:  172240  [INFO]: Using a cached neff at /home/ubuntu/neuron_cache_e2e/neuronxcc-2.23.6484.0+3b612583/MODULE_9873161558079543617+e30acd3a/model.neff
2026-09-09 09:25:40.000642:  172244  [INFO]: Using a cached neff at /home/ubuntu/neuron_cache_e2e/neuronxcc-2.23.6484.0+3b612583/MODULE_9873161558079543617+e30acd3a/model.neff
2026-09-09 09:25:40.000643:  172236  [INFO]: Using a cached neff at /home/ubuntu/neuron_cache_e2e/neuronxcc-2.23.6484.0+3b612583/MODULE_9873161558079543617+e30acd3a/model.neff
2026-09-09 09:25:40.000645:  172224  [INFO]: Using a cached neff at /home/ubuntu/neuron_cache_e2e/neuronxcc-2.23.6484.0+3b612583/MODULE_9873161558079543617+e30acd3a/model.neff
2026-09-09 09:25:40.000646:  172229  [INFO]: Using a cached neff at /home/ubuntu/neuron_cache_e2e/neuronxcc-2.23.6484.0+3b612583/MODULE_9873161558079543617+e30acd3a/model.neff
2026-09-09 09:25:40.000659:  172221  [INFO]: Using a cached neff at /home/ubuntu/neuron_cache_e2e/neuronxcc-2.23.6484.0+3b612583/MODULE_9873161558079543617+e30acd3a/model.neff
2026-09-09 09:25:40.000672:  172225  [INFO]: Using a cached neff at /home/ubuntu/neuron_cache_e2e/neuronxcc-2.23.6484.0+3b612583/MODULE_9873161558079543617+e30acd3a/model.neff
2026-09-09 09:25:40.000728:  172231  [INFO]: Using a cached neff at /home/ubuntu/neuron_cache_e2e/neuronxcc-2.23.6484.0+3b612583/MODULE_9873161558079543617+e30acd3a/model.neff
2026-09-09 09:25:40.000735:  172226  [INFO]: Using a cached neff at /home/ubuntu/neuron_cache_e2e/neuronxcc-2.23.6484.0+3b612583/MODULE_9873161558079543617+e30acd3a/model.neff
