2026-09-09 09:14:03.049508: W neuron/pjrt-api/neuronpjrt.cc:1781] Use PJRT C-API 0.79 as client did not specify a PJRT C-API version
2026-09-09 09:14:03.146322: W neuron/pjrt-api/neuronpjrt.cc:1781] Use PJRT C-API 0.79 as client did not specify a PJRT C-API version
2026-09-09 09:14:03.160331: W neuron/pjrt-api/neuronpjrt.cc:1781] Use PJRT C-API 0.79 as client did not specify a PJRT C-API version
2026-09-09 09:14:03.221708: W neuron/pjrt-api/neuronpjrt.cc:1781] Use PJRT C-API 0.79 as client did not specify a PJRT C-API version
2026-09-09 09:14:03.243584: W neuron/pjrt-api/neuronpjrt.cc:1781] Use PJRT C-API 0.79 as client did not specify a PJRT C-API version
2026-09-09 09:14:03.247932: W neuron/pjrt-api/neuronpjrt.cc:1781] Use PJRT C-API 0.79 as client did not specify a PJRT C-API version
2026-09-09 09:14:03.257627: W neuron/pjrt-api/neuronpjrt.cc:1781] Use PJRT C-API 0.79 as client did not specify a PJRT C-API version
2026-09-09 09:14:03.259788: W neuron/pjrt-api/neuronpjrt.cc:1781] Use PJRT C-API 0.79 as client did not specify a PJRT C-API version
2026-09-09 09:14:03.291911: W neuron/pjrt-api/neuronpjrt.cc:1781] Use PJRT C-API 0.79 as client did not specify a PJRT C-API version
2026-09-09 09:14:03.315022: W neuron/pjrt-api/neuronpjrt.cc:1781] Use PJRT C-API 0.79 as client did not specify a PJRT C-API version
2026-09-09 09:14:03.315043: W neuron/pjrt-api/neuronpjrt.cc:1781] Use PJRT C-API 0.79 as client did not specify a PJRT C-API version
2026-09-09 09:14:03.362137: W neuron/pjrt-api/neuronpjrt.cc:1781] Use PJRT C-API 0.79 as client did not specify a PJRT C-API version
2026-09-09 09:14:03.374646: W neuron/pjrt-api/neuronpjrt.cc:1781] Use PJRT C-API 0.79 as client did not specify a PJRT C-API version
2026-09-09 09:14:03.385121: W neuron/pjrt-api/neuronpjrt.cc:1781] Use PJRT C-API 0.79 as client did not specify a PJRT C-API version
2026-09-09 09:14:03.387555: W neuron/pjrt-api/neuronpjrt.cc:1781] Use PJRT C-API 0.79 as client did not specify a PJRT C-API version
2026-09-09 09:14:03.390438: W neuron/pjrt-api/neuronpjrt.cc:1781] Use PJRT C-API 0.79 as client did not specify a PJRT C-API version
2026-09-09 09:14:03.393340: W neuron/pjrt-api/neuronpjrt.cc:1781] Use PJRT C-API 0.79 as client did not specify a PJRT C-API version
2026-09-09 09:14:03.394318: W neuron/pjrt-api/neuronpjrt.cc:1781] Use PJRT C-API 0.79 as client did not specify a PJRT C-API version
2026-09-09 09:14:03.397500: W neuron/pjrt-api/neuronpjrt.cc:1781] Use PJRT C-API 0.79 as client did not specify a PJRT C-API version
2026-09-09 09:14:03.398285: W neuron/pjrt-api/neuronpjrt.cc:1781] Use PJRT C-API 0.79 as client did not specify a PJRT C-API version
2026-09-09 09:14:03.404590: W neuron/pjrt-api/neuronpjrt.cc:1781] Use PJRT C-API 0.79 as client did not specify a PJRT C-API version
2026-09-09 09:14:03.405691: W neuron/pjrt-api/neuronpjrt.cc:1781] Use PJRT C-API 0.79 as client did not specify a PJRT C-API version
2026-09-09 09:14:03.423676: W neuron/pjrt-api/neuronpjrt.cc:1781] Use PJRT C-API 0.79 as client did not specify a PJRT C-API version
2026-09-09 09:14:03.425798: W neuron/pjrt-api/neuronpjrt.cc:1781] Use PJRT C-API 0.79 as client did not specify a PJRT C-API version
2026-09-09 09:14:03.454137: W neuron/pjrt-api/neuronpjrt.cc:1781] Use PJRT C-API 0.79 as client did not specify a PJRT C-API version
2026-09-09 09:14:03.482516: W neuron/pjrt-api/neuronpjrt.cc:1781] Use PJRT C-API 0.79 as client did not specify a PJRT C-API version
2026-09-09 09:14:03.482547: W neuron/pjrt-api/neuronpjrt.cc:1781] Use PJRT C-API 0.79 as client did not specify a PJRT C-API version
2026-09-09 09:14:03.502470: W neuron/pjrt-api/neuronpjrt.cc:1781] Use PJRT C-API 0.79 as client did not specify a PJRT C-API version
2026-09-09 09:14:03.523856: W neuron/pjrt-api/neuronpjrt.cc:1781] Use PJRT C-API 0.79 as client did not specify a PJRT C-API version
2026-09-09 09:14:03.527109: W neuron/pjrt-api/neuronpjrt.cc:1781] Use PJRT C-API 0.79 as client did not specify a PJRT C-API version
2026-09-09 09:14:03.550407: W neuron/pjrt-api/neuronpjrt.cc:1781] Use PJRT C-API 0.79 as client did not specify a PJRT C-API version
2026-09-09 09:14:03.589976: W neuron/pjrt-api/neuronpjrt.cc:1781] Use PJRT C-API 0.79 as client did not specify a PJRT C-API version
/home/ubuntu/train_llama10b_tp_families.py:356: DeprecationWarning: Use torch_xla.sync instead
  xm.mark_step()
/home/ubuntu/train_llama10b_tp_families.py:356: DeprecationWarning: Use torch_xla.sync instead
  xm.mark_step()
/home/ubuntu/train_llama10b_tp_families.py:356: DeprecationWarning: Use torch_xla.sync instead
  xm.mark_step()
/home/ubuntu/train_llama10b_tp_families.py:356: DeprecationWarning: Use torch_xla.sync instead
  xm.mark_step()
/home/ubuntu/train_llama10b_tp_families.py:356: DeprecationWarning: Use torch_xla.sync instead
  xm.mark_step()
/home/ubuntu/train_llama10b_tp_families.py:356: DeprecationWarning: Use torch_xla.sync instead
  xm.mark_step()
/home/ubuntu/train_llama10b_tp_families.py:356: DeprecationWarning: Use torch_xla.sync instead
  xm.mark_step()
/home/ubuntu/train_llama10b_tp_families.py:356: DeprecationWarning: Use torch_xla.sync instead
  xm.mark_step()
/home/ubuntu/train_llama10b_tp_families.py:356: DeprecationWarning: Use torch_xla.sync instead
  xm.mark_step()
/home/ubuntu/train_llama10b_tp_families.py:356: DeprecationWarning: Use torch_xla.sync instead
  xm.mark_step()
/home/ubuntu/train_llama10b_tp_families.py:356: DeprecationWarning: Use torch_xla.sync instead
  xm.mark_step()
/home/ubuntu/train_llama10b_tp_families.py:356: DeprecationWarning: Use torch_xla.sync instead
  xm.mark_step()
/home/ubuntu/train_llama10b_tp_families.py:356: DeprecationWarning: Use torch_xla.sync instead
  xm.mark_step()
/home/ubuntu/train_llama10b_tp_families.py:356: DeprecationWarning: Use torch_xla.sync instead
  xm.mark_step()
/home/ubuntu/train_llama10b_tp_families.py:356: DeprecationWarning: Use torch_xla.sync instead
  xm.mark_step()
/home/ubuntu/train_llama10b_tp_families.py:356: DeprecationWarning: Use torch_xla.sync instead
  xm.mark_step()
/home/ubuntu/train_llama10b_tp_families.py:356: DeprecationWarning: Use torch_xla.sync instead
  xm.mark_step()
/home/ubuntu/train_llama10b_tp_families.py:356: DeprecationWarning: Use torch_xla.sync instead
  xm.mark_step()
/home/ubuntu/train_llama10b_tp_families.py:356: DeprecationWarning: Use torch_xla.sync instead
  xm.mark_step()
/home/ubuntu/train_llama10b_tp_families.py:356: DeprecationWarning: Use torch_xla.sync instead
  xm.mark_step()
/home/ubuntu/train_llama10b_tp_families.py:356: DeprecationWarning: Use torch_xla.sync instead
  xm.mark_step()
/home/ubuntu/train_llama10b_tp_families.py:356: DeprecationWarning: Use torch_xla.sync instead
  xm.mark_step()
/home/ubuntu/train_llama10b_tp_families.py:356: DeprecationWarning: Use torch_xla.sync instead
  xm.mark_step()
/home/ubuntu/train_llama10b_tp_families.py:356: DeprecationWarning: Use torch_xla.sync instead
  xm.mark_step()
/home/ubuntu/train_llama10b_tp_families.py:356: DeprecationWarning: Use torch_xla.sync instead
  xm.mark_step()
/home/ubuntu/train_llama10b_tp_families.py:356: DeprecationWarning: Use torch_xla.sync instead
  xm.mark_step()
/home/ubuntu/train_llama10b_tp_families.py:356: DeprecationWarning: Use torch_xla.sync instead
  xm.mark_step()
/home/ubuntu/train_llama10b_tp_families.py:356: DeprecationWarning: Use torch_xla.sync instead
  xm.mark_step()
/home/ubuntu/train_llama10b_tp_families.py:356: DeprecationWarning: Use torch_xla.sync instead
  xm.mark_step()
/home/ubuntu/train_llama10b_tp_families.py:356: DeprecationWarning: Use torch_xla.sync instead
  xm.mark_step()
/home/ubuntu/train_llama10b_tp_families.py:356: DeprecationWarning: Use torch_xla.sync instead
  xm.mark_step()
/home/ubuntu/train_llama10b_tp_families.py:356: DeprecationWarning: Use torch_xla.sync instead
  xm.mark_step()
/home/ubuntu/train_llama10b_tp_families.py:412: DeprecationWarning: Use torch_xla.sync instead
  xm.mark_step()
/home/ubuntu/train_llama10b_tp_families.py:412: DeprecationWarning: Use torch_xla.sync instead
  xm.mark_step()
/home/ubuntu/train_llama10b_tp_families.py:412: DeprecationWarning: Use torch_xla.sync instead
  xm.mark_step()
/home/ubuntu/train_llama10b_tp_families.py:412: DeprecationWarning: Use torch_xla.sync instead
  xm.mark_step()
/home/ubuntu/train_llama10b_tp_families.py:412: DeprecationWarning: Use torch_xla.sync instead
  xm.mark_step()
/home/ubuntu/train_llama10b_tp_families.py:412: DeprecationWarning: Use torch_xla.sync instead
  xm.mark_step()
/home/ubuntu/train_llama10b_tp_families.py:412: DeprecationWarning: Use torch_xla.sync instead
  xm.mark_step()
/home/ubuntu/train_llama10b_tp_families.py:412: DeprecationWarning: Use torch_xla.sync instead
  xm.mark_step()
/home/ubuntu/train_llama10b_tp_families.py:412: DeprecationWarning: Use torch_xla.sync instead
  xm.mark_step()
/home/ubuntu/train_llama10b_tp_families.py:412: DeprecationWarning: Use torch_xla.sync instead
  xm.mark_step()
/home/ubuntu/train_llama10b_tp_families.py:412: DeprecationWarning: Use torch_xla.sync instead
  xm.mark_step()
/home/ubuntu/train_llama10b_tp_families.py:412: DeprecationWarning: Use torch_xla.sync instead
  xm.mark_step()
/home/ubuntu/train_llama10b_tp_families.py:412: DeprecationWarning: Use torch_xla.sync instead
  xm.mark_step()
/home/ubuntu/train_llama10b_tp_families.py:412: DeprecationWarning: Use torch_xla.sync instead
  xm.mark_step()
2026-09-09 09:14:38.000546:  133551  [INFO]: Using a cached neff at /home/ubuntu/neuron_cache_e2e/neuronxcc-2.23.6484.0+3b612583/MODULE_9392992193530532174+e30acd3a/model.neff
/home/ubuntu/train_llama10b_tp_families.py:412: DeprecationWarning: Use torch_xla.sync instead
  xm.mark_step()
/home/ubuntu/train_llama10b_tp_families.py:412: DeprecationWarning: Use torch_xla.sync instead
  xm.mark_step()
2026-09-09 09:14:38.000619:  133557  [INFO]: Using a cached neff at /home/ubuntu/neuron_cache_e2e/neuronxcc-2.23.6484.0+3b612583/MODULE_9392992193530532174+e30acd3a/model.neff
2026-09-09 09:14:38.000627:  133537  [INFO]: Using a cached neff at /home/ubuntu/neuron_cache_e2e/neuronxcc-2.23.6484.0+3b612583/MODULE_9392992193530532174+e30acd3a/model.neff
/home/ubuntu/train_llama10b_tp_families.py:412: DeprecationWarning: Use torch_xla.sync instead
  xm.mark_step()
2026-09-09 09:14:38.000650:  133531  [INFO]: Using a cached neff at /home/ubuntu/neuron_cache_e2e/neuronxcc-2.23.6484.0+3b612583/MODULE_9392992193530532174+e30acd3a/model.neff
2026-09-09 09:14:38.000665:  133541  [INFO]: Using a cached neff at /home/ubuntu/neuron_cache_e2e/neuronxcc-2.23.6484.0+3b612583/MODULE_9392992193530532174+e30acd3a/model.neff
2026-09-09 09:14:38.000669:  133533  [INFO]: Using a cached neff at /home/ubuntu/neuron_cache_e2e/neuronxcc-2.23.6484.0+3b612583/MODULE_9392992193530532174+e30acd3a/model.neff
/home/ubuntu/train_llama10b_tp_families.py:412: DeprecationWarning: Use torch_xla.sync instead
  xm.mark_step()
/home/ubuntu/train_llama10b_tp_families.py:412: DeprecationWarning: Use torch_xla.sync instead
  xm.mark_step()
/home/ubuntu/train_llama10b_tp_families.py:412: DeprecationWarning: Use torch_xla.sync instead
  xm.mark_step()
2026-09-09 09:14:38.000769:  133548  [INFO]: Using a cached neff at /home/ubuntu/neuron_cache_e2e/neuronxcc-2.23.6484.0+3b612583/MODULE_9392992193530532174+e30acd3a/model.neff
2026-09-09 09:14:38.000769:  133545  [INFO]: Using a cached neff at /home/ubuntu/neuron_cache_e2e/neuronxcc-2.23.6484.0+3b612583/MODULE_9392992193530532174+e30acd3a/model.neff
/home/ubuntu/train_llama10b_tp_families.py:412: DeprecationWarning: Use torch_xla.sync instead
  xm.mark_step()
/home/ubuntu/train_llama10b_tp_families.py:412: DeprecationWarning: Use torch_xla.sync instead
  xm.mark_step()
/home/ubuntu/train_llama10b_tp_families.py:412: DeprecationWarning: Use torch_xla.sync instead
  xm.mark_step()
/home/ubuntu/train_llama10b_tp_families.py:412: DeprecationWarning: Use torch_xla.sync instead
  xm.mark_step()
/home/ubuntu/train_llama10b_tp_families.py:412: DeprecationWarning: Use torch_xla.sync instead
  xm.mark_step()
/home/ubuntu/train_llama10b_tp_families.py:412: DeprecationWarning: Use torch_xla.sync instead
  xm.mark_step()
/home/ubuntu/train_llama10b_tp_families.py:412: DeprecationWarning: Use torch_xla.sync instead
  xm.mark_step()
2026-09-09 09:14:38.000949:  133549  [INFO]: Using a cached neff at /home/ubuntu/neuron_cache_e2e/neuronxcc-2.23.6484.0+3b612583/MODULE_9392992193530532174+e30acd3a/model.neff
/home/ubuntu/train_llama10b_tp_families.py:412: DeprecationWarning: Use torch_xla.sync instead
  xm.mark_step()
/home/ubuntu/train_llama10b_tp_families.py:412: DeprecationWarning: Use torch_xla.sync instead
  xm.mark_step()
2026-09-09 09:14:39.000133:  133560  [INFO]: Using a cached neff at /home/ubuntu/neuron_cache_e2e/neuronxcc-2.23.6484.0+3b612583/MODULE_9392992193530532174+e30acd3a/model.neff
2026-09-09 09:14:39.000359:  133547  [INFO]: Using a cached neff at /home/ubuntu/neuron_cache_e2e/neuronxcc-2.23.6484.0+3b612583/MODULE_9392992193530532174+e30acd3a/model.neff
2026-09-09 09:14:39.000405:  133543  [INFO]: Using a cached neff at /home/ubuntu/neuron_cache_e2e/neuronxcc-2.23.6484.0+3b612583/MODULE_9392992193530532174+e30acd3a/model.neff
2026-09-09 09:14:39.000544:  133555  [INFO]: Using a cached neff at /home/ubuntu/neuron_cache_e2e/neuronxcc-2.23.6484.0+3b612583/MODULE_9392992193530532174+e30acd3a/model.neff
2026-09-09 09:14:39.000591:  133538  [INFO]: Using a cached neff at /home/ubuntu/neuron_cache_e2e/neuronxcc-2.23.6484.0+3b612583/MODULE_9392992193530532174+e30acd3a/model.neff
/home/ubuntu/train_llama10b_tp_families.py:412: DeprecationWarning: Use torch_xla.sync instead
  xm.mark_step()
/home/ubuntu/train_llama10b_tp_families.py:412: DeprecationWarning: Use torch_xla.sync instead
  xm.mark_step()
/home/ubuntu/train_llama10b_tp_families.py:412: DeprecationWarning: Use torch_xla.sync instead
  xm.mark_step()
/home/ubuntu/train_llama10b_tp_families.py:436: DeprecationWarning: Use torch_xla.sync instead
  xm.mark_step()
2026-09-09 09:14:40.000416:  133556  [INFO]: Using a cached neff at /home/ubuntu/neuron_cache_e2e/neuronxcc-2.23.6484.0+3b612583/MODULE_9392992193530532174+e30acd3a/model.neff
/home/ubuntu/train_llama10b_tp_families.py:436: DeprecationWarning: Use torch_xla.sync instead
  xm.mark_step()
/home/ubuntu/train_llama10b_tp_families.py:436: DeprecationWarning: Use torch_xla.sync instead
  xm.mark_step()
/home/ubuntu/train_llama10b_tp_families.py:436: DeprecationWarning: Use torch_xla.sync instead
  xm.mark_step()
/home/ubuntu/train_llama10b_tp_families.py:436: DeprecationWarning: Use torch_xla.sync instead
  xm.mark_step()
2026-09-09 09:14:40.000556:  133532  [INFO]: Using a cached neff at /home/ubuntu/neuron_cache_e2e/neuronxcc-2.23.6484.0+3b612583/MODULE_9392992193530532174+e30acd3a/model.neff
2026-09-09 09:14:40.000642:  133544  [INFO]: Using a cached neff at /home/ubuntu/neuron_cache_e2e/neuronxcc-2.23.6484.0+3b612583/MODULE_9392992193530532174+e30acd3a/model.neff
/home/ubuntu/train_llama10b_tp_families.py:436: DeprecationWarning: Use torch_xla.sync instead
  xm.mark_step()
2026-09-09 09:14:40.000711:  133535  [INFO]: Using a cached neff at /home/ubuntu/neuron_cache_e2e/neuronxcc-2.23.6484.0+3b612583/MODULE_9392992193530532174+e30acd3a/model.neff
/home/ubuntu/train_llama10b_tp_families.py:436: DeprecationWarning: Use torch_xla.sync instead
  xm.mark_step()
2026-09-09 09:14:40.000798:  133558  [INFO]: Using a cached neff at /home/ubuntu/neuron_cache_e2e/neuronxcc-2.23.6484.0+3b612583/MODULE_9392992193530532174+e30acd3a/model.neff
/home/ubuntu/train_llama10b_tp_families.py:436: DeprecationWarning: Use torch_xla.sync instead
  xm.mark_step()
2026-09-09 09:14:40.000869:  133542  [INFO]: Using a cached neff at /home/ubuntu/neuron_cache_e2e/neuronxcc-2.23.6484.0+3b612583/MODULE_9392992193530532174+e30acd3a/model.neff
2026-09-09 09:14:41.000001:  133550  [INFO]: Using a cached neff at /home/ubuntu/neuron_cache_e2e/neuronxcc-2.23.6484.0+3b612583/MODULE_9392992193530532174+e30acd3a/model.neff
/home/ubuntu/train_llama10b_tp_families.py:436: DeprecationWarning: Use torch_xla.sync instead
  xm.mark_step()
2026-09-09 09:14:41.000045:  133551  [INFO]: Using a cached neff at /home/ubuntu/neuron_cache_e2e/neuronxcc-2.23.6484.0+3b612583/MODULE_16915688315513962643+e30acd3a/model.neff
2026-09-09 09:14:41.000090:  133539  [INFO]: Using a cached neff at /home/ubuntu/neuron_cache_e2e/neuronxcc-2.23.6484.0+3b612583/MODULE_9392992193530532174+e30acd3a/model.neff
2026-09-09 09:14:41.000090:  133534  [INFO]: Using a cached neff at /home/ubuntu/neuron_cache_e2e/neuronxcc-2.23.6484.0+3b612583/MODULE_9392992193530532174+e30acd3a/model.neff
2026-09-09 09:14:41.000135:  133557  [INFO]: Using a cached neff at /home/ubuntu/neuron_cache_e2e/neuronxcc-2.23.6484.0+3b612583/MODULE_16915688315513962643+e30acd3a/model.neff
2026-09-09 09:14:41.000177:  133541  [INFO]: Using a cached neff at /home/ubuntu/neuron_cache_e2e/neuronxcc-2.23.6484.0+3b612583/MODULE_16915688315513962643+e30acd3a/model.neff
2026-09-09 09:14:41.000177:  133552  [INFO]: Using a cached neff at /home/ubuntu/neuron_cache_e2e/neuronxcc-2.23.6484.0+3b612583/MODULE_9392992193530532174+e30acd3a/model.neff
/home/ubuntu/train_llama10b_tp_families.py:443: DeprecationWarning: Use torch_xla.sync instead
  xm.mark_step()
2026-09-09 09:14:41.000220:  133531  [INFO]: Using a cached neff at /home/ubuntu/neuron_cache_e2e/neuronxcc-2.23.6484.0+3b612583/MODULE_16915688315513962643+e30acd3a/model.neff
2026-09-09 09:14:41.000257:  133546  [INFO]: Using a cached neff at /home/ubuntu/neuron_cache_e2e/neuronxcc-2.23.6484.0+3b612583/MODULE_9392992193530532174+e30acd3a/model.neff
2026-09-09 09:14:41.000257:  133553  [INFO]: Using a cached neff at /home/ubuntu/neuron_cache_e2e/neuronxcc-2.23.6484.0+3b612583/MODULE_9392992193530532174+e30acd3a/model.neff
2026-09-09 09:14:41.000257:  133536  [INFO]: Using a cached neff at /home/ubuntu/neuron_cache_e2e/neuronxcc-2.23.6484.0+3b612583/MODULE_9392992193530532174+e30acd3a/model.neff
/home/ubuntu/train_llama10b_tp_families.py:436: DeprecationWarning: Use torch_xla.sync instead
  xm.mark_step()
/home/ubuntu/train_llama10b_tp_families.py:443: DeprecationWarning: Use torch_xla.sync instead
  xm.mark_step()
2026-09-09 09:14:41.000300:  133561  [INFO]: Using a cached neff at /home/ubuntu/neuron_cache_e2e/neuronxcc-2.23.6484.0+3b612583/MODULE_9392992193530532174+e30acd3a/model.neff
/home/ubuntu/train_llama10b_tp_families.py:436: DeprecationWarning: Use torch_xla.sync instead
  xm.mark_step()
/home/ubuntu/train_llama10b_tp_families.py:443: DeprecationWarning: Use torch_xla.sync instead
  xm.mark_step()
/home/ubuntu/train_llama10b_tp_families.py:443: DeprecationWarning: Use torch_xla.sync instead
  xm.mark_step()
2026-09-09 09:14:41.000340:  133562  [INFO]: Using a cached neff at /home/ubuntu/neuron_cache_e2e/neuronxcc-2.23.6484.0+3b612583/MODULE_9392992193530532174+e30acd3a/model.neff
2026-09-09 09:14:41.000424:  133533  [INFO]: Using a cached neff at /home/ubuntu/neuron_cache_e2e/neuronxcc-2.23.6484.0+3b612583/MODULE_16915688315513962643+e30acd3a/model.neff
2026-09-09 09:14:41.000424:  133540  [INFO]: Using a cached neff at /home/ubuntu/neuron_cache_e2e/neuronxcc-2.23.6484.0+3b612583/MODULE_9392992193530532174+e30acd3a/model.neff
2026-09-09 09:14:41.000424:  133554  [INFO]: Using a cached neff at /home/ubuntu/neuron_cache_e2e/neuronxcc-2.23.6484.0+3b612583/MODULE_9392992193530532174+e30acd3a/model.neff
2026-09-09 09:14:41.000424:  133559  [INFO]: Using a cached neff at /home/ubuntu/neuron_cache_e2e/neuronxcc-2.23.6484.0+3b612583/MODULE_9392992193530532174+e30acd3a/model.neff
/home/ubuntu/train_llama10b_tp_families.py:436: DeprecationWarning: Use torch_xla.sync instead
  xm.mark_step()
2026-09-09 09:14:41.000560:  133537  [INFO]: Using a cached neff at /home/ubuntu/neuron_cache_e2e/neuronxcc-2.23.6484.0+3b612583/MODULE_16915688315513962643+e30acd3a/model.neff
/home/ubuntu/train_llama10b_tp_families.py:443: DeprecationWarning: Use torch_xla.sync instead
  xm.mark_step()
2026-09-09 09:14:41.000593:  133548  [INFO]: Using a cached neff at /home/ubuntu/neuron_cache_e2e/neuronxcc-2.23.6484.0+3b612583/MODULE_16915688315513962643+e30acd3a/model.neff
2026-09-09 09:14:41.000596:  133545  [INFO]: Using a cached neff at /home/ubuntu/neuron_cache_e2e/neuronxcc-2.23.6484.0+3b612583/MODULE_16915688315513962643+e30acd3a/model.neff
2026-09-09 09:14:41.000599:  133560  [INFO]: Using a cached neff at /home/ubuntu/neuron_cache_e2e/neuronxcc-2.23.6484.0+3b612583/MODULE_16915688315513962643+e30acd3a/model.neff
2026-09-09 09:14:41.000599:  133549  [INFO]: Using a cached neff at /home/ubuntu/neuron_cache_e2e/neuronxcc-2.23.6484.0+3b612583/MODULE_16915688315513962643+e30acd3a/model.neff
2026-09-09 09:14:41.000602:  133543  [INFO]: Using a cached neff at /home/ubuntu/neuron_cache_e2e/neuronxcc-2.23.6484.0+3b612583/MODULE_16915688315513962643+e30acd3a/model.neff
2026-09-09 09:14:41.000602:  133551  [INFO]: Using a cached neff at /home/ubuntu/neuron_cache_e2e/neuronxcc-2.23.6484.0+3b612583/MODULE_13438219581461298073+e30acd3a/model.neff
2026-09-09 09:14:41.000605:  133557  [INFO]: Using a cached neff at /home/ubuntu/neuron_cache_e2e/neuronxcc-2.23.6484.0+3b612583/MODULE_13438219581461298073+e30acd3a/model.neff
/home/ubuntu/train_llama10b_tp_families.py:443: DeprecationWarning: Use torch_xla.sync instead
  xm.mark_step()
/home/ubuntu/train_llama10b_tp_families.py:443: DeprecationWarning: Use torch_xla.sync instead
  xm.mark_step()
/home/ubuntu/train_llama10b_tp_families.py:443: DeprecationWarning: Use torch_xla.sync instead
  xm.mark_step()
2026-09-09 09:14:41.000611:  133547  [INFO]: Using a cached neff at /home/ubuntu/neuron_cache_e2e/neuronxcc-2.23.6484.0+3b612583/MODULE_16915688315513962643+e30acd3a/model.neff
/home/ubuntu/train_llama10b_tp_families.py:443: DeprecationWarning: Use torch_xla.sync instead
  xm.mark_step()
/home/ubuntu/train_llama10b_tp_families.py:443: DeprecationWarning: Use torch_xla.sync instead
  xm.mark_step()
/home/ubuntu/train_llama10b_tp_families.py:443: DeprecationWarning: Use torch_xla.sync instead
  xm.mark_step()
2026-09-09 09:14:41.000622:  133531  [INFO]: Using a cached neff at /home/ubuntu/neuron_cache_e2e/neuronxcc-2.23.6484.0+3b612583/MODULE_13438219581461298073+e30acd3a/model.neff
2026-09-09 09:14:41.000626:  133533  [INFO]: Using a cached neff at /home/ubuntu/neuron_cache_e2e/neuronxcc-2.23.6484.0+3b612583/MODULE_13438219581461298073+e30acd3a/model.neff
/home/ubuntu/train_llama10b_tp_families.py:443: DeprecationWarning: Use torch_xla.sync instead
  xm.mark_step()
2026-09-09 09:14:41.000630:  133541  [INFO]: Using a cached neff at /home/ubuntu/neuron_cache_e2e/neuronxcc-2.23.6484.0+3b612583/MODULE_13438219581461298073+e30acd3a/model.neff
/home/ubuntu/train_llama10b_tp_families.py:436: DeprecationWarning: Use torch_xla.sync instead
  xm.mark_step()
2026-09-09 09:14:41.000641:  133537  [INFO]: Using a cached neff at /home/ubuntu/neuron_cache_e2e/neuronxcc-2.23.6484.0+3b612583/MODULE_13438219581461298073+e30acd3a/model.neff
2026-09-09 09:14:41.000654:  133545  [INFO]: Using a cached neff at /home/ubuntu/neuron_cache_e2e/neuronxcc-2.23.6484.0+3b612583/MODULE_13438219581461298073+e30acd3a/model.neff
/home/ubuntu/train_llama10b_tp_families.py:436: DeprecationWarning: Use torch_xla.sync instead
  xm.mark_step()
2026-09-09 09:14:41.000663:  133538  [INFO]: Using a cached neff at /home/ubuntu/neuron_cache_e2e/neuronxcc-2.23.6484.0+3b612583/MODULE_16915688315513962643+e30acd3a/model.neff
2026-09-09 09:14:41.000667:  133549  [INFO]: Using a cached neff at /home/ubuntu/neuron_cache_e2e/neuronxcc-2.23.6484.0+3b612583/MODULE_13438219581461298073+e30acd3a/model.neff
2026-09-09 09:14:41.000670:  133560  [INFO]: Using a cached neff at /home/ubuntu/neuron_cache_e2e/neuronxcc-2.23.6484.0+3b612583/MODULE_13438219581461298073+e30acd3a/model.neff
2026-09-09 09:14:41.000673:  133543  [INFO]: Using a cached neff at /home/ubuntu/neuron_cache_e2e/neuronxcc-2.23.6484.0+3b612583/MODULE_13438219581461298073+e30acd3a/model.neff
2026-09-09 09:14:41.000681:  133555  [INFO]: Using a cached neff at /home/ubuntu/neuron_cache_e2e/neuronxcc-2.23.6484.0+3b612583/MODULE_16915688315513962643+e30acd3a/model.neff
/home/ubuntu/train_llama10b_tp_families.py:443: DeprecationWarning: Use torch_xla.sync instead
  xm.mark_step()
2026-09-09 09:14:41.000688:  133548  [INFO]: Using a cached neff at /home/ubuntu/neuron_cache_e2e/neuronxcc-2.23.6484.0+3b612583/MODULE_13438219581461298073+e30acd3a/model.neff
2026-09-09 09:14:41.000690:  133547  [INFO]: Using a cached neff at /home/ubuntu/neuron_cache_e2e/neuronxcc-2.23.6484.0+3b612583/MODULE_13438219581461298073+e30acd3a/model.neff
/home/ubuntu/train_llama10b_tp_families.py:443: DeprecationWarning: Use torch_xla.sync instead
  xm.mark_step()
2026-09-09 09:14:41.000838:  133538  [INFO]: Using a cached neff at /home/ubuntu/neuron_cache_e2e/neuronxcc-2.23.6484.0+3b612583/MODULE_13438219581461298073+e30acd3a/model.neff
2026-09-09 09:14:41.000853:  133555  [INFO]: Using a cached neff at /home/ubuntu/neuron_cache_e2e/neuronxcc-2.23.6484.0+3b612583/MODULE_13438219581461298073+e30acd3a/model.neff
/home/ubuntu/train_llama10b_tp_families.py:436: DeprecationWarning: Use torch_xla.sync instead
  xm.mark_step()
2026-09-09 09:14:42.000513:  133532  [INFO]: Using a cached neff at /home/ubuntu/neuron_cache_e2e/neuronxcc-2.23.6484.0+3b612583/MODULE_16915688315513962643+e30acd3a/model.neff
/home/ubuntu/train_llama10b_tp_families.py:436: DeprecationWarning: Use torch_xla.sync instead
  xm.mark_step()
2026-09-09 09:14:42.000526:  133556  [INFO]: Using a cached neff at /home/ubuntu/neuron_cache_e2e/neuronxcc-2.23.6484.0+3b612583/MODULE_16915688315513962643+e30acd3a/model.neff
/home/ubuntu/train_llama10b_tp_families.py:443: DeprecationWarning: Use torch_xla.sync instead
  xm.mark_step()
/home/ubuntu/train_llama10b_tp_families.py:443: DeprecationWarning: Use torch_xla.sync instead
  xm.mark_step()
/home/ubuntu/train_llama10b_tp_families.py:436: DeprecationWarning: Use torch_xla.sync instead
  xm.mark_step()
2026-09-09 09:14:42.000680:  133535  [INFO]: Using a cached neff at /home/ubuntu/neuron_cache_e2e/neuronxcc-2.23.6484.0+3b612583/MODULE_16915688315513962643+e30acd3a/model.neff
/home/ubuntu/train_llama10b_tp_families.py:443: DeprecationWarning: Use torch_xla.sync instead
  xm.mark_step()
2026-09-09 09:14:42.000718:  133556  [INFO]: Using a cached neff at /home/ubuntu/neuron_cache_e2e/neuronxcc-2.23.6484.0+3b612583/MODULE_13438219581461298073+e30acd3a/model.neff
2026-09-09 09:14:42.000723:  133532  [INFO]: Using a cached neff at /home/ubuntu/neuron_cache_e2e/neuronxcc-2.23.6484.0+3b612583/MODULE_13438219581461298073+e30acd3a/model.neff
/home/ubuntu/train_llama10b_tp_families.py:436: DeprecationWarning: Use torch_xla.sync instead
  xm.mark_step()
2026-09-09 09:14:42.000742:  133544  [INFO]: Using a cached neff at /home/ubuntu/neuron_cache_e2e/neuronxcc-2.23.6484.0+3b612583/MODULE_16915688315513962643+e30acd3a/model.neff
/home/ubuntu/train_llama10b_tp_families.py:443: DeprecationWarning: Use torch_xla.sync instead
  xm.mark_step()
/home/ubuntu/train_llama10b_tp_families.py:436: DeprecationWarning: Use torch_xla.sync instead
  xm.mark_step()
2026-09-09 09:14:42.000762:  133558  [INFO]: Using a cached neff at /home/ubuntu/neuron_cache_e2e/neuronxcc-2.23.6484.0+3b612583/MODULE_16915688315513962643+e30acd3a/model.neff
/home/ubuntu/train_llama10b_tp_families.py:443: DeprecationWarning: Use torch_xla.sync instead
  xm.mark_step()
2026-09-09 09:14:42.000872:  133535  [INFO]: Using a cached neff at /home/ubuntu/neuron_cache_e2e/neuronxcc-2.23.6484.0+3b612583/MODULE_13438219581461298073+e30acd3a/model.neff
/home/ubuntu/train_llama10b_tp_families.py:436: DeprecationWarning: Use torch_xla.sync instead
  xm.mark_step()
2026-09-09 09:14:42.000896:  133542  [INFO]: Using a cached neff at /home/ubuntu/neuron_cache_e2e/neuronxcc-2.23.6484.0+3b612583/MODULE_16915688315513962643+e30acd3a/model.neff
/home/ubuntu/train_llama10b_tp_families.py:443: DeprecationWarning: Use torch_xla.sync instead
  xm.mark_step()
2026-09-09 09:14:42.000932:  133544  [INFO]: Using a cached neff at /home/ubuntu/neuron_cache_e2e/neuronxcc-2.23.6484.0+3b612583/MODULE_13438219581461298073+e30acd3a/model.neff
/home/ubuntu/train_llama10b_tp_families.py:436: DeprecationWarning: Use torch_xla.sync instead
  xm.mark_step()
2026-09-09 09:14:42.000954:  133558  [INFO]: Using a cached neff at /home/ubuntu/neuron_cache_e2e/neuronxcc-2.23.6484.0+3b612583/MODULE_13438219581461298073+e30acd3a/model.neff
2026-09-09 09:14:42.000954:  133550  [INFO]: Using a cached neff at /home/ubuntu/neuron_cache_e2e/neuronxcc-2.23.6484.0+3b612583/MODULE_16915688315513962643+e30acd3a/model.neff
/home/ubuntu/train_llama10b_tp_families.py:443: DeprecationWarning: Use torch_xla.sync instead
  xm.mark_step()
/home/ubuntu/train_llama10b_tp_families.py:436: DeprecationWarning: Use torch_xla.sync instead
  xm.mark_step()
2026-09-09 09:14:43.000060:  133534  [INFO]: Using a cached neff at /home/ubuntu/neuron_cache_e2e/neuronxcc-2.23.6484.0+3b612583/MODULE_16915688315513962643+e30acd3a/model.neff
/home/ubuntu/train_llama10b_tp_families.py:443: DeprecationWarning: Use torch_xla.sync instead
  xm.mark_step()
/home/ubuntu/train_llama10b_tp_families.py:436: DeprecationWarning: Use torch_xla.sync instead
  xm.mark_step()
2026-09-09 09:14:43.000087:  133542  [INFO]: Using a cached neff at /home/ubuntu/neuron_cache_e2e/neuronxcc-2.23.6484.0+3b612583/MODULE_13438219581461298073+e30acd3a/model.neff
2026-09-09 09:14:43.000091:  133539  [INFO]: Using a cached neff at /home/ubuntu/neuron_cache_e2e/neuronxcc-2.23.6484.0+3b612583/MODULE_16915688315513962643+e30acd3a/model.neff
/home/ubuntu/train_llama10b_tp_families.py:443: DeprecationWarning: Use torch_xla.sync instead
  xm.mark_step()
2026-09-09 09:14:43.000146:  133550  [INFO]: Using a cached neff at /home/ubuntu/neuron_cache_e2e/neuronxcc-2.23.6484.0+3b612583/MODULE_13438219581461298073+e30acd3a/model.neff
/home/ubuntu/train_llama10b_tp_families.py:436: DeprecationWarning: Use torch_xla.sync instead
  xm.mark_step()
2026-09-09 09:14:43.000173:  133552  [INFO]: Using a cached neff at /home/ubuntu/neuron_cache_e2e/neuronxcc-2.23.6484.0+3b612583/MODULE_16915688315513962643+e30acd3a/model.neff
/home/ubuntu/train_llama10b_tp_families.py:443: DeprecationWarning: Use torch_xla.sync instead
  xm.mark_step()
/home/ubuntu/train_llama10b_tp_families.py:436: DeprecationWarning: Use torch_xla.sync instead
  xm.mark_step()
2026-09-09 09:14:43.000250:  133534  [INFO]: Using a cached neff at /home/ubuntu/neuron_cache_e2e/neuronxcc-2.23.6484.0+3b612583/MODULE_13438219581461298073+e30acd3a/model.neff
2026-09-09 09:14:43.000253:  133546  [INFO]: Using a cached neff at /home/ubuntu/neuron_cache_e2e/neuronxcc-2.23.6484.0+3b612583/MODULE_16915688315513962643+e30acd3a/model.neff
/home/ubuntu/train_llama10b_tp_families.py:436: DeprecationWarning: Use torch_xla.sync instead
  xm.mark_step()
2026-09-09 09:14:43.000260:  133553  [INFO]: Using a cached neff at /home/ubuntu/neuron_cache_e2e/neuronxcc-2.23.6484.0+3b612583/MODULE_16915688315513962643+e30acd3a/model.neff
/home/ubuntu/train_llama10b_tp_families.py:443: DeprecationWarning: Use torch_xla.sync instead
  xm.mark_step()
/home/ubuntu/train_llama10b_tp_families.py:443: DeprecationWarning: Use torch_xla.sync instead
  xm.mark_step()
2026-09-09 09:14:43.000282:  133539  [INFO]: Using a cached neff at /home/ubuntu/neuron_cache_e2e/neuronxcc-2.23.6484.0+3b612583/MODULE_13438219581461298073+e30acd3a/model.neff
/home/ubuntu/train_llama10b_tp_families.py:436: DeprecationWarning: Use torch_xla.sync instead
  xm.mark_step()
2026-09-09 09:14:43.000290:  133536  [INFO]: Using a cached neff at /home/ubuntu/neuron_cache_e2e/neuronxcc-2.23.6484.0+3b612583/MODULE_16915688315513962643+e30acd3a/model.neff
/home/ubuntu/train_llama10b_tp_families.py:443: DeprecationWarning: Use torch_xla.sync instead
  xm.mark_step()
2026-09-09 09:14:43.000366:  133552  [INFO]: Using a cached neff at /home/ubuntu/neuron_cache_e2e/neuronxcc-2.23.6484.0+3b612583/MODULE_13438219581461298073+e30acd3a/model.neff
/home/ubuntu/train_llama10b_tp_families.py:436: DeprecationWarning: Use torch_xla.sync instead
  xm.mark_step()
2026-09-09 09:14:43.000391:  133559  [INFO]: Using a cached neff at /home/ubuntu/neuron_cache_e2e/neuronxcc-2.23.6484.0+3b612583/MODULE_16915688315513962643+e30acd3a/model.neff
/home/ubuntu/train_llama10b_tp_families.py:436: DeprecationWarning: Use torch_xla.sync instead
  xm.mark_step()
/home/ubuntu/train_llama10b_tp_families.py:436: DeprecationWarning: Use torch_xla.sync instead
  xm.mark_step()
/home/ubuntu/train_llama10b_tp_families.py:443: DeprecationWarning: Use torch_xla.sync instead
  xm.mark_step()
2026-09-09 09:14:43.000404:  133561  [INFO]: Using a cached neff at /home/ubuntu/neuron_cache_e2e/neuronxcc-2.23.6484.0+3b612583/MODULE_16915688315513962643+e30acd3a/model.neff
/home/ubuntu/train_llama10b_tp_families.py:436: DeprecationWarning: Use torch_xla.sync instead
  xm.mark_step()
2026-09-09 09:14:43.000406:  133540  [INFO]: Using a cached neff at /home/ubuntu/neuron_cache_e2e/neuronxcc-2.23.6484.0+3b612583/MODULE_16915688315513962643+e30acd3a/model.neff
2026-09-09 09:14:43.000411:  133554  [INFO]: Using a cached neff at /home/ubuntu/neuron_cache_e2e/neuronxcc-2.23.6484.0+3b612583/MODULE_16915688315513962643+e30acd3a/model.neff
/home/ubuntu/train_llama10b_tp_families.py:443: DeprecationWarning: Use torch_xla.sync instead
  xm.mark_step()
/home/ubuntu/train_llama10b_tp_families.py:443: DeprecationWarning: Use torch_xla.sync instead
  xm.mark_step()
/home/ubuntu/train_llama10b_tp_families.py:443: DeprecationWarning: Use torch_xla.sync instead
  xm.mark_step()
2026-09-09 09:14:43.000445:  133546  [INFO]: Using a cached neff at /home/ubuntu/neuron_cache_e2e/neuronxcc-2.23.6484.0+3b612583/MODULE_13438219581461298073+e30acd3a/model.neff
2026-09-09 09:14:43.000453:  133553  [INFO]: Using a cached neff at /home/ubuntu/neuron_cache_e2e/neuronxcc-2.23.6484.0+3b612583/MODULE_13438219581461298073+e30acd3a/model.neff
/home/ubuntu/train_llama10b_tp_families.py:436: DeprecationWarning: Use torch_xla.sync instead
  xm.mark_step()
2026-09-09 09:14:43.000465:  133562  [INFO]: Using a cached neff at /home/ubuntu/neuron_cache_e2e/neuronxcc-2.23.6484.0+3b612583/MODULE_16915688315513962643+e30acd3a/model.neff
/home/ubuntu/train_llama10b_tp_families.py:443: DeprecationWarning: Use torch_xla.sync instead
  xm.mark_step()
2026-09-09 09:14:43.000501:  133536  [INFO]: Using a cached neff at /home/ubuntu/neuron_cache_e2e/neuronxcc-2.23.6484.0+3b612583/MODULE_13438219581461298073+e30acd3a/model.neff
2026-09-09 09:14:43.000583:  133559  [INFO]: Using a cached neff at /home/ubuntu/neuron_cache_e2e/neuronxcc-2.23.6484.0+3b612583/MODULE_13438219581461298073+e30acd3a/model.neff
2026-09-09 09:14:43.000595:  133561  [INFO]: Using a cached neff at /home/ubuntu/neuron_cache_e2e/neuronxcc-2.23.6484.0+3b612583/MODULE_13438219581461298073+e30acd3a/model.neff
2026-09-09 09:14:43.000598:  133540  [INFO]: Using a cached neff at /home/ubuntu/neuron_cache_e2e/neuronxcc-2.23.6484.0+3b612583/MODULE_13438219581461298073+e30acd3a/model.neff
2026-09-09 09:14:43.000603:  133554  [INFO]: Using a cached neff at /home/ubuntu/neuron_cache_e2e/neuronxcc-2.23.6484.0+3b612583/MODULE_13438219581461298073+e30acd3a/model.neff
2026-09-09 09:14:43.000660:  133562  [INFO]: Using a cached neff at /home/ubuntu/neuron_cache_e2e/neuronxcc-2.23.6484.0+3b612583/MODULE_13438219581461298073+e30acd3a/model.neff
/home/ubuntu/train_llama10b_tp_families.py:449: DeprecationWarning: Use torch_xla.sync instead
  xm.mark_step()
/home/ubuntu/train_llama10b_tp_families.py:449: DeprecationWarning: Use torch_xla.sync instead
  xm.mark_step()
/home/ubuntu/train_llama10b_tp_families.py:449: DeprecationWarning: Use torch_xla.sync instead
  xm.mark_step()
/home/ubuntu/train_llama10b_tp_families.py:449: DeprecationWarning: Use torch_xla.sync instead
  xm.mark_step()
/home/ubuntu/train_llama10b_tp_families.py:449: DeprecationWarning: Use torch_xla.sync instead
  xm.mark_step()
/home/ubuntu/train_llama10b_tp_families.py:449: DeprecationWarning: Use torch_xla.sync instead
  xm.mark_step()
/home/ubuntu/train_llama10b_tp_families.py:449: DeprecationWarning: Use torch_xla.sync instead
  xm.mark_step()
/home/ubuntu/train_llama10b_tp_families.py:449: DeprecationWarning: Use torch_xla.sync instead
  xm.mark_step()
/home/ubuntu/train_llama10b_tp_families.py:449: DeprecationWarning: Use torch_xla.sync instead
  xm.mark_step()
/home/ubuntu/train_llama10b_tp_families.py:449: DeprecationWarning: Use torch_xla.sync instead
  xm.mark_step()
/home/ubuntu/train_llama10b_tp_families.py:449: DeprecationWarning: Use torch_xla.sync instead
  xm.mark_step()
/home/ubuntu/train_llama10b_tp_families.py:449: DeprecationWarning: Use torch_xla.sync instead
  xm.mark_step()
/home/ubuntu/train_llama10b_tp_families.py:449: DeprecationWarning: Use torch_xla.sync instead
  xm.mark_step()
/home/ubuntu/train_llama10b_tp_families.py:449: DeprecationWarning: Use torch_xla.sync instead
  xm.mark_step()
/home/ubuntu/train_llama10b_tp_families.py:449: DeprecationWarning: Use torch_xla.sync instead
  xm.mark_step()
/home/ubuntu/train_llama10b_tp_families.py:449: DeprecationWarning: Use torch_xla.sync instead
  xm.mark_step()
/home/ubuntu/train_llama10b_tp_families.py:449: DeprecationWarning: Use torch_xla.sync instead
  xm.mark_step()
/home/ubuntu/train_llama10b_tp_families.py:449: DeprecationWarning: Use torch_xla.sync instead
  xm.mark_step()
/home/ubuntu/train_llama10b_tp_families.py:449: DeprecationWarning: Use torch_xla.sync instead
  xm.mark_step()
/home/ubuntu/train_llama10b_tp_families.py:449: DeprecationWarning: Use torch_xla.sync instead
  xm.mark_step()
/home/ubuntu/train_llama10b_tp_families.py:449: DeprecationWarning: Use torch_xla.sync instead
  xm.mark_step()
/home/ubuntu/train_llama10b_tp_families.py:449: DeprecationWarning: Use torch_xla.sync instead
  xm.mark_step()
/home/ubuntu/train_llama10b_tp_families.py:449: DeprecationWarning: Use torch_xla.sync instead
  xm.mark_step()
/home/ubuntu/train_llama10b_tp_families.py:449: DeprecationWarning: Use torch_xla.sync instead
  xm.mark_step()
/home/ubuntu/train_llama10b_tp_families.py:449: DeprecationWarning: Use torch_xla.sync instead
  xm.mark_step()
/home/ubuntu/train_llama10b_tp_families.py:449: DeprecationWarning: Use torch_xla.sync instead
  xm.mark_step()
/home/ubuntu/train_llama10b_tp_families.py:449: DeprecationWarning: Use torch_xla.sync instead
  xm.mark_step()
/home/ubuntu/train_llama10b_tp_families.py:449: DeprecationWarning: Use torch_xla.sync instead
  xm.mark_step()
/home/ubuntu/train_llama10b_tp_families.py:449: DeprecationWarning: Use torch_xla.sync instead
  xm.mark_step()
/home/ubuntu/train_llama10b_tp_families.py:449: DeprecationWarning: Use torch_xla.sync instead
  xm.mark_step()
/home/ubuntu/train_llama10b_tp_families.py:449: DeprecationWarning: Use torch_xla.sync instead
  xm.mark_step()
/home/ubuntu/train_llama10b_tp_families.py:449: DeprecationWarning: Use torch_xla.sync instead
  xm.mark_step()
2026-09-09 09:14:45.000148:  133561  [INFO]: Using a cached neff at /home/ubuntu/neuron_cache_e2e/neuronxcc-2.23.6484.0+3b612583/MODULE_2708653688611057852+e30acd3a/model.neff
2026-09-09 09:14:45.000149:  133560  [INFO]: Using a cached neff at /home/ubuntu/neuron_cache_e2e/neuronxcc-2.23.6484.0+3b612583/MODULE_2708653688611057852+e30acd3a/model.neff
2026-09-09 09:14:45.000149:  133536  [INFO]: Using a cached neff at /home/ubuntu/neuron_cache_e2e/neuronxcc-2.23.6484.0+3b612583/MODULE_2708653688611057852+e30acd3a/model.neff
2026-09-09 09:14:45.000149:  133538  [INFO]: Using a cached neff at /home/ubuntu/neuron_cache_e2e/neuronxcc-2.23.6484.0+3b612583/MODULE_2708653688611057852+e30acd3a/model.neff
2026-09-09 09:14:45.000150:  133542  [INFO]: Using a cached neff at /home/ubuntu/neuron_cache_e2e/neuronxcc-2.23.6484.0+3b612583/MODULE_2708653688611057852+e30acd3a/model.neff
2026-09-09 09:14:45.000151:  133548  [INFO]: Using a cached neff at /home/ubuntu/neuron_cache_e2e/neuronxcc-2.23.6484.0+3b612583/MODULE_2708653688611057852+e30acd3a/model.neff
2026-09-09 09:14:45.000151:  133551  [INFO]: Using a cached neff at /home/ubuntu/neuron_cache_e2e/neuronxcc-2.23.6484.0+3b612583/MODULE_2708653688611057852+e30acd3a/model.neff
2026-09-09 09:14:45.000152:  133541  [INFO]: Using a cached neff at /home/ubuntu/neuron_cache_e2e/neuronxcc-2.23.6484.0+3b612583/MODULE_2708653688611057852+e30acd3a/model.neff
2026-09-09 09:14:45.000153:  133539  [INFO]: Using a cached neff at /home/ubuntu/neuron_cache_e2e/neuronxcc-2.23.6484.0+3b612583/MODULE_2708653688611057852+e30acd3a/model.neff
2026-09-09 09:14:45.000153:  133537  [INFO]: Using a cached neff at /home/ubuntu/neuron_cache_e2e/neuronxcc-2.23.6484.0+3b612583/MODULE_2708653688611057852+e30acd3a/model.neff
2026-09-09 09:14:45.000155:  133535  [INFO]: Using a cached neff at /home/ubuntu/neuron_cache_e2e/neuronxcc-2.23.6484.0+3b612583/MODULE_2708653688611057852+e30acd3a/model.neff
2026-09-09 09:14:45.000156:  133544  [INFO]: Using a cached neff at /home/ubuntu/neuron_cache_e2e/neuronxcc-2.23.6484.0+3b612583/MODULE_2708653688611057852+e30acd3a/model.neff
2026-09-09 09:14:45.000157:  133547  [INFO]: Using a cached neff at /home/ubuntu/neuron_cache_e2e/neuronxcc-2.23.6484.0+3b612583/MODULE_2708653688611057852+e30acd3a/model.neff
2026-09-09 09:14:45.000157:  133532  [INFO]: Using a cached neff at /home/ubuntu/neuron_cache_e2e/neuronxcc-2.23.6484.0+3b612583/MODULE_2708653688611057852+e30acd3a/model.neff
2026-09-09 09:14:45.000157:  133562  [INFO]: Using a cached neff at /home/ubuntu/neuron_cache_e2e/neuronxcc-2.23.6484.0+3b612583/MODULE_2708653688611057852+e30acd3a/model.neff
2026-09-09 09:14:45.000158:  133549  [INFO]: Using a cached neff at /home/ubuntu/neuron_cache_e2e/neuronxcc-2.23.6484.0+3b612583/MODULE_2708653688611057852+e30acd3a/model.neff
2026-09-09 09:14:45.000159:  133552  [INFO]: Using a cached neff at /home/ubuntu/neuron_cache_e2e/neuronxcc-2.23.6484.0+3b612583/MODULE_2708653688611057852+e30acd3a/model.neff
2026-09-09 09:14:45.000160:  133554  [INFO]: Using a cached neff at /home/ubuntu/neuron_cache_e2e/neuronxcc-2.23.6484.0+3b612583/MODULE_2708653688611057852+e30acd3a/model.neff
2026-09-09 09:14:45.000161:  133545  [INFO]: Using a cached neff at /home/ubuntu/neuron_cache_e2e/neuronxcc-2.23.6484.0+3b612583/MODULE_2708653688611057852+e30acd3a/model.neff
2026-09-09 09:14:45.000162:  133550  [INFO]: Using a cached neff at /home/ubuntu/neuron_cache_e2e/neuronxcc-2.23.6484.0+3b612583/MODULE_2708653688611057852+e30acd3a/model.neff
2026-09-09 09:14:45.000163:  133558  [INFO]: Using a cached neff at /home/ubuntu/neuron_cache_e2e/neuronxcc-2.23.6484.0+3b612583/MODULE_2708653688611057852+e30acd3a/model.neff
2026-09-09 09:14:45.000163:  133555  [INFO]: Using a cached neff at /home/ubuntu/neuron_cache_e2e/neuronxcc-2.23.6484.0+3b612583/MODULE_2708653688611057852+e30acd3a/model.neff
/home/ubuntu/train_llama10b_tp_families.py:455: DeprecationWarning: Use torch_xla.sync instead
  xm.mark_step()
2026-09-09 09:14:45.000165:  133559  [INFO]: Using a cached neff at /home/ubuntu/neuron_cache_e2e/neuronxcc-2.23.6484.0+3b612583/MODULE_2708653688611057852+e30acd3a/model.neff
2026-09-09 09:14:45.000165:  133546  [INFO]: Using a cached neff at /home/ubuntu/neuron_cache_e2e/neuronxcc-2.23.6484.0+3b612583/MODULE_2708653688611057852+e30acd3a/model.neff
/home/ubuntu/train_llama10b_tp_families.py:455: DeprecationWarning: Use torch_xla.sync instead
  xm.mark_step()
/home/ubuntu/train_llama10b_tp_families.py:455: DeprecationWarning: Use torch_xla.sync instead
  xm.mark_step()
/home/ubuntu/train_llama10b_tp_families.py:455: DeprecationWarning: Use torch_xla.sync instead
  xm.mark_step()
/home/ubuntu/train_llama10b_tp_families.py:455: DeprecationWarning: Use torch_xla.sync instead
  xm.mark_step()
/home/ubuntu/train_llama10b_tp_families.py:455: DeprecationWarning: Use torch_xla.sync instead
  xm.mark_step()
2026-09-09 09:14:45.000167:  133540  [INFO]: Using a cached neff at /home/ubuntu/neuron_cache_e2e/neuronxcc-2.23.6484.0+3b612583/MODULE_2708653688611057852+e30acd3a/model.neff
2026-09-09 09:14:45.000167:  133553  [INFO]: Using a cached neff at /home/ubuntu/neuron_cache_e2e/neuronxcc-2.23.6484.0+3b612583/MODULE_2708653688611057852+e30acd3a/model.neff
/home/ubuntu/train_llama10b_tp_families.py:455: DeprecationWarning: Use torch_xla.sync instead
  xm.mark_step()
2026-09-09 09:14:45.000168:  133531  [INFO]: Using a cached neff at /home/ubuntu/neuron_cache_e2e/neuronxcc-2.23.6484.0+3b612583/MODULE_2708653688611057852+e30acd3a/model.neff
/home/ubuntu/train_llama10b_tp_families.py:455: DeprecationWarning: Use torch_xla.sync instead
  xm.mark_step()
2026-09-09 09:14:45.000168:  133543  [INFO]: Using a cached neff at /home/ubuntu/neuron_cache_e2e/neuronxcc-2.23.6484.0+3b612583/MODULE_2708653688611057852+e30acd3a/model.neff
/home/ubuntu/train_llama10b_tp_families.py:455: DeprecationWarning: Use torch_xla.sync instead
  xm.mark_step()
/home/ubuntu/train_llama10b_tp_families.py:455: DeprecationWarning: Use torch_xla.sync instead
  xm.mark_step()
2026-09-09 09:14:45.000169:  133557  [INFO]: Using a cached neff at /home/ubuntu/neuron_cache_e2e/neuronxcc-2.23.6484.0+3b612583/MODULE_2708653688611057852+e30acd3a/model.neff
2026-09-09 09:14:45.000170:  133533  [INFO]: Using a cached neff at /home/ubuntu/neuron_cache_e2e/neuronxcc-2.23.6484.0+3b612583/MODULE_2708653688611057852+e30acd3a/model.neff
2026-09-09 09:14:45.000170:  133534  [INFO]: Using a cached neff at /home/ubuntu/neuron_cache_e2e/neuronxcc-2.23.6484.0+3b612583/MODULE_2708653688611057852+e30acd3a/model.neff
2026-09-09 09:14:45.000170:  133556  [INFO]: Using a cached neff at /home/ubuntu/neuron_cache_e2e/neuronxcc-2.23.6484.0+3b612583/MODULE_2708653688611057852+e30acd3a/model.neff
/home/ubuntu/train_llama10b_tp_families.py:455: DeprecationWarning: Use torch_xla.sync instead
  xm.mark_step()
/home/ubuntu/train_llama10b_tp_families.py:455: DeprecationWarning: Use torch_xla.sync instead
  xm.mark_step()
/home/ubuntu/train_llama10b_tp_families.py:455: DeprecationWarning: Use torch_xla.sync instead
  xm.mark_step()
/home/ubuntu/train_llama10b_tp_families.py:455: DeprecationWarning: Use torch_xla.sync instead
  xm.mark_step()
/home/ubuntu/train_llama10b_tp_families.py:455: DeprecationWarning: Use torch_xla.sync instead
  xm.mark_step()
/home/ubuntu/train_llama10b_tp_families.py:455: DeprecationWarning: Use torch_xla.sync instead
  xm.mark_step()
/home/ubuntu/train_llama10b_tp_families.py:455: DeprecationWarning: Use torch_xla.sync instead
  xm.mark_step()
/home/ubuntu/train_llama10b_tp_families.py:455: DeprecationWarning: Use torch_xla.sync instead
  xm.mark_step()
/home/ubuntu/train_llama10b_tp_families.py:455: DeprecationWarning: Use torch_xla.sync instead
  xm.mark_step()
/home/ubuntu/train_llama10b_tp_families.py:455: DeprecationWarning: Use torch_xla.sync instead
  xm.mark_step()
/home/ubuntu/train_llama10b_tp_families.py:455: DeprecationWarning: Use torch_xla.sync instead
  xm.mark_step()
/home/ubuntu/train_llama10b_tp_families.py:455: DeprecationWarning: Use torch_xla.sync instead
  xm.mark_step()
/home/ubuntu/train_llama10b_tp_families.py:455: DeprecationWarning: Use torch_xla.sync instead
  xm.mark_step()
/home/ubuntu/train_llama10b_tp_families.py:455: DeprecationWarning: Use torch_xla.sync instead
  xm.mark_step()
/home/ubuntu/train_llama10b_tp_families.py:455: DeprecationWarning: Use torch_xla.sync instead
  xm.mark_step()
/home/ubuntu/train_llama10b_tp_families.py:455: DeprecationWarning: Use torch_xla.sync instead
  xm.mark_step()
/home/ubuntu/train_llama10b_tp_families.py:455: DeprecationWarning: Use torch_xla.sync instead
  xm.mark_step()
/home/ubuntu/train_llama10b_tp_families.py:455: DeprecationWarning: Use torch_xla.sync instead
  xm.mark_step()
/home/ubuntu/train_llama10b_tp_families.py:455: DeprecationWarning: Use torch_xla.sync instead
  xm.mark_step()
/home/ubuntu/train_llama10b_tp_families.py:455: DeprecationWarning: Use torch_xla.sync instead
  xm.mark_step()
/home/ubuntu/train_llama10b_tp_families.py:455: DeprecationWarning: Use torch_xla.sync instead
  xm.mark_step()
/home/ubuntu/train_llama10b_tp_families.py:455: DeprecationWarning: Use torch_xla.sync instead
  xm.mark_step()
2026-09-09 09:14:45.000205:  133561  [INFO]: Using a cached neff at /home/ubuntu/neuron_cache_e2e/neuronxcc-2.23.6484.0+3b612583/MODULE_8952394002023911792+e30acd3a/model.neff
2026-09-09 09:14:45.000207:  133536  [INFO]: Using a cached neff at /home/ubuntu/neuron_cache_e2e/neuronxcc-2.23.6484.0+3b612583/MODULE_8952394002023911792+e30acd3a/model.neff
2026-09-09 09:14:45.000207:  133551  [INFO]: Using a cached neff at /home/ubuntu/neuron_cache_e2e/neuronxcc-2.23.6484.0+3b612583/MODULE_8952394002023911792+e30acd3a/model.neff
2026-09-09 09:14:45.000208:  133542  [INFO]: Using a cached neff at /home/ubuntu/neuron_cache_e2e/neuronxcc-2.23.6484.0+3b612583/MODULE_8952394002023911792+e30acd3a/model.neff
2026-09-09 09:14:45.000209:  133541  [INFO]: Using a cached neff at /home/ubuntu/neuron_cache_e2e/neuronxcc-2.23.6484.0+3b612583/MODULE_8952394002023911792+e30acd3a/model.neff
2026-09-09 09:14:45.000209:  133538  [INFO]: Using a cached neff at /home/ubuntu/neuron_cache_e2e/neuronxcc-2.23.6484.0+3b612583/MODULE_8952394002023911792+e30acd3a/model.neff
2026-09-09 09:14:45.000210:  133539  [INFO]: Using a cached neff at /home/ubuntu/neuron_cache_e2e/neuronxcc-2.23.6484.0+3b612583/MODULE_8952394002023911792+e30acd3a/model.neff
2026-09-09 09:14:45.000210:  133537  [INFO]: Using a cached neff at /home/ubuntu/neuron_cache_e2e/neuronxcc-2.23.6484.0+3b612583/MODULE_8952394002023911792+e30acd3a/model.neff
2026-09-09 09:14:45.000211:  133548  [INFO]: Using a cached neff at /home/ubuntu/neuron_cache_e2e/neuronxcc-2.23.6484.0+3b612583/MODULE_8952394002023911792+e30acd3a/model.neff
2026-09-09 09:14:45.000213:  133547  [INFO]: Using a cached neff at /home/ubuntu/neuron_cache_e2e/neuronxcc-2.23.6484.0+3b612583/MODULE_8952394002023911792+e30acd3a/model.neff
2026-09-09 09:14:45.000215:  133562  [INFO]: Using a cached neff at /home/ubuntu/neuron_cache_e2e/neuronxcc-2.23.6484.0+3b612583/MODULE_8952394002023911792+e30acd3a/model.neff
2026-09-09 09:14:45.000215:  133549  [INFO]: Using a cached neff at /home/ubuntu/neuron_cache_e2e/neuronxcc-2.23.6484.0+3b612583/MODULE_8952394002023911792+e30acd3a/model.neff
2026-09-09 09:14:45.000216:  133544  [INFO]: Using a cached neff at /home/ubuntu/neuron_cache_e2e/neuronxcc-2.23.6484.0+3b612583/MODULE_8952394002023911792+e30acd3a/model.neff
2026-09-09 09:14:45.000217:  133554  [INFO]: Using a cached neff at /home/ubuntu/neuron_cache_e2e/neuronxcc-2.23.6484.0+3b612583/MODULE_8952394002023911792+e30acd3a/model.neff
2026-09-09 09:14:45.000218:  133545  [INFO]: Using a cached neff at /home/ubuntu/neuron_cache_e2e/neuronxcc-2.23.6484.0+3b612583/MODULE_8952394002023911792+e30acd3a/model.neff
2026-09-09 09:14:45.000220:  133552  [INFO]: Using a cached neff at /home/ubuntu/neuron_cache_e2e/neuronxcc-2.23.6484.0+3b612583/MODULE_8952394002023911792+e30acd3a/model.neff
2026-09-09 09:14:45.000221:  133558  [INFO]: Using a cached neff at /home/ubuntu/neuron_cache_e2e/neuronxcc-2.23.6484.0+3b612583/MODULE_8952394002023911792+e30acd3a/model.neff
2026-09-09 09:14:45.000221:  133555  [INFO]: Using a cached neff at /home/ubuntu/neuron_cache_e2e/neuronxcc-2.23.6484.0+3b612583/MODULE_8952394002023911792+e30acd3a/model.neff
2026-09-09 09:14:45.000221:  133550  [INFO]: Using a cached neff at /home/ubuntu/neuron_cache_e2e/neuronxcc-2.23.6484.0+3b612583/MODULE_8952394002023911792+e30acd3a/model.neff
2026-09-09 09:14:45.000222:  133546  [INFO]: Using a cached neff at /home/ubuntu/neuron_cache_e2e/neuronxcc-2.23.6484.0+3b612583/MODULE_8952394002023911792+e30acd3a/model.neff
2026-09-09 09:14:45.000222:  133532  [INFO]: Using a cached neff at /home/ubuntu/neuron_cache_e2e/neuronxcc-2.23.6484.0+3b612583/MODULE_8952394002023911792+e30acd3a/model.neff
2026-09-09 09:14:45.000223:  133535  [INFO]: Using a cached neff at /home/ubuntu/neuron_cache_e2e/neuronxcc-2.23.6484.0+3b612583/MODULE_8952394002023911792+e30acd3a/model.neff
2026-09-09 09:14:45.000224:  133560  [INFO]: Using a cached neff at /home/ubuntu/neuron_cache_e2e/neuronxcc-2.23.6484.0+3b612583/MODULE_8952394002023911792+e30acd3a/model.neff
2026-09-09 09:14:45.000226:  133543  [INFO]: Using a cached neff at /home/ubuntu/neuron_cache_e2e/neuronxcc-2.23.6484.0+3b612583/MODULE_8952394002023911792+e30acd3a/model.neff
2026-09-09 09:14:45.000229:  133540  [INFO]: Using a cached neff at /home/ubuntu/neuron_cache_e2e/neuronxcc-2.23.6484.0+3b612583/MODULE_8952394002023911792+e30acd3a/model.neff
2026-09-09 09:14:45.000230:  133557  [INFO]: Using a cached neff at /home/ubuntu/neuron_cache_e2e/neuronxcc-2.23.6484.0+3b612583/MODULE_8952394002023911792+e30acd3a/model.neff
2026-09-09 09:14:45.000232:  133553  [INFO]: Using a cached neff at /home/ubuntu/neuron_cache_e2e/neuronxcc-2.23.6484.0+3b612583/MODULE_8952394002023911792+e30acd3a/model.neff
2026-09-09 09:14:45.000233:  133531  [INFO]: Using a cached neff at /home/ubuntu/neuron_cache_e2e/neuronxcc-2.23.6484.0+3b612583/MODULE_8952394002023911792+e30acd3a/model.neff
2026-09-09 09:14:45.000234:  133533  [INFO]: Using a cached neff at /home/ubuntu/neuron_cache_e2e/neuronxcc-2.23.6484.0+3b612583/MODULE_8952394002023911792+e30acd3a/model.neff
2026-09-09 09:14:45.000242:  133556  [INFO]: Using a cached neff at /home/ubuntu/neuron_cache_e2e/neuronxcc-2.23.6484.0+3b612583/MODULE_8952394002023911792+e30acd3a/model.neff
2026-09-09 09:14:45.000242:  133534  [INFO]: Using a cached neff at /home/ubuntu/neuron_cache_e2e/neuronxcc-2.23.6484.0+3b612583/MODULE_8952394002023911792+e30acd3a/model.neff
2026-09-09 09:14:45.000243:  133559  [INFO]: Using a cached neff at /home/ubuntu/neuron_cache_e2e/neuronxcc-2.23.6484.0+3b612583/MODULE_8952394002023911792+e30acd3a/model.neff
/home/ubuntu/train_llama10b_tp_families.py:459: DeprecationWarning: Use torch_xla.sync instead
  xm.mark_step()
/home/ubuntu/train_llama10b_tp_families.py:459: DeprecationWarning: Use torch_xla.sync instead
  xm.mark_step()
/home/ubuntu/train_llama10b_tp_families.py:459: DeprecationWarning: Use torch_xla.sync instead
  xm.mark_step()
/home/ubuntu/train_llama10b_tp_families.py:459: DeprecationWarning: Use torch_xla.sync instead
  xm.mark_step()
/home/ubuntu/train_llama10b_tp_families.py:459: DeprecationWarning: Use torch_xla.sync instead
  xm.mark_step()
/home/ubuntu/train_llama10b_tp_families.py:459: DeprecationWarning: Use torch_xla.sync instead
  xm.mark_step()
/home/ubuntu/train_llama10b_tp_families.py:459: DeprecationWarning: Use torch_xla.sync instead
  xm.mark_step()
/home/ubuntu/train_llama10b_tp_families.py:459: DeprecationWarning: Use torch_xla.sync instead
  xm.mark_step()
/home/ubuntu/train_llama10b_tp_families.py:459: DeprecationWarning: Use torch_xla.sync instead
  xm.mark_step()
/home/ubuntu/train_llama10b_tp_families.py:459: DeprecationWarning: Use torch_xla.sync instead
  xm.mark_step()
/home/ubuntu/train_llama10b_tp_families.py:459: DeprecationWarning: Use torch_xla.sync instead
  xm.mark_step()
/home/ubuntu/train_llama10b_tp_families.py:459: DeprecationWarning: Use torch_xla.sync instead
  xm.mark_step()
/home/ubuntu/train_llama10b_tp_families.py:459: DeprecationWarning: Use torch_xla.sync instead
  xm.mark_step()
/home/ubuntu/train_llama10b_tp_families.py:459: DeprecationWarning: Use torch_xla.sync instead
  xm.mark_step()
/home/ubuntu/train_llama10b_tp_families.py:459: DeprecationWarning: Use torch_xla.sync instead
  xm.mark_step()
/home/ubuntu/train_llama10b_tp_families.py:459: DeprecationWarning: Use torch_xla.sync instead
  xm.mark_step()
/home/ubuntu/train_llama10b_tp_families.py:459: DeprecationWarning: Use torch_xla.sync instead
  xm.mark_step()
/home/ubuntu/train_llama10b_tp_families.py:459: DeprecationWarning: Use torch_xla.sync instead
  xm.mark_step()
/home/ubuntu/train_llama10b_tp_families.py:459: DeprecationWarning: Use torch_xla.sync instead
  xm.mark_step()
/home/ubuntu/train_llama10b_tp_families.py:459: DeprecationWarning: Use torch_xla.sync instead
  xm.mark_step()
/home/ubuntu/train_llama10b_tp_families.py:459: DeprecationWarning: Use torch_xla.sync instead
  xm.mark_step()
/home/ubuntu/train_llama10b_tp_families.py:459: DeprecationWarning: Use torch_xla.sync instead
  xm.mark_step()
/home/ubuntu/train_llama10b_tp_families.py:459: DeprecationWarning: Use torch_xla.sync instead
  xm.mark_step()
/home/ubuntu/train_llama10b_tp_families.py:459: DeprecationWarning: Use torch_xla.sync instead
  xm.mark_step()
/home/ubuntu/train_llama10b_tp_families.py:459: DeprecationWarning: Use torch_xla.sync instead
  xm.mark_step()
/home/ubuntu/train_llama10b_tp_families.py:459: DeprecationWarning: Use torch_xla.sync instead
  xm.mark_step()
/home/ubuntu/train_llama10b_tp_families.py:459: DeprecationWarning: Use torch_xla.sync instead
  xm.mark_step()
/home/ubuntu/train_llama10b_tp_families.py:459: DeprecationWarning: Use torch_xla.sync instead
  xm.mark_step()
/home/ubuntu/train_llama10b_tp_families.py:459: DeprecationWarning: Use torch_xla.sync instead
  xm.mark_step()
/home/ubuntu/train_llama10b_tp_families.py:459: DeprecationWarning: Use torch_xla.sync instead
  xm.mark_step()
/home/ubuntu/train_llama10b_tp_families.py:459: DeprecationWarning: Use torch_xla.sync instead
  xm.mark_step()
/home/ubuntu/train_llama10b_tp_families.py:459: DeprecationWarning: Use torch_xla.sync instead
  xm.mark_step()
2026-09-09 09:14:45.000496:  133553  [INFO]: Using a cached neff at /home/ubuntu/neuron_cache_e2e/neuronxcc-2.23.6484.0+3b612583/MODULE_11729072656154999563+e30acd3a/model.neff
2026-09-09 09:14:45.000496:  133560  [INFO]: Using a cached neff at /home/ubuntu/neuron_cache_e2e/neuronxcc-2.23.6484.0+3b612583/MODULE_11729072656154999563+e30acd3a/model.neff
2026-09-09 09:14:45.000496:  133531  [INFO]: Using a cached neff at /home/ubuntu/neuron_cache_e2e/neuronxcc-2.23.6484.0+3b612583/MODULE_11729072656154999563+e30acd3a/model.neff
2026-09-09 09:14:45.000496:  133555  [INFO]: Using a cached neff at /home/ubuntu/neuron_cache_e2e/neuronxcc-2.23.6484.0+3b612583/MODULE_11729072656154999563+e30acd3a/model.neff
2026-09-09 09:14:45.000496:  133536  [INFO]: Using a cached neff at /home/ubuntu/neuron_cache_e2e/neuronxcc-2.23.6484.0+3b612583/MODULE_11729072656154999563+e30acd3a/model.neff
2026-09-09 09:14:45.000497:  133538  [INFO]: Using a cached neff at /home/ubuntu/neuron_cache_e2e/neuronxcc-2.23.6484.0+3b612583/MODULE_11729072656154999563+e30acd3a/model.neff
2026-09-09 09:14:45.000497:  133546  [INFO]: Using a cached neff at /home/ubuntu/neuron_cache_e2e/neuronxcc-2.23.6484.0+3b612583/MODULE_11729072656154999563+e30acd3a/model.neff
2026-09-09 09:14:45.000497:  133543  [INFO]: Using a cached neff at /home/ubuntu/neuron_cache_e2e/neuronxcc-2.23.6484.0+3b612583/MODULE_11729072656154999563+e30acd3a/model.neff
2026-09-09 09:14:45.000497:  133556  [INFO]: Using a cached neff at /home/ubuntu/neuron_cache_e2e/neuronxcc-2.23.6484.0+3b612583/MODULE_11729072656154999563+e30acd3a/model.neff
2026-09-09 09:14:45.000497:  133551  [INFO]: Using a cached neff at /home/ubuntu/neuron_cache_e2e/neuronxcc-2.23.6484.0+3b612583/MODULE_11729072656154999563+e30acd3a/model.neff
2026-09-09 09:14:45.000497:  133557  [INFO]: Using a cached neff at /home/ubuntu/neuron_cache_e2e/neuronxcc-2.23.6484.0+3b612583/MODULE_11729072656154999563+e30acd3a/model.neff
2026-09-09 09:14:45.000498:  133545  [INFO]: Using a cached neff at /home/ubuntu/neuron_cache_e2e/neuronxcc-2.23.6484.0+3b612583/MODULE_11729072656154999563+e30acd3a/model.neff
2026-09-09 09:14:45.000498:  133547  [INFO]: Using a cached neff at /home/ubuntu/neuron_cache_e2e/neuronxcc-2.23.6484.0+3b612583/MODULE_11729072656154999563+e30acd3a/model.neff
2026-09-09 09:14:45.000498:  133533  [INFO]: Using a cached neff at /home/ubuntu/neuron_cache_e2e/neuronxcc-2.23.6484.0+3b612583/MODULE_11729072656154999563+e30acd3a/model.neff
2026-09-09 09:14:45.000498:  133554  [INFO]: Using a cached neff at /home/ubuntu/neuron_cache_e2e/neuronxcc-2.23.6484.0+3b612583/MODULE_11729072656154999563+e30acd3a/model.neff
2026-09-09 09:14:45.000498:  133544  [INFO]: Using a cached neff at /home/ubuntu/neuron_cache_e2e/neuronxcc-2.23.6484.0+3b612583/MODULE_11729072656154999563+e30acd3a/model.neff
2026-09-09 09:14:45.000498:  133562  [INFO]: Using a cached neff at /home/ubuntu/neuron_cache_e2e/neuronxcc-2.23.6484.0+3b612583/MODULE_11729072656154999563+e30acd3a/model.neff
2026-09-09 09:14:45.000499:  133548  [INFO]: Using a cached neff at /home/ubuntu/neuron_cache_e2e/neuronxcc-2.23.6484.0+3b612583/MODULE_11729072656154999563+e30acd3a/model.neff
2026-09-09 09:14:45.000500:  133534  [INFO]: Using a cached neff at /home/ubuntu/neuron_cache_e2e/neuronxcc-2.23.6484.0+3b612583/MODULE_11729072656154999563+e30acd3a/model.neff
2026-09-09 09:14:45.000500:  133532  [INFO]: Using a cached neff at /home/ubuntu/neuron_cache_e2e/neuronxcc-2.23.6484.0+3b612583/MODULE_11729072656154999563+e30acd3a/model.neff
2026-09-09 09:14:45.000501:  133537  [INFO]: Using a cached neff at /home/ubuntu/neuron_cache_e2e/neuronxcc-2.23.6484.0+3b612583/MODULE_11729072656154999563+e30acd3a/model.neff
2026-09-09 09:14:45.000502:  133558  [INFO]: Using a cached neff at /home/ubuntu/neuron_cache_e2e/neuronxcc-2.23.6484.0+3b612583/MODULE_11729072656154999563+e30acd3a/model.neff
2026-09-09 09:14:45.000503:  133552  [INFO]: Using a cached neff at /home/ubuntu/neuron_cache_e2e/neuronxcc-2.23.6484.0+3b612583/MODULE_11729072656154999563+e30acd3a/model.neff
2026-09-09 09:14:45.000504:  133542  [INFO]: Using a cached neff at /home/ubuntu/neuron_cache_e2e/neuronxcc-2.23.6484.0+3b612583/MODULE_11729072656154999563+e30acd3a/model.neff
/home/ubuntu/train_llama10b_tp_families.py:471: DeprecationWarning: Use torch_xla.sync instead
  xm.mark_step()
/home/ubuntu/train_llama10b_tp_families.py:471: DeprecationWarning: Use torch_xla.sync instead
  xm.mark_step()
/home/ubuntu/train_llama10b_tp_families.py:471: DeprecationWarning: Use torch_xla.sync instead
  xm.mark_step()
/home/ubuntu/train_llama10b_tp_families.py:471: DeprecationWarning: Use torch_xla.sync instead
  xm.mark_step()
/home/ubuntu/train_llama10b_tp_families.py:471: DeprecationWarning: Use torch_xla.sync instead
  xm.mark_step()
/home/ubuntu/train_llama10b_tp_families.py:471: DeprecationWarning: Use torch_xla.sync instead
  xm.mark_step()
/home/ubuntu/train_llama10b_tp_families.py:471: DeprecationWarning: Use torch_xla.sync instead
  xm.mark_step()
/home/ubuntu/train_llama10b_tp_families.py:471: DeprecationWarning: Use torch_xla.sync instead
  xm.mark_step()
/home/ubuntu/train_llama10b_tp_families.py:471: DeprecationWarning: Use torch_xla.sync instead
  xm.mark_step()
/home/ubuntu/train_llama10b_tp_families.py:471: DeprecationWarning: Use torch_xla.sync instead
  xm.mark_step()
2026-09-09 09:14:45.000505:  133539  [INFO]: Using a cached neff at /home/ubuntu/neuron_cache_e2e/neuronxcc-2.23.6484.0+3b612583/MODULE_11729072656154999563+e30acd3a/model.neff
/home/ubuntu/train_llama10b_tp_families.py:471: DeprecationWarning: Use torch_xla.sync instead
  xm.mark_step()
/home/ubuntu/train_llama10b_tp_families.py:471: DeprecationWarning: Use torch_xla.sync instead
  xm.mark_step()
/home/ubuntu/train_llama10b_tp_families.py:471: DeprecationWarning: Use torch_xla.sync instead
  xm.mark_step()
2026-09-09 09:14:45.000506:  133540  [INFO]: Using a cached neff at /home/ubuntu/neuron_cache_e2e/neuronxcc-2.23.6484.0+3b612583/MODULE_11729072656154999563+e30acd3a/model.neff
/home/ubuntu/train_llama10b_tp_families.py:471: DeprecationWarning: Use torch_xla.sync instead
  xm.mark_step()
/home/ubuntu/train_llama10b_tp_families.py:471: DeprecationWarning: Use torch_xla.sync instead
  xm.mark_step()
/home/ubuntu/train_llama10b_tp_families.py:471: DeprecationWarning: Use torch_xla.sync instead
  xm.mark_step()
2026-09-09 09:14:45.000507:  133541  [INFO]: Using a cached neff at /home/ubuntu/neuron_cache_e2e/neuronxcc-2.23.6484.0+3b612583/MODULE_11729072656154999563+e30acd3a/model.neff
/home/ubuntu/train_llama10b_tp_families.py:471: DeprecationWarning: Use torch_xla.sync instead
  xm.mark_step()
2026-09-09 09:14:45.000507:  133549  [INFO]: Using a cached neff at /home/ubuntu/neuron_cache_e2e/neuronxcc-2.23.6484.0+3b612583/MODULE_11729072656154999563+e30acd3a/model.neff
/home/ubuntu/train_llama10b_tp_families.py:471: DeprecationWarning: Use torch_xla.sync instead
  xm.mark_step()
2026-09-09 09:14:45.000507:  133535  [INFO]: Using a cached neff at /home/ubuntu/neuron_cache_e2e/neuronxcc-2.23.6484.0+3b612583/MODULE_11729072656154999563+e30acd3a/model.neff
2026-09-09 09:14:45.000507:  133559  [INFO]: Using a cached neff at /home/ubuntu/neuron_cache_e2e/neuronxcc-2.23.6484.0+3b612583/MODULE_11729072656154999563+e30acd3a/model.neff
2026-09-09 09:14:45.000508:  133550  [INFO]: Using a cached neff at /home/ubuntu/neuron_cache_e2e/neuronxcc-2.23.6484.0+3b612583/MODULE_11729072656154999563+e30acd3a/model.neff
/home/ubuntu/train_llama10b_tp_families.py:471: DeprecationWarning: Use torch_xla.sync instead
  xm.mark_step()
/home/ubuntu/train_llama10b_tp_families.py:471: DeprecationWarning: Use torch_xla.sync instead
  xm.mark_step()
/home/ubuntu/train_llama10b_tp_families.py:471: DeprecationWarning: Use torch_xla.sync instead
  xm.mark_step()
2026-09-09 09:14:45.000509:  133561  [INFO]: Using a cached neff at /home/ubuntu/neuron_cache_e2e/neuronxcc-2.23.6484.0+3b612583/MODULE_11729072656154999563+e30acd3a/model.neff
/home/ubuntu/train_llama10b_tp_families.py:471: DeprecationWarning: Use torch_xla.sync instead
  xm.mark_step()
/home/ubuntu/train_llama10b_tp_families.py:471: DeprecationWarning: Use torch_xla.sync instead
  xm.mark_step()
2026-09-09 09:14:45.000511:  133557  [INFO]: Using a cached neff at /home/ubuntu/neuron_cache_e2e/neuronxcc-2.23.6484.0+3b612583/MODULE_323656846986923474+e30acd3a/model.neff
2026-09-09 09:14:45.000511:  133551  [INFO]: Using a cached neff at /home/ubuntu/neuron_cache_e2e/neuronxcc-2.23.6484.0+3b612583/MODULE_323656846986923474+e30acd3a/model.neff
/home/ubuntu/train_llama10b_tp_families.py:471: DeprecationWarning: Use torch_xla.sync instead
  xm.mark_step()
2026-09-09 09:14:45.000512:  133560  [INFO]: Using a cached neff at /home/ubuntu/neuron_cache_e2e/neuronxcc-2.23.6484.0+3b612583/MODULE_323656846986923474+e30acd3a/model.neff
2026-09-09 09:14:45.000513:  133545  [INFO]: Using a cached neff at /home/ubuntu/neuron_cache_e2e/neuronxcc-2.23.6484.0+3b612583/MODULE_323656846986923474+e30acd3a/model.neff
2026-09-09 09:14:45.000513:  133546  [INFO]: Using a cached neff at /home/ubuntu/neuron_cache_e2e/neuronxcc-2.23.6484.0+3b612583/MODULE_323656846986923474+e30acd3a/model.neff
2026-09-09 09:14:45.000513:  133555  [INFO]: Using a cached neff at /home/ubuntu/neuron_cache_e2e/neuronxcc-2.23.6484.0+3b612583/MODULE_323656846986923474+e30acd3a/model.neff
/home/ubuntu/train_llama10b_tp_families.py:471: DeprecationWarning: Use torch_xla.sync instead
  xm.mark_step()
/home/ubuntu/train_llama10b_tp_families.py:471: DeprecationWarning: Use torch_xla.sync instead
  xm.mark_step()
2026-09-09 09:14:45.000514:  133556  [INFO]: Using a cached neff at /home/ubuntu/neuron_cache_e2e/neuronxcc-2.23.6484.0+3b612583/MODULE_323656846986923474+e30acd3a/model.neff
2026-09-09 09:14:45.000514:  133538  [INFO]: Using a cached neff at /home/ubuntu/neuron_cache_e2e/neuronxcc-2.23.6484.0+3b612583/MODULE_323656846986923474+e30acd3a/model.neff
/home/ubuntu/train_llama10b_tp_families.py:471: DeprecationWarning: Use torch_xla.sync instead
  xm.mark_step()
/home/ubuntu/train_llama10b_tp_families.py:471: DeprecationWarning: Use torch_xla.sync instead
  xm.mark_step()
/home/ubuntu/train_llama10b_tp_families.py:471: DeprecationWarning: Use torch_xla.sync instead
  xm.mark_step()
/home/ubuntu/train_llama10b_tp_families.py:471: DeprecationWarning: Use torch_xla.sync instead
  xm.mark_step()
2026-09-09 09:14:45.000515:  133562  [INFO]: Using a cached neff at /home/ubuntu/neuron_cache_e2e/neuronxcc-2.23.6484.0+3b612583/MODULE_323656846986923474+e30acd3a/model.neff
2026-09-09 09:14:45.000515:  133544  [INFO]: Using a cached neff at /home/ubuntu/neuron_cache_e2e/neuronxcc-2.23.6484.0+3b612583/MODULE_323656846986923474+e30acd3a/model.neff
/home/ubuntu/train_llama10b_tp_families.py:471: DeprecationWarning: Use torch_xla.sync instead
  xm.mark_step()
2026-09-09 09:14:45.000515:  133532  [INFO]: Using a cached neff at /home/ubuntu/neuron_cache_e2e/neuronxcc-2.23.6484.0+3b612583/MODULE_323656846986923474+e30acd3a/model.neff
2026-09-09 09:14:45.000516:  133531  [INFO]: Using a cached neff at /home/ubuntu/neuron_cache_e2e/neuronxcc-2.23.6484.0+3b612583/MODULE_323656846986923474+e30acd3a/model.neff
2026-09-09 09:14:45.000516:  133548  [INFO]: Using a cached neff at /home/ubuntu/neuron_cache_e2e/neuronxcc-2.23.6484.0+3b612583/MODULE_323656846986923474+e30acd3a/model.neff
2026-09-09 09:14:45.000516:  133537  [INFO]: Using a cached neff at /home/ubuntu/neuron_cache_e2e/neuronxcc-2.23.6484.0+3b612583/MODULE_323656846986923474+e30acd3a/model.neff
/home/ubuntu/train_llama10b_tp_families.py:471: DeprecationWarning: Use torch_xla.sync instead
  xm.mark_step()
2026-09-09 09:14:45.000517:  133553  [INFO]: Using a cached neff at /home/ubuntu/neuron_cache_e2e/neuronxcc-2.23.6484.0+3b612583/MODULE_323656846986923474+e30acd3a/model.neff
2026-09-09 09:14:45.000517:  133554  [INFO]: Using a cached neff at /home/ubuntu/neuron_cache_e2e/neuronxcc-2.23.6484.0+3b612583/MODULE_323656846986923474+e30acd3a/model.neff
2026-09-09 09:14:45.000518:  133552  [INFO]: Using a cached neff at /home/ubuntu/neuron_cache_e2e/neuronxcc-2.23.6484.0+3b612583/MODULE_323656846986923474+e30acd3a/model.neff
2026-09-09 09:14:45.000518:  133547  [INFO]: Using a cached neff at /home/ubuntu/neuron_cache_e2e/neuronxcc-2.23.6484.0+3b612583/MODULE_323656846986923474+e30acd3a/model.neff
2026-09-09 09:14:45.000519:  133539  [INFO]: Using a cached neff at /home/ubuntu/neuron_cache_e2e/neuronxcc-2.23.6484.0+3b612583/MODULE_323656846986923474+e30acd3a/model.neff
2026-09-09 09:14:45.000519:  133543  [INFO]: Using a cached neff at /home/ubuntu/neuron_cache_e2e/neuronxcc-2.23.6484.0+3b612583/MODULE_323656846986923474+e30acd3a/model.neff
2026-09-09 09:14:45.000519:  133533  [INFO]: Using a cached neff at /home/ubuntu/neuron_cache_e2e/neuronxcc-2.23.6484.0+3b612583/MODULE_323656846986923474+e30acd3a/model.neff
2026-09-09 09:14:45.000520:  133540  [INFO]: Using a cached neff at /home/ubuntu/neuron_cache_e2e/neuronxcc-2.23.6484.0+3b612583/MODULE_323656846986923474+e30acd3a/model.neff
2026-09-09 09:14:45.000520:  133534  [INFO]: Using a cached neff at /home/ubuntu/neuron_cache_e2e/neuronxcc-2.23.6484.0+3b612583/MODULE_323656846986923474+e30acd3a/model.neff
2026-09-09 09:14:45.000521:  133536  [INFO]: Using a cached neff at /home/ubuntu/neuron_cache_e2e/neuronxcc-2.23.6484.0+3b612583/MODULE_323656846986923474+e30acd3a/model.neff
2026-09-09 09:14:45.000521:  133559  [INFO]: Using a cached neff at /home/ubuntu/neuron_cache_e2e/neuronxcc-2.23.6484.0+3b612583/MODULE_323656846986923474+e30acd3a/model.neff
2026-09-09 09:14:45.000521:  133549  [INFO]: Using a cached neff at /home/ubuntu/neuron_cache_e2e/neuronxcc-2.23.6484.0+3b612583/MODULE_323656846986923474+e30acd3a/model.neff
2026-09-09 09:14:45.000521:  133541  [INFO]: Using a cached neff at /home/ubuntu/neuron_cache_e2e/neuronxcc-2.23.6484.0+3b612583/MODULE_323656846986923474+e30acd3a/model.neff
2026-09-09 09:14:45.000522:  133542  [INFO]: Using a cached neff at /home/ubuntu/neuron_cache_e2e/neuronxcc-2.23.6484.0+3b612583/MODULE_323656846986923474+e30acd3a/model.neff
2026-09-09 09:14:45.000522:  133535  [INFO]: Using a cached neff at /home/ubuntu/neuron_cache_e2e/neuronxcc-2.23.6484.0+3b612583/MODULE_323656846986923474+e30acd3a/model.neff
2026-09-09 09:14:45.000523:  133550  [INFO]: Using a cached neff at /home/ubuntu/neuron_cache_e2e/neuronxcc-2.23.6484.0+3b612583/MODULE_323656846986923474+e30acd3a/model.neff
2026-09-09 09:14:45.000523:  133561  [INFO]: Using a cached neff at /home/ubuntu/neuron_cache_e2e/neuronxcc-2.23.6484.0+3b612583/MODULE_323656846986923474+e30acd3a/model.neff
2026-09-09 09:14:45.000524:  133558  [INFO]: Using a cached neff at /home/ubuntu/neuron_cache_e2e/neuronxcc-2.23.6484.0+3b612583/MODULE_323656846986923474+e30acd3a/model.neff
/home/ubuntu/train_llama10b_tp_families.py:480: DeprecationWarning: Use torch_xla.sync instead
  xm.mark_step()
/home/ubuntu/train_llama10b_tp_families.py:480: DeprecationWarning: Use torch_xla.sync instead
  xm.mark_step()
/home/ubuntu/train_llama10b_tp_families.py:480: DeprecationWarning: Use torch_xla.sync instead
  xm.mark_step()
/home/ubuntu/train_llama10b_tp_families.py:480: DeprecationWarning: Use torch_xla.sync instead
  xm.mark_step()
/home/ubuntu/train_llama10b_tp_families.py:480: DeprecationWarning: Use torch_xla.sync instead
  xm.mark_step()
/home/ubuntu/train_llama10b_tp_families.py:480: DeprecationWarning: Use torch_xla.sync instead
  xm.mark_step()
/home/ubuntu/train_llama10b_tp_families.py:480: DeprecationWarning: Use torch_xla.sync instead
  xm.mark_step()
/home/ubuntu/train_llama10b_tp_families.py:480: DeprecationWarning: Use torch_xla.sync instead
  xm.mark_step()
/home/ubuntu/train_llama10b_tp_families.py:480: DeprecationWarning: Use torch_xla.sync instead
  xm.mark_step()
/home/ubuntu/train_llama10b_tp_families.py:480: DeprecationWarning: Use torch_xla.sync instead
  xm.mark_step()
/home/ubuntu/train_llama10b_tp_families.py:480: DeprecationWarning: Use torch_xla.sync instead
  xm.mark_step()
/home/ubuntu/train_llama10b_tp_families.py:480: DeprecationWarning: Use torch_xla.sync instead
  xm.mark_step()
/home/ubuntu/train_llama10b_tp_families.py:480: DeprecationWarning: Use torch_xla.sync instead
  xm.mark_step()
/home/ubuntu/train_llama10b_tp_families.py:480: DeprecationWarning: Use torch_xla.sync instead
  xm.mark_step()
/home/ubuntu/train_llama10b_tp_families.py:480: DeprecationWarning: Use torch_xla.sync instead
  xm.mark_step()
/home/ubuntu/train_llama10b_tp_families.py:480: DeprecationWarning: Use torch_xla.sync instead
  xm.mark_step()
/home/ubuntu/train_llama10b_tp_families.py:480: DeprecationWarning: Use torch_xla.sync instead
  xm.mark_step()
/home/ubuntu/train_llama10b_tp_families.py:480: DeprecationWarning: Use torch_xla.sync instead
  xm.mark_step()
/home/ubuntu/train_llama10b_tp_families.py:480: DeprecationWarning: Use torch_xla.sync instead
  xm.mark_step()
/home/ubuntu/train_llama10b_tp_families.py:480: DeprecationWarning: Use torch_xla.sync instead
  xm.mark_step()
/home/ubuntu/train_llama10b_tp_families.py:480: DeprecationWarning: Use torch_xla.sync instead
  xm.mark_step()
/home/ubuntu/train_llama10b_tp_families.py:480: DeprecationWarning: Use torch_xla.sync instead
  xm.mark_step()
/home/ubuntu/train_llama10b_tp_families.py:480: DeprecationWarning: Use torch_xla.sync instead
  xm.mark_step()
/home/ubuntu/train_llama10b_tp_families.py:480: DeprecationWarning: Use torch_xla.sync instead
  xm.mark_step()
/home/ubuntu/train_llama10b_tp_families.py:480: DeprecationWarning: Use torch_xla.sync instead
  xm.mark_step()
/home/ubuntu/train_llama10b_tp_families.py:480: DeprecationWarning: Use torch_xla.sync instead
  xm.mark_step()
/home/ubuntu/train_llama10b_tp_families.py:480: DeprecationWarning: Use torch_xla.sync instead
  xm.mark_step()
/home/ubuntu/train_llama10b_tp_families.py:480: DeprecationWarning: Use torch_xla.sync instead
  xm.mark_step()
/home/ubuntu/train_llama10b_tp_families.py:480: DeprecationWarning: Use torch_xla.sync instead
  xm.mark_step()
/home/ubuntu/train_llama10b_tp_families.py:480: DeprecationWarning: Use torch_xla.sync instead
  xm.mark_step()
/home/ubuntu/train_llama10b_tp_families.py:480: DeprecationWarning: Use torch_xla.sync instead
  xm.mark_step()
/home/ubuntu/train_llama10b_tp_families.py:480: DeprecationWarning: Use torch_xla.sync instead
  xm.mark_step()
2026-09-09 09:14:45.000972:  133555  [INFO]: Using a cached neff at /home/ubuntu/neuron_cache_e2e/neuronxcc-2.23.6484.0+3b612583/MODULE_1218059730503027940+e30acd3a/model.neff
2026-09-09 09:14:45.000987:  133557  [INFO]: Using a cached neff at /home/ubuntu/neuron_cache_e2e/neuronxcc-2.23.6484.0+3b612583/MODULE_1218059730503027940+e30acd3a/model.neff
2026-09-09 09:14:45.000992:  133545  [INFO]: Using a cached neff at /home/ubuntu/neuron_cache_e2e/neuronxcc-2.23.6484.0+3b612583/MODULE_1218059730503027940+e30acd3a/model.neff
2026-09-09 09:14:45.000996:  133551  [INFO]: Using a cached neff at /home/ubuntu/neuron_cache_e2e/neuronxcc-2.23.6484.0+3b612583/MODULE_1218059730503027940+e30acd3a/model.neff
2026-09-09 09:14:46.000000:  133546  [INFO]: Using a cached neff at /home/ubuntu/neuron_cache_e2e/neuronxcc-2.23.6484.0+3b612583/MODULE_1218059730503027940+e30acd3a/model.neff
2026-09-09 09:14:46.000020:  133541  [INFO]: Using a cached neff at /home/ubuntu/neuron_cache_e2e/neuronxcc-2.23.6484.0+3b612583/MODULE_1218059730503027940+e30acd3a/model.neff
2026-09-09 09:14:46.000028:  133536  [INFO]: Using a cached neff at /home/ubuntu/neuron_cache_e2e/neuronxcc-2.23.6484.0+3b612583/MODULE_1218059730503027940+e30acd3a/model.neff
2026-09-09 09:14:46.000034:  133540  [INFO]: Using a cached neff at /home/ubuntu/neuron_cache_e2e/neuronxcc-2.23.6484.0+3b612583/MODULE_1218059730503027940+e30acd3a/model.neff
2026-09-09 09:14:46.000041:  133537  [INFO]: Using a cached neff at /home/ubuntu/neuron_cache_e2e/neuronxcc-2.23.6484.0+3b612583/MODULE_1218059730503027940+e30acd3a/model.neff
2026-09-09 09:14:46.000048:  133560  [INFO]: Using a cached neff at /home/ubuntu/neuron_cache_e2e/neuronxcc-2.23.6484.0+3b612583/MODULE_1218059730503027940+e30acd3a/model.neff
2026-09-09 09:14:46.000048:  133556  [INFO]: Using a cached neff at /home/ubuntu/neuron_cache_e2e/neuronxcc-2.23.6484.0+3b612583/MODULE_1218059730503027940+e30acd3a/model.neff
2026-09-09 09:14:46.000048:  133547  [INFO]: Using a cached neff at /home/ubuntu/neuron_cache_e2e/neuronxcc-2.23.6484.0+3b612583/MODULE_1218059730503027940+e30acd3a/model.neff
2026-09-09 09:14:46.000056:  133552  [INFO]: Using a cached neff at /home/ubuntu/neuron_cache_e2e/neuronxcc-2.23.6484.0+3b612583/MODULE_1218059730503027940+e30acd3a/model.neff
2026-09-09 09:14:46.000056:  133548  [INFO]: Using a cached neff at /home/ubuntu/neuron_cache_e2e/neuronxcc-2.23.6484.0+3b612583/MODULE_1218059730503027940+e30acd3a/model.neff
2026-09-09 09:14:46.000064:  133543  [INFO]: Using a cached neff at /home/ubuntu/neuron_cache_e2e/neuronxcc-2.23.6484.0+3b612583/MODULE_1218059730503027940+e30acd3a/model.neff
2026-09-09 09:14:46.000068:  133561  [INFO]: Using a cached neff at /home/ubuntu/neuron_cache_e2e/neuronxcc-2.23.6484.0+3b612583/MODULE_1218059730503027940+e30acd3a/model.neff
2026-09-09 09:14:46.000068:  133535  [INFO]: Using a cached neff at /home/ubuntu/neuron_cache_e2e/neuronxcc-2.23.6484.0+3b612583/MODULE_1218059730503027940+e30acd3a/model.neff
2026-09-09 09:14:46.000073:  133531  [INFO]: Using a cached neff at /home/ubuntu/neuron_cache_e2e/neuronxcc-2.23.6484.0+3b612583/MODULE_1218059730503027940+e30acd3a/model.neff
2026-09-09 09:14:46.000073:  133558  [INFO]: Using a cached neff at /home/ubuntu/neuron_cache_e2e/neuronxcc-2.23.6484.0+3b612583/MODULE_1218059730503027940+e30acd3a/model.neff
2026-09-09 09:14:46.000074:  133559  [INFO]: Using a cached neff at /home/ubuntu/neuron_cache_e2e/neuronxcc-2.23.6484.0+3b612583/MODULE_1218059730503027940+e30acd3a/model.neff
2026-09-09 09:14:46.000075:  133538  [INFO]: Using a cached neff at /home/ubuntu/neuron_cache_e2e/neuronxcc-2.23.6484.0+3b612583/MODULE_1218059730503027940+e30acd3a/model.neff
2026-09-09 09:14:46.000077:  133534  [INFO]: Using a cached neff at /home/ubuntu/neuron_cache_e2e/neuronxcc-2.23.6484.0+3b612583/MODULE_1218059730503027940+e30acd3a/model.neff
2026-09-09 09:14:46.000083:  133544  [INFO]: Using a cached neff at /home/ubuntu/neuron_cache_e2e/neuronxcc-2.23.6484.0+3b612583/MODULE_1218059730503027940+e30acd3a/model.neff
2026-09-09 09:14:46.000083:  133533  [INFO]: Using a cached neff at /home/ubuntu/neuron_cache_e2e/neuronxcc-2.23.6484.0+3b612583/MODULE_1218059730503027940+e30acd3a/model.neff
2026-09-09 09:14:46.000087:  133554  [INFO]: Using a cached neff at /home/ubuntu/neuron_cache_e2e/neuronxcc-2.23.6484.0+3b612583/MODULE_1218059730503027940+e30acd3a/model.neff
2026-09-09 09:14:46.000088:  133549  [INFO]: Using a cached neff at /home/ubuntu/neuron_cache_e2e/neuronxcc-2.23.6484.0+3b612583/MODULE_1218059730503027940+e30acd3a/model.neff
2026-09-09 09:14:46.000091:  133562  [INFO]: Using a cached neff at /home/ubuntu/neuron_cache_e2e/neuronxcc-2.23.6484.0+3b612583/MODULE_1218059730503027940+e30acd3a/model.neff
2026-09-09 09:14:46.000100:  133550  [INFO]: Using a cached neff at /home/ubuntu/neuron_cache_e2e/neuronxcc-2.23.6484.0+3b612583/MODULE_1218059730503027940+e30acd3a/model.neff
2026-09-09 09:14:46.000103:  133539  [INFO]: Using a cached neff at /home/ubuntu/neuron_cache_e2e/neuronxcc-2.23.6484.0+3b612583/MODULE_1218059730503027940+e30acd3a/model.neff
2026-09-09 09:14:46.000104:  133553  [INFO]: Using a cached neff at /home/ubuntu/neuron_cache_e2e/neuronxcc-2.23.6484.0+3b612583/MODULE_1218059730503027940+e30acd3a/model.neff
2026-09-09 09:14:46.000108:  133532  [INFO]: Using a cached neff at /home/ubuntu/neuron_cache_e2e/neuronxcc-2.23.6484.0+3b612583/MODULE_1218059730503027940+e30acd3a/model.neff
2026-09-09 09:14:46.000111:  133542  [INFO]: Using a cached neff at /home/ubuntu/neuron_cache_e2e/neuronxcc-2.23.6484.0+3b612583/MODULE_1218059730503027940+e30acd3a/model.neff
/home/ubuntu/train_llama10b_tp_families.py:486: DeprecationWarning: Use torch_xla.sync instead
  xm.mark_step()
2026-09-09 09:14:46.000319:  133555  [INFO]: Using a cached neff at /home/ubuntu/neuron_cache_e2e/neuronxcc-2.23.6484.0+3b612583/MODULE_9907504738751219654+e30acd3a/model.neff
/home/ubuntu/train_llama10b_tp_families.py:486: DeprecationWarning: Use torch_xla.sync instead
  xm.mark_step()
2026-09-09 09:14:46.000334:  133546  [INFO]: Using a cached neff at /home/ubuntu/neuron_cache_e2e/neuronxcc-2.23.6484.0+3b612583/MODULE_9907504738751219654+e30acd3a/model.neff
/home/ubuntu/train_llama10b_tp_families.py:486: DeprecationWarning: Use torch_xla.sync instead
  xm.mark_step()
2026-09-09 09:14:46.000349:  133541  [INFO]: Using a cached neff at /home/ubuntu/neuron_cache_e2e/neuronxcc-2.23.6484.0+3b612583/MODULE_9907504738751219654+e30acd3a/model.neff
/home/ubuntu/train_llama10b_tp_families.py:486: DeprecationWarning: Use torch_xla.sync instead
  xm.mark_step()
/home/ubuntu/train_llama10b_tp_families.py:486: DeprecationWarning: Use torch_xla.sync instead
  xm.mark_step()
/home/ubuntu/train_llama10b_tp_families.py:486: DeprecationWarning: Use torch_xla.sync instead
  xm.mark_step()
2026-09-09 09:14:46.000372:  133557  [INFO]: Using a cached neff at /home/ubuntu/neuron_cache_e2e/neuronxcc-2.23.6484.0+3b612583/MODULE_9907504738751219654+e30acd3a/model.neff
2026-09-09 09:14:46.000374:  133537  [INFO]: Using a cached neff at /home/ubuntu/neuron_cache_e2e/neuronxcc-2.23.6484.0+3b612583/MODULE_9907504738751219654+e30acd3a/model.neff
2026-09-09 09:14:46.000374:  133540  [INFO]: Using a cached neff at /home/ubuntu/neuron_cache_e2e/neuronxcc-2.23.6484.0+3b612583/MODULE_9907504738751219654+e30acd3a/model.neff
/home/ubuntu/train_llama10b_tp_families.py:486: DeprecationWarning: Use torch_xla.sync instead
  xm.mark_step()
2026-09-09 09:14:46.000386:  133545  [INFO]: Using a cached neff at /home/ubuntu/neuron_cache_e2e/neuronxcc-2.23.6484.0+3b612583/MODULE_9907504738751219654+e30acd3a/model.neff
/home/ubuntu/train_llama10b_tp_families.py:486: DeprecationWarning: Use torch_xla.sync instead
  xm.mark_step()
/home/ubuntu/train_llama10b_tp_families.py:486: DeprecationWarning: Use torch_xla.sync instead
  xm.mark_step()
/home/ubuntu/train_llama10b_tp_families.py:486: DeprecationWarning: Use torch_xla.sync instead
  xm.mark_step()
/home/ubuntu/train_llama10b_tp_families.py:486: DeprecationWarning: Use torch_xla.sync instead
  xm.mark_step()
/home/ubuntu/train_llama10b_tp_families.py:486: DeprecationWarning: Use torch_xla.sync instead
  xm.mark_step()
2026-09-09 09:14:46.000399:  133560  [INFO]: Using a cached neff at /home/ubuntu/neuron_cache_e2e/neuronxcc-2.23.6484.0+3b612583/MODULE_9907504738751219654+e30acd3a/model.neff
/home/ubuntu/train_llama10b_tp_families.py:486: DeprecationWarning: Use torch_xla.sync instead
  xm.mark_step()
/home/ubuntu/train_llama10b_tp_families.py:486: DeprecationWarning: Use torch_xla.sync instead
  xm.mark_step()
2026-09-09 09:14:46.000401:  133543  [INFO]: Using a cached neff at /home/ubuntu/neuron_cache_e2e/neuronxcc-2.23.6484.0+3b612583/MODULE_9907504738751219654+e30acd3a/model.neff
/home/ubuntu/train_llama10b_tp_families.py:486: DeprecationWarning: Use torch_xla.sync instead
  xm.mark_step()
/home/ubuntu/train_llama10b_tp_families.py:486: DeprecationWarning: Use torch_xla.sync instead
  xm.mark_step()
/home/ubuntu/train_llama10b_tp_families.py:486: DeprecationWarning: Use torch_xla.sync instead
  xm.mark_step()
/home/ubuntu/train_llama10b_tp_families.py:486: DeprecationWarning: Use torch_xla.sync instead
  xm.mark_step()
2026-09-09 09:14:46.000403:  133536  [INFO]: Using a cached neff at /home/ubuntu/neuron_cache_e2e/neuronxcc-2.23.6484.0+3b612583/MODULE_9907504738751219654+e30acd3a/model.neff
/home/ubuntu/train_llama10b_tp_families.py:486: DeprecationWarning: Use torch_xla.sync instead
  xm.mark_step()
2026-09-09 09:14:46.000406:  133533  [INFO]: Using a cached neff at /home/ubuntu/neuron_cache_e2e/neuronxcc-2.23.6484.0+3b612583/MODULE_9907504738751219654+e30acd3a/model.neff
2026-09-09 09:14:46.000408:  133552  [INFO]: Using a cached neff at /home/ubuntu/neuron_cache_e2e/neuronxcc-2.23.6484.0+3b612583/MODULE_9907504738751219654+e30acd3a/model.neff
2026-09-09 09:14:46.000410:  133559  [INFO]: Using a cached neff at /home/ubuntu/neuron_cache_e2e/neuronxcc-2.23.6484.0+3b612583/MODULE_9907504738751219654+e30acd3a/model.neff
2026-09-09 09:14:46.000413:  133534  [INFO]: Using a cached neff at /home/ubuntu/neuron_cache_e2e/neuronxcc-2.23.6484.0+3b612583/MODULE_9907504738751219654+e30acd3a/model.neff
/home/ubuntu/train_llama10b_tp_families.py:486: DeprecationWarning: Use torch_xla.sync instead
  xm.mark_step()
2026-09-09 09:14:46.000413:  133556  [INFO]: Using a cached neff at /home/ubuntu/neuron_cache_e2e/neuronxcc-2.23.6484.0+3b612583/MODULE_9907504738751219654+e30acd3a/model.neff
/home/ubuntu/train_llama10b_tp_families.py:486: DeprecationWarning: Use torch_xla.sync instead
  xm.mark_step()
2026-09-09 09:14:46.000414:  133558  [INFO]: Using a cached neff at /home/ubuntu/neuron_cache_e2e/neuronxcc-2.23.6484.0+3b612583/MODULE_9907504738751219654+e30acd3a/model.neff
/home/ubuntu/train_llama10b_tp_families.py:486: DeprecationWarning: Use torch_xla.sync instead
  xm.mark_step()
/home/ubuntu/train_llama10b_tp_families.py:486: DeprecationWarning: Use torch_xla.sync instead
  xm.mark_step()
2026-09-09 09:14:46.000415:  133562  [INFO]: Using a cached neff at /home/ubuntu/neuron_cache_e2e/neuronxcc-2.23.6484.0+3b612583/MODULE_9907504738751219654+e30acd3a/model.neff
2026-09-09 09:14:46.000415:  133554  [INFO]: Using a cached neff at /home/ubuntu/neuron_cache_e2e/neuronxcc-2.23.6484.0+3b612583/MODULE_9907504738751219654+e30acd3a/model.neff
/home/ubuntu/train_llama10b_tp_families.py:486: DeprecationWarning: Use torch_xla.sync instead
  xm.mark_step()
2026-09-09 09:14:46.000416:  133548  [INFO]: Using a cached neff at /home/ubuntu/neuron_cache_e2e/neuronxcc-2.23.6484.0+3b612583/MODULE_9907504738751219654+e30acd3a/model.neff
/home/ubuntu/train_llama10b_tp_families.py:486: DeprecationWarning: Use torch_xla.sync instead
  xm.mark_step()
2026-09-09 09:14:46.000423:  133531  [INFO]: Using a cached neff at /home/ubuntu/neuron_cache_e2e/neuronxcc-2.23.6484.0+3b612583/MODULE_9907504738751219654+e30acd3a/model.neff
2026-09-09 09:14:46.000424:  133551  [INFO]: Using a cached neff at /home/ubuntu/neuron_cache_e2e/neuronxcc-2.23.6484.0+3b612583/MODULE_9907504738751219654+e30acd3a/model.neff
2026-09-09 09:14:46.000424:  133553  [INFO]: Using a cached neff at /home/ubuntu/neuron_cache_e2e/neuronxcc-2.23.6484.0+3b612583/MODULE_9907504738751219654+e30acd3a/model.neff
/home/ubuntu/train_llama10b_tp_families.py:486: DeprecationWarning: Use torch_xla.sync instead
  xm.mark_step()
2026-09-09 09:14:46.000425:  133535  [INFO]: Using a cached neff at /home/ubuntu/neuron_cache_e2e/neuronxcc-2.23.6484.0+3b612583/MODULE_9907504738751219654+e30acd3a/model.neff
/home/ubuntu/train_llama10b_tp_families.py:486: DeprecationWarning: Use torch_xla.sync instead
  xm.mark_step()
2026-09-09 09:14:46.000425:  133561  [INFO]: Using a cached neff at /home/ubuntu/neuron_cache_e2e/neuronxcc-2.23.6484.0+3b612583/MODULE_9907504738751219654+e30acd3a/model.neff
2026-09-09 09:14:46.000433:  133539  [INFO]: Using a cached neff at /home/ubuntu/neuron_cache_e2e/neuronxcc-2.23.6484.0+3b612583/MODULE_9907504738751219654+e30acd3a/model.neff
2026-09-09 09:14:46.000435:  133549  [INFO]: Using a cached neff at /home/ubuntu/neuron_cache_e2e/neuronxcc-2.23.6484.0+3b612583/MODULE_9907504738751219654+e30acd3a/model.neff
2026-09-09 09:14:46.000435:  133550  [INFO]: Using a cached neff at /home/ubuntu/neuron_cache_e2e/neuronxcc-2.23.6484.0+3b612583/MODULE_9907504738751219654+e30acd3a/model.neff
/home/ubuntu/train_llama10b_tp_families.py:486: DeprecationWarning: Use torch_xla.sync instead
  xm.mark_step()
/home/ubuntu/train_llama10b_tp_families.py:486: DeprecationWarning: Use torch_xla.sync instead
  xm.mark_step()
/home/ubuntu/train_llama10b_tp_families.py:486: DeprecationWarning: Use torch_xla.sync instead
  xm.mark_step()
2026-09-09 09:14:46.000445:  133542  [INFO]: Using a cached neff at /home/ubuntu/neuron_cache_e2e/neuronxcc-2.23.6484.0+3b612583/MODULE_9907504738751219654+e30acd3a/model.neff
2026-09-09 09:14:46.000452:  133532  [INFO]: Using a cached neff at /home/ubuntu/neuron_cache_e2e/neuronxcc-2.23.6484.0+3b612583/MODULE_9907504738751219654+e30acd3a/model.neff
2026-09-09 09:14:46.000454:  133538  [INFO]: Using a cached neff at /home/ubuntu/neuron_cache_e2e/neuronxcc-2.23.6484.0+3b612583/MODULE_9907504738751219654+e30acd3a/model.neff
/home/ubuntu/train_llama10b_tp_families.py:486: DeprecationWarning: Use torch_xla.sync instead
  xm.mark_step()
2026-09-09 09:14:46.000479:  133547  [INFO]: Using a cached neff at /home/ubuntu/neuron_cache_e2e/neuronxcc-2.23.6484.0+3b612583/MODULE_9907504738751219654+e30acd3a/model.neff
/home/ubuntu/train_llama10b_tp_families.py:486: DeprecationWarning: Use torch_xla.sync instead
  xm.mark_step()
2026-09-09 09:14:46.000495:  133544  [INFO]: Using a cached neff at /home/ubuntu/neuron_cache_e2e/neuronxcc-2.23.6484.0+3b612583/MODULE_9907504738751219654+e30acd3a/model.neff
2026-09-09 09:14:48.000516:  133546  [INFO]: Using a cached neff at /home/ubuntu/neuron_cache_e2e/neuronxcc-2.23.6484.0+3b612583/MODULE_1499171137088151669+e30acd3a/model.neff
2026-09-09 09:14:48.000516:  133545  [INFO]: Using a cached neff at /home/ubuntu/neuron_cache_e2e/neuronxcc-2.23.6484.0+3b612583/MODULE_1499171137088151669+e30acd3a/model.neff
2026-09-09 09:14:48.000516:  133539  [INFO]: Using a cached neff at /home/ubuntu/neuron_cache_e2e/neuronxcc-2.23.6484.0+3b612583/MODULE_1499171137088151669+e30acd3a/model.neff
2026-09-09 09:14:48.000517:  133559  [INFO]: Using a cached neff at /home/ubuntu/neuron_cache_e2e/neuronxcc-2.23.6484.0+3b612583/MODULE_1499171137088151669+e30acd3a/model.neff
2026-09-09 09:14:48.000517:  133536  [INFO]: Using a cached neff at /home/ubuntu/neuron_cache_e2e/neuronxcc-2.23.6484.0+3b612583/MODULE_1499171137088151669+e30acd3a/model.neff
2026-09-09 09:14:48.000517:  133551  [INFO]: Using a cached neff at /home/ubuntu/neuron_cache_e2e/neuronxcc-2.23.6484.0+3b612583/MODULE_1499171137088151669+e30acd3a/model.neff
2026-09-09 09:14:48.000518:  133541  [INFO]: Using a cached neff at /home/ubuntu/neuron_cache_e2e/neuronxcc-2.23.6484.0+3b612583/MODULE_1499171137088151669+e30acd3a/model.neff
2026-09-09 09:14:48.000518:  133558  [INFO]: Using a cached neff at /home/ubuntu/neuron_cache_e2e/neuronxcc-2.23.6484.0+3b612583/MODULE_1499171137088151669+e30acd3a/model.neff
2026-09-09 09:14:48.000518:  133533  [INFO]: Using a cached neff at /home/ubuntu/neuron_cache_e2e/neuronxcc-2.23.6484.0+3b612583/MODULE_1499171137088151669+e30acd3a/model.neff
2026-09-09 09:14:48.000518:  133549  [INFO]: Using a cached neff at /home/ubuntu/neuron_cache_e2e/neuronxcc-2.23.6484.0+3b612583/MODULE_1499171137088151669+e30acd3a/model.neff
2026-09-09 09:14:48.000518:  133556  [INFO]: Using a cached neff at /home/ubuntu/neuron_cache_e2e/neuronxcc-2.23.6484.0+3b612583/MODULE_1499171137088151669+e30acd3a/model.neff
2026-09-09 09:14:48.000519:  133562  [INFO]: Using a cached neff at /home/ubuntu/neuron_cache_e2e/neuronxcc-2.23.6484.0+3b612583/MODULE_1499171137088151669+e30acd3a/model.neff
2026-09-09 09:14:48.000520:  133554  [INFO]: Using a cached neff at /home/ubuntu/neuron_cache_e2e/neuronxcc-2.23.6484.0+3b612583/MODULE_1499171137088151669+e30acd3a/model.neff
2026-09-09 09:14:48.000520:  133534  [INFO]: Using a cached neff at /home/ubuntu/neuron_cache_e2e/neuronxcc-2.23.6484.0+3b612583/MODULE_1499171137088151669+e30acd3a/model.neff
2026-09-09 09:14:48.000521:  133538  [INFO]: Using a cached neff at /home/ubuntu/neuron_cache_e2e/neuronxcc-2.23.6484.0+3b612583/MODULE_1499171137088151669+e30acd3a/model.neff
2026-09-09 09:14:48.000521:  133537  [INFO]: Using a cached neff at /home/ubuntu/neuron_cache_e2e/neuronxcc-2.23.6484.0+3b612583/MODULE_1499171137088151669+e30acd3a/model.neff
2026-09-09 09:14:48.000522:  133532  [INFO]: Using a cached neff at /home/ubuntu/neuron_cache_e2e/neuronxcc-2.23.6484.0+3b612583/MODULE_1499171137088151669+e30acd3a/model.neff
2026-09-09 09:14:48.000524:  133544  [INFO]: Using a cached neff at /home/ubuntu/neuron_cache_e2e/neuronxcc-2.23.6484.0+3b612583/MODULE_1499171137088151669+e30acd3a/model.neff
2026-09-09 09:14:48.000524:  133552  [INFO]: Using a cached neff at /home/ubuntu/neuron_cache_e2e/neuronxcc-2.23.6484.0+3b612583/MODULE_1499171137088151669+e30acd3a/model.neff
2026-09-09 09:14:48.000525:  133555  [INFO]: Using a cached neff at /home/ubuntu/neuron_cache_e2e/neuronxcc-2.23.6484.0+3b612583/MODULE_1499171137088151669+e30acd3a/model.neff
2026-09-09 09:14:48.000526:  133543  [INFO]: Using a cached neff at /home/ubuntu/neuron_cache_e2e/neuronxcc-2.23.6484.0+3b612583/MODULE_1499171137088151669+e30acd3a/model.neff
2026-09-09 09:14:48.000526:  133531  [INFO]: Using a cached neff at /home/ubuntu/neuron_cache_e2e/neuronxcc-2.23.6484.0+3b612583/MODULE_1499171137088151669+e30acd3a/model.neff
2026-09-09 09:14:48.000527:  133553  [INFO]: Using a cached neff at /home/ubuntu/neuron_cache_e2e/neuronxcc-2.23.6484.0+3b612583/MODULE_1499171137088151669+e30acd3a/model.neff
2026-09-09 09:14:48.000528:  133535  [INFO]: Using a cached neff at /home/ubuntu/neuron_cache_e2e/neuronxcc-2.23.6484.0+3b612583/MODULE_1499171137088151669+e30acd3a/model.neff
2026-09-09 09:14:48.000530:  133540  [INFO]: Using a cached neff at /home/ubuntu/neuron_cache_e2e/neuronxcc-2.23.6484.0+3b612583/MODULE_1499171137088151669+e30acd3a/model.neff
2026-09-09 09:14:48.000531:  133542  [INFO]: Using a cached neff at /home/ubuntu/neuron_cache_e2e/neuronxcc-2.23.6484.0+3b612583/MODULE_1499171137088151669+e30acd3a/model.neff
2026-09-09 09:14:48.000532:  133560  [INFO]: Using a cached neff at /home/ubuntu/neuron_cache_e2e/neuronxcc-2.23.6484.0+3b612583/MODULE_1499171137088151669+e30acd3a/model.neff
2026-09-09 09:14:48.000532:  133561  [INFO]: Using a cached neff at /home/ubuntu/neuron_cache_e2e/neuronxcc-2.23.6484.0+3b612583/MODULE_1499171137088151669+e30acd3a/model.neff
2026-09-09 09:14:48.000533:  133547  [INFO]: Using a cached neff at /home/ubuntu/neuron_cache_e2e/neuronxcc-2.23.6484.0+3b612583/MODULE_1499171137088151669+e30acd3a/model.neff
2026-09-09 09:14:48.000534:  133557  [INFO]: Using a cached neff at /home/ubuntu/neuron_cache_e2e/neuronxcc-2.23.6484.0+3b612583/MODULE_1499171137088151669+e30acd3a/model.neff
2026-09-09 09:14:48.000538:  133550  [INFO]: Using a cached neff at /home/ubuntu/neuron_cache_e2e/neuronxcc-2.23.6484.0+3b612583/MODULE_1499171137088151669+e30acd3a/model.neff
2026-09-09 09:14:48.000539:  133548  [INFO]: Using a cached neff at /home/ubuntu/neuron_cache_e2e/neuronxcc-2.23.6484.0+3b612583/MODULE_1499171137088151669+e30acd3a/model.neff
2026-09-09 09:14:48.000582:  133551  [INFO]: Using a cached neff at /home/ubuntu/neuron_cache_e2e/neuronxcc-2.23.6484.0+3b612583/MODULE_17648644002933114688+e30acd3a/model.neff
2026-09-09 09:14:48.000582:  133545  [INFO]: Using a cached neff at /home/ubuntu/neuron_cache_e2e/neuronxcc-2.23.6484.0+3b612583/MODULE_17648644002933114688+e30acd3a/model.neff
2026-09-09 09:14:48.000583:  133536  [INFO]: Using a cached neff at /home/ubuntu/neuron_cache_e2e/neuronxcc-2.23.6484.0+3b612583/MODULE_17648644002933114688+e30acd3a/model.neff
2026-09-09 09:14:48.000585:  133554  [INFO]: Using a cached neff at /home/ubuntu/neuron_cache_e2e/neuronxcc-2.23.6484.0+3b612583/MODULE_17648644002933114688+e30acd3a/model.neff
2026-09-09 09:14:48.000585:  133546  [INFO]: Using a cached neff at /home/ubuntu/neuron_cache_e2e/neuronxcc-2.23.6484.0+3b612583/MODULE_17648644002933114688+e30acd3a/model.neff
2026-09-09 09:14:48.000585:  133549  [INFO]: Using a cached neff at /home/ubuntu/neuron_cache_e2e/neuronxcc-2.23.6484.0+3b612583/MODULE_17648644002933114688+e30acd3a/model.neff
2026-09-09 09:14:48.000586:  133559  [INFO]: Using a cached neff at /home/ubuntu/neuron_cache_e2e/neuronxcc-2.23.6484.0+3b612583/MODULE_17648644002933114688+e30acd3a/model.neff
2026-09-09 09:14:48.000586:  133556  [INFO]: Using a cached neff at /home/ubuntu/neuron_cache_e2e/neuronxcc-2.23.6484.0+3b612583/MODULE_17648644002933114688+e30acd3a/model.neff
2026-09-09 09:14:48.000588:  133541  [INFO]: Using a cached neff at /home/ubuntu/neuron_cache_e2e/neuronxcc-2.23.6484.0+3b612583/MODULE_17648644002933114688+e30acd3a/model.neff
2026-09-09 09:14:48.000591:  133533  [INFO]: Using a cached neff at /home/ubuntu/neuron_cache_e2e/neuronxcc-2.23.6484.0+3b612583/MODULE_17648644002933114688+e30acd3a/model.neff
2026-09-09 09:14:48.000592:  133562  [INFO]: Using a cached neff at /home/ubuntu/neuron_cache_e2e/neuronxcc-2.23.6484.0+3b612583/MODULE_17648644002933114688+e30acd3a/model.neff
2026-09-09 09:14:48.000592:  133534  [INFO]: Using a cached neff at /home/ubuntu/neuron_cache_e2e/neuronxcc-2.23.6484.0+3b612583/MODULE_17648644002933114688+e30acd3a/model.neff
2026-09-09 09:14:48.000593:  133539  [INFO]: Using a cached neff at /home/ubuntu/neuron_cache_e2e/neuronxcc-2.23.6484.0+3b612583/MODULE_17648644002933114688+e30acd3a/model.neff
2026-09-09 09:14:48.000595:  133537  [INFO]: Using a cached neff at /home/ubuntu/neuron_cache_e2e/neuronxcc-2.23.6484.0+3b612583/MODULE_17648644002933114688+e30acd3a/model.neff
2026-09-09 09:14:48.000595:  133558  [INFO]: Using a cached neff at /home/ubuntu/neuron_cache_e2e/neuronxcc-2.23.6484.0+3b612583/MODULE_17648644002933114688+e30acd3a/model.neff
2026-09-09 09:14:48.000596:  133532  [INFO]: Using a cached neff at /home/ubuntu/neuron_cache_e2e/neuronxcc-2.23.6484.0+3b612583/MODULE_17648644002933114688+e30acd3a/model.neff
2026-09-09 09:14:48.000597:  133538  [INFO]: Using a cached neff at /home/ubuntu/neuron_cache_e2e/neuronxcc-2.23.6484.0+3b612583/MODULE_17648644002933114688+e30acd3a/model.neff
2026-09-09 09:14:48.000597:  133555  [INFO]: Using a cached neff at /home/ubuntu/neuron_cache_e2e/neuronxcc-2.23.6484.0+3b612583/MODULE_17648644002933114688+e30acd3a/model.neff
2026-09-09 09:14:48.000597:  133543  [INFO]: Using a cached neff at /home/ubuntu/neuron_cache_e2e/neuronxcc-2.23.6484.0+3b612583/MODULE_17648644002933114688+e30acd3a/model.neff
2026-09-09 09:14:48.000597:  133552  [INFO]: Using a cached neff at /home/ubuntu/neuron_cache_e2e/neuronxcc-2.23.6484.0+3b612583/MODULE_17648644002933114688+e30acd3a/model.neff
2026-09-09 09:14:48.000597:  133535  [INFO]: Using a cached neff at /home/ubuntu/neuron_cache_e2e/neuronxcc-2.23.6484.0+3b612583/MODULE_17648644002933114688+e30acd3a/model.neff
2026-09-09 09:14:48.000598:  133544  [INFO]: Using a cached neff at /home/ubuntu/neuron_cache_e2e/neuronxcc-2.23.6484.0+3b612583/MODULE_17648644002933114688+e30acd3a/model.neff
2026-09-09 09:14:48.000598:  133553  [INFO]: Using a cached neff at /home/ubuntu/neuron_cache_e2e/neuronxcc-2.23.6484.0+3b612583/MODULE_17648644002933114688+e30acd3a/model.neff
2026-09-09 09:14:48.000599:  133540  [INFO]: Using a cached neff at /home/ubuntu/neuron_cache_e2e/neuronxcc-2.23.6484.0+3b612583/MODULE_17648644002933114688+e30acd3a/model.neff
2026-09-09 09:14:48.000601:  133547  [INFO]: Using a cached neff at /home/ubuntu/neuron_cache_e2e/neuronxcc-2.23.6484.0+3b612583/MODULE_17648644002933114688+e30acd3a/model.neff
2026-09-09 09:14:48.000602:  133557  [INFO]: Using a cached neff at /home/ubuntu/neuron_cache_e2e/neuronxcc-2.23.6484.0+3b612583/MODULE_17648644002933114688+e30acd3a/model.neff
2026-09-09 09:14:48.000603:  133550  [INFO]: Using a cached neff at /home/ubuntu/neuron_cache_e2e/neuronxcc-2.23.6484.0+3b612583/MODULE_17648644002933114688+e30acd3a/model.neff
2026-09-09 09:14:48.000605:  133548  [INFO]: Using a cached neff at /home/ubuntu/neuron_cache_e2e/neuronxcc-2.23.6484.0+3b612583/MODULE_17648644002933114688+e30acd3a/model.neff
2026-09-09 09:14:48.000608:  133531  [INFO]: Using a cached neff at /home/ubuntu/neuron_cache_e2e/neuronxcc-2.23.6484.0+3b612583/MODULE_17648644002933114688+e30acd3a/model.neff
2026-09-09 09:14:48.000611:  133560  [INFO]: Using a cached neff at /home/ubuntu/neuron_cache_e2e/neuronxcc-2.23.6484.0+3b612583/MODULE_17648644002933114688+e30acd3a/model.neff
2026-09-09 09:14:48.000614:  133561  [INFO]: Using a cached neff at /home/ubuntu/neuron_cache_e2e/neuronxcc-2.23.6484.0+3b612583/MODULE_17648644002933114688+e30acd3a/model.neff
2026-09-09 09:14:48.000616:  133542  [INFO]: Using a cached neff at /home/ubuntu/neuron_cache_e2e/neuronxcc-2.23.6484.0+3b612583/MODULE_17648644002933114688+e30acd3a/model.neff
2026-09-09 09:14:48.000884:  133547  [INFO]: Using a cached neff at /home/ubuntu/neuron_cache_e2e/neuronxcc-2.23.6484.0+3b612583/MODULE_18195731349635810011+e30acd3a/model.neff
2026-09-09 09:14:48.000885:  133546  [INFO]: Using a cached neff at /home/ubuntu/neuron_cache_e2e/neuronxcc-2.23.6484.0+3b612583/MODULE_18195731349635810011+e30acd3a/model.neff
2026-09-09 09:14:48.000885:  133562  [INFO]: Using a cached neff at /home/ubuntu/neuron_cache_e2e/neuronxcc-2.23.6484.0+3b612583/MODULE_18195731349635810011+e30acd3a/model.neff
2026-09-09 09:14:48.000885:  133551  [INFO]: Using a cached neff at /home/ubuntu/neuron_cache_e2e/neuronxcc-2.23.6484.0+3b612583/MODULE_18195731349635810011+e30acd3a/model.neff
2026-09-09 09:14:48.000886:  133538  [INFO]: Using a cached neff at /home/ubuntu/neuron_cache_e2e/neuronxcc-2.23.6484.0+3b612583/MODULE_18195731349635810011+e30acd3a/model.neff
2026-09-09 09:14:48.000888:  133535  [INFO]: Using a cached neff at /home/ubuntu/neuron_cache_e2e/neuronxcc-2.23.6484.0+3b612583/MODULE_18195731349635810011+e30acd3a/model.neff
2026-09-09 09:14:48.000888:  133537  [INFO]: Using a cached neff at /home/ubuntu/neuron_cache_e2e/neuronxcc-2.23.6484.0+3b612583/MODULE_18195731349635810011+e30acd3a/model.neff
2026-09-09 09:14:48.000889:  133550  [INFO]: Using a cached neff at /home/ubuntu/neuron_cache_e2e/neuronxcc-2.23.6484.0+3b612583/MODULE_18195731349635810011+e30acd3a/model.neff
2026-09-09 09:14:48.000889:  133539  [INFO]: Using a cached neff at /home/ubuntu/neuron_cache_e2e/neuronxcc-2.23.6484.0+3b612583/MODULE_18195731349635810011+e30acd3a/model.neff
2026-09-09 09:14:48.000891:  133545  [INFO]: Using a cached neff at /home/ubuntu/neuron_cache_e2e/neuronxcc-2.23.6484.0+3b612583/MODULE_18195731349635810011+e30acd3a/model.neff
2026-09-09 09:14:48.000891:  133556  [INFO]: Using a cached neff at /home/ubuntu/neuron_cache_e2e/neuronxcc-2.23.6484.0+3b612583/MODULE_18195731349635810011+e30acd3a/model.neff
2026-09-09 09:14:48.000892:  133553  [INFO]: Using a cached neff at /home/ubuntu/neuron_cache_e2e/neuronxcc-2.23.6484.0+3b612583/MODULE_18195731349635810011+e30acd3a/model.neff
2026-09-09 09:14:48.000892:  133554  [INFO]: Using a cached neff at /home/ubuntu/neuron_cache_e2e/neuronxcc-2.23.6484.0+3b612583/MODULE_18195731349635810011+e30acd3a/model.neff
2026-09-09 09:14:48.000893:  133544  [INFO]: Using a cached neff at /home/ubuntu/neuron_cache_e2e/neuronxcc-2.23.6484.0+3b612583/MODULE_18195731349635810011+e30acd3a/model.neff
2026-09-09 09:14:48.000894:  133536  [INFO]: Using a cached neff at /home/ubuntu/neuron_cache_e2e/neuronxcc-2.23.6484.0+3b612583/MODULE_18195731349635810011+e30acd3a/model.neff
2026-09-09 09:14:48.000894:  133559  [INFO]: Using a cached neff at /home/ubuntu/neuron_cache_e2e/neuronxcc-2.23.6484.0+3b612583/MODULE_18195731349635810011+e30acd3a/model.neff
2026-09-09 09:14:48.000894:  133557  [INFO]: Using a cached neff at /home/ubuntu/neuron_cache_e2e/neuronxcc-2.23.6484.0+3b612583/MODULE_18195731349635810011+e30acd3a/model.neff
2026-09-09 09:14:48.000896:  133533  [INFO]: Using a cached neff at /home/ubuntu/neuron_cache_e2e/neuronxcc-2.23.6484.0+3b612583/MODULE_18195731349635810011+e30acd3a/model.neff
2026-09-09 09:14:48.000896:  133552  [INFO]: Using a cached neff at /home/ubuntu/neuron_cache_e2e/neuronxcc-2.23.6484.0+3b612583/MODULE_18195731349635810011+e30acd3a/model.neff
2026-09-09 09:14:48.000897:  133531  [INFO]: Using a cached neff at /home/ubuntu/neuron_cache_e2e/neuronxcc-2.23.6484.0+3b612583/MODULE_18195731349635810011+e30acd3a/model.neff
2026-09-09 09:14:48.000898:  133541  [INFO]: Using a cached neff at /home/ubuntu/neuron_cache_e2e/neuronxcc-2.23.6484.0+3b612583/MODULE_18195731349635810011+e30acd3a/model.neff
2026-09-09 09:14:48.000898:  133555  [INFO]: Using a cached neff at /home/ubuntu/neuron_cache_e2e/neuronxcc-2.23.6484.0+3b612583/MODULE_18195731349635810011+e30acd3a/model.neff
2026-09-09 09:14:48.000899:  133549  [INFO]: Using a cached neff at /home/ubuntu/neuron_cache_e2e/neuronxcc-2.23.6484.0+3b612583/MODULE_18195731349635810011+e30acd3a/model.neff
2026-09-09 09:14:48.000901:  133561  [INFO]: Using a cached neff at /home/ubuntu/neuron_cache_e2e/neuronxcc-2.23.6484.0+3b612583/MODULE_18195731349635810011+e30acd3a/model.neff
2026-09-09 09:14:48.000902:  133558  [INFO]: Using a cached neff at /home/ubuntu/neuron_cache_e2e/neuronxcc-2.23.6484.0+3b612583/MODULE_18195731349635810011+e30acd3a/model.neff
2026-09-09 09:14:48.000902:  133534  [INFO]: Using a cached neff at /home/ubuntu/neuron_cache_e2e/neuronxcc-2.23.6484.0+3b612583/MODULE_18195731349635810011+e30acd3a/model.neff
2026-09-09 09:14:48.000903:  133560  [INFO]: Using a cached neff at /home/ubuntu/neuron_cache_e2e/neuronxcc-2.23.6484.0+3b612583/MODULE_18195731349635810011+e30acd3a/model.neff
2026-09-09 09:14:48.000904:  133543  [INFO]: Using a cached neff at /home/ubuntu/neuron_cache_e2e/neuronxcc-2.23.6484.0+3b612583/MODULE_18195731349635810011+e30acd3a/model.neff
2026-09-09 09:14:48.000904:  133542  [INFO]: Using a cached neff at /home/ubuntu/neuron_cache_e2e/neuronxcc-2.23.6484.0+3b612583/MODULE_18195731349635810011+e30acd3a/model.neff
2026-09-09 09:14:48.000905:  133540  [INFO]: Using a cached neff at /home/ubuntu/neuron_cache_e2e/neuronxcc-2.23.6484.0+3b612583/MODULE_18195731349635810011+e30acd3a/model.neff
2026-09-09 09:14:48.000905:  133548  [INFO]: Using a cached neff at /home/ubuntu/neuron_cache_e2e/neuronxcc-2.23.6484.0+3b612583/MODULE_18195731349635810011+e30acd3a/model.neff
2026-09-09 09:14:48.000905:  133532  [INFO]: Using a cached neff at /home/ubuntu/neuron_cache_e2e/neuronxcc-2.23.6484.0+3b612583/MODULE_18195731349635810011+e30acd3a/model.neff
2026-09-09 09:14:48.000919:  133562  [INFO]: Using a cached neff at /home/ubuntu/neuron_cache_e2e/neuronxcc-2.23.6484.0+3b612583/MODULE_8612601412218940330+e30acd3a/model.neff
2026-09-09 09:14:48.000919:  133547  [INFO]: Using a cached neff at /home/ubuntu/neuron_cache_e2e/neuronxcc-2.23.6484.0+3b612583/MODULE_8612601412218940330+e30acd3a/model.neff
2026-09-09 09:14:48.000920:  133551  [INFO]: Using a cached neff at /home/ubuntu/neuron_cache_e2e/neuronxcc-2.23.6484.0+3b612583/MODULE_8612601412218940330+e30acd3a/model.neff
2026-09-09 09:14:48.000920:  133546  [INFO]: Using a cached neff at /home/ubuntu/neuron_cache_e2e/neuronxcc-2.23.6484.0+3b612583/MODULE_8612601412218940330+e30acd3a/model.neff
2026-09-09 09:14:48.000921:  133538  [INFO]: Using a cached neff at /home/ubuntu/neuron_cache_e2e/neuronxcc-2.23.6484.0+3b612583/MODULE_8612601412218940330+e30acd3a/model.neff
2026-09-09 09:14:48.000922:  133535  [INFO]: Using a cached neff at /home/ubuntu/neuron_cache_e2e/neuronxcc-2.23.6484.0+3b612583/MODULE_8612601412218940330+e30acd3a/model.neff
2026-09-09 09:14:48.000923:  133537  [INFO]: Using a cached neff at /home/ubuntu/neuron_cache_e2e/neuronxcc-2.23.6484.0+3b612583/MODULE_8612601412218940330+e30acd3a/model.neff
2026-09-09 09:14:48.000924:  133539  [INFO]: Using a cached neff at /home/ubuntu/neuron_cache_e2e/neuronxcc-2.23.6484.0+3b612583/MODULE_8612601412218940330+e30acd3a/model.neff
2026-09-09 09:14:48.000925:  133550  [INFO]: Using a cached neff at /home/ubuntu/neuron_cache_e2e/neuronxcc-2.23.6484.0+3b612583/MODULE_8612601412218940330+e30acd3a/model.neff
2026-09-09 09:14:48.000928:  133556  [INFO]: Using a cached neff at /home/ubuntu/neuron_cache_e2e/neuronxcc-2.23.6484.0+3b612583/MODULE_8612601412218940330+e30acd3a/model.neff
2026-09-09 09:14:48.000929:  133544  [INFO]: Using a cached neff at /home/ubuntu/neuron_cache_e2e/neuronxcc-2.23.6484.0+3b612583/MODULE_8612601412218940330+e30acd3a/model.neff
2026-09-09 09:14:48.000930:  133554  [INFO]: Using a cached neff at /home/ubuntu/neuron_cache_e2e/neuronxcc-2.23.6484.0+3b612583/MODULE_8612601412218940330+e30acd3a/model.neff
2026-09-09 09:14:48.000930:  133559  [INFO]: Using a cached neff at /home/ubuntu/neuron_cache_e2e/neuronxcc-2.23.6484.0+3b612583/MODULE_8612601412218940330+e30acd3a/model.neff
2026-09-09 09:14:48.000930:  133533  [INFO]: Using a cached neff at /home/ubuntu/neuron_cache_e2e/neuronxcc-2.23.6484.0+3b612583/MODULE_8612601412218940330+e30acd3a/model.neff
2026-09-09 09:14:48.000931:  133553  [INFO]: Using a cached neff at /home/ubuntu/neuron_cache_e2e/neuronxcc-2.23.6484.0+3b612583/MODULE_8612601412218940330+e30acd3a/model.neff
2026-09-09 09:14:48.000931:  133545  [INFO]: Using a cached neff at /home/ubuntu/neuron_cache_e2e/neuronxcc-2.23.6484.0+3b612583/MODULE_8612601412218940330+e30acd3a/model.neff
2026-09-09 09:14:48.000932:  133552  [INFO]: Using a cached neff at /home/ubuntu/neuron_cache_e2e/neuronxcc-2.23.6484.0+3b612583/MODULE_8612601412218940330+e30acd3a/model.neff
2026-09-09 09:14:48.000932:  133531  [INFO]: Using a cached neff at /home/ubuntu/neuron_cache_e2e/neuronxcc-2.23.6484.0+3b612583/MODULE_8612601412218940330+e30acd3a/model.neff
2026-09-09 09:14:48.000933:  133555  [INFO]: Using a cached neff at /home/ubuntu/neuron_cache_e2e/neuronxcc-2.23.6484.0+3b612583/MODULE_8612601412218940330+e30acd3a/model.neff
2026-09-09 09:14:48.000933:  133557  [INFO]: Using a cached neff at /home/ubuntu/neuron_cache_e2e/neuronxcc-2.23.6484.0+3b612583/MODULE_8612601412218940330+e30acd3a/model.neff
2026-09-09 09:14:48.000933:  133541  [INFO]: Using a cached neff at /home/ubuntu/neuron_cache_e2e/neuronxcc-2.23.6484.0+3b612583/MODULE_8612601412218940330+e30acd3a/model.neff
2026-09-09 09:14:48.000934:  133549  [INFO]: Using a cached neff at /home/ubuntu/neuron_cache_e2e/neuronxcc-2.23.6484.0+3b612583/MODULE_8612601412218940330+e30acd3a/model.neff
2026-09-09 09:14:48.000935:  133536  [INFO]: Using a cached neff at /home/ubuntu/neuron_cache_e2e/neuronxcc-2.23.6484.0+3b612583/MODULE_8612601412218940330+e30acd3a/model.neff
2026-09-09 09:14:48.000937:  133561  [INFO]: Using a cached neff at /home/ubuntu/neuron_cache_e2e/neuronxcc-2.23.6484.0+3b612583/MODULE_8612601412218940330+e30acd3a/model.neff
2026-09-09 09:14:48.000937:  133558  [INFO]: Using a cached neff at /home/ubuntu/neuron_cache_e2e/neuronxcc-2.23.6484.0+3b612583/MODULE_8612601412218940330+e30acd3a/model.neff
2026-09-09 09:14:48.000937:  133534  [INFO]: Using a cached neff at /home/ubuntu/neuron_cache_e2e/neuronxcc-2.23.6484.0+3b612583/MODULE_8612601412218940330+e30acd3a/model.neff
2026-09-09 09:14:48.000938:  133560  [INFO]: Using a cached neff at /home/ubuntu/neuron_cache_e2e/neuronxcc-2.23.6484.0+3b612583/MODULE_8612601412218940330+e30acd3a/model.neff
2026-09-09 09:14:48.000939:  133543  [INFO]: Using a cached neff at /home/ubuntu/neuron_cache_e2e/neuronxcc-2.23.6484.0+3b612583/MODULE_8612601412218940330+e30acd3a/model.neff
2026-09-09 09:14:48.000940:  133542  [INFO]: Using a cached neff at /home/ubuntu/neuron_cache_e2e/neuronxcc-2.23.6484.0+3b612583/MODULE_8612601412218940330+e30acd3a/model.neff
2026-09-09 09:14:48.000941:  133540  [INFO]: Using a cached neff at /home/ubuntu/neuron_cache_e2e/neuronxcc-2.23.6484.0+3b612583/MODULE_8612601412218940330+e30acd3a/model.neff
2026-09-09 09:14:48.000944:  133548  [INFO]: Using a cached neff at /home/ubuntu/neuron_cache_e2e/neuronxcc-2.23.6484.0+3b612583/MODULE_8612601412218940330+e30acd3a/model.neff
2026-09-09 09:14:48.000952:  133532  [INFO]: Using a cached neff at /home/ubuntu/neuron_cache_e2e/neuronxcc-2.23.6484.0+3b612583/MODULE_8612601412218940330+e30acd3a/model.neff
/home/ubuntu/train_llama10b_tp_families.py:490: DeprecationWarning: Use torch_xla.sync instead
  xm.mark_step()
/home/ubuntu/train_llama10b_tp_families.py:490: DeprecationWarning: Use torch_xla.sync instead
  xm.mark_step()
/home/ubuntu/train_llama10b_tp_families.py:490: DeprecationWarning: Use torch_xla.sync instead
  xm.mark_step()
/home/ubuntu/train_llama10b_tp_families.py:490: DeprecationWarning: Use torch_xla.sync instead
  xm.mark_step()
/home/ubuntu/train_llama10b_tp_families.py:490: DeprecationWarning: Use torch_xla.sync instead
  xm.mark_step()
/home/ubuntu/train_llama10b_tp_families.py:490: DeprecationWarning: Use torch_xla.sync instead
  xm.mark_step()
/home/ubuntu/train_llama10b_tp_families.py:490: DeprecationWarning: Use torch_xla.sync instead
  xm.mark_step()
/home/ubuntu/train_llama10b_tp_families.py:490: DeprecationWarning: Use torch_xla.sync instead
  xm.mark_step()
/home/ubuntu/train_llama10b_tp_families.py:490: DeprecationWarning: Use torch_xla.sync instead
  xm.mark_step()
/home/ubuntu/train_llama10b_tp_families.py:490: DeprecationWarning: Use torch_xla.sync instead
  xm.mark_step()
/home/ubuntu/train_llama10b_tp_families.py:490: DeprecationWarning: Use torch_xla.sync instead
  xm.mark_step()
/home/ubuntu/train_llama10b_tp_families.py:490: DeprecationWarning: Use torch_xla.sync instead
  xm.mark_step()
/home/ubuntu/train_llama10b_tp_families.py:490: DeprecationWarning: Use torch_xla.sync instead
  xm.mark_step()
/home/ubuntu/train_llama10b_tp_families.py:490: DeprecationWarning: Use torch_xla.sync instead
  xm.mark_step()
/home/ubuntu/train_llama10b_tp_families.py:490: DeprecationWarning: Use torch_xla.sync instead
  xm.mark_step()
/home/ubuntu/train_llama10b_tp_families.py:490: DeprecationWarning: Use torch_xla.sync instead
  xm.mark_step()
/home/ubuntu/train_llama10b_tp_families.py:490: DeprecationWarning: Use torch_xla.sync instead
  xm.mark_step()
/home/ubuntu/train_llama10b_tp_families.py:490: DeprecationWarning: Use torch_xla.sync instead
  xm.mark_step()
/home/ubuntu/train_llama10b_tp_families.py:490: DeprecationWarning: Use torch_xla.sync instead
  xm.mark_step()
/home/ubuntu/train_llama10b_tp_families.py:490: DeprecationWarning: Use torch_xla.sync instead
  xm.mark_step()
/home/ubuntu/train_llama10b_tp_families.py:490: DeprecationWarning: Use torch_xla.sync instead
  xm.mark_step()
/home/ubuntu/train_llama10b_tp_families.py:490: DeprecationWarning: Use torch_xla.sync instead
  xm.mark_step()
/home/ubuntu/train_llama10b_tp_families.py:490: DeprecationWarning: Use torch_xla.sync instead
  xm.mark_step()
/home/ubuntu/train_llama10b_tp_families.py:490: DeprecationWarning: Use torch_xla.sync instead
  xm.mark_step()
/home/ubuntu/train_llama10b_tp_families.py:490: DeprecationWarning: Use torch_xla.sync instead
  xm.mark_step()
/home/ubuntu/train_llama10b_tp_families.py:490: DeprecationWarning: Use torch_xla.sync instead
  xm.mark_step()
/home/ubuntu/train_llama10b_tp_families.py:490: DeprecationWarning: Use torch_xla.sync instead
  xm.mark_step()
/home/ubuntu/train_llama10b_tp_families.py:490: DeprecationWarning: Use torch_xla.sync instead
  xm.mark_step()
/home/ubuntu/train_llama10b_tp_families.py:490: DeprecationWarning: Use torch_xla.sync instead
  xm.mark_step()
/home/ubuntu/train_llama10b_tp_families.py:490: DeprecationWarning: Use torch_xla.sync instead
  xm.mark_step()
/home/ubuntu/train_llama10b_tp_families.py:490: DeprecationWarning: Use torch_xla.sync instead
  xm.mark_step()
/home/ubuntu/train_llama10b_tp_families.py:490: DeprecationWarning: Use torch_xla.sync instead
  xm.mark_step()
2026-09-09 09:15:06.000403:  133545  [INFO]: Using a cached neff at /home/ubuntu/neuron_cache_e2e/neuronxcc-2.23.6484.0+3b612583/MODULE_8732584952886592803+e30acd3a/model.neff
2026-09-09 09:15:06.000403:  133546  [INFO]: Using a cached neff at /home/ubuntu/neuron_cache_e2e/neuronxcc-2.23.6484.0+3b612583/MODULE_8732584952886592803+e30acd3a/model.neff
2026-09-09 09:15:06.000411:  133559  [INFO]: Using a cached neff at /home/ubuntu/neuron_cache_e2e/neuronxcc-2.23.6484.0+3b612583/MODULE_8732584952886592803+e30acd3a/model.neff
/home/ubuntu/train_llama10b_tp_families.py:513: DeprecationWarning: Use torch_xla.sync instead
  xm.mark_step()   # slice sync graph: norms done
2026-09-09 09:15:06.000421:  133562  [INFO]: Using a cached neff at /home/ubuntu/neuron_cache_e2e/neuronxcc-2.23.6484.0+3b612583/MODULE_8732584952886592803+e30acd3a/model.neff
/home/ubuntu/train_llama10b_tp_families.py:513: DeprecationWarning: Use torch_xla.sync instead
  xm.mark_step()   # slice sync graph: norms done
2026-09-09 09:15:06.000427:  133550  [INFO]: Using a cached neff at /home/ubuntu/neuron_cache_e2e/neuronxcc-2.23.6484.0+3b612583/MODULE_8732584952886592803+e30acd3a/model.neff
2026-09-09 09:15:06.000429:  133533  [INFO]: Using a cached neff at /home/ubuntu/neuron_cache_e2e/neuronxcc-2.23.6484.0+3b612583/MODULE_8732584952886592803+e30acd3a/model.neff
2026-09-09 09:15:06.000431:  133552  [INFO]: Using a cached neff at /home/ubuntu/neuron_cache_e2e/neuronxcc-2.23.6484.0+3b612583/MODULE_8732584952886592803+e30acd3a/model.neff
2026-09-09 09:15:06.000432:  133549  [INFO]: Using a cached neff at /home/ubuntu/neuron_cache_e2e/neuronxcc-2.23.6484.0+3b612583/MODULE_8732584952886592803+e30acd3a/model.neff
2026-09-09 09:15:06.000433:  133560  [INFO]: Using a cached neff at /home/ubuntu/neuron_cache_e2e/neuronxcc-2.23.6484.0+3b612583/MODULE_8732584952886592803+e30acd3a/model.neff
/home/ubuntu/train_llama10b_tp_families.py:513: DeprecationWarning: Use torch_xla.sync instead
  xm.mark_step()   # slice sync graph: norms done
2026-09-09 09:15:06.000435:  133557  [INFO]: Using a cached neff at /home/ubuntu/neuron_cache_e2e/neuronxcc-2.23.6484.0+3b612583/MODULE_8732584952886592803+e30acd3a/model.neff
2026-09-09 09:15:06.000436:  133531  [INFO]: Using a cached neff at /home/ubuntu/neuron_cache_e2e/neuronxcc-2.23.6484.0+3b612583/MODULE_8732584952886592803+e30acd3a/model.neff
2026-09-09 09:15:06.000439:  133547  [INFO]: Using a cached neff at /home/ubuntu/neuron_cache_e2e/neuronxcc-2.23.6484.0+3b612583/MODULE_8732584952886592803+e30acd3a/model.neff
2026-09-09 09:15:06.000439:  133561  [INFO]: Using a cached neff at /home/ubuntu/neuron_cache_e2e/neuronxcc-2.23.6484.0+3b612583/MODULE_8732584952886592803+e30acd3a/model.neff
2026-09-09 09:15:06.000440:  133558  [INFO]: Using a cached neff at /home/ubuntu/neuron_cache_e2e/neuronxcc-2.23.6484.0+3b612583/MODULE_8732584952886592803+e30acd3a/model.neff
/home/ubuntu/train_llama10b_tp_families.py:513: DeprecationWarning: Use torch_xla.sync instead
  xm.mark_step()   # slice sync graph: norms done
2026-09-09 09:15:06.000443:  133534  [INFO]: Using a cached neff at /home/ubuntu/neuron_cache_e2e/neuronxcc-2.23.6484.0+3b612583/MODULE_8732584952886592803+e30acd3a/model.neff
2026-09-09 09:15:06.000444:  133540  [INFO]: Using a cached neff at /home/ubuntu/neuron_cache_e2e/neuronxcc-2.23.6484.0+3b612583/MODULE_8732584952886592803+e30acd3a/model.neff
2026-09-09 09:15:06.000445:  133543  [INFO]: Using a cached neff at /home/ubuntu/neuron_cache_e2e/neuronxcc-2.23.6484.0+3b612583/MODULE_8732584952886592803+e30acd3a/model.neff
2026-09-09 09:15:06.000447:  133544  [INFO]: Using a cached neff at /home/ubuntu/neuron_cache_e2e/neuronxcc-2.23.6484.0+3b612583/MODULE_8732584952886592803+e30acd3a/model.neff
2026-09-09 09:15:06.000447:  133532  [INFO]: Using a cached neff at /home/ubuntu/neuron_cache_e2e/neuronxcc-2.23.6484.0+3b612583/MODULE_8732584952886592803+e30acd3a/model.neff
2026-09-09 09:15:06.000449:  133539  [INFO]: Using a cached neff at /home/ubuntu/neuron_cache_e2e/neuronxcc-2.23.6484.0+3b612583/MODULE_8732584952886592803+e30acd3a/model.neff
/home/ubuntu/train_llama10b_tp_families.py:513: DeprecationWarning: Use torch_xla.sync instead
  xm.mark_step()   # slice sync graph: norms done
/home/ubuntu/train_llama10b_tp_families.py:513: DeprecationWarning: Use torch_xla.sync instead
  xm.mark_step()   # slice sync graph: norms done
2026-09-09 09:15:06.000451:  133541  [INFO]: Using a cached neff at /home/ubuntu/neuron_cache_e2e/neuronxcc-2.23.6484.0+3b612583/MODULE_8732584952886592803+e30acd3a/model.neff
/home/ubuntu/train_llama10b_tp_families.py:513: DeprecationWarning: Use torch_xla.sync instead
  xm.mark_step()   # slice sync graph: norms done
2026-09-09 09:15:06.000451:  133537  [INFO]: Using a cached neff at /home/ubuntu/neuron_cache_e2e/neuronxcc-2.23.6484.0+3b612583/MODULE_8732584952886592803+e30acd3a/model.neff
/home/ubuntu/train_llama10b_tp_families.py:513: DeprecationWarning: Use torch_xla.sync instead
  xm.mark_step()   # slice sync graph: norms done
2026-09-09 09:15:06.000453:  133551  [INFO]: Using a cached neff at /home/ubuntu/neuron_cache_e2e/neuronxcc-2.23.6484.0+3b612583/MODULE_8732584952886592803+e30acd3a/model.neff
/home/ubuntu/train_llama10b_tp_families.py:513: DeprecationWarning: Use torch_xla.sync instead
  xm.mark_step()   # slice sync graph: norms done
2026-09-09 09:15:06.000454:  133538  [INFO]: Using a cached neff at /home/ubuntu/neuron_cache_e2e/neuronxcc-2.23.6484.0+3b612583/MODULE_8732584952886592803+e30acd3a/model.neff
/home/ubuntu/train_llama10b_tp_families.py:513: DeprecationWarning: Use torch_xla.sync instead
  xm.mark_step()   # slice sync graph: norms done
/home/ubuntu/train_llama10b_tp_families.py:513: DeprecationWarning: Use torch_xla.sync instead
  xm.mark_step()   # slice sync graph: norms done
2026-09-09 09:15:06.000455:  133555  [INFO]: Using a cached neff at /home/ubuntu/neuron_cache_e2e/neuronxcc-2.23.6484.0+3b612583/MODULE_8732584952886592803+e30acd3a/model.neff
/home/ubuntu/train_llama10b_tp_families.py:513: DeprecationWarning: Use torch_xla.sync instead
  xm.mark_step()   # slice sync graph: norms done
2026-09-09 09:15:06.000458:  133542  [INFO]: Using a cached neff at /home/ubuntu/neuron_cache_e2e/neuronxcc-2.23.6484.0+3b612583/MODULE_8732584952886592803+e30acd3a/model.neff
/home/ubuntu/train_llama10b_tp_families.py:513: DeprecationWarning: Use torch_xla.sync instead
  xm.mark_step()   # slice sync graph: norms done
/home/ubuntu/train_llama10b_tp_families.py:513: DeprecationWarning: Use torch_xla.sync instead
  xm.mark_step()   # slice sync graph: norms done
2026-09-09 09:15:06.000460:  133548  [INFO]: Using a cached neff at /home/ubuntu/neuron_cache_e2e/neuronxcc-2.23.6484.0+3b612583/MODULE_8732584952886592803+e30acd3a/model.neff
2026-09-09 09:15:06.000461:  133536  [INFO]: Using a cached neff at /home/ubuntu/neuron_cache_e2e/neuronxcc-2.23.6484.0+3b612583/MODULE_8732584952886592803+e30acd3a/model.neff
2026-09-09 09:15:06.000461:  133556  [INFO]: Using a cached neff at /home/ubuntu/neuron_cache_e2e/neuronxcc-2.23.6484.0+3b612583/MODULE_8732584952886592803+e30acd3a/model.neff
/home/ubuntu/train_llama10b_tp_families.py:513: DeprecationWarning: Use torch_xla.sync instead
  xm.mark_step()   # slice sync graph: norms done
2026-09-09 09:15:06.000461:  133553  [INFO]: Using a cached neff at /home/ubuntu/neuron_cache_e2e/neuronxcc-2.23.6484.0+3b612583/MODULE_8732584952886592803+e30acd3a/model.neff
2026-09-09 09:15:06.000464:  133554  [INFO]: Using a cached neff at /home/ubuntu/neuron_cache_e2e/neuronxcc-2.23.6484.0+3b612583/MODULE_8732584952886592803+e30acd3a/model.neff
/home/ubuntu/train_llama10b_tp_families.py:513: DeprecationWarning: Use torch_xla.sync instead
  xm.mark_step()   # slice sync graph: norms done
/home/ubuntu/train_llama10b_tp_families.py:513: DeprecationWarning: Use torch_xla.sync instead
  xm.mark_step()   # slice sync graph: norms done
/home/ubuntu/train_llama10b_tp_families.py:513: DeprecationWarning: Use torch_xla.sync instead
  xm.mark_step()   # slice sync graph: norms done
2026-09-09 09:15:06.000468:  133535  [INFO]: Using a cached neff at /home/ubuntu/neuron_cache_e2e/neuronxcc-2.23.6484.0+3b612583/MODULE_8732584952886592803+e30acd3a/model.neff
/home/ubuntu/train_llama10b_tp_families.py:513: DeprecationWarning: Use torch_xla.sync instead
  xm.mark_step()   # slice sync graph: norms done
/home/ubuntu/train_llama10b_tp_families.py:513: DeprecationWarning: Use torch_xla.sync instead
  xm.mark_step()   # slice sync graph: norms done
/home/ubuntu/train_llama10b_tp_families.py:513: DeprecationWarning: Use torch_xla.sync instead
  xm.mark_step()   # slice sync graph: norms done
/home/ubuntu/train_llama10b_tp_families.py:513: DeprecationWarning: Use torch_xla.sync instead
  xm.mark_step()   # slice sync graph: norms done
/home/ubuntu/train_llama10b_tp_families.py:513: DeprecationWarning: Use torch_xla.sync instead
  xm.mark_step()   # slice sync graph: norms done
/home/ubuntu/train_llama10b_tp_families.py:513: DeprecationWarning: Use torch_xla.sync instead
  xm.mark_step()   # slice sync graph: norms done
/home/ubuntu/train_llama10b_tp_families.py:513: DeprecationWarning: Use torch_xla.sync instead
  xm.mark_step()   # slice sync graph: norms done
/home/ubuntu/train_llama10b_tp_families.py:513: DeprecationWarning: Use torch_xla.sync instead
  xm.mark_step()   # slice sync graph: norms done
/home/ubuntu/train_llama10b_tp_families.py:513: DeprecationWarning: Use torch_xla.sync instead
  xm.mark_step()   # slice sync graph: norms done
/home/ubuntu/train_llama10b_tp_families.py:513: DeprecationWarning: Use torch_xla.sync instead
  xm.mark_step()   # slice sync graph: norms done
/home/ubuntu/train_llama10b_tp_families.py:513: DeprecationWarning: Use torch_xla.sync instead
  xm.mark_step()   # slice sync graph: norms done
/home/ubuntu/train_llama10b_tp_families.py:513: DeprecationWarning: Use torch_xla.sync instead
  xm.mark_step()   # slice sync graph: norms done
/home/ubuntu/train_llama10b_tp_families.py:513: DeprecationWarning: Use torch_xla.sync instead
  xm.mark_step()   # slice sync graph: norms done
/home/ubuntu/train_llama10b_tp_families.py:513: DeprecationWarning: Use torch_xla.sync instead
  xm.mark_step()   # slice sync graph: norms done
2026-09-09 09:15:06.000517:  133546  [INFO]: Using a cached neff at /home/ubuntu/neuron_cache_e2e/neuronxcc-2.23.6484.0+3b612583/MODULE_2518128157660282412+e30acd3a/model.neff
2026-09-09 09:15:06.000537:  133559  [INFO]: Using a cached neff at /home/ubuntu/neuron_cache_e2e/neuronxcc-2.23.6484.0+3b612583/MODULE_2518128157660282412+e30acd3a/model.neff
2026-09-09 09:15:06.000539:  133562  [INFO]: Using a cached neff at /home/ubuntu/neuron_cache_e2e/neuronxcc-2.23.6484.0+3b612583/MODULE_2518128157660282412+e30acd3a/model.neff
2026-09-09 09:15:06.000541:  133545  [INFO]: Using a cached neff at /home/ubuntu/neuron_cache_e2e/neuronxcc-2.23.6484.0+3b612583/MODULE_2518128157660282412+e30acd3a/model.neff
2026-09-09 09:15:06.000548:  133550  [INFO]: Using a cached neff at /home/ubuntu/neuron_cache_e2e/neuronxcc-2.23.6484.0+3b612583/MODULE_2518128157660282412+e30acd3a/model.neff
2026-09-09 09:15:06.000550:  133533  [INFO]: Using a cached neff at /home/ubuntu/neuron_cache_e2e/neuronxcc-2.23.6484.0+3b612583/MODULE_2518128157660282412+e30acd3a/model.neff
2026-09-09 09:15:06.000554:  133552  [INFO]: Using a cached neff at /home/ubuntu/neuron_cache_e2e/neuronxcc-2.23.6484.0+3b612583/MODULE_2518128157660282412+e30acd3a/model.neff
2026-09-09 09:15:06.000556:  133549  [INFO]: Using a cached neff at /home/ubuntu/neuron_cache_e2e/neuronxcc-2.23.6484.0+3b612583/MODULE_2518128157660282412+e30acd3a/model.neff
2026-09-09 09:15:06.000557:  133547  [INFO]: Using a cached neff at /home/ubuntu/neuron_cache_e2e/neuronxcc-2.23.6484.0+3b612583/MODULE_2518128157660282412+e30acd3a/model.neff
2026-09-09 09:15:06.000558:  133531  [INFO]: Using a cached neff at /home/ubuntu/neuron_cache_e2e/neuronxcc-2.23.6484.0+3b612583/MODULE_2518128157660282412+e30acd3a/model.neff
2026-09-09 09:15:06.000560:  133543  [INFO]: Using a cached neff at /home/ubuntu/neuron_cache_e2e/neuronxcc-2.23.6484.0+3b612583/MODULE_2518128157660282412+e30acd3a/model.neff
2026-09-09 09:15:06.000561:  133560  [INFO]: Using a cached neff at /home/ubuntu/neuron_cache_e2e/neuronxcc-2.23.6484.0+3b612583/MODULE_2518128157660282412+e30acd3a/model.neff
2026-09-09 09:15:06.000568:  133558  [INFO]: Using a cached neff at /home/ubuntu/neuron_cache_e2e/neuronxcc-2.23.6484.0+3b612583/MODULE_2518128157660282412+e30acd3a/model.neff
2026-09-09 09:15:06.000570:  133561  [INFO]: Using a cached neff at /home/ubuntu/neuron_cache_e2e/neuronxcc-2.23.6484.0+3b612583/MODULE_2518128157660282412+e30acd3a/model.neff
2026-09-09 09:15:06.000575:  133534  [INFO]: Using a cached neff at /home/ubuntu/neuron_cache_e2e/neuronxcc-2.23.6484.0+3b612583/MODULE_2518128157660282412+e30acd3a/model.neff
2026-09-09 09:15:06.000588:  133544  [INFO]: Using a cached neff at /home/ubuntu/neuron_cache_e2e/neuronxcc-2.23.6484.0+3b612583/MODULE_2518128157660282412+e30acd3a/model.neff
2026-09-09 09:15:06.000591:  133541  [INFO]: Using a cached neff at /home/ubuntu/neuron_cache_e2e/neuronxcc-2.23.6484.0+3b612583/MODULE_2518128157660282412+e30acd3a/model.neff
2026-09-09 09:15:06.000591:  133555  [INFO]: Using a cached neff at /home/ubuntu/neuron_cache_e2e/neuronxcc-2.23.6484.0+3b612583/MODULE_2518128157660282412+e30acd3a/model.neff
2026-09-09 09:15:06.000594:  133540  [INFO]: Using a cached neff at /home/ubuntu/neuron_cache_e2e/neuronxcc-2.23.6484.0+3b612583/MODULE_2518128157660282412+e30acd3a/model.neff
2026-09-09 09:15:06.000595:  133551  [INFO]: Using a cached neff at /home/ubuntu/neuron_cache_e2e/neuronxcc-2.23.6484.0+3b612583/MODULE_2518128157660282412+e30acd3a/model.neff
2026-09-09 09:15:06.000599:  133537  [INFO]: Using a cached neff at /home/ubuntu/neuron_cache_e2e/neuronxcc-2.23.6484.0+3b612583/MODULE_2518128157660282412+e30acd3a/model.neff
2026-09-09 09:15:06.000601:  133539  [INFO]: Using a cached neff at /home/ubuntu/neuron_cache_e2e/neuronxcc-2.23.6484.0+3b612583/MODULE_2518128157660282412+e30acd3a/model.neff
2026-09-09 09:15:06.000602:  133548  [INFO]: Using a cached neff at /home/ubuntu/neuron_cache_e2e/neuronxcc-2.23.6484.0+3b612583/MODULE_2518128157660282412+e30acd3a/model.neff
2026-09-09 09:15:06.000603:  133553  [INFO]: Using a cached neff at /home/ubuntu/neuron_cache_e2e/neuronxcc-2.23.6484.0+3b612583/MODULE_2518128157660282412+e30acd3a/model.neff
2026-09-09 09:15:06.000604:  133556  [INFO]: Using a cached neff at /home/ubuntu/neuron_cache_e2e/neuronxcc-2.23.6484.0+3b612583/MODULE_2518128157660282412+e30acd3a/model.neff
2026-09-09 09:15:06.000605:  133542  [INFO]: Using a cached neff at /home/ubuntu/neuron_cache_e2e/neuronxcc-2.23.6484.0+3b612583/MODULE_2518128157660282412+e30acd3a/model.neff
2026-09-09 09:15:06.000605:  133557  [INFO]: Using a cached neff at /home/ubuntu/neuron_cache_e2e/neuronxcc-2.23.6484.0+3b612583/MODULE_2518128157660282412+e30acd3a/model.neff
2026-09-09 09:15:06.000607:  133532  [INFO]: Using a cached neff at /home/ubuntu/neuron_cache_e2e/neuronxcc-2.23.6484.0+3b612583/MODULE_2518128157660282412+e30acd3a/model.neff
2026-09-09 09:15:06.000609:  133538  [INFO]: Using a cached neff at /home/ubuntu/neuron_cache_e2e/neuronxcc-2.23.6484.0+3b612583/MODULE_2518128157660282412+e30acd3a/model.neff
2026-09-09 09:15:06.000609:  133535  [INFO]: Using a cached neff at /home/ubuntu/neuron_cache_e2e/neuronxcc-2.23.6484.0+3b612583/MODULE_2518128157660282412+e30acd3a/model.neff
2026-09-09 09:15:06.000611:  133536  [INFO]: Using a cached neff at /home/ubuntu/neuron_cache_e2e/neuronxcc-2.23.6484.0+3b612583/MODULE_2518128157660282412+e30acd3a/model.neff
2026-09-09 09:15:06.000620:  133554  [INFO]: Using a cached neff at /home/ubuntu/neuron_cache_e2e/neuronxcc-2.23.6484.0+3b612583/MODULE_2518128157660282412+e30acd3a/model.neff
/home/ubuntu/train_llama10b_tp_families.py:522: DeprecationWarning: Use torch_xla.sync instead
  xm.mark_step()   # slice sync graph: F4b done
/home/ubuntu/train_llama10b_tp_families.py:522: DeprecationWarning: Use torch_xla.sync instead
  xm.mark_step()   # slice sync graph: F4b done
/home/ubuntu/train_llama10b_tp_families.py:522: DeprecationWarning: Use torch_xla.sync instead
  xm.mark_step()   # slice sync graph: F4b done
/home/ubuntu/train_llama10b_tp_families.py:522: DeprecationWarning: Use torch_xla.sync instead
  xm.mark_step()   # slice sync graph: F4b done
/home/ubuntu/train_llama10b_tp_families.py:522: DeprecationWarning: Use torch_xla.sync instead
  xm.mark_step()   # slice sync graph: F4b done
/home/ubuntu/train_llama10b_tp_families.py:522: DeprecationWarning: Use torch_xla.sync instead
  xm.mark_step()   # slice sync graph: F4b done
/home/ubuntu/train_llama10b_tp_families.py:522: DeprecationWarning: Use torch_xla.sync instead
  xm.mark_step()   # slice sync graph: F4b done
/home/ubuntu/train_llama10b_tp_families.py:522: DeprecationWarning: Use torch_xla.sync instead
  xm.mark_step()   # slice sync graph: F4b done
/home/ubuntu/train_llama10b_tp_families.py:522: DeprecationWarning: Use torch_xla.sync instead
  xm.mark_step()   # slice sync graph: F4b done
/home/ubuntu/train_llama10b_tp_families.py:522: DeprecationWarning: Use torch_xla.sync instead
  xm.mark_step()   # slice sync graph: F4b done
/home/ubuntu/train_llama10b_tp_families.py:522: DeprecationWarning: Use torch_xla.sync instead
  xm.mark_step()   # slice sync graph: F4b done
/home/ubuntu/train_llama10b_tp_families.py:522: DeprecationWarning: Use torch_xla.sync instead
  xm.mark_step()   # slice sync graph: F4b done
/home/ubuntu/train_llama10b_tp_families.py:522: DeprecationWarning: Use torch_xla.sync instead
  xm.mark_step()   # slice sync graph: F4b done
/home/ubuntu/train_llama10b_tp_families.py:522: DeprecationWarning: Use torch_xla.sync instead
  xm.mark_step()   # slice sync graph: F4b done
/home/ubuntu/train_llama10b_tp_families.py:522: DeprecationWarning: Use torch_xla.sync instead
  xm.mark_step()   # slice sync graph: F4b done
/home/ubuntu/train_llama10b_tp_families.py:522: DeprecationWarning: Use torch_xla.sync instead
  xm.mark_step()   # slice sync graph: F4b done
/home/ubuntu/train_llama10b_tp_families.py:522: DeprecationWarning: Use torch_xla.sync instead
  xm.mark_step()   # slice sync graph: F4b done
/home/ubuntu/train_llama10b_tp_families.py:522: DeprecationWarning: Use torch_xla.sync instead
  xm.mark_step()   # slice sync graph: F4b done
/home/ubuntu/train_llama10b_tp_families.py:522: DeprecationWarning: Use torch_xla.sync instead
  xm.mark_step()   # slice sync graph: F4b done
/home/ubuntu/train_llama10b_tp_families.py:522: DeprecationWarning: Use torch_xla.sync instead
  xm.mark_step()   # slice sync graph: F4b done
/home/ubuntu/train_llama10b_tp_families.py:522: DeprecationWarning: Use torch_xla.sync instead
  xm.mark_step()   # slice sync graph: F4b done
/home/ubuntu/train_llama10b_tp_families.py:522: DeprecationWarning: Use torch_xla.sync instead
  xm.mark_step()   # slice sync graph: F4b done
/home/ubuntu/train_llama10b_tp_families.py:522: DeprecationWarning: Use torch_xla.sync instead
  xm.mark_step()   # slice sync graph: F4b done
/home/ubuntu/train_llama10b_tp_families.py:522: DeprecationWarning: Use torch_xla.sync instead
  xm.mark_step()   # slice sync graph: F4b done
/home/ubuntu/train_llama10b_tp_families.py:522: DeprecationWarning: Use torch_xla.sync instead
  xm.mark_step()   # slice sync graph: F4b done
/home/ubuntu/train_llama10b_tp_families.py:522: DeprecationWarning: Use torch_xla.sync instead
  xm.mark_step()   # slice sync graph: F4b done
/home/ubuntu/train_llama10b_tp_families.py:522: DeprecationWarning: Use torch_xla.sync instead
  xm.mark_step()   # slice sync graph: F4b done
/home/ubuntu/train_llama10b_tp_families.py:522: DeprecationWarning: Use torch_xla.sync instead
  xm.mark_step()   # slice sync graph: F4b done
/home/ubuntu/train_llama10b_tp_families.py:522: DeprecationWarning: Use torch_xla.sync instead
  xm.mark_step()   # slice sync graph: F4b done
/home/ubuntu/train_llama10b_tp_families.py:522: DeprecationWarning: Use torch_xla.sync instead
  xm.mark_step()   # slice sync graph: F4b done
/home/ubuntu/train_llama10b_tp_families.py:522: DeprecationWarning: Use torch_xla.sync instead
  xm.mark_step()   # slice sync graph: F4b done
/home/ubuntu/train_llama10b_tp_families.py:522: DeprecationWarning: Use torch_xla.sync instead
  xm.mark_step()   # slice sync graph: F4b done
2026-09-09 09:15:06.000769:  133546  [INFO]: Using a cached neff at /home/ubuntu/neuron_cache_e2e/neuronxcc-2.23.6484.0+3b612583/MODULE_400256967318551143+e30acd3a/model.neff
2026-09-09 09:15:06.000782:  133559  [INFO]: Using a cached neff at /home/ubuntu/neuron_cache_e2e/neuronxcc-2.23.6484.0+3b612583/MODULE_400256967318551143+e30acd3a/model.neff
2026-09-09 09:15:06.000785:  133562  [INFO]: Using a cached neff at /home/ubuntu/neuron_cache_e2e/neuronxcc-2.23.6484.0+3b612583/MODULE_400256967318551143+e30acd3a/model.neff
2026-09-09 09:15:06.000797:  133545  [INFO]: Using a cached neff at /home/ubuntu/neuron_cache_e2e/neuronxcc-2.23.6484.0+3b612583/MODULE_400256967318551143+e30acd3a/model.neff
2026-09-09 09:15:06.000797:  133533  [INFO]: Using a cached neff at /home/ubuntu/neuron_cache_e2e/neuronxcc-2.23.6484.0+3b612583/MODULE_400256967318551143+e30acd3a/model.neff
2026-09-09 09:15:06.000813:  133550  [INFO]: Using a cached neff at /home/ubuntu/neuron_cache_e2e/neuronxcc-2.23.6484.0+3b612583/MODULE_400256967318551143+e30acd3a/model.neff
2026-09-09 09:15:06.000816:  133549  [INFO]: Using a cached neff at /home/ubuntu/neuron_cache_e2e/neuronxcc-2.23.6484.0+3b612583/MODULE_400256967318551143+e30acd3a/model.neff
2026-09-09 09:15:06.000824:  133547  [INFO]: Using a cached neff at /home/ubuntu/neuron_cache_e2e/neuronxcc-2.23.6484.0+3b612583/MODULE_400256967318551143+e30acd3a/model.neff
2026-09-09 09:15:06.000826:  133543  [INFO]: Using a cached neff at /home/ubuntu/neuron_cache_e2e/neuronxcc-2.23.6484.0+3b612583/MODULE_400256967318551143+e30acd3a/model.neff
2026-09-09 09:15:06.000828:  133552  [INFO]: Using a cached neff at /home/ubuntu/neuron_cache_e2e/neuronxcc-2.23.6484.0+3b612583/MODULE_400256967318551143+e30acd3a/model.neff
2026-09-09 09:15:06.000835:  133531  [INFO]: Using a cached neff at /home/ubuntu/neuron_cache_e2e/neuronxcc-2.23.6484.0+3b612583/MODULE_400256967318551143+e30acd3a/model.neff
2026-09-09 09:15:06.000843:  133560  [INFO]: Using a cached neff at /home/ubuntu/neuron_cache_e2e/neuronxcc-2.23.6484.0+3b612583/MODULE_400256967318551143+e30acd3a/model.neff
2026-09-09 09:15:06.000851:  133558  [INFO]: Using a cached neff at /home/ubuntu/neuron_cache_e2e/neuronxcc-2.23.6484.0+3b612583/MODULE_400256967318551143+e30acd3a/model.neff
2026-09-09 09:15:06.000853:  133551  [INFO]: Using a cached neff at /home/ubuntu/neuron_cache_e2e/neuronxcc-2.23.6484.0+3b612583/MODULE_400256967318551143+e30acd3a/model.neff
2026-09-09 09:15:06.000855:  133540  [INFO]: Using a cached neff at /home/ubuntu/neuron_cache_e2e/neuronxcc-2.23.6484.0+3b612583/MODULE_400256967318551143+e30acd3a/model.neff
2026-09-09 09:15:06.000856:  133541  [INFO]: Using a cached neff at /home/ubuntu/neuron_cache_e2e/neuronxcc-2.23.6484.0+3b612583/MODULE_400256967318551143+e30acd3a/model.neff
2026-09-09 09:15:06.000864:  133557  [INFO]: Using a cached neff at /home/ubuntu/neuron_cache_e2e/neuronxcc-2.23.6484.0+3b612583/MODULE_400256967318551143+e30acd3a/model.neff
2026-09-09 09:15:06.000867:  133554  [INFO]: Using a cached neff at /home/ubuntu/neuron_cache_e2e/neuronxcc-2.23.6484.0+3b612583/MODULE_400256967318551143+e30acd3a/model.neff
2026-09-09 09:15:06.000873:  133561  [INFO]: Using a cached neff at /home/ubuntu/neuron_cache_e2e/neuronxcc-2.23.6484.0+3b612583/MODULE_400256967318551143+e30acd3a/model.neff
2026-09-09 09:15:06.000874:  133553  [INFO]: Using a cached neff at /home/ubuntu/neuron_cache_e2e/neuronxcc-2.23.6484.0+3b612583/MODULE_400256967318551143+e30acd3a/model.neff
2026-09-09 09:15:06.000875:  133544  [INFO]: Using a cached neff at /home/ubuntu/neuron_cache_e2e/neuronxcc-2.23.6484.0+3b612583/MODULE_400256967318551143+e30acd3a/model.neff
2026-09-09 09:15:06.000876:  133537  [INFO]: Using a cached neff at /home/ubuntu/neuron_cache_e2e/neuronxcc-2.23.6484.0+3b612583/MODULE_400256967318551143+e30acd3a/model.neff
2026-09-09 09:15:06.000880:  133548  [INFO]: Using a cached neff at /home/ubuntu/neuron_cache_e2e/neuronxcc-2.23.6484.0+3b612583/MODULE_400256967318551143+e30acd3a/model.neff
2026-09-09 09:15:06.000885:  133534  [INFO]: Using a cached neff at /home/ubuntu/neuron_cache_e2e/neuronxcc-2.23.6484.0+3b612583/MODULE_400256967318551143+e30acd3a/model.neff
2026-09-09 09:15:06.000892:  133542  [INFO]: Using a cached neff at /home/ubuntu/neuron_cache_e2e/neuronxcc-2.23.6484.0+3b612583/MODULE_400256967318551143+e30acd3a/model.neff
2026-09-09 09:15:06.000895:  133538  [INFO]: Using a cached neff at /home/ubuntu/neuron_cache_e2e/neuronxcc-2.23.6484.0+3b612583/MODULE_400256967318551143+e30acd3a/model.neff
2026-09-09 09:15:06.000896:  133535  [INFO]: Using a cached neff at /home/ubuntu/neuron_cache_e2e/neuronxcc-2.23.6484.0+3b612583/MODULE_400256967318551143+e30acd3a/model.neff
2026-09-09 09:15:06.000906:  133532  [INFO]: Using a cached neff at /home/ubuntu/neuron_cache_e2e/neuronxcc-2.23.6484.0+3b612583/MODULE_400256967318551143+e30acd3a/model.neff
2026-09-09 09:15:06.000909:  133556  [INFO]: Using a cached neff at /home/ubuntu/neuron_cache_e2e/neuronxcc-2.23.6484.0+3b612583/MODULE_400256967318551143+e30acd3a/model.neff
2026-09-09 09:15:06.000911:  133539  [INFO]: Using a cached neff at /home/ubuntu/neuron_cache_e2e/neuronxcc-2.23.6484.0+3b612583/MODULE_400256967318551143+e30acd3a/model.neff
2026-09-09 09:15:06.000923:  133555  [INFO]: Using a cached neff at /home/ubuntu/neuron_cache_e2e/neuronxcc-2.23.6484.0+3b612583/MODULE_400256967318551143+e30acd3a/model.neff
2026-09-09 09:15:06.000940:  133536  [INFO]: Using a cached neff at /home/ubuntu/neuron_cache_e2e/neuronxcc-2.23.6484.0+3b612583/MODULE_400256967318551143+e30acd3a/model.neff
/home/ubuntu/train_llama10b_tp_families.py:538: DeprecationWarning: Use torch_xla.sync instead
  xm.mark_step()   # slice sync graph: F6/F7 done
/home/ubuntu/train_llama10b_tp_families.py:538: DeprecationWarning: Use torch_xla.sync instead
  xm.mark_step()   # slice sync graph: F6/F7 done
/home/ubuntu/train_llama10b_tp_families.py:538: DeprecationWarning: Use torch_xla.sync instead
  xm.mark_step()   # slice sync graph: F6/F7 done
/home/ubuntu/train_llama10b_tp_families.py:538: DeprecationWarning: Use torch_xla.sync instead
  xm.mark_step()   # slice sync graph: F6/F7 done
/home/ubuntu/train_llama10b_tp_families.py:538: DeprecationWarning: Use torch_xla.sync instead
  xm.mark_step()   # slice sync graph: F6/F7 done
/home/ubuntu/train_llama10b_tp_families.py:538: DeprecationWarning: Use torch_xla.sync instead
  xm.mark_step()   # slice sync graph: F6/F7 done
/home/ubuntu/train_llama10b_tp_families.py:538: DeprecationWarning: Use torch_xla.sync instead
  xm.mark_step()   # slice sync graph: F6/F7 done
/home/ubuntu/train_llama10b_tp_families.py:538: DeprecationWarning: Use torch_xla.sync instead
  xm.mark_step()   # slice sync graph: F6/F7 done
/home/ubuntu/train_llama10b_tp_families.py:538: DeprecationWarning: Use torch_xla.sync instead
  xm.mark_step()   # slice sync graph: F6/F7 done
/home/ubuntu/train_llama10b_tp_families.py:538: DeprecationWarning: Use torch_xla.sync instead
  xm.mark_step()   # slice sync graph: F6/F7 done
/home/ubuntu/train_llama10b_tp_families.py:538: DeprecationWarning: Use torch_xla.sync instead
  xm.mark_step()   # slice sync graph: F6/F7 done
/home/ubuntu/train_llama10b_tp_families.py:538: DeprecationWarning: Use torch_xla.sync instead
  xm.mark_step()   # slice sync graph: F6/F7 done
/home/ubuntu/train_llama10b_tp_families.py:538: DeprecationWarning: Use torch_xla.sync instead
  xm.mark_step()   # slice sync graph: F6/F7 done
/home/ubuntu/train_llama10b_tp_families.py:538: DeprecationWarning: Use torch_xla.sync instead
  xm.mark_step()   # slice sync graph: F6/F7 done
/home/ubuntu/train_llama10b_tp_families.py:538: DeprecationWarning: Use torch_xla.sync instead
  xm.mark_step()   # slice sync graph: F6/F7 done
/home/ubuntu/train_llama10b_tp_families.py:538: DeprecationWarning: Use torch_xla.sync instead
  xm.mark_step()   # slice sync graph: F6/F7 done
/home/ubuntu/train_llama10b_tp_families.py:538: DeprecationWarning: Use torch_xla.sync instead
  xm.mark_step()   # slice sync graph: F6/F7 done
/home/ubuntu/train_llama10b_tp_families.py:538: DeprecationWarning: Use torch_xla.sync instead
  xm.mark_step()   # slice sync graph: F6/F7 done
/home/ubuntu/train_llama10b_tp_families.py:538: DeprecationWarning: Use torch_xla.sync instead
  xm.mark_step()   # slice sync graph: F6/F7 done
/home/ubuntu/train_llama10b_tp_families.py:538: DeprecationWarning: Use torch_xla.sync instead
  xm.mark_step()   # slice sync graph: F6/F7 done
2026-09-09 09:15:07.000189:  133562  [INFO]: Using a cached neff at /home/ubuntu/neuron_cache_e2e/neuronxcc-2.23.6484.0+3b612583/MODULE_4735309194420800545+e30acd3a/model.neff
2026-09-09 09:15:07.000192:  133546  [INFO]: Using a cached neff at /home/ubuntu/neuron_cache_e2e/neuronxcc-2.23.6484.0+3b612583/MODULE_4735309194420800545+e30acd3a/model.neff
/home/ubuntu/train_llama10b_tp_families.py:538: DeprecationWarning: Use torch_xla.sync instead
  xm.mark_step()   # slice sync graph: F6/F7 done
/home/ubuntu/train_llama10b_tp_families.py:538: DeprecationWarning: Use torch_xla.sync instead
  xm.mark_step()   # slice sync graph: F6/F7 done
/home/ubuntu/train_llama10b_tp_families.py:538: DeprecationWarning: Use torch_xla.sync instead
  xm.mark_step()   # slice sync graph: F6/F7 done
/home/ubuntu/train_llama10b_tp_families.py:538: DeprecationWarning: Use torch_xla.sync instead
  xm.mark_step()   # slice sync graph: F6/F7 done
2026-09-09 09:15:07.000208:  133533  [INFO]: Using a cached neff at /home/ubuntu/neuron_cache_e2e/neuronxcc-2.23.6484.0+3b612583/MODULE_4735309194420800545+e30acd3a/model.neff
2026-09-09 09:15:07.000210:  133545  [INFO]: Using a cached neff at /home/ubuntu/neuron_cache_e2e/neuronxcc-2.23.6484.0+3b612583/MODULE_4735309194420800545+e30acd3a/model.neff
/home/ubuntu/train_llama10b_tp_families.py:538: DeprecationWarning: Use torch_xla.sync instead
  xm.mark_step()   # slice sync graph: F6/F7 done
2026-09-09 09:15:07.000231:  133559  [INFO]: Using a cached neff at /home/ubuntu/neuron_cache_e2e/neuronxcc-2.23.6484.0+3b612583/MODULE_4735309194420800545+e30acd3a/model.neff
/home/ubuntu/train_llama10b_tp_families.py:538: DeprecationWarning: Use torch_xla.sync instead
  xm.mark_step()   # slice sync graph: F6/F7 done
/home/ubuntu/train_llama10b_tp_families.py:538: DeprecationWarning: Use torch_xla.sync instead
  xm.mark_step()   # slice sync graph: F6/F7 done
/home/ubuntu/train_llama10b_tp_families.py:538: DeprecationWarning: Use torch_xla.sync instead
  xm.mark_step()   # slice sync graph: F6/F7 done
/home/ubuntu/train_llama10b_tp_families.py:538: DeprecationWarning: Use torch_xla.sync instead
  xm.mark_step()   # slice sync graph: F6/F7 done
2026-09-09 09:15:07.000257:  133543  [INFO]: Using a cached neff at /home/ubuntu/neuron_cache_e2e/neuronxcc-2.23.6484.0+3b612583/MODULE_4735309194420800545+e30acd3a/model.neff
/home/ubuntu/train_llama10b_tp_families.py:538: DeprecationWarning: Use torch_xla.sync instead
  xm.mark_step()   # slice sync graph: F6/F7 done
2026-09-09 09:15:07.000274:  133551  [INFO]: Using a cached neff at /home/ubuntu/neuron_cache_e2e/neuronxcc-2.23.6484.0+3b612583/MODULE_4735309194420800545+e30acd3a/model.neff
2026-09-09 09:15:07.000276:  133550  [INFO]: Using a cached neff at /home/ubuntu/neuron_cache_e2e/neuronxcc-2.23.6484.0+3b612583/MODULE_4735309194420800545+e30acd3a/model.neff
2026-09-09 09:15:07.000285:  133554  [INFO]: Using a cached neff at /home/ubuntu/neuron_cache_e2e/neuronxcc-2.23.6484.0+3b612583/MODULE_4735309194420800545+e30acd3a/model.neff
2026-09-09 09:15:07.000290:  133540  [INFO]: Using a cached neff at /home/ubuntu/neuron_cache_e2e/neuronxcc-2.23.6484.0+3b612583/MODULE_4735309194420800545+e30acd3a/model.neff
2026-09-09 09:15:07.000294:  133531  [INFO]: Using a cached neff at /home/ubuntu/neuron_cache_e2e/neuronxcc-2.23.6484.0+3b612583/MODULE_4735309194420800545+e30acd3a/model.neff
2026-09-09 09:15:07.000300:  133547  [INFO]: Using a cached neff at /home/ubuntu/neuron_cache_e2e/neuronxcc-2.23.6484.0+3b612583/MODULE_4735309194420800545+e30acd3a/model.neff
2026-09-09 09:15:07.000300:  133552  [INFO]: Using a cached neff at /home/ubuntu/neuron_cache_e2e/neuronxcc-2.23.6484.0+3b612583/MODULE_4735309194420800545+e30acd3a/model.neff
/home/ubuntu/train_llama10b_tp_families.py:557: DeprecationWarning: Use torch_xla.sync instead
  xm.mark_step()
/home/ubuntu/train_llama10b_tp_families.py:557: DeprecationWarning: Use torch_xla.sync instead
  xm.mark_step()
2026-09-09 09:15:07.000306:  133541  [INFO]: Using a cached neff at /home/ubuntu/neuron_cache_e2e/neuronxcc-2.23.6484.0+3b612583/MODULE_4735309194420800545+e30acd3a/model.neff
2026-09-09 09:15:07.000306:  133549  [INFO]: Using a cached neff at /home/ubuntu/neuron_cache_e2e/neuronxcc-2.23.6484.0+3b612583/MODULE_4735309194420800545+e30acd3a/model.neff
2026-09-09 09:15:07.000307:  133560  [INFO]: Using a cached neff at /home/ubuntu/neuron_cache_e2e/neuronxcc-2.23.6484.0+3b612583/MODULE_4735309194420800545+e30acd3a/model.neff
/home/ubuntu/train_llama10b_tp_families.py:557: DeprecationWarning: Use torch_xla.sync instead
  xm.mark_step()
2026-09-09 09:15:07.000323:  133557  [INFO]: Using a cached neff at /home/ubuntu/neuron_cache_e2e/neuronxcc-2.23.6484.0+3b612583/MODULE_4735309194420800545+e30acd3a/model.neff
/home/ubuntu/train_llama10b_tp_families.py:557: DeprecationWarning: Use torch_xla.sync instead
  xm.mark_step()
2026-09-09 09:15:07.000324:  133558  [INFO]: Using a cached neff at /home/ubuntu/neuron_cache_e2e/neuronxcc-2.23.6484.0+3b612583/MODULE_4735309194420800545+e30acd3a/model.neff
2026-09-09 09:15:07.000349:  133548  [INFO]: Using a cached neff at /home/ubuntu/neuron_cache_e2e/neuronxcc-2.23.6484.0+3b612583/MODULE_4735309194420800545+e30acd3a/model.neff
2026-09-09 09:15:07.000351:  133542  [INFO]: Using a cached neff at /home/ubuntu/neuron_cache_e2e/neuronxcc-2.23.6484.0+3b612583/MODULE_4735309194420800545+e30acd3a/model.neff
/home/ubuntu/train_llama10b_tp_families.py:557: DeprecationWarning: Use torch_xla.sync instead
  xm.mark_step()
/home/ubuntu/train_llama10b_tp_families.py:557: DeprecationWarning: Use torch_xla.sync instead
  xm.mark_step()
2026-09-09 09:15:07.000370:  133561  [INFO]: Using a cached neff at /home/ubuntu/neuron_cache_e2e/neuronxcc-2.23.6484.0+3b612583/MODULE_4735309194420800545+e30acd3a/model.neff
/home/ubuntu/train_llama10b_tp_families.py:538: DeprecationWarning: Use torch_xla.sync instead
  xm.mark_step()   # slice sync graph: F6/F7 done
/home/ubuntu/train_llama10b_tp_families.py:557: DeprecationWarning: Use torch_xla.sync instead
  xm.mark_step()
/home/ubuntu/train_llama10b_tp_families.py:557: DeprecationWarning: Use torch_xla.sync instead
  xm.mark_step()
/home/ubuntu/train_llama10b_tp_families.py:538: DeprecationWarning: Use torch_xla.sync instead
  xm.mark_step()   # slice sync graph: F6/F7 done
2026-09-09 09:15:07.000391:  133555  [INFO]: Using a cached neff at /home/ubuntu/neuron_cache_e2e/neuronxcc-2.23.6484.0+3b612583/MODULE_4735309194420800545+e30acd3a/model.neff
/home/ubuntu/train_llama10b_tp_families.py:557: DeprecationWarning: Use torch_xla.sync instead
  xm.mark_step()
2026-09-09 09:15:07.000393:  133553  [INFO]: Using a cached neff at /home/ubuntu/neuron_cache_e2e/neuronxcc-2.23.6484.0+3b612583/MODULE_4735309194420800545+e30acd3a/model.neff
2026-09-09 09:15:07.000395:  133544  [INFO]: Using a cached neff at /home/ubuntu/neuron_cache_e2e/neuronxcc-2.23.6484.0+3b612583/MODULE_4735309194420800545+e30acd3a/model.neff
2026-09-09 09:15:07.000397:  133535  [INFO]: Using a cached neff at /home/ubuntu/neuron_cache_e2e/neuronxcc-2.23.6484.0+3b612583/MODULE_4735309194420800545+e30acd3a/model.neff
/home/ubuntu/train_llama10b_tp_families.py:557: DeprecationWarning: Use torch_xla.sync instead
  xm.mark_step()
2026-09-09 09:15:07.000401:  133538  [INFO]: Using a cached neff at /home/ubuntu/neuron_cache_e2e/neuronxcc-2.23.6484.0+3b612583/MODULE_4735309194420800545+e30acd3a/model.neff
/home/ubuntu/train_llama10b_tp_families.py:557: DeprecationWarning: Use torch_xla.sync instead
  xm.mark_step()
/home/ubuntu/train_llama10b_tp_families.py:557: DeprecationWarning: Use torch_xla.sync instead
  xm.mark_step()
2026-09-09 09:15:07.000404:  133537  [INFO]: Using a cached neff at /home/ubuntu/neuron_cache_e2e/neuronxcc-2.23.6484.0+3b612583/MODULE_4735309194420800545+e30acd3a/model.neff
2026-09-09 09:15:07.000404:  133556  [INFO]: Using a cached neff at /home/ubuntu/neuron_cache_e2e/neuronxcc-2.23.6484.0+3b612583/MODULE_4735309194420800545+e30acd3a/model.neff
2026-09-09 09:15:07.000407:  133532  [INFO]: Using a cached neff at /home/ubuntu/neuron_cache_e2e/neuronxcc-2.23.6484.0+3b612583/MODULE_4735309194420800545+e30acd3a/model.neff
/home/ubuntu/train_llama10b_tp_families.py:557: DeprecationWarning: Use torch_xla.sync instead
  xm.mark_step()
2026-09-09 09:15:07.000408:  133536  [INFO]: Using a cached neff at /home/ubuntu/neuron_cache_e2e/neuronxcc-2.23.6484.0+3b612583/MODULE_4735309194420800545+e30acd3a/model.neff
/home/ubuntu/train_llama10b_tp_families.py:557: DeprecationWarning: Use torch_xla.sync instead
  xm.mark_step()
/home/ubuntu/train_llama10b_tp_families.py:557: DeprecationWarning: Use torch_xla.sync instead
  xm.mark_step()
/home/ubuntu/train_llama10b_tp_families.py:557: DeprecationWarning: Use torch_xla.sync instead
  xm.mark_step()
/home/ubuntu/train_llama10b_tp_families.py:557: DeprecationWarning: Use torch_xla.sync instead
  xm.mark_step()
/home/ubuntu/train_llama10b_tp_families.py:557: DeprecationWarning: Use torch_xla.sync instead
  xm.mark_step()
/home/ubuntu/train_llama10b_tp_families.py:557: DeprecationWarning: Use torch_xla.sync instead
  xm.mark_step()
/home/ubuntu/train_llama10b_tp_families.py:557: DeprecationWarning: Use torch_xla.sync instead
  xm.mark_step()
/home/ubuntu/train_llama10b_tp_families.py:557: DeprecationWarning: Use torch_xla.sync instead
  xm.mark_step()
/home/ubuntu/train_llama10b_tp_families.py:557: DeprecationWarning: Use torch_xla.sync instead
  xm.mark_step()
/home/ubuntu/train_llama10b_tp_families.py:557: DeprecationWarning: Use torch_xla.sync instead
  xm.mark_step()
/home/ubuntu/train_llama10b_tp_families.py:557: DeprecationWarning: Use torch_xla.sync instead
  xm.mark_step()
2026-09-09 09:15:07.000507:  133534  [INFO]: Using a cached neff at /home/ubuntu/neuron_cache_e2e/neuronxcc-2.23.6484.0+3b612583/MODULE_4735309194420800545+e30acd3a/model.neff
/home/ubuntu/train_llama10b_tp_families.py:557: DeprecationWarning: Use torch_xla.sync instead
  xm.mark_step()
/home/ubuntu/train_llama10b_tp_families.py:557: DeprecationWarning: Use torch_xla.sync instead
  xm.mark_step()
/home/ubuntu/train_llama10b_tp_families.py:557: DeprecationWarning: Use torch_xla.sync instead
  xm.mark_step()
/home/ubuntu/train_llama10b_tp_families.py:557: DeprecationWarning: Use torch_xla.sync instead
  xm.mark_step()
/home/ubuntu/train_llama10b_tp_families.py:557: DeprecationWarning: Use torch_xla.sync instead
  xm.mark_step()
/home/ubuntu/train_llama10b_tp_families.py:557: DeprecationWarning: Use torch_xla.sync instead
  xm.mark_step()
2026-09-09 09:15:07.000531:  133539  [INFO]: Using a cached neff at /home/ubuntu/neuron_cache_e2e/neuronxcc-2.23.6484.0+3b612583/MODULE_4735309194420800545+e30acd3a/model.neff
/home/ubuntu/train_llama10b_tp_families.py:557: DeprecationWarning: Use torch_xla.sync instead
  xm.mark_step()
/home/ubuntu/train_llama10b_tp_families.py:557: DeprecationWarning: Use torch_xla.sync instead
  xm.mark_step()
2026-09-09 09:15:08.000629:  133531  [INFO]: Using a cached neff at /home/ubuntu/neuron_cache_e2e/neuronxcc-2.23.6484.0+3b612583/MODULE_2126413186853582282+e30acd3a/model.neff
2026-09-09 09:15:08.000669:  133541  [INFO]: Using a cached neff at /home/ubuntu/neuron_cache_e2e/neuronxcc-2.23.6484.0+3b612583/MODULE_2126413186853582282+e30acd3a/model.neff
2026-09-09 09:15:08.000692:  133549  [INFO]: Using a cached neff at /home/ubuntu/neuron_cache_e2e/neuronxcc-2.23.6484.0+3b612583/MODULE_2126413186853582282+e30acd3a/model.neff
2026-09-09 09:15:08.000701:  133533  [INFO]: Using a cached neff at /home/ubuntu/neuron_cache_e2e/neuronxcc-2.23.6484.0+3b612583/MODULE_2126413186853582282+e30acd3a/model.neff
2026-09-09 09:15:08.000716:  133557  [INFO]: Using a cached neff at /home/ubuntu/neuron_cache_e2e/neuronxcc-2.23.6484.0+3b612583/MODULE_2126413186853582282+e30acd3a/model.neff
2026-09-09 09:15:08.000731:  133545  [INFO]: Using a cached neff at /home/ubuntu/neuron_cache_e2e/neuronxcc-2.23.6484.0+3b612583/MODULE_2126413186853582282+e30acd3a/model.neff
2026-09-09 09:15:08.000773:  133540  [INFO]: Using a cached neff at /home/ubuntu/neuron_cache_e2e/neuronxcc-2.23.6484.0+3b612583/MODULE_2126413186853582282+e30acd3a/model.neff
2026-09-09 09:15:08.000785:  133561  [INFO]: Using a cached neff at /home/ubuntu/neuron_cache_e2e/neuronxcc-2.23.6484.0+3b612583/MODULE_2126413186853582282+e30acd3a/model.neff
2026-09-09 09:15:08.000798:  133555  [INFO]: Using a cached neff at /home/ubuntu/neuron_cache_e2e/neuronxcc-2.23.6484.0+3b612583/MODULE_2126413186853582282+e30acd3a/model.neff
2026-09-09 09:15:08.000805:  133532  [INFO]: Using a cached neff at /home/ubuntu/neuron_cache_e2e/neuronxcc-2.23.6484.0+3b612583/MODULE_2126413186853582282+e30acd3a/model.neff
2026-09-09 09:15:08.000853:  133537  [INFO]: Using a cached neff at /home/ubuntu/neuron_cache_e2e/neuronxcc-2.23.6484.0+3b612583/MODULE_2126413186853582282+e30acd3a/model.neff
2026-09-09 09:15:09.000079:  133536  [INFO]: Using a cached neff at /home/ubuntu/neuron_cache_e2e/neuronxcc-2.23.6484.0+3b612583/MODULE_2126413186853582282+e30acd3a/model.neff
2026-09-09 09:15:09.000079:  133559  [INFO]: Using a cached neff at /home/ubuntu/neuron_cache_e2e/neuronxcc-2.23.6484.0+3b612583/MODULE_2126413186853582282+e30acd3a/model.neff
2026-09-09 09:15:09.000127:  133546  [INFO]: Using a cached neff at /home/ubuntu/neuron_cache_e2e/neuronxcc-2.23.6484.0+3b612583/MODULE_2126413186853582282+e30acd3a/model.neff
2026-09-09 09:15:09.000301:  133544  [INFO]: Using a cached neff at /home/ubuntu/neuron_cache_e2e/neuronxcc-2.23.6484.0+3b612583/MODULE_2126413186853582282+e30acd3a/model.neff
2026-09-09 09:15:09.000437:  133535  [INFO]: Using a cached neff at /home/ubuntu/neuron_cache_e2e/neuronxcc-2.23.6484.0+3b612583/MODULE_2126413186853582282+e30acd3a/model.neff
2026-09-09 09:15:09.000482:  133547  [INFO]: Using a cached neff at /home/ubuntu/neuron_cache_e2e/neuronxcc-2.23.6484.0+3b612583/MODULE_2126413186853582282+e30acd3a/model.neff
2026-09-09 09:15:09.000482:  133552  [INFO]: Using a cached neff at /home/ubuntu/neuron_cache_e2e/neuronxcc-2.23.6484.0+3b612583/MODULE_2126413186853582282+e30acd3a/model.neff
2026-09-09 09:15:09.000574:  133543  [INFO]: Using a cached neff at /home/ubuntu/neuron_cache_e2e/neuronxcc-2.23.6484.0+3b612583/MODULE_2126413186853582282+e30acd3a/model.neff
/home/ubuntu/train_llama10b_tp_families.py:616: DeprecationWarning: Use torch_xla.sync instead
  xm.mark_step()
/home/ubuntu/train_llama10b_tp_families.py:616: DeprecationWarning: Use torch_xla.sync instead
  xm.mark_step()
/home/ubuntu/train_llama10b_tp_families.py:616: DeprecationWarning: Use torch_xla.sync instead
  xm.mark_step()
/home/ubuntu/train_llama10b_tp_families.py:616: DeprecationWarning: Use torch_xla.sync instead
  xm.mark_step()
/home/ubuntu/train_llama10b_tp_families.py:616: DeprecationWarning: Use torch_xla.sync instead
  xm.mark_step()
/home/ubuntu/train_llama10b_tp_families.py:616: DeprecationWarning: Use torch_xla.sync instead
  xm.mark_step()
/home/ubuntu/train_llama10b_tp_families.py:616: DeprecationWarning: Use torch_xla.sync instead
  xm.mark_step()
/home/ubuntu/train_llama10b_tp_families.py:616: DeprecationWarning: Use torch_xla.sync instead
  xm.mark_step()
/home/ubuntu/train_llama10b_tp_families.py:616: DeprecationWarning: Use torch_xla.sync instead
  xm.mark_step()
/home/ubuntu/train_llama10b_tp_families.py:616: DeprecationWarning: Use torch_xla.sync instead
  xm.mark_step()
2026-09-09 09:15:10.000002:  133550  [INFO]: Using a cached neff at /home/ubuntu/neuron_cache_e2e/neuronxcc-2.23.6484.0+3b612583/MODULE_2126413186853582282+e30acd3a/model.neff
2026-09-09 09:15:10.000045:  133562  [INFO]: Using a cached neff at /home/ubuntu/neuron_cache_e2e/neuronxcc-2.23.6484.0+3b612583/MODULE_2126413186853582282+e30acd3a/model.neff
2026-09-09 09:15:10.000092:  133538  [INFO]: Using a cached neff at /home/ubuntu/neuron_cache_e2e/neuronxcc-2.23.6484.0+3b612583/MODULE_2126413186853582282+e30acd3a/model.neff
/home/ubuntu/train_llama10b_tp_families.py:616: DeprecationWarning: Use torch_xla.sync instead
  xm.mark_step()
2026-09-09 09:15:10.000136:  133558  [INFO]: Using a cached neff at /home/ubuntu/neuron_cache_e2e/neuronxcc-2.23.6484.0+3b612583/MODULE_2126413186853582282+e30acd3a/model.neff
2026-09-09 09:15:10.000136:  133551  [INFO]: Using a cached neff at /home/ubuntu/neuron_cache_e2e/neuronxcc-2.23.6484.0+3b612583/MODULE_2126413186853582282+e30acd3a/model.neff
2026-09-09 09:15:10.000200:  133553  [INFO]: Using a cached neff at /home/ubuntu/neuron_cache_e2e/neuronxcc-2.23.6484.0+3b612583/MODULE_2126413186853582282+e30acd3a/model.neff
2026-09-09 09:15:10.000228:  133539  [INFO]: Using a cached neff at /home/ubuntu/neuron_cache_e2e/neuronxcc-2.23.6484.0+3b612583/MODULE_2126413186853582282+e30acd3a/model.neff
/home/ubuntu/train_llama10b_tp_families.py:616: DeprecationWarning: Use torch_xla.sync instead
  xm.mark_step()
/home/ubuntu/train_llama10b_tp_families.py:616: DeprecationWarning: Use torch_xla.sync instead
  xm.mark_step()
2026-09-09 09:15:10.000359:  133554  [INFO]: Using a cached neff at /home/ubuntu/neuron_cache_e2e/neuronxcc-2.23.6484.0+3b612583/MODULE_2126413186853582282+e30acd3a/model.neff
2026-09-09 09:15:10.000359:  133548  [INFO]: Using a cached neff at /home/ubuntu/neuron_cache_e2e/neuronxcc-2.23.6484.0+3b612583/MODULE_2126413186853582282+e30acd3a/model.neff
2026-09-09 09:15:10.000359:  133542  [INFO]: Using a cached neff at /home/ubuntu/neuron_cache_e2e/neuronxcc-2.23.6484.0+3b612583/MODULE_2126413186853582282+e30acd3a/model.neff
2026-09-09 09:15:10.000359:  133560  [INFO]: Using a cached neff at /home/ubuntu/neuron_cache_e2e/neuronxcc-2.23.6484.0+3b612583/MODULE_2126413186853582282+e30acd3a/model.neff
/home/ubuntu/train_llama10b_tp_families.py:616: DeprecationWarning: Use torch_xla.sync instead
  xm.mark_step()
2026-09-09 09:15:10.000397:  133556  [INFO]: Using a cached neff at /home/ubuntu/neuron_cache_e2e/neuronxcc-2.23.6484.0+3b612583/MODULE_2126413186853582282+e30acd3a/model.neff
2026-09-09 09:15:10.000427:  133534  [INFO]: Using a cached neff at /home/ubuntu/neuron_cache_e2e/neuronxcc-2.23.6484.0+3b612583/MODULE_2126413186853582282+e30acd3a/model.neff
2026-09-09 09:15:10.000455:  133531  [INFO]: Using a cached neff at /home/ubuntu/neuron_cache_e2e/neuronxcc-2.23.6484.0+3b612583/MODULE_5297984159468587655+e30acd3a/model.neff
2026-09-09 09:15:10.000509:  133533  [INFO]: Using a cached neff at /home/ubuntu/neuron_cache_e2e/neuronxcc-2.23.6484.0+3b612583/MODULE_5297984159468587655+e30acd3a/model.neff
2026-09-09 09:15:10.000511:  133541  [INFO]: Using a cached neff at /home/ubuntu/neuron_cache_e2e/neuronxcc-2.23.6484.0+3b612583/MODULE_5297984159468587655+e30acd3a/model.neff
/home/ubuntu/train_llama10b_tp_families.py:616: DeprecationWarning: Use torch_xla.sync instead
  xm.mark_step()
2026-09-09 09:15:10.000604:  133557  [INFO]: Using a cached neff at /home/ubuntu/neuron_cache_e2e/neuronxcc-2.23.6484.0+3b612583/MODULE_5297984159468587655+e30acd3a/model.neff
2026-09-09 09:15:10.000628:  133545  [INFO]: Using a cached neff at /home/ubuntu/neuron_cache_e2e/neuronxcc-2.23.6484.0+3b612583/MODULE_5297984159468587655+e30acd3a/model.neff
2026-09-09 09:15:10.000651:  133549  [INFO]: Using a cached neff at /home/ubuntu/neuron_cache_e2e/neuronxcc-2.23.6484.0+3b612583/MODULE_5297984159468587655+e30acd3a/model.neff
2026-09-09 09:15:10.000669:  133540  [INFO]: Using a cached neff at /home/ubuntu/neuron_cache_e2e/neuronxcc-2.23.6484.0+3b612583/MODULE_5297984159468587655+e30acd3a/model.neff
2026-09-09 09:15:10.000710:  133561  [INFO]: Using a cached neff at /home/ubuntu/neuron_cache_e2e/neuronxcc-2.23.6484.0+3b612583/MODULE_5297984159468587655+e30acd3a/model.neff
/home/ubuntu/train_llama10b_tp_families.py:616: DeprecationWarning: Use torch_xla.sync instead
  xm.mark_step()
2026-09-09 09:15:10.000721:  133532  [INFO]: Using a cached neff at /home/ubuntu/neuron_cache_e2e/neuronxcc-2.23.6484.0+3b612583/MODULE_5297984159468587655+e30acd3a/model.neff
2026-09-09 09:15:10.000732:  133555  [INFO]: Using a cached neff at /home/ubuntu/neuron_cache_e2e/neuronxcc-2.23.6484.0+3b612583/MODULE_5297984159468587655+e30acd3a/model.neff
/home/ubuntu/train_llama10b_tp_families.py:616: DeprecationWarning: Use torch_xla.sync instead
  xm.mark_step()
2026-09-09 09:15:10.000773:  133537  [INFO]: Using a cached neff at /home/ubuntu/neuron_cache_e2e/neuronxcc-2.23.6484.0+3b612583/MODULE_5297984159468587655+e30acd3a/model.neff
2026-09-09 09:15:10.000791:  133536  [INFO]: Using a cached neff at /home/ubuntu/neuron_cache_e2e/neuronxcc-2.23.6484.0+3b612583/MODULE_5297984159468587655+e30acd3a/model.neff
2026-09-09 09:15:10.000814:  133546  [INFO]: Using a cached neff at /home/ubuntu/neuron_cache_e2e/neuronxcc-2.23.6484.0+3b612583/MODULE_5297984159468587655+e30acd3a/model.neff
/home/ubuntu/train_llama10b_tp_families.py:616: DeprecationWarning: Use torch_xla.sync instead
  xm.mark_step()
2026-09-09 09:15:10.000836:  133559  [INFO]: Using a cached neff at /home/ubuntu/neuron_cache_e2e/neuronxcc-2.23.6484.0+3b612583/MODULE_5297984159468587655+e30acd3a/model.neff
2026-09-09 09:15:10.000859:  133544  [INFO]: Using a cached neff at /home/ubuntu/neuron_cache_e2e/neuronxcc-2.23.6484.0+3b612583/MODULE_5297984159468587655+e30acd3a/model.neff
/home/ubuntu/train_llama10b_tp_families.py:616: DeprecationWarning: Use torch_xla.sync instead
  xm.mark_step()
2026-09-09 09:15:10.000877:  133531  [INFO]: Using a cached neff at /home/ubuntu/neuron_cache_e2e/neuronxcc-2.23.6484.0+3b612583/MODULE_1982581477933138385+e30acd3a/model.neff
2026-09-09 09:15:10.000898:  133535  [INFO]: Using a cached neff at /home/ubuntu/neuron_cache_e2e/neuronxcc-2.23.6484.0+3b612583/MODULE_5297984159468587655+e30acd3a/model.neff
/home/ubuntu/train_llama10b_tp_families.py:627: DeprecationWarning: Use torch_xla.sync instead
  xm.mark_step()
2026-09-09 09:15:10.000941:  133541  [INFO]: Using a cached neff at /home/ubuntu/neuron_cache_e2e/neuronxcc-2.23.6484.0+3b612583/MODULE_1982581477933138385+e30acd3a/model.neff
2026-09-09 09:15:10.000952:  133545  [INFO]: Using a cached neff at /home/ubuntu/neuron_cache_e2e/neuronxcc-2.23.6484.0+3b612583/MODULE_1982581477933138385+e30acd3a/model.neff
2026-09-09 09:15:10.000968:  133557  [INFO]: Using a cached neff at /home/ubuntu/neuron_cache_e2e/neuronxcc-2.23.6484.0+3b612583/MODULE_1982581477933138385+e30acd3a/model.neff
2026-09-09 09:15:11.000005:  133549  [INFO]: Using a cached neff at /home/ubuntu/neuron_cache_e2e/neuronxcc-2.23.6484.0+3b612583/MODULE_1982581477933138385+e30acd3a/model.neff
/home/ubuntu/train_llama10b_tp_families.py:627: DeprecationWarning: Use torch_xla.sync instead
  xm.mark_step()
/home/ubuntu/train_llama10b_tp_families.py:627: DeprecationWarning: Use torch_xla.sync instead
  xm.mark_step()
2026-09-09 09:15:11.000026:  133546  [INFO]: Using a cached neff at /home/ubuntu/neuron_cache_e2e/neuronxcc-2.23.6484.0+3b612583/MODULE_1982581477933138385+e30acd3a/model.neff
2026-09-09 09:15:11.000032:  133547  [INFO]: Using a cached neff at /home/ubuntu/neuron_cache_e2e/neuronxcc-2.23.6484.0+3b612583/MODULE_5297984159468587655+e30acd3a/model.neff
/home/ubuntu/train_llama10b_tp_families.py:627: DeprecationWarning: Use torch_xla.sync instead
  xm.mark_step()
2026-09-09 09:15:11.000048:  133540  [INFO]: Using a cached neff at /home/ubuntu/neuron_cache_e2e/neuronxcc-2.23.6484.0+3b612583/MODULE_1982581477933138385+e30acd3a/model.neff
2026-09-09 09:15:11.000053:  133533  [INFO]: Using a cached neff at /home/ubuntu/neuron_cache_e2e/neuronxcc-2.23.6484.0+3b612583/MODULE_1982581477933138385+e30acd3a/model.neff
/home/ubuntu/train_llama10b_tp_families.py:627: DeprecationWarning: Use torch_xla.sync instead
  xm.mark_step()
/home/ubuntu/train_llama10b_tp_families.py:627: DeprecationWarning: Use torch_xla.sync instead
  xm.mark_step()
/home/ubuntu/train_llama10b_tp_families.py:627: DeprecationWarning: Use torch_xla.sync instead
  xm.mark_step()
/home/ubuntu/train_llama10b_tp_families.py:627: DeprecationWarning: Use torch_xla.sync instead
  xm.mark_step()
2026-09-09 09:15:11.000124:  133561  [INFO]: Using a cached neff at /home/ubuntu/neuron_cache_e2e/neuronxcc-2.23.6484.0+3b612583/MODULE_1982581477933138385+e30acd3a/model.neff
2026-09-09 09:15:11.000129:  133552  [INFO]: Using a cached neff at /home/ubuntu/neuron_cache_e2e/neuronxcc-2.23.6484.0+3b612583/MODULE_5297984159468587655+e30acd3a/model.neff
2026-09-09 09:15:11.000135:  133532  [INFO]: Using a cached neff at /home/ubuntu/neuron_cache_e2e/neuronxcc-2.23.6484.0+3b612583/MODULE_1982581477933138385+e30acd3a/model.neff
2026-09-09 09:15:11.000151:  133555  [INFO]: Using a cached neff at /home/ubuntu/neuron_cache_e2e/neuronxcc-2.23.6484.0+3b612583/MODULE_1982581477933138385+e30acd3a/model.neff
2026-09-09 09:15:11.000202:  133543  [INFO]: Using a cached neff at /home/ubuntu/neuron_cache_e2e/neuronxcc-2.23.6484.0+3b612583/MODULE_5297984159468587655+e30acd3a/model.neff
/home/ubuntu/train_llama10b_tp_families.py:627: DeprecationWarning: Use torch_xla.sync instead
  xm.mark_step()
2026-09-09 09:15:11.000225:  133531  [INFO]: Using a cached neff at /home/ubuntu/neuron_cache_e2e/neuronxcc-2.23.6484.0+3b612583/MODULE_9111549282147898643+e30acd3a/model.neff
/home/ubuntu/train_llama10b_tp_families.py:627: DeprecationWarning: Use torch_xla.sync instead
  xm.mark_step()
2026-09-09 09:15:11.000231:  133537  [INFO]: Using a cached neff at /home/ubuntu/neuron_cache_e2e/neuronxcc-2.23.6484.0+3b612583/MODULE_1982581477933138385+e30acd3a/model.neff
2026-09-09 09:15:11.000236:  133559  [INFO]: Using a cached neff at /home/ubuntu/neuron_cache_e2e/neuronxcc-2.23.6484.0+3b612583/MODULE_1982581477933138385+e30acd3a/model.neff
/home/ubuntu/train_llama10b_tp_families.py:627: DeprecationWarning: Use torch_xla.sync instead
  xm.mark_step()
2026-09-09 09:15:11.000249:  133536  [INFO]: Using a cached neff at /home/ubuntu/neuron_cache_e2e/neuronxcc-2.23.6484.0+3b612583/MODULE_1982581477933138385+e30acd3a/model.neff
2026-09-09 09:15:11.000262:  133544  [INFO]: Using a cached neff at /home/ubuntu/neuron_cache_e2e/neuronxcc-2.23.6484.0+3b612583/MODULE_1982581477933138385+e30acd3a/model.neff
/home/ubuntu/train_llama10b_tp_families.py:644: DeprecationWarning: Use torch_xla.sync instead
  xm.mark_step()
2026-09-09 09:15:11.000282:  133541  [INFO]: Using a cached neff at /home/ubuntu/neuron_cache_e2e/neuronxcc-2.23.6484.0+3b612583/MODULE_9111549282147898643+e30acd3a/model.neff
2026-09-09 09:15:11.000290:  133535  [INFO]: Using a cached neff at /home/ubuntu/neuron_cache_e2e/neuronxcc-2.23.6484.0+3b612583/MODULE_1982581477933138385+e30acd3a/model.neff
2026-09-09 09:15:11.000297:  133545  [INFO]: Using a cached neff at /home/ubuntu/neuron_cache_e2e/neuronxcc-2.23.6484.0+3b612583/MODULE_9111549282147898643+e30acd3a/model.neff
/home/ubuntu/train_llama10b_tp_families.py:627: DeprecationWarning: Use torch_xla.sync instead
  xm.mark_step()
/home/ubuntu/train_llama10b_tp_families.py:627: DeprecationWarning: Use torch_xla.sync instead
  xm.mark_step()
/home/ubuntu/train_llama10b_tp_families.py:644: DeprecationWarning: Use torch_xla.sync instead
  xm.mark_step()
2026-09-09 09:15:11.000312:  133557  [INFO]: Using a cached neff at /home/ubuntu/neuron_cache_e2e/neuronxcc-2.23.6484.0+3b612583/MODULE_9111549282147898643+e30acd3a/model.neff
/home/ubuntu/train_llama10b_tp_families.py:627: DeprecationWarning: Use torch_xla.sync instead
  xm.mark_step()
2026-09-09 09:15:11.000313:  133549  [INFO]: Using a cached neff at /home/ubuntu/neuron_cache_e2e/neuronxcc-2.23.6484.0+3b612583/MODULE_9111549282147898643+e30acd3a/model.neff
/home/ubuntu/train_llama10b_tp_families.py:644: DeprecationWarning: Use torch_xla.sync instead
  xm.mark_step()
2026-09-09 09:15:11.000325:  133546  [INFO]: Using a cached neff at /home/ubuntu/neuron_cache_e2e/neuronxcc-2.23.6484.0+3b612583/MODULE_9111549282147898643+e30acd3a/model.neff
2026-09-09 09:15:11.000326:  133540  [INFO]: Using a cached neff at /home/ubuntu/neuron_cache_e2e/neuronxcc-2.23.6484.0+3b612583/MODULE_9111549282147898643+e30acd3a/model.neff
/home/ubuntu/train_llama10b_tp_families.py:644: DeprecationWarning: Use torch_xla.sync instead
  xm.mark_step()
/home/ubuntu/train_llama10b_tp_families.py:644: DeprecationWarning: Use torch_xla.sync instead
  xm.mark_step()
/home/ubuntu/train_llama10b_tp_families.py:627: DeprecationWarning: Use torch_xla.sync instead
  xm.mark_step()
/home/ubuntu/train_llama10b_tp_families.py:616: DeprecationWarning: Use torch_xla.sync instead
  xm.mark_step()
2026-09-09 09:15:11.000339:  133533  [INFO]: Using a cached neff at /home/ubuntu/neuron_cache_e2e/neuronxcc-2.23.6484.0+3b612583/MODULE_9111549282147898643+e30acd3a/model.neff
/home/ubuntu/train_llama10b_tp_families.py:627: DeprecationWarning: Use torch_xla.sync instead
  xm.mark_step()
/home/ubuntu/train_llama10b_tp_families.py:644: DeprecationWarning: Use torch_xla.sync instead
  xm.mark_step()
/home/ubuntu/train_llama10b_tp_families.py:644: DeprecationWarning: Use torch_xla.sync instead
  xm.mark_step()
2026-09-09 09:15:11.000356:  133547  [INFO]: Using a cached neff at /home/ubuntu/neuron_cache_e2e/neuronxcc-2.23.6484.0+3b612583/MODULE_1982581477933138385+e30acd3a/model.neff
/home/ubuntu/train_llama10b_tp_families.py:616: DeprecationWarning: Use torch_xla.sync instead
  xm.mark_step()
/home/ubuntu/train_llama10b_tp_families.py:644: DeprecationWarning: Use torch_xla.sync instead
  xm.mark_step()
2026-09-09 09:15:11.000362:  133561  [INFO]: Using a cached neff at /home/ubuntu/neuron_cache_e2e/neuronxcc-2.23.6484.0+3b612583/MODULE_9111549282147898643+e30acd3a/model.neff
/home/ubuntu/train_llama10b_tp_families.py:616: DeprecationWarning: Use torch_xla.sync instead
  xm.mark_step()
2026-09-09 09:15:11.000383:  133532  [INFO]: Using a cached neff at /home/ubuntu/neuron_cache_e2e/neuronxcc-2.23.6484.0+3b612583/MODULE_9111549282147898643+e30acd3a/model.neff
/home/ubuntu/train_llama10b_tp_families.py:616: DeprecationWarning: Use torch_xla.sync instead
  xm.mark_step()
/home/ubuntu/train_llama10b_tp_families.py:644: DeprecationWarning: Use torch_xla.sync instead
  xm.mark_step()
2026-09-09 09:15:11.000392:  133552  [INFO]: Using a cached neff at /home/ubuntu/neuron_cache_e2e/neuronxcc-2.23.6484.0+3b612583/MODULE_1982581477933138385+e30acd3a/model.neff
2026-09-09 09:15:11.000399:  133555  [INFO]: Using a cached neff at /home/ubuntu/neuron_cache_e2e/neuronxcc-2.23.6484.0+3b612583/MODULE_9111549282147898643+e30acd3a/model.neff
/home/ubuntu/train_llama10b_tp_families.py:627: DeprecationWarning: Use torch_xla.sync instead
  xm.mark_step()
/home/ubuntu/train_llama10b_tp_families.py:644: DeprecationWarning: Use torch_xla.sync instead
  xm.mark_step()
2026-09-09 09:15:11.000412:  133531  [INFO]: Using a cached neff at /home/ubuntu/neuron_cache_e2e/neuronxcc-2.23.6484.0+3b612583/MODULE_14060166962429309307+e30acd3a/model.neff
2026-09-09 09:15:11.000413:  133537  [INFO]: Using a cached neff at /home/ubuntu/neuron_cache_e2e/neuronxcc-2.23.6484.0+3b612583/MODULE_9111549282147898643+e30acd3a/model.neff
2026-09-09 09:15:11.000414:  133559  [INFO]: Using a cached neff at /home/ubuntu/neuron_cache_e2e/neuronxcc-2.23.6484.0+3b612583/MODULE_9111549282147898643+e30acd3a/model.neff
/home/ubuntu/train_llama10b_tp_families.py:644: DeprecationWarning: Use torch_xla.sync instead
  xm.mark_step()
2026-09-09 09:15:11.000437:  133541  [INFO]: Using a cached neff at /home/ubuntu/neuron_cache_e2e/neuronxcc-2.23.6484.0+3b612583/MODULE_14060166962429309307+e30acd3a/model.neff
/home/ubuntu/train_llama10b_tp_families.py:627: DeprecationWarning: Use torch_xla.sync instead
  xm.mark_step()
/home/ubuntu/train_llama10b_tp_families.py:644: DeprecationWarning: Use torch_xla.sync instead
  xm.mark_step()
/home/ubuntu/train_llama10b_tp_families.py:644: DeprecationWarning: Use torch_xla.sync instead
  xm.mark_step()
2026-09-09 09:15:11.000445:  133536  [INFO]: Using a cached neff at /home/ubuntu/neuron_cache_e2e/neuronxcc-2.23.6484.0+3b612583/MODULE_9111549282147898643+e30acd3a/model.neff
2026-09-09 09:15:11.000458:  133543  [INFO]: Using a cached neff at /home/ubuntu/neuron_cache_e2e/neuronxcc-2.23.6484.0+3b612583/MODULE_1982581477933138385+e30acd3a/model.neff
2026-09-09 09:15:11.000467:  133545  [INFO]: Using a cached neff at /home/ubuntu/neuron_cache_e2e/neuronxcc-2.23.6484.0+3b612583/MODULE_14060166962429309307+e30acd3a/model.neff
/home/ubuntu/train_llama10b_tp_families.py:644: DeprecationWarning: Use torch_xla.sync instead
  xm.mark_step()
/home/ubuntu/train_llama10b_tp_families.py:616: DeprecationWarning: Use torch_xla.sync instead
  xm.mark_step()
2026-09-09 09:15:11.000484:  133544  [INFO]: Using a cached neff at /home/ubuntu/neuron_cache_e2e/neuronxcc-2.23.6484.0+3b612583/MODULE_9111549282147898643+e30acd3a/model.neff
2026-09-09 09:15:11.000489:  133549  [INFO]: Using a cached neff at /home/ubuntu/neuron_cache_e2e/neuronxcc-2.23.6484.0+3b612583/MODULE_14060166962429309307+e30acd3a/model.neff
2026-09-09 09:15:11.000498:  133557  [INFO]: Using a cached neff at /home/ubuntu/neuron_cache_e2e/neuronxcc-2.23.6484.0+3b612583/MODULE_14060166962429309307+e30acd3a/model.neff
/home/ubuntu/train_llama10b_tp_families.py:616: DeprecationWarning: Use torch_xla.sync instead
  xm.mark_step()
/home/ubuntu/train_llama10b_tp_families.py:627: DeprecationWarning: Use torch_xla.sync instead
  xm.mark_step()
/home/ubuntu/train_llama10b_tp_families.py:644: DeprecationWarning: Use torch_xla.sync instead
  xm.mark_step()
2026-09-09 09:15:11.000526:  133535  [INFO]: Using a cached neff at /home/ubuntu/neuron_cache_e2e/neuronxcc-2.23.6484.0+3b612583/MODULE_9111549282147898643+e30acd3a/model.neff
2026-09-09 09:15:11.000532:  133538  [INFO]: Using a cached neff at /home/ubuntu/neuron_cache_e2e/neuronxcc-2.23.6484.0+3b612583/MODULE_5297984159468587655+e30acd3a/model.neff
2026-09-09 09:15:11.000538:  133546  [INFO]: Using a cached neff at /home/ubuntu/neuron_cache_e2e/neuronxcc-2.23.6484.0+3b612583/MODULE_14060166962429309307+e30acd3a/model.neff
2026-09-09 09:15:11.000547:  133540  [INFO]: Using a cached neff at /home/ubuntu/neuron_cache_e2e/neuronxcc-2.23.6484.0+3b612583/MODULE_14060166962429309307+e30acd3a/model.neff
2026-09-09 09:15:11.000561:  133533  [INFO]: Using a cached neff at /home/ubuntu/neuron_cache_e2e/neuronxcc-2.23.6484.0+3b612583/MODULE_14060166962429309307+e30acd3a/model.neff
/home/ubuntu/train_llama10b_tp_families.py:644: DeprecationWarning: Use torch_xla.sync instead
  xm.mark_step()
/home/ubuntu/train_llama10b_tp_families.py:616: DeprecationWarning: Use torch_xla.sync instead
  xm.mark_step()
/home/ubuntu/train_llama10b_tp_families.py:616: DeprecationWarning: Use torch_xla.sync instead
  xm.mark_step()
/home/ubuntu/train_llama10b_tp_families.py:616: DeprecationWarning: Use torch_xla.sync instead
  xm.mark_step()
2026-09-09 09:15:11.000596:  133562  [INFO]: Using a cached neff at /home/ubuntu/neuron_cache_e2e/neuronxcc-2.23.6484.0+3b612583/MODULE_5297984159468587655+e30acd3a/model.neff
2026-09-09 09:15:11.000602:  133550  [INFO]: Using a cached neff at /home/ubuntu/neuron_cache_e2e/neuronxcc-2.23.6484.0+3b612583/MODULE_5297984159468587655+e30acd3a/model.neff
2026-09-09 09:15:11.000636:  133551  [INFO]: Using a cached neff at /home/ubuntu/neuron_cache_e2e/neuronxcc-2.23.6484.0+3b612583/MODULE_5297984159468587655+e30acd3a/model.neff
2026-09-09 09:15:11.000643:  133561  [INFO]: Using a cached neff at /home/ubuntu/neuron_cache_e2e/neuronxcc-2.23.6484.0+3b612583/MODULE_14060166962429309307+e30acd3a/model.neff
2026-09-09 09:15:11.000645:  133547  [INFO]: Using a cached neff at /home/ubuntu/neuron_cache_e2e/neuronxcc-2.23.6484.0+3b612583/MODULE_9111549282147898643+e30acd3a/model.neff
/home/ubuntu/train_llama10b_tp_families.py:616: DeprecationWarning: Use torch_xla.sync instead
  xm.mark_step()
2026-09-09 09:15:11.000657:  133532  [INFO]: Using a cached neff at /home/ubuntu/neuron_cache_e2e/neuronxcc-2.23.6484.0+3b612583/MODULE_14060166962429309307+e30acd3a/model.neff
2026-09-09 09:15:11.000668:  133555  [INFO]: Using a cached neff at /home/ubuntu/neuron_cache_e2e/neuronxcc-2.23.6484.0+3b612583/MODULE_14060166962429309307+e30acd3a/model.neff
2026-09-09 09:15:11.000669:  133552  [INFO]: Using a cached neff at /home/ubuntu/neuron_cache_e2e/neuronxcc-2.23.6484.0+3b612583/MODULE_9111549282147898643+e30acd3a/model.neff
/home/ubuntu/train_llama10b_tp_families.py:644: DeprecationWarning: Use torch_xla.sync instead
  xm.mark_step()
/home/ubuntu/train_llama10b_tp_families.py:616: DeprecationWarning: Use torch_xla.sync instead
  xm.mark_step()
2026-09-09 09:15:11.000688:  133537  [INFO]: Using a cached neff at /home/ubuntu/neuron_cache_e2e/neuronxcc-2.23.6484.0+3b612583/MODULE_14060166962429309307+e30acd3a/model.neff
/home/ubuntu/train_llama10b_tp_families.py:644: DeprecationWarning: Use torch_xla.sync instead
  xm.mark_step()
2026-09-09 09:15:11.000700:  133559  [INFO]: Using a cached neff at /home/ubuntu/neuron_cache_e2e/neuronxcc-2.23.6484.0+3b612583/MODULE_14060166962429309307+e30acd3a/model.neff
2026-09-09 09:15:11.000711:  133531  [INFO]: Using a cached neff at /home/ubuntu/neuron_cache_e2e/neuronxcc-2.23.6484.0+3b612583/MODULE_9156856424950103227+e30acd3a/model.neff
2026-09-09 09:15:11.000726:  133536  [INFO]: Using a cached neff at /home/ubuntu/neuron_cache_e2e/neuronxcc-2.23.6484.0+3b612583/MODULE_14060166962429309307+e30acd3a/model.neff
2026-09-09 09:15:11.000743:  133541  [INFO]: Using a cached neff at /home/ubuntu/neuron_cache_e2e/neuronxcc-2.23.6484.0+3b612583/MODULE_9156856424950103227+e30acd3a/model.neff
/home/ubuntu/train_llama10b_tp_families.py:616: DeprecationWarning: Use torch_xla.sync instead
  xm.mark_step()
2026-09-09 09:15:11.000758:  133553  [INFO]: Using a cached neff at /home/ubuntu/neuron_cache_e2e/neuronxcc-2.23.6484.0+3b612583/MODULE_5297984159468587655+e30acd3a/model.neff
2026-09-09 09:15:11.000766:  133545  [INFO]: Using a cached neff at /home/ubuntu/neuron_cache_e2e/neuronxcc-2.23.6484.0+3b612583/MODULE_9156856424950103227+e30acd3a/model.neff
/home/ubuntu/train_llama10b_tp_families.py:616: DeprecationWarning: Use torch_xla.sync instead
  xm.mark_step()
2026-09-09 09:15:11.000793:  133558  [INFO]: Using a cached neff at /home/ubuntu/neuron_cache_e2e/neuronxcc-2.23.6484.0+3b612583/MODULE_5297984159468587655+e30acd3a/model.neff
2026-09-09 09:15:11.000797:  133543  [INFO]: Using a cached neff at /home/ubuntu/neuron_cache_e2e/neuronxcc-2.23.6484.0+3b612583/MODULE_9111549282147898643+e30acd3a/model.neff
2026-09-09 09:15:11.000813:  133544  [INFO]: Using a cached neff at /home/ubuntu/neuron_cache_e2e/neuronxcc-2.23.6484.0+3b612583/MODULE_14060166962429309307+e30acd3a/model.neff
2026-09-09 09:15:11.000824:  133549  [INFO]: Using a cached neff at /home/ubuntu/neuron_cache_e2e/neuronxcc-2.23.6484.0+3b612583/MODULE_9156856424950103227+e30acd3a/model.neff
/home/ubuntu/train_llama10b_tp_families.py:644: DeprecationWarning: Use torch_xla.sync instead
  xm.mark_step()
2026-09-09 09:15:11.000830:  133557  [INFO]: Using a cached neff at /home/ubuntu/neuron_cache_e2e/neuronxcc-2.23.6484.0+3b612583/MODULE_9156856424950103227+e30acd3a/model.neff
2026-09-09 09:15:11.000854:  133535  [INFO]: Using a cached neff at /home/ubuntu/neuron_cache_e2e/neuronxcc-2.23.6484.0+3b612583/MODULE_14060166962429309307+e30acd3a/model.neff
2026-09-09 09:15:11.000865:  133546  [INFO]: Using a cached neff at /home/ubuntu/neuron_cache_e2e/neuronxcc-2.23.6484.0+3b612583/MODULE_9156856424950103227+e30acd3a/model.neff
2026-09-09 09:15:11.000901:  133548  [INFO]: Using a cached neff at /home/ubuntu/neuron_cache_e2e/neuronxcc-2.23.6484.0+3b612583/MODULE_5297984159468587655+e30acd3a/model.neff
2026-09-09 09:15:11.000913:  133542  [INFO]: Using a cached neff at /home/ubuntu/neuron_cache_e2e/neuronxcc-2.23.6484.0+3b612583/MODULE_5297984159468587655+e30acd3a/model.neff
2026-09-09 09:15:11.000916:  133540  [INFO]: Using a cached neff at /home/ubuntu/neuron_cache_e2e/neuronxcc-2.23.6484.0+3b612583/MODULE_9156856424950103227+e30acd3a/model.neff
2026-09-09 09:15:11.000935:  133539  [INFO]: Using a cached neff at /home/ubuntu/neuron_cache_e2e/neuronxcc-2.23.6484.0+3b612583/MODULE_5297984159468587655+e30acd3a/model.neff
2026-09-09 09:15:11.000953:  133533  [INFO]: Using a cached neff at /home/ubuntu/neuron_cache_e2e/neuronxcc-2.23.6484.0+3b612583/MODULE_9156856424950103227+e30acd3a/model.neff
2026-09-09 09:15:11.000976:  133538  [INFO]: Using a cached neff at /home/ubuntu/neuron_cache_e2e/neuronxcc-2.23.6484.0+3b612583/MODULE_1982581477933138385+e30acd3a/model.neff
2026-09-09 09:15:12.000011:  133554  [INFO]: Using a cached neff at /home/ubuntu/neuron_cache_e2e/neuronxcc-2.23.6484.0+3b612583/MODULE_5297984159468587655+e30acd3a/model.neff
2026-09-09 09:15:12.000021:  133561  [INFO]: Using a cached neff at /home/ubuntu/neuron_cache_e2e/neuronxcc-2.23.6484.0+3b612583/MODULE_9156856424950103227+e30acd3a/model.neff
2026-09-09 09:15:12.000031:  133547  [INFO]: Using a cached neff at /home/ubuntu/neuron_cache_e2e/neuronxcc-2.23.6484.0+3b612583/MODULE_14060166962429309307+e30acd3a/model.neff
/home/ubuntu/train_llama10b_tp_families.py:627: DeprecationWarning: Use torch_xla.sync instead
  xm.mark_step()
2026-09-09 09:15:12.000067:  133552  [INFO]: Using a cached neff at /home/ubuntu/neuron_cache_e2e/neuronxcc-2.23.6484.0+3b612583/MODULE_14060166962429309307+e30acd3a/model.neff
2026-09-09 09:15:12.000068:  133556  [INFO]: Using a cached neff at /home/ubuntu/neuron_cache_e2e/neuronxcc-2.23.6484.0+3b612583/MODULE_5297984159468587655+e30acd3a/model.neff
2026-09-09 09:15:12.000083:  133550  [INFO]: Using a cached neff at /home/ubuntu/neuron_cache_e2e/neuronxcc-2.23.6484.0+3b612583/MODULE_1982581477933138385+e30acd3a/model.neff
2026-09-09 09:15:12.000092:  133532  [INFO]: Using a cached neff at /home/ubuntu/neuron_cache_e2e/neuronxcc-2.23.6484.0+3b612583/MODULE_9156856424950103227+e30acd3a/model.neff
2026-09-09 09:15:12.000101:  133562  [INFO]: Using a cached neff at /home/ubuntu/neuron_cache_e2e/neuronxcc-2.23.6484.0+3b612583/MODULE_1982581477933138385+e30acd3a/model.neff
2026-09-09 09:15:12.000141:  133555  [INFO]: Using a cached neff at /home/ubuntu/neuron_cache_e2e/neuronxcc-2.23.6484.0+3b612583/MODULE_9156856424950103227+e30acd3a/model.neff
/home/ubuntu/train_llama10b_tp_families.py:627: DeprecationWarning: Use torch_xla.sync instead
  xm.mark_step()
2026-09-09 09:15:12.000146:  133551  [INFO]: Using a cached neff at /home/ubuntu/neuron_cache_e2e/neuronxcc-2.23.6484.0+3b612583/MODULE_1982581477933138385+e30acd3a/model.neff
2026-09-09 09:15:12.000149:  133537  [INFO]: Using a cached neff at /home/ubuntu/neuron_cache_e2e/neuronxcc-2.23.6484.0+3b612583/MODULE_9156856424950103227+e30acd3a/model.neff
/home/ubuntu/train_llama10b_tp_families.py:627: DeprecationWarning: Use torch_xla.sync instead
  xm.mark_step()
2026-09-09 09:15:12.000172:  133559  [INFO]: Using a cached neff at /home/ubuntu/neuron_cache_e2e/neuronxcc-2.23.6484.0+3b612583/MODULE_9156856424950103227+e30acd3a/model.neff
2026-09-09 09:15:12.000182:  133531  [INFO]: Using a cached neff at /home/ubuntu/neuron_cache_e2e/neuronxcc-2.23.6484.0+3b612583/MODULE_5822669904513104586+e30acd3a/model.neff
/home/ubuntu/train_llama10b_tp_families.py:627: DeprecationWarning: Use torch_xla.sync instead
  xm.mark_step()
2026-09-09 09:15:12.000200:  133536  [INFO]: Using a cached neff at /home/ubuntu/neuron_cache_e2e/neuronxcc-2.23.6484.0+3b612583/MODULE_9156856424950103227+e30acd3a/model.neff
2026-09-09 09:15:12.000214:  133560  [INFO]: Using a cached neff at /home/ubuntu/neuron_cache_e2e/neuronxcc-2.23.6484.0+3b612583/MODULE_5297984159468587655+e30acd3a/model.neff
2026-09-09 09:15:12.000225:  133534  [INFO]: Using a cached neff at /home/ubuntu/neuron_cache_e2e/neuronxcc-2.23.6484.0+3b612583/MODULE_5297984159468587655+e30acd3a/model.neff
2026-09-09 09:15:12.000235:  133541  [INFO]: Using a cached neff at /home/ubuntu/neuron_cache_e2e/neuronxcc-2.23.6484.0+3b612583/MODULE_5822669904513104586+e30acd3a/model.neff
2026-09-09 09:15:12.000253:  133545  [INFO]: Using a cached neff at /home/ubuntu/neuron_cache_e2e/neuronxcc-2.23.6484.0+3b612583/MODULE_5822669904513104586+e30acd3a/model.neff
2026-09-09 09:15:12.000267:  133543  [INFO]: Using a cached neff at /home/ubuntu/neuron_cache_e2e/neuronxcc-2.23.6484.0+3b612583/MODULE_14060166962429309307+e30acd3a/model.neff
2026-09-09 09:15:12.000274:  133553  [INFO]: Using a cached neff at /home/ubuntu/neuron_cache_e2e/neuronxcc-2.23.6484.0+3b612583/MODULE_1982581477933138385+e30acd3a/model.neff
2026-09-09 09:15:12.000277:  133544  [INFO]: Using a cached neff at /home/ubuntu/neuron_cache_e2e/neuronxcc-2.23.6484.0+3b612583/MODULE_9156856424950103227+e30acd3a/model.neff
2026-09-09 09:15:12.000305:  133549  [INFO]: Using a cached neff at /home/ubuntu/neuron_cache_e2e/neuronxcc-2.23.6484.0+3b612583/MODULE_5822669904513104586+e30acd3a/model.neff
2026-09-09 09:15:12.000306:  133557  [INFO]: Using a cached neff at /home/ubuntu/neuron_cache_e2e/neuronxcc-2.23.6484.0+3b612583/MODULE_5822669904513104586+e30acd3a/model.neff
2026-09-09 09:15:12.000317:  133558  [INFO]: Using a cached neff at /home/ubuntu/neuron_cache_e2e/neuronxcc-2.23.6484.0+3b612583/MODULE_1982581477933138385+e30acd3a/model.neff
/home/ubuntu/train_llama10b_tp_families.py:627: DeprecationWarning: Use torch_xla.sync instead
  xm.mark_step()
2026-09-09 09:15:12.000329:  133535  [INFO]: Using a cached neff at /home/ubuntu/neuron_cache_e2e/neuronxcc-2.23.6484.0+3b612583/MODULE_9156856424950103227+e30acd3a/model.neff
2026-09-09 09:15:12.000336:  133546  [INFO]: Using a cached neff at /home/ubuntu/neuron_cache_e2e/neuronxcc-2.23.6484.0+3b612583/MODULE_5822669904513104586+e30acd3a/model.neff
2026-09-09 09:15:12.000337:  133540  [INFO]: Using a cached neff at /home/ubuntu/neuron_cache_e2e/neuronxcc-2.23.6484.0+3b612583/MODULE_5822669904513104586+e30acd3a/model.neff
2026-09-09 09:15:12.000365:  133548  [INFO]: Using a cached neff at /home/ubuntu/neuron_cache_e2e/neuronxcc-2.23.6484.0+3b612583/MODULE_1982581477933138385+e30acd3a/model.neff
/home/ubuntu/train_llama10b_tp_families.py:627: DeprecationWarning: Use torch_xla.sync instead
  xm.mark_step()
2026-09-09 09:15:12.000371:  133533  [INFO]: Using a cached neff at /home/ubuntu/neuron_cache_e2e/neuronxcc-2.23.6484.0+3b612583/MODULE_5822669904513104586+e30acd3a/model.neff
2026-09-09 09:15:12.000389:  133542  [INFO]: Using a cached neff at /home/ubuntu/neuron_cache_e2e/neuronxcc-2.23.6484.0+3b612583/MODULE_1982581477933138385+e30acd3a/model.neff
2026-09-09 09:15:12.000394:  133539  [INFO]: Using a cached neff at /home/ubuntu/neuron_cache_e2e/neuronxcc-2.23.6484.0+3b612583/MODULE_1982581477933138385+e30acd3a/model.neff
2026-09-09 09:15:12.000412:  133538  [INFO]: Using a cached neff at /home/ubuntu/neuron_cache_e2e/neuronxcc-2.23.6484.0+3b612583/MODULE_9111549282147898643+e30acd3a/model.neff
/home/ubuntu/train_llama10b_tp_families.py:627: DeprecationWarning: Use torch_xla.sync instead
  xm.mark_step()
2026-09-09 09:15:12.000425:  133547  [INFO]: Using a cached neff at /home/ubuntu/neuron_cache_e2e/neuronxcc-2.23.6484.0+3b612583/MODULE_9156856424950103227+e30acd3a/model.neff
2026-09-09 09:15:12.000431:  133561  [INFO]: Using a cached neff at /home/ubuntu/neuron_cache_e2e/neuronxcc-2.23.6484.0+3b612583/MODULE_5822669904513104586+e30acd3a/model.neff
/home/ubuntu/train_llama10b_tp_families.py:644: DeprecationWarning: Use torch_xla.sync instead
  xm.mark_step()
/home/ubuntu/train_llama10b_tp_families.py:627: DeprecationWarning: Use torch_xla.sync instead
  xm.mark_step()
/home/ubuntu/train_llama10b_tp_families.py:627: DeprecationWarning: Use torch_xla.sync instead
  xm.mark_step()
2026-09-09 09:15:12.000458:  133552  [INFO]: Using a cached neff at /home/ubuntu/neuron_cache_e2e/neuronxcc-2.23.6484.0+3b612583/MODULE_9156856424950103227+e30acd3a/model.neff
2026-09-09 09:15:12.000470:  133550  [INFO]: Using a cached neff at /home/ubuntu/neuron_cache_e2e/neuronxcc-2.23.6484.0+3b612583/MODULE_9111549282147898643+e30acd3a/model.neff
2026-09-09 09:15:12.000477:  133554  [INFO]: Using a cached neff at /home/ubuntu/neuron_cache_e2e/neuronxcc-2.23.6484.0+3b612583/MODULE_1982581477933138385+e30acd3a/model.neff
2026-09-09 09:15:12.000480:  133532  [INFO]: Using a cached neff at /home/ubuntu/neuron_cache_e2e/neuronxcc-2.23.6484.0+3b612583/MODULE_5822669904513104586+e30acd3a/model.neff
2026-09-09 09:15:12.000485:  133556  [INFO]: Using a cached neff at /home/ubuntu/neuron_cache_e2e/neuronxcc-2.23.6484.0+3b612583/MODULE_1982581477933138385+e30acd3a/model.neff
2026-09-09 09:15:12.000495:  133562  [INFO]: Using a cached neff at /home/ubuntu/neuron_cache_e2e/neuronxcc-2.23.6484.0+3b612583/MODULE_9111549282147898643+e30acd3a/model.neff
2026-09-09 09:15:12.000497:  133555  [INFO]: Using a cached neff at /home/ubuntu/neuron_cache_e2e/neuronxcc-2.23.6484.0+3b612583/MODULE_5822669904513104586+e30acd3a/model.neff
/home/ubuntu/train_llama10b_tp_families.py:644: DeprecationWarning: Use torch_xla.sync instead
  xm.mark_step()
2026-09-09 09:15:12.000507:  133537  [INFO]: Using a cached neff at /home/ubuntu/neuron_cache_e2e/neuronxcc-2.23.6484.0+3b612583/MODULE_5822669904513104586+e30acd3a/model.neff
2026-09-09 09:15:12.000512:  133551  [INFO]: Using a cached neff at /home/ubuntu/neuron_cache_e2e/neuronxcc-2.23.6484.0+3b612583/MODULE_9111549282147898643+e30acd3a/model.neff
/home/ubuntu/train_llama10b_tp_families.py:644: DeprecationWarning: Use torch_xla.sync instead
  xm.mark_step()
2026-09-09 09:15:12.000519:  133559  [INFO]: Using a cached neff at /home/ubuntu/neuron_cache_e2e/neuronxcc-2.23.6484.0+3b612583/MODULE_5822669904513104586+e30acd3a/model.neff
2026-09-09 09:15:12.000522:  133531  [INFO]: Using a cached neff at /home/ubuntu/neuron_cache_e2e/neuronxcc-2.23.6484.0+3b612583/MODULE_2373622694781085304+e30acd3a/model.neff
2026-09-09 09:15:12.000525:  133536  [INFO]: Using a cached neff at /home/ubuntu/neuron_cache_e2e/neuronxcc-2.23.6484.0+3b612583/MODULE_5822669904513104586+e30acd3a/model.neff
/home/ubuntu/train_llama10b_tp_families.py:644: DeprecationWarning: Use torch_xla.sync instead
  xm.mark_step()
/home/ubuntu/train_llama10b_tp_families.py:627: DeprecationWarning: Use torch_xla.sync instead
  xm.mark_step()
2026-09-09 09:15:12.000529:  133541  [INFO]: Using a cached neff at /home/ubuntu/neuron_cache_e2e/neuronxcc-2.23.6484.0+3b612583/MODULE_2373622694781085304+e30acd3a/model.neff
/home/ubuntu/train_llama10b_tp_families.py:627: DeprecationWarning: Use torch_xla.sync instead
  xm.mark_step()
2026-09-09 09:15:12.000570:  133560  [INFO]: Using a cached neff at /home/ubuntu/neuron_cache_e2e/neuronxcc-2.23.6484.0+3b612583/MODULE_1982581477933138385+e30acd3a/model.neff
2026-09-09 09:15:12.000571:  133545  [INFO]: Using a cached neff at /home/ubuntu/neuron_cache_e2e/neuronxcc-2.23.6484.0+3b612583/MODULE_2373622694781085304+e30acd3a/model.neff
2026-09-09 09:15:12.000575:  133543  [INFO]: Using a cached neff at /home/ubuntu/neuron_cache_e2e/neuronxcc-2.23.6484.0+3b612583/MODULE_9156856424950103227+e30acd3a/model.neff
2026-09-09 09:15:12.000581:  133534  [INFO]: Using a cached neff at /home/ubuntu/neuron_cache_e2e/neuronxcc-2.23.6484.0+3b612583/MODULE_1982581477933138385+e30acd3a/model.neff
2026-09-09 09:15:12.000582:  133544  [INFO]: Using a cached neff at /home/ubuntu/neuron_cache_e2e/neuronxcc-2.23.6484.0+3b612583/MODULE_5822669904513104586+e30acd3a/model.neff
2026-09-09 09:15:12.000584:  133553  [INFO]: Using a cached neff at /home/ubuntu/neuron_cache_e2e/neuronxcc-2.23.6484.0+3b612583/MODULE_9111549282147898643+e30acd3a/model.neff
2026-09-09 09:15:12.000609:  133549  [INFO]: Using a cached neff at /home/ubuntu/neuron_cache_e2e/neuronxcc-2.23.6484.0+3b612583/MODULE_2373622694781085304+e30acd3a/model.neff
2026-09-09 09:15:12.000610:  133557  [INFO]: Using a cached neff at /home/ubuntu/neuron_cache_e2e/neuronxcc-2.23.6484.0+3b612583/MODULE_2373622694781085304+e30acd3a/model.neff
2026-09-09 09:15:12.000614:  133558  [INFO]: Using a cached neff at /home/ubuntu/neuron_cache_e2e/neuronxcc-2.23.6484.0+3b612583/MODULE_9111549282147898643+e30acd3a/model.neff
/home/ubuntu/train_llama10b_tp_families.py:644: DeprecationWarning: Use torch_xla.sync instead
  xm.mark_step()
2026-09-09 09:15:12.000618:  133546  [INFO]: Using a cached neff at /home/ubuntu/neuron_cache_e2e/neuronxcc-2.23.6484.0+3b612583/MODULE_2373622694781085304+e30acd3a/model.neff
2026-09-09 09:15:12.000621:  133535  [INFO]: Using a cached neff at /home/ubuntu/neuron_cache_e2e/neuronxcc-2.23.6484.0+3b612583/MODULE_5822669904513104586+e30acd3a/model.neff
/home/ubuntu/train_llama10b_tp_families.py:627: DeprecationWarning: Use torch_xla.sync instead
  xm.mark_step()
2026-09-09 09:15:12.000626:  133540  [INFO]: Using a cached neff at /home/ubuntu/neuron_cache_e2e/neuronxcc-2.23.6484.0+3b612583/MODULE_2373622694781085304+e30acd3a/model.neff
/home/ubuntu/train_llama10b_tp_families.py:644: DeprecationWarning: Use torch_xla.sync instead
  xm.mark_step()
/home/ubuntu/train_llama10b_tp_families.py:627: DeprecationWarning: Use torch_xla.sync instead
  xm.mark_step()
2026-09-09 09:15:12.000639:  133533  [INFO]: Using a cached neff at /home/ubuntu/neuron_cache_e2e/neuronxcc-2.23.6484.0+3b612583/MODULE_2373622694781085304+e30acd3a/model.neff
2026-09-09 09:15:12.000644:  133548  [INFO]: Using a cached neff at /home/ubuntu/neuron_cache_e2e/neuronxcc-2.23.6484.0+3b612583/MODULE_9111549282147898643+e30acd3a/model.neff
2026-09-09 09:15:12.000648:  133538  [INFO]: Using a cached neff at /home/ubuntu/neuron_cache_e2e/neuronxcc-2.23.6484.0+3b612583/MODULE_14060166962429309307+e30acd3a/model.neff
2026-09-09 09:15:12.000654:  133542  [INFO]: Using a cached neff at /home/ubuntu/neuron_cache_e2e/neuronxcc-2.23.6484.0+3b612583/MODULE_9111549282147898643+e30acd3a/model.neff
2026-09-09 09:15:12.000661:  133539  [INFO]: Using a cached neff at /home/ubuntu/neuron_cache_e2e/neuronxcc-2.23.6484.0+3b612583/MODULE_9111549282147898643+e30acd3a/model.neff
/home/ubuntu/train_llama10b_tp_families.py:644: DeprecationWarning: Use torch_xla.sync instead
  xm.mark_step()
2026-09-09 09:15:12.000666:  133547  [INFO]: Using a cached neff at /home/ubuntu/neuron_cache_e2e/neuronxcc-2.23.6484.0+3b612583/MODULE_5822669904513104586+e30acd3a/model.neff
2026-09-09 09:15:12.000673:  133561  [INFO]: Using a cached neff at /home/ubuntu/neuron_cache_e2e/neuronxcc-2.23.6484.0+3b612583/MODULE_2373622694781085304+e30acd3a/model.neff
/home/ubuntu/train_llama10b_tp_families.py:644: DeprecationWarning: Use torch_xla.sync instead
  xm.mark_step()
2026-09-09 09:15:12.000683:  133552  [INFO]: Using a cached neff at /home/ubuntu/neuron_cache_e2e/neuronxcc-2.23.6484.0+3b612583/MODULE_5822669904513104586+e30acd3a/model.neff
/home/ubuntu/train_llama10b_tp_families.py:644: DeprecationWarning: Use torch_xla.sync instead
  xm.mark_step()
2026-09-09 09:15:12.000687:  133550  [INFO]: Using a cached neff at /home/ubuntu/neuron_cache_e2e/neuronxcc-2.23.6484.0+3b612583/MODULE_14060166962429309307+e30acd3a/model.neff
2026-09-09 09:15:12.000691:  133532  [INFO]: Using a cached neff at /home/ubuntu/neuron_cache_e2e/neuronxcc-2.23.6484.0+3b612583/MODULE_2373622694781085304+e30acd3a/model.neff
2026-09-09 09:15:12.000702:  133562  [INFO]: Using a cached neff at /home/ubuntu/neuron_cache_e2e/neuronxcc-2.23.6484.0+3b612583/MODULE_14060166962429309307+e30acd3a/model.neff
2026-09-09 09:15:12.000709:  133551  [INFO]: Using a cached neff at /home/ubuntu/neuron_cache_e2e/neuronxcc-2.23.6484.0+3b612583/MODULE_14060166962429309307+e30acd3a/model.neff
2026-09-09 09:15:12.000714:  133554  [INFO]: Using a cached neff at /home/ubuntu/neuron_cache_e2e/neuronxcc-2.23.6484.0+3b612583/MODULE_9111549282147898643+e30acd3a/model.neff
2026-09-09 09:15:12.000721:  133555  [INFO]: Using a cached neff at /home/ubuntu/neuron_cache_e2e/neuronxcc-2.23.6484.0+3b612583/MODULE_2373622694781085304+e30acd3a/model.neff
2026-09-09 09:15:12.000726:  133537  [INFO]: Using a cached neff at /home/ubuntu/neuron_cache_e2e/neuronxcc-2.23.6484.0+3b612583/MODULE_2373622694781085304+e30acd3a/model.neff
2026-09-09 09:15:12.000730:  133556  [INFO]: Using a cached neff at /home/ubuntu/neuron_cache_e2e/neuronxcc-2.23.6484.0+3b612583/MODULE_9111549282147898643+e30acd3a/model.neff
2026-09-09 09:15:12.000732:  133559  [INFO]: Using a cached neff at /home/ubuntu/neuron_cache_e2e/neuronxcc-2.23.6484.0+3b612583/MODULE_2373622694781085304+e30acd3a/model.neff
/home/ubuntu/train_llama10b_tp_families.py:644: DeprecationWarning: Use torch_xla.sync instead
  xm.mark_step()
2026-09-09 09:15:12.000741:  133531  [INFO]: Using a cached neff at /home/ubuntu/neuron_cache_e2e/neuronxcc-2.23.6484.0+3b612583/MODULE_15546749088224118202+e30acd3a/model.neff
/home/ubuntu/train_llama10b_tp_families.py:644: DeprecationWarning: Use torch_xla.sync instead
  xm.mark_step()
2026-09-09 09:15:12.000752:  133536  [INFO]: Using a cached neff at /home/ubuntu/neuron_cache_e2e/neuronxcc-2.23.6484.0+3b612583/MODULE_2373622694781085304+e30acd3a/model.neff
2026-09-09 09:15:12.000766:  133545  [INFO]: Using a cached neff at /home/ubuntu/neuron_cache_e2e/neuronxcc-2.23.6484.0+3b612583/MODULE_15546749088224118202+e30acd3a/model.neff
2026-09-09 09:15:12.000767:  133541  [INFO]: Using a cached neff at /home/ubuntu/neuron_cache_e2e/neuronxcc-2.23.6484.0+3b612583/MODULE_15546749088224118202+e30acd3a/model.neff
2026-09-09 09:15:12.000771:  133560  [INFO]: Using a cached neff at /home/ubuntu/neuron_cache_e2e/neuronxcc-2.23.6484.0+3b612583/MODULE_9111549282147898643+e30acd3a/model.neff
2026-09-09 09:15:12.000777:  133553  [INFO]: Using a cached neff at /home/ubuntu/neuron_cache_e2e/neuronxcc-2.23.6484.0+3b612583/MODULE_14060166962429309307+e30acd3a/model.neff
2026-09-09 09:15:12.000779:  133544  [INFO]: Using a cached neff at /home/ubuntu/neuron_cache_e2e/neuronxcc-2.23.6484.0+3b612583/MODULE_2373622694781085304+e30acd3a/model.neff
2026-09-09 09:15:12.000784:  133562  [INFO]: Using a cached neff at /home/ubuntu/neuron_cache_e2e/neuronxcc-2.23.6484.0+3b612583/MODULE_9156856424950103227+e30acd3a/model.neff
/home/ubuntu/train_llama10b_tp_families.py:644: DeprecationWarning: Use torch_xla.sync instead
  xm.mark_step()
2026-09-09 09:15:12.000794:  133558  [INFO]: Using a cached neff at /home/ubuntu/neuron_cache_e2e/neuronxcc-2.23.6484.0+3b612583/MODULE_14060166962429309307+e30acd3a/model.neff
2026-09-09 09:15:12.000802:  133549  [INFO]: Using a cached neff at /home/ubuntu/neuron_cache_e2e/neuronxcc-2.23.6484.0+3b612583/MODULE_15546749088224118202+e30acd3a/model.neff
2026-09-09 09:15:12.000806:  133534  [INFO]: Using a cached neff at /home/ubuntu/neuron_cache_e2e/neuronxcc-2.23.6484.0+3b612583/MODULE_9111549282147898643+e30acd3a/model.neff
2026-09-09 09:15:12.000809:  133557  [INFO]: Using a cached neff at /home/ubuntu/neuron_cache_e2e/neuronxcc-2.23.6484.0+3b612583/MODULE_15546749088224118202+e30acd3a/model.neff
2026-09-09 09:15:12.000816:  133546  [INFO]: Using a cached neff at /home/ubuntu/neuron_cache_e2e/neuronxcc-2.23.6484.0+3b612583/MODULE_15546749088224118202+e30acd3a/model.neff
2026-09-09 09:15:12.000817:  133535  [INFO]: Using a cached neff at /home/ubuntu/neuron_cache_e2e/neuronxcc-2.23.6484.0+3b612583/MODULE_2373622694781085304+e30acd3a/model.neff
/home/ubuntu/train_llama10b_tp_families.py:644: DeprecationWarning: Use torch_xla.sync instead
  xm.mark_step()
2026-09-09 09:15:12.000829:  133540  [INFO]: Using a cached neff at /home/ubuntu/neuron_cache_e2e/neuronxcc-2.23.6484.0+3b612583/MODULE_15546749088224118202+e30acd3a/model.neff
2026-09-09 09:15:12.000838:  133533  [INFO]: Using a cached neff at /home/ubuntu/neuron_cache_e2e/neuronxcc-2.23.6484.0+3b612583/MODULE_15546749088224118202+e30acd3a/model.neff
2026-09-09 09:15:12.000849:  133548  [INFO]: Using a cached neff at /home/ubuntu/neuron_cache_e2e/neuronxcc-2.23.6484.0+3b612583/MODULE_14060166962429309307+e30acd3a/model.neff
2026-09-09 09:15:12.000854:  133542  [INFO]: Using a cached neff at /home/ubuntu/neuron_cache_e2e/neuronxcc-2.23.6484.0+3b612583/MODULE_14060166962429309307+e30acd3a/model.neff
2026-09-09 09:15:12.000862:  133539  [INFO]: Using a cached neff at /home/ubuntu/neuron_cache_e2e/neuronxcc-2.23.6484.0+3b612583/MODULE_14060166962429309307+e30acd3a/model.neff
2026-09-09 09:15:12.000872:  133538  [INFO]: Using a cached neff at /home/ubuntu/neuron_cache_e2e/neuronxcc-2.23.6484.0+3b612583/MODULE_9156856424950103227+e30acd3a/model.neff
2026-09-09 09:15:12.000874:  133547  [INFO]: Using a cached neff at /home/ubuntu/neuron_cache_e2e/neuronxcc-2.23.6484.0+3b612583/MODULE_2373622694781085304+e30acd3a/model.neff
2026-09-09 09:15:12.000882:  133561  [INFO]: Using a cached neff at /home/ubuntu/neuron_cache_e2e/neuronxcc-2.23.6484.0+3b612583/MODULE_15546749088224118202+e30acd3a/model.neff
2026-09-09 09:15:12.000891:  133532  [INFO]: Using a cached neff at /home/ubuntu/neuron_cache_e2e/neuronxcc-2.23.6484.0+3b612583/MODULE_15546749088224118202+e30acd3a/model.neff
2026-09-09 09:15:12.000897:  133552  [INFO]: Using a cached neff at /home/ubuntu/neuron_cache_e2e/neuronxcc-2.23.6484.0+3b612583/MODULE_2373622694781085304+e30acd3a/model.neff
2026-09-09 09:15:12.000908:  133543  [INFO]: Using a cached neff at /home/ubuntu/neuron_cache_e2e/neuronxcc-2.23.6484.0+3b612583/MODULE_5822669904513104586+e30acd3a/model.neff
2026-09-09 09:15:12.000912:  133550  [INFO]: Using a cached neff at /home/ubuntu/neuron_cache_e2e/neuronxcc-2.23.6484.0+3b612583/MODULE_9156856424950103227+e30acd3a/model.neff
2026-09-09 09:15:12.000922:  133554  [INFO]: Using a cached neff at /home/ubuntu/neuron_cache_e2e/neuronxcc-2.23.6484.0+3b612583/MODULE_14060166962429309307+e30acd3a/model.neff
2026-09-09 09:15:12.000931:  133556  [INFO]: Using a cached neff at /home/ubuntu/neuron_cache_e2e/neuronxcc-2.23.6484.0+3b612583/MODULE_14060166962429309307+e30acd3a/model.neff
2026-09-09 09:15:12.000936:  133551  [INFO]: Using a cached neff at /home/ubuntu/neuron_cache_e2e/neuronxcc-2.23.6484.0+3b612583/MODULE_9156856424950103227+e30acd3a/model.neff
2026-09-09 09:15:12.000940:  133555  [INFO]: Using a cached neff at /home/ubuntu/neuron_cache_e2e/neuronxcc-2.23.6484.0+3b612583/MODULE_15546749088224118202+e30acd3a/model.neff
2026-09-09 09:15:12.000950:  133537  [INFO]: Using a cached neff at /home/ubuntu/neuron_cache_e2e/neuronxcc-2.23.6484.0+3b612583/MODULE_15546749088224118202+e30acd3a/model.neff
2026-09-09 09:15:12.000953:  133559  [INFO]: Using a cached neff at /home/ubuntu/neuron_cache_e2e/neuronxcc-2.23.6484.0+3b612583/MODULE_15546749088224118202+e30acd3a/model.neff
2026-09-09 09:15:12.000966:  133531  [INFO]: Using a cached neff at /home/ubuntu/neuron_cache_e2e/neuronxcc-2.23.6484.0+3b612583/MODULE_6795776154388623675+e30acd3a/model.neff
2026-09-09 09:15:12.000969:  133536  [INFO]: Using a cached neff at /home/ubuntu/neuron_cache_e2e/neuronxcc-2.23.6484.0+3b612583/MODULE_15546749088224118202+e30acd3a/model.neff
2026-09-09 09:15:12.000994:  133560  [INFO]: Using a cached neff at /home/ubuntu/neuron_cache_e2e/neuronxcc-2.23.6484.0+3b612583/MODULE_14060166962429309307+e30acd3a/model.neff
2026-09-09 09:15:13.000001:  133545  [INFO]: Using a cached neff at /home/ubuntu/neuron_cache_e2e/neuronxcc-2.23.6484.0+3b612583/MODULE_6795776154388623675+e30acd3a/model.neff
2026-09-09 09:15:13.000004:  133562  [INFO]: Using a cached neff at /home/ubuntu/neuron_cache_e2e/neuronxcc-2.23.6484.0+3b612583/MODULE_5822669904513104586+e30acd3a/model.neff
2026-09-09 09:15:13.000004:  133541  [INFO]: Using a cached neff at /home/ubuntu/neuron_cache_e2e/neuronxcc-2.23.6484.0+3b612583/MODULE_6795776154388623675+e30acd3a/model.neff
2026-09-09 09:15:13.000014:  133553  [INFO]: Using a cached neff at /home/ubuntu/neuron_cache_e2e/neuronxcc-2.23.6484.0+3b612583/MODULE_9156856424950103227+e30acd3a/model.neff
2026-09-09 09:15:13.000025:  133544  [INFO]: Using a cached neff at /home/ubuntu/neuron_cache_e2e/neuronxcc-2.23.6484.0+3b612583/MODULE_15546749088224118202+e30acd3a/model.neff
2026-09-09 09:15:13.000045:  133534  [INFO]: Using a cached neff at /home/ubuntu/neuron_cache_e2e/neuronxcc-2.23.6484.0+3b612583/MODULE_14060166962429309307+e30acd3a/model.neff
2026-09-09 09:15:13.000053:  133549  [INFO]: Using a cached neff at /home/ubuntu/neuron_cache_e2e/neuronxcc-2.23.6484.0+3b612583/MODULE_6795776154388623675+e30acd3a/model.neff
2026-09-09 09:15:13.000064:  133557  [INFO]: Using a cached neff at /home/ubuntu/neuron_cache_e2e/neuronxcc-2.23.6484.0+3b612583/MODULE_6795776154388623675+e30acd3a/model.neff
2026-09-09 09:15:13.000078:  133546  [INFO]: Using a cached neff at /home/ubuntu/neuron_cache_e2e/neuronxcc-2.23.6484.0+3b612583/MODULE_6795776154388623675+e30acd3a/model.neff
2026-09-09 09:15:13.000081:  133558  [INFO]: Using a cached neff at /home/ubuntu/neuron_cache_e2e/neuronxcc-2.23.6484.0+3b612583/MODULE_9156856424950103227+e30acd3a/model.neff
2026-09-09 09:15:13.000098:  133535  [INFO]: Using a cached neff at /home/ubuntu/neuron_cache_e2e/neuronxcc-2.23.6484.0+3b612583/MODULE_15546749088224118202+e30acd3a/model.neff
2026-09-09 09:15:13.000111:  133540  [INFO]: Using a cached neff at /home/ubuntu/neuron_cache_e2e/neuronxcc-2.23.6484.0+3b612583/MODULE_6795776154388623675+e30acd3a/model.neff
2026-09-09 09:15:13.000123:  133548  [INFO]: Using a cached neff at /home/ubuntu/neuron_cache_e2e/neuronxcc-2.23.6484.0+3b612583/MODULE_9156856424950103227+e30acd3a/model.neff
2026-09-09 09:15:13.000132:  133533  [INFO]: Using a cached neff at /home/ubuntu/neuron_cache_e2e/neuronxcc-2.23.6484.0+3b612583/MODULE_6795776154388623675+e30acd3a/model.neff
2026-09-09 09:15:13.000140:  133542  [INFO]: Using a cached neff at /home/ubuntu/neuron_cache_e2e/neuronxcc-2.23.6484.0+3b612583/MODULE_9156856424950103227+e30acd3a/model.neff
2026-09-09 09:15:13.000143:  133539  [INFO]: Using a cached neff at /home/ubuntu/neuron_cache_e2e/neuronxcc-2.23.6484.0+3b612583/MODULE_9156856424950103227+e30acd3a/model.neff
2026-09-09 09:15:13.000150:  133547  [INFO]: Using a cached neff at /home/ubuntu/neuron_cache_e2e/neuronxcc-2.23.6484.0+3b612583/MODULE_15546749088224118202+e30acd3a/model.neff
2026-09-09 09:15:13.000165:  133538  [INFO]: Using a cached neff at /home/ubuntu/neuron_cache_e2e/neuronxcc-2.23.6484.0+3b612583/MODULE_5822669904513104586+e30acd3a/model.neff
2026-09-09 09:15:13.000170:  133561  [INFO]: Using a cached neff at /home/ubuntu/neuron_cache_e2e/neuronxcc-2.23.6484.0+3b612583/MODULE_6795776154388623675+e30acd3a/model.neff
2026-09-09 09:15:13.000182:  133532  [INFO]: Using a cached neff at /home/ubuntu/neuron_cache_e2e/neuronxcc-2.23.6484.0+3b612583/MODULE_6795776154388623675+e30acd3a/model.neff
2026-09-09 09:15:13.000184:  133552  [INFO]: Using a cached neff at /home/ubuntu/neuron_cache_e2e/neuronxcc-2.23.6484.0+3b612583/MODULE_15546749088224118202+e30acd3a/model.neff
2026-09-09 09:15:13.000193:  133543  [INFO]: Using a cached neff at /home/ubuntu/neuron_cache_e2e/neuronxcc-2.23.6484.0+3b612583/MODULE_2373622694781085304+e30acd3a/model.neff
2026-09-09 09:15:13.000213:  133554  [INFO]: Using a cached neff at /home/ubuntu/neuron_cache_e2e/neuronxcc-2.23.6484.0+3b612583/MODULE_9156856424950103227+e30acd3a/model.neff
2026-09-09 09:15:13.000214:  133551  [INFO]: Using a cached neff at /home/ubuntu/neuron_cache_e2e/neuronxcc-2.23.6484.0+3b612583/MODULE_5822669904513104586+e30acd3a/model.neff
2026-09-09 09:15:13.000218:  133550  [INFO]: Using a cached neff at /home/ubuntu/neuron_cache_e2e/neuronxcc-2.23.6484.0+3b612583/MODULE_5822669904513104586+e30acd3a/model.neff
2026-09-09 09:15:13.000242:  133555  [INFO]: Using a cached neff at /home/ubuntu/neuron_cache_e2e/neuronxcc-2.23.6484.0+3b612583/MODULE_6795776154388623675+e30acd3a/model.neff
2026-09-09 09:15:13.000244:  133537  [INFO]: Using a cached neff at /home/ubuntu/neuron_cache_e2e/neuronxcc-2.23.6484.0+3b612583/MODULE_6795776154388623675+e30acd3a/model.neff
2026-09-09 09:15:13.000248:  133556  [INFO]: Using a cached neff at /home/ubuntu/neuron_cache_e2e/neuronxcc-2.23.6484.0+3b612583/MODULE_9156856424950103227+e30acd3a/model.neff
2026-09-09 09:15:13.000253:  133559  [INFO]: Using a cached neff at /home/ubuntu/neuron_cache_e2e/neuronxcc-2.23.6484.0+3b612583/MODULE_6795776154388623675+e30acd3a/model.neff
2026-09-09 09:15:13.000277:  133536  [INFO]: Using a cached neff at /home/ubuntu/neuron_cache_e2e/neuronxcc-2.23.6484.0+3b612583/MODULE_6795776154388623675+e30acd3a/model.neff
2026-09-09 09:15:13.000284:  133531  [INFO]: Using a cached neff at /home/ubuntu/neuron_cache_e2e/neuronxcc-2.23.6484.0+3b612583/MODULE_6773386797833768649+e30acd3a/model.neff
2026-09-09 09:15:13.000293:  133560  [INFO]: Using a cached neff at /home/ubuntu/neuron_cache_e2e/neuronxcc-2.23.6484.0+3b612583/MODULE_9156856424950103227+e30acd3a/model.neff
2026-09-09 09:15:13.000294:  133562  [INFO]: Using a cached neff at /home/ubuntu/neuron_cache_e2e/neuronxcc-2.23.6484.0+3b612583/MODULE_2373622694781085304+e30acd3a/model.neff
2026-09-09 09:15:13.000312:  133545  [INFO]: Using a cached neff at /home/ubuntu/neuron_cache_e2e/neuronxcc-2.23.6484.0+3b612583/MODULE_6773386797833768649+e30acd3a/model.neff
2026-09-09 09:15:13.000319:  133553  [INFO]: Using a cached neff at /home/ubuntu/neuron_cache_e2e/neuronxcc-2.23.6484.0+3b612583/MODULE_5822669904513104586+e30acd3a/model.neff
2026-09-09 09:15:13.000319:  133541  [INFO]: Using a cached neff at /home/ubuntu/neuron_cache_e2e/neuronxcc-2.23.6484.0+3b612583/MODULE_6773386797833768649+e30acd3a/model.neff
2026-09-09 09:15:13.000337:  133544  [INFO]: Using a cached neff at /home/ubuntu/neuron_cache_e2e/neuronxcc-2.23.6484.0+3b612583/MODULE_6795776154388623675+e30acd3a/model.neff
2026-09-09 09:15:13.000351:  133534  [INFO]: Using a cached neff at /home/ubuntu/neuron_cache_e2e/neuronxcc-2.23.6484.0+3b612583/MODULE_9156856424950103227+e30acd3a/model.neff
2026-09-09 09:15:13.000359:  133549  [INFO]: Using a cached neff at /home/ubuntu/neuron_cache_e2e/neuronxcc-2.23.6484.0+3b612583/MODULE_6773386797833768649+e30acd3a/model.neff
2026-09-09 09:15:13.000365:  133557  [INFO]: Using a cached neff at /home/ubuntu/neuron_cache_e2e/neuronxcc-2.23.6484.0+3b612583/MODULE_6773386797833768649+e30acd3a/model.neff
2026-09-09 09:15:13.000380:  133546  [INFO]: Using a cached neff at /home/ubuntu/neuron_cache_e2e/neuronxcc-2.23.6484.0+3b612583/MODULE_6773386797833768649+e30acd3a/model.neff
2026-09-09 09:15:13.000382:  133558  [INFO]: Using a cached neff at /home/ubuntu/neuron_cache_e2e/neuronxcc-2.23.6484.0+3b612583/MODULE_5822669904513104586+e30acd3a/model.neff
2026-09-09 09:15:13.000395:  133535  [INFO]: Using a cached neff at /home/ubuntu/neuron_cache_e2e/neuronxcc-2.23.6484.0+3b612583/MODULE_6795776154388623675+e30acd3a/model.neff
2026-09-09 09:15:13.000402:  133548  [INFO]: Using a cached neff at /home/ubuntu/neuron_cache_e2e/neuronxcc-2.23.6484.0+3b612583/MODULE_5822669904513104586+e30acd3a/model.neff
2026-09-09 09:15:13.000407:  133540  [INFO]: Using a cached neff at /home/ubuntu/neuron_cache_e2e/neuronxcc-2.23.6484.0+3b612583/MODULE_6773386797833768649+e30acd3a/model.neff
2026-09-09 09:15:13.000419:  133542  [INFO]: Using a cached neff at /home/ubuntu/neuron_cache_e2e/neuronxcc-2.23.6484.0+3b612583/MODULE_5822669904513104586+e30acd3a/model.neff
2026-09-09 09:15:13.000423:  133533  [INFO]: Using a cached neff at /home/ubuntu/neuron_cache_e2e/neuronxcc-2.23.6484.0+3b612583/MODULE_6773386797833768649+e30acd3a/model.neff
2026-09-09 09:15:13.000427:  133539  [INFO]: Using a cached neff at /home/ubuntu/neuron_cache_e2e/neuronxcc-2.23.6484.0+3b612583/MODULE_5822669904513104586+e30acd3a/model.neff
2026-09-09 09:15:13.000437:  133547  [INFO]: Using a cached neff at /home/ubuntu/neuron_cache_e2e/neuronxcc-2.23.6484.0+3b612583/MODULE_6795776154388623675+e30acd3a/model.neff
2026-09-09 09:15:13.000437:  133538  [INFO]: Using a cached neff at /home/ubuntu/neuron_cache_e2e/neuronxcc-2.23.6484.0+3b612583/MODULE_2373622694781085304+e30acd3a/model.neff
2026-09-09 09:15:13.000463:  133532  [INFO]: Using a cached neff at /home/ubuntu/neuron_cache_e2e/neuronxcc-2.23.6484.0+3b612583/MODULE_6773386797833768649+e30acd3a/model.neff
2026-09-09 09:15:13.000464:  133543  [INFO]: Using a cached neff at /home/ubuntu/neuron_cache_e2e/neuronxcc-2.23.6484.0+3b612583/MODULE_15546749088224118202+e30acd3a/model.neff
2026-09-09 09:15:13.000467:  133561  [INFO]: Using a cached neff at /home/ubuntu/neuron_cache_e2e/neuronxcc-2.23.6484.0+3b612583/MODULE_6773386797833768649+e30acd3a/model.neff
2026-09-09 09:15:13.000469:  133552  [INFO]: Using a cached neff at /home/ubuntu/neuron_cache_e2e/neuronxcc-2.23.6484.0+3b612583/MODULE_6795776154388623675+e30acd3a/model.neff
2026-09-09 09:15:13.000482:  133550  [INFO]: Using a cached neff at /home/ubuntu/neuron_cache_e2e/neuronxcc-2.23.6484.0+3b612583/MODULE_2373622694781085304+e30acd3a/model.neff
2026-09-09 09:15:13.000483:  133551  [INFO]: Using a cached neff at /home/ubuntu/neuron_cache_e2e/neuronxcc-2.23.6484.0+3b612583/MODULE_2373622694781085304+e30acd3a/model.neff
2026-09-09 09:15:13.000494:  133554  [INFO]: Using a cached neff at /home/ubuntu/neuron_cache_e2e/neuronxcc-2.23.6484.0+3b612583/MODULE_5822669904513104586+e30acd3a/model.neff
2026-09-09 09:15:13.000503:  133555  [INFO]: Using a cached neff at /home/ubuntu/neuron_cache_e2e/neuronxcc-2.23.6484.0+3b612583/MODULE_6773386797833768649+e30acd3a/model.neff
2026-09-09 09:15:13.000508:  133537  [INFO]: Using a cached neff at /home/ubuntu/neuron_cache_e2e/neuronxcc-2.23.6484.0+3b612583/MODULE_6773386797833768649+e30acd3a/model.neff
2026-09-09 09:15:13.000522:  133556  [INFO]: Using a cached neff at /home/ubuntu/neuron_cache_e2e/neuronxcc-2.23.6484.0+3b612583/MODULE_5822669904513104586+e30acd3a/model.neff
2026-09-09 09:15:13.000532:  133536  [INFO]: Using a cached neff at /home/ubuntu/neuron_cache_e2e/neuronxcc-2.23.6484.0+3b612583/MODULE_6773386797833768649+e30acd3a/model.neff
2026-09-09 09:15:13.000540:  133562  [INFO]: Using a cached neff at /home/ubuntu/neuron_cache_e2e/neuronxcc-2.23.6484.0+3b612583/MODULE_15546749088224118202+e30acd3a/model.neff
2026-09-09 09:15:13.000540:  133559  [INFO]: Using a cached neff at /home/ubuntu/neuron_cache_e2e/neuronxcc-2.23.6484.0+3b612583/MODULE_6773386797833768649+e30acd3a/model.neff
2026-09-09 09:15:13.000544:  133531  [INFO]: Using a cached neff at /home/ubuntu/neuron_cache_e2e/neuronxcc-2.23.6484.0+3b612583/MODULE_14849796531781449780+e30acd3a/model.neff
2026-09-09 09:15:13.000564:  133545  [INFO]: Using a cached neff at /home/ubuntu/neuron_cache_e2e/neuronxcc-2.23.6484.0+3b612583/MODULE_14849796531781449780+e30acd3a/model.neff
2026-09-09 09:15:13.000564:  133560  [INFO]: Using a cached neff at /home/ubuntu/neuron_cache_e2e/neuronxcc-2.23.6484.0+3b612583/MODULE_5822669904513104586+e30acd3a/model.neff
2026-09-09 09:15:13.000572:  133541  [INFO]: Using a cached neff at /home/ubuntu/neuron_cache_e2e/neuronxcc-2.23.6484.0+3b612583/MODULE_14849796531781449780+e30acd3a/model.neff
2026-09-09 09:15:13.000581:  133553  [INFO]: Using a cached neff at /home/ubuntu/neuron_cache_e2e/neuronxcc-2.23.6484.0+3b612583/MODULE_2373622694781085304+e30acd3a/model.neff
2026-09-09 09:15:13.000586:  133544  [INFO]: Using a cached neff at /home/ubuntu/neuron_cache_e2e/neuronxcc-2.23.6484.0+3b612583/MODULE_6773386797833768649+e30acd3a/model.neff
2026-09-09 09:15:13.000595:  133534  [INFO]: Using a cached neff at /home/ubuntu/neuron_cache_e2e/neuronxcc-2.23.6484.0+3b612583/MODULE_5822669904513104586+e30acd3a/model.neff
2026-09-09 09:15:13.000602:  133555  [INFO]: Using a cached neff at /home/ubuntu/neuron_cache_e2e/neuronxcc-2.23.6484.0+3b612583/MODULE_14849796531781449780+e30acd3a/model.neff
2026-09-09 09:15:13.000607:  133549  [INFO]: Using a cached neff at /home/ubuntu/neuron_cache_e2e/neuronxcc-2.23.6484.0+3b612583/MODULE_14849796531781449780+e30acd3a/model.neff
2026-09-09 09:15:13.000619:  133557  [INFO]: Using a cached neff at /home/ubuntu/neuron_cache_e2e/neuronxcc-2.23.6484.0+3b612583/MODULE_14849796531781449780+e30acd3a/model.neff
2026-09-09 09:15:13.000623:  133558  [INFO]: Using a cached neff at /home/ubuntu/neuron_cache_e2e/neuronxcc-2.23.6484.0+3b612583/MODULE_2373622694781085304+e30acd3a/model.neff
2026-09-09 09:15:13.000635:  133535  [INFO]: Using a cached neff at /home/ubuntu/neuron_cache_e2e/neuronxcc-2.23.6484.0+3b612583/MODULE_6773386797833768649+e30acd3a/model.neff
2026-09-09 09:15:13.000637:  133546  [INFO]: Using a cached neff at /home/ubuntu/neuron_cache_e2e/neuronxcc-2.23.6484.0+3b612583/MODULE_14849796531781449780+e30acd3a/model.neff
2026-09-09 09:15:13.000639:  133548  [INFO]: Using a cached neff at /home/ubuntu/neuron_cache_e2e/neuronxcc-2.23.6484.0+3b612583/MODULE_2373622694781085304+e30acd3a/model.neff
2026-09-09 09:15:13.000657:  133540  [INFO]: Using a cached neff at /home/ubuntu/neuron_cache_e2e/neuronxcc-2.23.6484.0+3b612583/MODULE_14849796531781449780+e30acd3a/model.neff
2026-09-09 09:15:13.000660:  133542  [INFO]: Using a cached neff at /home/ubuntu/neuron_cache_e2e/neuronxcc-2.23.6484.0+3b612583/MODULE_2373622694781085304+e30acd3a/model.neff
2026-09-09 09:15:13.000667:  133533  [INFO]: Using a cached neff at /home/ubuntu/neuron_cache_e2e/neuronxcc-2.23.6484.0+3b612583/MODULE_14849796531781449780+e30acd3a/model.neff
2026-09-09 09:15:13.000670:  133539  [INFO]: Using a cached neff at /home/ubuntu/neuron_cache_e2e/neuronxcc-2.23.6484.0+3b612583/MODULE_2373622694781085304+e30acd3a/model.neff
2026-09-09 09:15:13.000681:  133538  [INFO]: Using a cached neff at /home/ubuntu/neuron_cache_e2e/neuronxcc-2.23.6484.0+3b612583/MODULE_15546749088224118202+e30acd3a/model.neff
2026-09-09 09:15:13.000701:  133547  [INFO]: Using a cached neff at /home/ubuntu/neuron_cache_e2e/neuronxcc-2.23.6484.0+3b612583/MODULE_6773386797833768649+e30acd3a/model.neff
2026-09-09 09:15:13.000704:  133543  [INFO]: Using a cached neff at /home/ubuntu/neuron_cache_e2e/neuronxcc-2.23.6484.0+3b612583/MODULE_6795776154388623675+e30acd3a/model.neff
2026-09-09 09:15:13.000706:  133550  [INFO]: Using a cached neff at /home/ubuntu/neuron_cache_e2e/neuronxcc-2.23.6484.0+3b612583/MODULE_15546749088224118202+e30acd3a/model.neff
2026-09-09 09:15:13.000713:  133561  [INFO]: Using a cached neff at /home/ubuntu/neuron_cache_e2e/neuronxcc-2.23.6484.0+3b612583/MODULE_14849796531781449780+e30acd3a/model.neff
2026-09-09 09:15:13.000714:  133551  [INFO]: Using a cached neff at /home/ubuntu/neuron_cache_e2e/neuronxcc-2.23.6484.0+3b612583/MODULE_15546749088224118202+e30acd3a/model.neff
2026-09-09 09:15:13.000723:  133554  [INFO]: Using a cached neff at /home/ubuntu/neuron_cache_e2e/neuronxcc-2.23.6484.0+3b612583/MODULE_2373622694781085304+e30acd3a/model.neff
2026-09-09 09:15:13.000729:  133552  [INFO]: Using a cached neff at /home/ubuntu/neuron_cache_e2e/neuronxcc-2.23.6484.0+3b612583/MODULE_6773386797833768649+e30acd3a/model.neff
2026-09-09 09:15:13.000743:  133556  [INFO]: Using a cached neff at /home/ubuntu/neuron_cache_e2e/neuronxcc-2.23.6484.0+3b612583/MODULE_2373622694781085304+e30acd3a/model.neff
2026-09-09 09:15:13.000747:  133537  [INFO]: Using a cached neff at /home/ubuntu/neuron_cache_e2e/neuronxcc-2.23.6484.0+3b612583/MODULE_14849796531781449780+e30acd3a/model.neff
2026-09-09 09:15:13.000756:  133536  [INFO]: Using a cached neff at /home/ubuntu/neuron_cache_e2e/neuronxcc-2.23.6484.0+3b612583/MODULE_14849796531781449780+e30acd3a/model.neff
2026-09-09 09:15:13.000759:  133562  [INFO]: Using a cached neff at /home/ubuntu/neuron_cache_e2e/neuronxcc-2.23.6484.0+3b612583/MODULE_6795776154388623675+e30acd3a/model.neff
2026-09-09 09:15:13.000774:  133559  [INFO]: Using a cached neff at /home/ubuntu/neuron_cache_e2e/neuronxcc-2.23.6484.0+3b612583/MODULE_14849796531781449780+e30acd3a/model.neff
2026-09-09 09:15:13.000775:  133531  [INFO]: Using a cached neff at /home/ubuntu/neuron_cache_e2e/neuronxcc-2.23.6484.0+3b612583/MODULE_15914079002818025199+e30acd3a/model.neff
2026-09-09 09:15:13.000781:  133545  [INFO]: Using a cached neff at /home/ubuntu/neuron_cache_e2e/neuronxcc-2.23.6484.0+3b612583/MODULE_15914079002818025199+e30acd3a/model.neff
2026-09-09 09:15:13.000782:  133560  [INFO]: Using a cached neff at /home/ubuntu/neuron_cache_e2e/neuronxcc-2.23.6484.0+3b612583/MODULE_2373622694781085304+e30acd3a/model.neff
2026-09-09 09:15:13.000788:  133541  [INFO]: Using a cached neff at /home/ubuntu/neuron_cache_e2e/neuronxcc-2.23.6484.0+3b612583/MODULE_15914079002818025199+e30acd3a/model.neff
2026-09-09 09:15:13.000792:  133553  [INFO]: Using a cached neff at /home/ubuntu/neuron_cache_e2e/neuronxcc-2.23.6484.0+3b612583/MODULE_15546749088224118202+e30acd3a/model.neff
2026-09-09 09:15:13.000803:  133534  [INFO]: Using a cached neff at /home/ubuntu/neuron_cache_e2e/neuronxcc-2.23.6484.0+3b612583/MODULE_2373622694781085304+e30acd3a/model.neff
2026-09-09 09:15:13.000806:  133544  [INFO]: Using a cached neff at /home/ubuntu/neuron_cache_e2e/neuronxcc-2.23.6484.0+3b612583/MODULE_14849796531781449780+e30acd3a/model.neff
2026-09-09 09:15:13.000806:  133555  [INFO]: Using a cached neff at /home/ubuntu/neuron_cache_e2e/neuronxcc-2.23.6484.0+3b612583/MODULE_15914079002818025199+e30acd3a/model.neff
2026-09-09 09:15:13.000819:  133549  [INFO]: Using a cached neff at /home/ubuntu/neuron_cache_e2e/neuronxcc-2.23.6484.0+3b612583/MODULE_15914079002818025199+e30acd3a/model.neff
2026-09-09 09:15:13.000822:  133558  [INFO]: Using a cached neff at /home/ubuntu/neuron_cache_e2e/neuronxcc-2.23.6484.0+3b612583/MODULE_15546749088224118202+e30acd3a/model.neff
2026-09-09 09:15:13.000829:  133557  [INFO]: Using a cached neff at /home/ubuntu/neuron_cache_e2e/neuronxcc-2.23.6484.0+3b612583/MODULE_15914079002818025199+e30acd3a/model.neff
2026-09-09 09:15:13.000835:  133535  [INFO]: Using a cached neff at /home/ubuntu/neuron_cache_e2e/neuronxcc-2.23.6484.0+3b612583/MODULE_14849796531781449780+e30acd3a/model.neff
2026-09-09 09:15:13.000841:  133532  [INFO]: Using a cached neff at /home/ubuntu/neuron_cache_e2e/neuronxcc-2.23.6484.0+3b612583/MODULE_14849796531781449780+e30acd3a/model.neff
2026-09-09 09:15:13.000841:  133546  [INFO]: Using a cached neff at /home/ubuntu/neuron_cache_e2e/neuronxcc-2.23.6484.0+3b612583/MODULE_15914079002818025199+e30acd3a/model.neff
2026-09-09 09:15:13.000842:  133548  [INFO]: Using a cached neff at /home/ubuntu/neuron_cache_e2e/neuronxcc-2.23.6484.0+3b612583/MODULE_15546749088224118202+e30acd3a/model.neff
2026-09-09 09:15:13.000848:  133540  [INFO]: Using a cached neff at /home/ubuntu/neuron_cache_e2e/neuronxcc-2.23.6484.0+3b612583/MODULE_15914079002818025199+e30acd3a/model.neff
2026-09-09 09:15:13.000854:  133542  [INFO]: Using a cached neff at /home/ubuntu/neuron_cache_e2e/neuronxcc-2.23.6484.0+3b612583/MODULE_15546749088224118202+e30acd3a/model.neff
2026-09-09 09:15:13.000862:  133533  [INFO]: Using a cached neff at /home/ubuntu/neuron_cache_e2e/neuronxcc-2.23.6484.0+3b612583/MODULE_15914079002818025199+e30acd3a/model.neff
2026-09-09 09:15:13.000872:  133539  [INFO]: Using a cached neff at /home/ubuntu/neuron_cache_e2e/neuronxcc-2.23.6484.0+3b612583/MODULE_15546749088224118202+e30acd3a/model.neff
2026-09-09 09:15:13.000884:  133538  [INFO]: Using a cached neff at /home/ubuntu/neuron_cache_e2e/neuronxcc-2.23.6484.0+3b612583/MODULE_6795776154388623675+e30acd3a/model.neff
2026-09-09 09:15:13.000898:  133547  [INFO]: Using a cached neff at /home/ubuntu/neuron_cache_e2e/neuronxcc-2.23.6484.0+3b612583/MODULE_14849796531781449780+e30acd3a/model.neff
2026-09-09 09:15:13.000903:  133551  [INFO]: Using a cached neff at /home/ubuntu/neuron_cache_e2e/neuronxcc-2.23.6484.0+3b612583/MODULE_6795776154388623675+e30acd3a/model.neff
2026-09-09 09:15:13.000908:  133543  [INFO]: Using a cached neff at /home/ubuntu/neuron_cache_e2e/neuronxcc-2.23.6484.0+3b612583/MODULE_6773386797833768649+e30acd3a/model.neff
2026-09-09 09:15:13.000913:  133550  [INFO]: Using a cached neff at /home/ubuntu/neuron_cache_e2e/neuronxcc-2.23.6484.0+3b612583/MODULE_6795776154388623675+e30acd3a/model.neff
2026-09-09 09:15:13.000917:  133561  [INFO]: Using a cached neff at /home/ubuntu/neuron_cache_e2e/neuronxcc-2.23.6484.0+3b612583/MODULE_15914079002818025199+e30acd3a/model.neff
2026-09-09 09:15:13.000926:  133554  [INFO]: Using a cached neff at /home/ubuntu/neuron_cache_e2e/neuronxcc-2.23.6484.0+3b612583/MODULE_15546749088224118202+e30acd3a/model.neff
2026-09-09 09:15:13.000939:  133556  [INFO]: Using a cached neff at /home/ubuntu/neuron_cache_e2e/neuronxcc-2.23.6484.0+3b612583/MODULE_15546749088224118202+e30acd3a/model.neff
2026-09-09 09:15:13.000942:  133536  [INFO]: Using a cached neff at /home/ubuntu/neuron_cache_e2e/neuronxcc-2.23.6484.0+3b612583/MODULE_15914079002818025199+e30acd3a/model.neff
2026-09-09 09:15:13.000946:  133537  [INFO]: Using a cached neff at /home/ubuntu/neuron_cache_e2e/neuronxcc-2.23.6484.0+3b612583/MODULE_15914079002818025199+e30acd3a/model.neff
2026-09-09 09:15:13.000949:  133552  [INFO]: Using a cached neff at /home/ubuntu/neuron_cache_e2e/neuronxcc-2.23.6484.0+3b612583/MODULE_14849796531781449780+e30acd3a/model.neff
2026-09-09 09:15:13.000952:  133562  [INFO]: Using a cached neff at /home/ubuntu/neuron_cache_e2e/neuronxcc-2.23.6484.0+3b612583/MODULE_6773386797833768649+e30acd3a/model.neff
2026-09-09 09:15:13.000972:  133531  [INFO]: Using a cached neff at /home/ubuntu/neuron_cache_e2e/neuronxcc-2.23.6484.0+3b612583/MODULE_13744807807430301687+e30acd3a/model.neff
2026-09-09 09:15:13.000977:  133545  [INFO]: Using a cached neff at /home/ubuntu/neuron_cache_e2e/neuronxcc-2.23.6484.0+3b612583/MODULE_13744807807430301687+e30acd3a/model.neff
2026-09-09 09:15:13.000978:  133559  [INFO]: Using a cached neff at /home/ubuntu/neuron_cache_e2e/neuronxcc-2.23.6484.0+3b612583/MODULE_15914079002818025199+e30acd3a/model.neff
2026-09-09 09:15:13.000988:  133560  [INFO]: Using a cached neff at /home/ubuntu/neuron_cache_e2e/neuronxcc-2.23.6484.0+3b612583/MODULE_15546749088224118202+e30acd3a/model.neff
2026-09-09 09:15:14.000003:  133553  [INFO]: Using a cached neff at /home/ubuntu/neuron_cache_e2e/neuronxcc-2.23.6484.0+3b612583/MODULE_6795776154388623675+e30acd3a/model.neff
2026-09-09 09:15:14.000004:  133534  [INFO]: Using a cached neff at /home/ubuntu/neuron_cache_e2e/neuronxcc-2.23.6484.0+3b612583/MODULE_15546749088224118202+e30acd3a/model.neff
/home/ubuntu/train_llama10b_tp_families.py:645: DeprecationWarning: Use torch_xla.sync instead
  xm.mark_step()   # slice: copy-back done
2026-09-09 09:15:14.000007:  133541  [INFO]: Using a cached neff at /home/ubuntu/neuron_cache_e2e/neuronxcc-2.23.6484.0+3b612583/MODULE_13744807807430301687+e30acd3a/model.neff
/home/ubuntu/train_llama10b_tp_families.py:645: DeprecationWarning: Use torch_xla.sync instead
  xm.mark_step()   # slice: copy-back done
2026-09-09 09:15:14.000020:  133544  [INFO]: Using a cached neff at /home/ubuntu/neuron_cache_e2e/neuronxcc-2.23.6484.0+3b612583/MODULE_15914079002818025199+e30acd3a/model.neff
2026-09-09 09:15:14.000026:  133555  [INFO]: Using a cached neff at /home/ubuntu/neuron_cache_e2e/neuronxcc-2.23.6484.0+3b612583/MODULE_13744807807430301687+e30acd3a/model.neff
2026-09-09 09:15:14.000040:  133549  [INFO]: Using a cached neff at /home/ubuntu/neuron_cache_e2e/neuronxcc-2.23.6484.0+3b612583/MODULE_13744807807430301687+e30acd3a/model.neff
/home/ubuntu/train_llama10b_tp_families.py:645: DeprecationWarning: Use torch_xla.sync instead
  xm.mark_step()   # slice: copy-back done
2026-09-09 09:15:14.000048:  133558  [INFO]: Using a cached neff at /home/ubuntu/neuron_cache_e2e/neuronxcc-2.23.6484.0+3b612583/MODULE_6795776154388623675+e30acd3a/model.neff
/home/ubuntu/train_llama10b_tp_families.py:645: DeprecationWarning: Use torch_xla.sync instead
  xm.mark_step()   # slice: copy-back done
2026-09-09 09:15:14.000054:  133557  [INFO]: Using a cached neff at /home/ubuntu/neuron_cache_e2e/neuronxcc-2.23.6484.0+3b612583/MODULE_13744807807430301687+e30acd3a/model.neff
2026-09-09 09:15:14.000071:  133546  [INFO]: Using a cached neff at /home/ubuntu/neuron_cache_e2e/neuronxcc-2.23.6484.0+3b612583/MODULE_13744807807430301687+e30acd3a/model.neff
/home/ubuntu/train_llama10b_tp_families.py:645: DeprecationWarning: Use torch_xla.sync instead
  xm.mark_step()   # slice: copy-back done
2026-09-09 09:15:14.000074:  133535  [INFO]: Using a cached neff at /home/ubuntu/neuron_cache_e2e/neuronxcc-2.23.6484.0+3b612583/MODULE_15914079002818025199+e30acd3a/model.neff
2026-09-09 09:15:14.000088:  133548  [INFO]: Using a cached neff at /home/ubuntu/neuron_cache_e2e/neuronxcc-2.23.6484.0+3b612583/MODULE_6795776154388623675+e30acd3a/model.neff
2026-09-09 09:15:14.000091:  133540  [INFO]: Using a cached neff at /home/ubuntu/neuron_cache_e2e/neuronxcc-2.23.6484.0+3b612583/MODULE_13744807807430301687+e30acd3a/model.neff
/home/ubuntu/train_llama10b_tp_families.py:645: DeprecationWarning: Use torch_xla.sync instead
  xm.mark_step()   # slice: copy-back done
/home/ubuntu/train_llama10b_tp_families.py:645: DeprecationWarning: Use torch_xla.sync instead
  xm.mark_step()   # slice: copy-back done
2026-09-09 09:15:14.000103:  133532  [INFO]: Using a cached neff at /home/ubuntu/neuron_cache_e2e/neuronxcc-2.23.6484.0+3b612583/MODULE_15914079002818025199+e30acd3a/model.neff
2026-09-09 09:15:14.000111:  133542  [INFO]: Using a cached neff at /home/ubuntu/neuron_cache_e2e/neuronxcc-2.23.6484.0+3b612583/MODULE_6795776154388623675+e30acd3a/model.neff
2026-09-09 09:15:14.000119:  133533  [INFO]: Using a cached neff at /home/ubuntu/neuron_cache_e2e/neuronxcc-2.23.6484.0+3b612583/MODULE_13744807807430301687+e30acd3a/model.neff
/home/ubuntu/train_llama10b_tp_families.py:645: DeprecationWarning: Use torch_xla.sync instead
  xm.mark_step()   # slice: copy-back done
2026-09-09 09:15:14.000136:  133539  [INFO]: Using a cached neff at /home/ubuntu/neuron_cache_e2e/neuronxcc-2.23.6484.0+3b612583/MODULE_6795776154388623675+e30acd3a/model.neff
2026-09-09 09:15:14.000142:  133547  [INFO]: Using a cached neff at /home/ubuntu/neuron_cache_e2e/neuronxcc-2.23.6484.0+3b612583/MODULE_15914079002818025199+e30acd3a/model.neff
2026-09-09 09:15:14.000145:  133538  [INFO]: Using a cached neff at /home/ubuntu/neuron_cache_e2e/neuronxcc-2.23.6484.0+3b612583/MODULE_6773386797833768649+e30acd3a/model.neff
/home/ubuntu/train_llama10b_tp_families.py:645: DeprecationWarning: Use torch_xla.sync instead
  xm.mark_step()   # slice: copy-back done
2026-09-09 09:15:14.000157:  133550  [INFO]: Using a cached neff at /home/ubuntu/neuron_cache_e2e/neuronxcc-2.23.6484.0+3b612583/MODULE_6773386797833768649+e30acd3a/model.neff
2026-09-09 09:15:14.000166:  133554  [INFO]: Using a cached neff at /home/ubuntu/neuron_cache_e2e/neuronxcc-2.23.6484.0+3b612583/MODULE_6795776154388623675+e30acd3a/model.neff
2026-09-09 09:15:14.000174:  133551  [INFO]: Using a cached neff at /home/ubuntu/neuron_cache_e2e/neuronxcc-2.23.6484.0+3b612583/MODULE_6773386797833768649+e30acd3a/model.neff
2026-09-09 09:15:14.000193:  133543  [INFO]: Using a cached neff at /home/ubuntu/neuron_cache_e2e/neuronxcc-2.23.6484.0+3b612583/MODULE_14849796531781449780+e30acd3a/model.neff
2026-09-09 09:15:14.000209:  133536  [INFO]: Using a cached neff at /home/ubuntu/neuron_cache_e2e/neuronxcc-2.23.6484.0+3b612583/MODULE_13744807807430301687+e30acd3a/model.neff
2026-09-09 09:15:14.000212:  133561  [INFO]: Using a cached neff at /home/ubuntu/neuron_cache_e2e/neuronxcc-2.23.6484.0+3b612583/MODULE_13744807807430301687+e30acd3a/model.neff
2026-09-09 09:15:14.000217:  133556  [INFO]: Using a cached neff at /home/ubuntu/neuron_cache_e2e/neuronxcc-2.23.6484.0+3b612583/MODULE_6795776154388623675+e30acd3a/model.neff
2026-09-09 09:15:14.000220:  133552  [INFO]: Using a cached neff at /home/ubuntu/neuron_cache_e2e/neuronxcc-2.23.6484.0+3b612583/MODULE_15914079002818025199+e30acd3a/model.neff
2026-09-09 09:15:14.000232:  133562  [INFO]: Using a cached neff at /home/ubuntu/neuron_cache_e2e/neuronxcc-2.23.6484.0+3b612583/MODULE_14849796531781449780+e30acd3a/model.neff
2026-09-09 09:15:14.000234:  133537  [INFO]: Using a cached neff at /home/ubuntu/neuron_cache_e2e/neuronxcc-2.23.6484.0+3b612583/MODULE_13744807807430301687+e30acd3a/model.neff
/home/ubuntu/train_llama10b_tp_families.py:645: DeprecationWarning: Use torch_xla.sync instead
  xm.mark_step()   # slice: copy-back done
2026-09-09 09:15:14.000248:  133531  [INFO]: Using a cached neff at /home/ubuntu/neuron_cache_e2e/neuronxcc-2.23.6484.0+3b612583/MODULE_15427396631935572758+e30acd3a/model.neff
/home/ubuntu/train_llama10b_tp_families.py:645: DeprecationWarning: Use torch_xla.sync instead
  xm.mark_step()   # slice: copy-back done
2026-09-09 09:15:14.000252:  133559  [INFO]: Using a cached neff at /home/ubuntu/neuron_cache_e2e/neuronxcc-2.23.6484.0+3b612583/MODULE_13744807807430301687+e30acd3a/model.neff
2026-09-09 09:15:14.000263:  133560  [INFO]: Using a cached neff at /home/ubuntu/neuron_cache_e2e/neuronxcc-2.23.6484.0+3b612583/MODULE_6795776154388623675+e30acd3a/model.neff
2026-09-09 09:15:14.000263:  133545  [INFO]: Using a cached neff at /home/ubuntu/neuron_cache_e2e/neuronxcc-2.23.6484.0+3b612583/MODULE_15427396631935572758+e30acd3a/model.neff
/home/ubuntu/train_llama10b_tp_families.py:645: DeprecationWarning: Use torch_xla.sync instead
  xm.mark_step()   # slice: copy-back done
2026-09-09 09:15:14.000275:  133534  [INFO]: Using a cached neff at /home/ubuntu/neuron_cache_e2e/neuronxcc-2.23.6484.0+3b612583/MODULE_6795776154388623675+e30acd3a/model.neff
/home/ubuntu/train_llama10b_tp_families.py:645: DeprecationWarning: Use torch_xla.sync instead
  xm.mark_step()   # slice: copy-back done
2026-09-09 09:15:14.000282:  133541  [INFO]: Using a cached neff at /home/ubuntu/neuron_cache_e2e/neuronxcc-2.23.6484.0+3b612583/MODULE_15427396631935572758+e30acd3a/model.neff
/home/ubuntu/train_llama10b_tp_families.py:653: DeprecationWarning: Use torch_xla.sync instead
  xm.mark_step()
2026-09-09 09:15:14.000285:  133544  [INFO]: Using a cached neff at /home/ubuntu/neuron_cache_e2e/neuronxcc-2.23.6484.0+3b612583/MODULE_13744807807430301687+e30acd3a/model.neff
2026-09-09 09:15:14.000289:  133555  [INFO]: Using a cached neff at /home/ubuntu/neuron_cache_e2e/neuronxcc-2.23.6484.0+3b612583/MODULE_15427396631935572758+e30acd3a/model.neff
2026-09-09 09:15:14.000289:  133549  [INFO]: Using a cached neff at /home/ubuntu/neuron_cache_e2e/neuronxcc-2.23.6484.0+3b612583/MODULE_15427396631935572758+e30acd3a/model.neff
/home/ubuntu/train_llama10b_tp_families.py:653: DeprecationWarning: Use torch_xla.sync instead
  xm.mark_step()
2026-09-09 09:15:14.000305:  133558  [INFO]: Using a cached neff at /home/ubuntu/neuron_cache_e2e/neuronxcc-2.23.6484.0+3b612583/MODULE_6773386797833768649+e30acd3a/model.neff
2026-09-09 09:15:14.000307:  133562  [INFO]: Using a cached neff at /home/ubuntu/neuron_cache_e2e/neuronxcc-2.23.6484.0+3b612583/MODULE_15914079002818025199+e30acd3a/model.neff
2026-09-09 09:15:14.000308:  133557  [INFO]: Using a cached neff at /home/ubuntu/neuron_cache_e2e/neuronxcc-2.23.6484.0+3b612583/MODULE_15427396631935572758+e30acd3a/model.neff
2026-09-09 09:15:14.000311:  133535  [INFO]: Using a cached neff at /home/ubuntu/neuron_cache_e2e/neuronxcc-2.23.6484.0+3b612583/MODULE_13744807807430301687+e30acd3a/model.neff
/home/ubuntu/train_llama10b_tp_families.py:645: DeprecationWarning: Use torch_xla.sync instead
  xm.mark_step()   # slice: copy-back done
2026-09-09 09:15:14.000317:  133546  [INFO]: Using a cached neff at /home/ubuntu/neuron_cache_e2e/neuronxcc-2.23.6484.0+3b612583/MODULE_15427396631935572758+e30acd3a/model.neff
2026-09-09 09:15:14.000317:  133540  [INFO]: Using a cached neff at /home/ubuntu/neuron_cache_e2e/neuronxcc-2.23.6484.0+3b612583/MODULE_15427396631935572758+e30acd3a/model.neff
/home/ubuntu/train_llama10b_tp_families.py:653: DeprecationWarning: Use torch_xla.sync instead
  xm.mark_step()
/home/ubuntu/train_llama10b_tp_families.py:653: DeprecationWarning: Use torch_xla.sync instead
  xm.mark_step()
/home/ubuntu/train_llama10b_tp_families.py:653: DeprecationWarning: Use torch_xla.sync instead
  xm.mark_step()
2026-09-09 09:15:14.000334:  133548  [INFO]: Using a cached neff at /home/ubuntu/neuron_cache_e2e/neuronxcc-2.23.6484.0+3b612583/MODULE_6773386797833768649+e30acd3a/model.neff
2026-09-09 09:15:14.000341:  133533  [INFO]: Using a cached neff at /home/ubuntu/neuron_cache_e2e/neuronxcc-2.23.6484.0+3b612583/MODULE_15427396631935572758+e30acd3a/model.neff
2026-09-09 09:15:14.000344:  133532  [INFO]: Using a cached neff at /home/ubuntu/neuron_cache_e2e/neuronxcc-2.23.6484.0+3b612583/MODULE_13744807807430301687+e30acd3a/model.neff
/home/ubuntu/train_llama10b_tp_families.py:645: DeprecationWarning: Use torch_xla.sync instead
  xm.mark_step()   # slice: copy-back done
/home/ubuntu/train_llama10b_tp_families.py:653: DeprecationWarning: Use torch_xla.sync instead
  xm.mark_step()
/home/ubuntu/train_llama10b_tp_families.py:653: DeprecationWarning: Use torch_xla.sync instead
  xm.mark_step()
2026-09-09 09:15:14.000354:  133542  [INFO]: Using a cached neff at /home/ubuntu/neuron_cache_e2e/neuronxcc-2.23.6484.0+3b612583/MODULE_6773386797833768649+e30acd3a/model.neff
/home/ubuntu/train_llama10b_tp_families.py:653: DeprecationWarning: Use torch_xla.sync instead
  xm.mark_step()
2026-09-09 09:15:14.000361:  133547  [INFO]: Using a cached neff at /home/ubuntu/neuron_cache_e2e/neuronxcc-2.23.6484.0+3b612583/MODULE_13744807807430301687+e30acd3a/model.neff
2026-09-09 09:15:14.000373:  133539  [INFO]: Using a cached neff at /home/ubuntu/neuron_cache_e2e/neuronxcc-2.23.6484.0+3b612583/MODULE_6773386797833768649+e30acd3a/model.neff
/home/ubuntu/train_llama10b_tp_families.py:653: DeprecationWarning: Use torch_xla.sync instead
  xm.mark_step()
/home/ubuntu/train_llama10b_tp_families.py:645: DeprecationWarning: Use torch_xla.sync instead
  xm.mark_step()   # slice: copy-back done
2026-09-09 09:15:14.000380:  133538  [INFO]: Using a cached neff at /home/ubuntu/neuron_cache_e2e/neuronxcc-2.23.6484.0+3b612583/MODULE_14849796531781449780+e30acd3a/model.neff
2026-09-09 09:15:14.000397:  133554  [INFO]: Using a cached neff at /home/ubuntu/neuron_cache_e2e/neuronxcc-2.23.6484.0+3b612583/MODULE_6773386797833768649+e30acd3a/model.neff
/home/ubuntu/train_llama10b_tp_families.py:645: DeprecationWarning: Use torch_xla.sync instead
  xm.mark_step()   # slice: copy-back done
2026-09-09 09:15:14.000400:  133551  [INFO]: Using a cached neff at /home/ubuntu/neuron_cache_e2e/neuronxcc-2.23.6484.0+3b612583/MODULE_14849796531781449780+e30acd3a/model.neff
2026-09-09 09:15:14.000400:  133543  [INFO]: Using a cached neff at /home/ubuntu/neuron_cache_e2e/neuronxcc-2.23.6484.0+3b612583/MODULE_15914079002818025199+e30acd3a/model.neff
2026-09-09 09:15:14.000406:  133550  [INFO]: Using a cached neff at /home/ubuntu/neuron_cache_e2e/neuronxcc-2.23.6484.0+3b612583/MODULE_14849796531781449780+e30acd3a/model.neff
2026-09-09 09:15:14.000413:  133561  [INFO]: Using a cached neff at /home/ubuntu/neuron_cache_e2e/neuronxcc-2.23.6484.0+3b612583/MODULE_15427396631935572758+e30acd3a/model.neff
2026-09-09 09:15:14.000422:  133553  [INFO]: Using a cached neff at /home/ubuntu/neuron_cache_e2e/neuronxcc-2.23.6484.0+3b612583/MODULE_6773386797833768649+e30acd3a/model.neff
2026-09-09 09:15:14.000427:  133536  [INFO]: Using a cached neff at /home/ubuntu/neuron_cache_e2e/neuronxcc-2.23.6484.0+3b612583/MODULE_15427396631935572758+e30acd3a/model.neff
2026-09-09 09:15:14.000433:  133556  [INFO]: Using a cached neff at /home/ubuntu/neuron_cache_e2e/neuronxcc-2.23.6484.0+3b612583/MODULE_6773386797833768649+e30acd3a/model.neff
2026-09-09 09:15:14.000436:  133537  [INFO]: Using a cached neff at /home/ubuntu/neuron_cache_e2e/neuronxcc-2.23.6484.0+3b612583/MODULE_15427396631935572758+e30acd3a/model.neff
2026-09-09 09:15:14.000436:  133552  [INFO]: Using a cached neff at /home/ubuntu/neuron_cache_e2e/neuronxcc-2.23.6484.0+3b612583/MODULE_13744807807430301687+e30acd3a/model.neff
2026-09-09 09:15:14.000439:  133559  [INFO]: Using a cached neff at /home/ubuntu/neuron_cache_e2e/neuronxcc-2.23.6484.0+3b612583/MODULE_15427396631935572758+e30acd3a/model.neff
/home/ubuntu/train_llama10b_tp_families.py:653: DeprecationWarning: Use torch_xla.sync instead
  xm.mark_step()
2026-09-09 09:15:14.000458:  133560  [INFO]: Using a cached neff at /home/ubuntu/neuron_cache_e2e/neuronxcc-2.23.6484.0+3b612583/MODULE_6773386797833768649+e30acd3a/model.neff
2026-09-09 09:15:14.000460:  133534  [INFO]: Using a cached neff at /home/ubuntu/neuron_cache_e2e/neuronxcc-2.23.6484.0+3b612583/MODULE_6773386797833768649+e30acd3a/model.neff
2026-09-09 09:15:14.000462:  133544  [INFO]: Using a cached neff at /home/ubuntu/neuron_cache_e2e/neuronxcc-2.23.6484.0+3b612583/MODULE_15427396631935572758+e30acd3a/model.neff
/home/ubuntu/train_llama10b_tp_families.py:653: DeprecationWarning: Use torch_xla.sync instead
  xm.mark_step()
/home/ubuntu/train_llama10b_tp_families.py:653: DeprecationWarning: Use torch_xla.sync instead
  xm.mark_step()
/home/ubuntu/train_llama10b_tp_families.py:645: DeprecationWarning: Use torch_xla.sync instead
  xm.mark_step()   # slice: copy-back done
2026-09-09 09:15:14.000475:  133535  [INFO]: Using a cached neff at /home/ubuntu/neuron_cache_e2e/neuronxcc-2.23.6484.0+3b612583/MODULE_15427396631935572758+e30acd3a/model.neff
/home/ubuntu/train_llama10b_tp_families.py:653: DeprecationWarning: Use torch_xla.sync instead
  xm.mark_step()
2026-09-09 09:15:14.000478:  133562  [INFO]: Using a cached neff at /home/ubuntu/neuron_cache_e2e/neuronxcc-2.23.6484.0+3b612583/MODULE_13744807807430301687+e30acd3a/model.neff
2026-09-09 09:15:14.000481:  133558  [INFO]: Using a cached neff at /home/ubuntu/neuron_cache_e2e/neuronxcc-2.23.6484.0+3b612583/MODULE_14849796531781449780+e30acd3a/model.neff
2026-09-09 09:15:14.000488:  133532  [INFO]: Using a cached neff at /home/ubuntu/neuron_cache_e2e/neuronxcc-2.23.6484.0+3b612583/MODULE_15427396631935572758+e30acd3a/model.neff
2026-09-09 09:15:14.000492:  133548  [INFO]: Using a cached neff at /home/ubuntu/neuron_cache_e2e/neuronxcc-2.23.6484.0+3b612583/MODULE_14849796531781449780+e30acd3a/model.neff
/home/ubuntu/train_llama10b_tp_families.py:653: DeprecationWarning: Use torch_xla.sync instead
  xm.mark_step()
2026-09-09 09:15:14.000508:  133542  [INFO]: Using a cached neff at /home/ubuntu/neuron_cache_e2e/neuronxcc-2.23.6484.0+3b612583/MODULE_14849796531781449780+e30acd3a/model.neff
/home/ubuntu/train_llama10b_tp_families.py:653: DeprecationWarning: Use torch_xla.sync instead
  xm.mark_step()
/home/ubuntu/train_llama10b_tp_families.py:645: DeprecationWarning: Use torch_xla.sync instead
  xm.mark_step()   # slice: copy-back done
2026-09-09 09:15:14.000510:  133538  [INFO]: Using a cached neff at /home/ubuntu/neuron_cache_e2e/neuronxcc-2.23.6484.0+3b612583/MODULE_15914079002818025199+e30acd3a/model.neff
2026-09-09 09:15:14.000510:  133539  [INFO]: Using a cached neff at /home/ubuntu/neuron_cache_e2e/neuronxcc-2.23.6484.0+3b612583/MODULE_14849796531781449780+e30acd3a/model.neff
/home/ubuntu/train_llama10b_tp_families.py:653: DeprecationWarning: Use torch_xla.sync instead
  xm.mark_step()
2026-09-09 09:15:14.000531:  133554  [INFO]: Using a cached neff at /home/ubuntu/neuron_cache_e2e/neuronxcc-2.23.6484.0+3b612583/MODULE_14849796531781449780+e30acd3a/model.neff
2026-09-09 09:15:14.000540:  133543  [INFO]: Using a cached neff at /home/ubuntu/neuron_cache_e2e/neuronxcc-2.23.6484.0+3b612583/MODULE_13744807807430301687+e30acd3a/model.neff
2026-09-09 09:15:14.000543:  133550  [INFO]: Using a cached neff at /home/ubuntu/neuron_cache_e2e/neuronxcc-2.23.6484.0+3b612583/MODULE_15914079002818025199+e30acd3a/model.neff
2026-09-09 09:15:14.000554:  133551  [INFO]: Using a cached neff at /home/ubuntu/neuron_cache_e2e/neuronxcc-2.23.6484.0+3b612583/MODULE_15914079002818025199+e30acd3a/model.neff
2026-09-09 09:15:14.000558:  133552  [INFO]: Using a cached neff at /home/ubuntu/neuron_cache_e2e/neuronxcc-2.23.6484.0+3b612583/MODULE_15427396631935572758+e30acd3a/model.neff
2026-09-09 09:15:14.000561:  133553  [INFO]: Using a cached neff at /home/ubuntu/neuron_cache_e2e/neuronxcc-2.23.6484.0+3b612583/MODULE_14849796531781449780+e30acd3a/model.neff
2026-09-09 09:15:14.000566:  133556  [INFO]: Using a cached neff at /home/ubuntu/neuron_cache_e2e/neuronxcc-2.23.6484.0+3b612583/MODULE_14849796531781449780+e30acd3a/model.neff
2026-09-09 09:15:14.000572:  133547  [INFO]: Using a cached neff at /home/ubuntu/neuron_cache_e2e/neuronxcc-2.23.6484.0+3b612583/MODULE_15427396631935572758+e30acd3a/model.neff
/home/ubuntu/train_llama10b_tp_families.py:645: DeprecationWarning: Use torch_xla.sync instead
  xm.mark_step()   # slice: copy-back done
2026-09-09 09:15:14.000588:  133560  [INFO]: Using a cached neff at /home/ubuntu/neuron_cache_e2e/neuronxcc-2.23.6484.0+3b612583/MODULE_14849796531781449780+e30acd3a/model.neff
2026-09-09 09:15:14.000591:  133545  [INFO]: Using a cached neff at /home/ubuntu/neuron_cache_e2e/neuronxcc-2.23.6484.0+3b612583/MODULE_256651043009643160+e30acd3a/model.neff
2026-09-09 09:15:14.000604:  133534  [INFO]: Using a cached neff at /home/ubuntu/neuron_cache_e2e/neuronxcc-2.23.6484.0+3b612583/MODULE_14849796531781449780+e30acd3a/model.neff
/home/ubuntu/train_llama10b_tp_families.py:653: DeprecationWarning: Use torch_xla.sync instead
  xm.mark_step()
2026-09-09 09:15:14.000621:  133555  [INFO]: Using a cached neff at /home/ubuntu/neuron_cache_e2e/neuronxcc-2.23.6484.0+3b612583/MODULE_256651043009643160+e30acd3a/model.neff
2026-09-09 09:15:14.000621:  133562  [INFO]: Using a cached neff at /home/ubuntu/neuron_cache_e2e/neuronxcc-2.23.6484.0+3b612583/MODULE_15427396631935572758+e30acd3a/model.neff
2026-09-09 09:15:14.000627:  133549  [INFO]: Using a cached neff at /home/ubuntu/neuron_cache_e2e/neuronxcc-2.23.6484.0+3b612583/MODULE_256651043009643160+e30acd3a/model.neff
/home/ubuntu/train_llama10b_tp_families.py:653: DeprecationWarning: Use torch_xla.sync instead
  xm.mark_step()
2026-09-09 09:15:14.000660:  133557  [INFO]: Using a cached neff at /home/ubuntu/neuron_cache_e2e/neuronxcc-2.23.6484.0+3b612583/MODULE_256651043009643160+e30acd3a/model.neff
2026-09-09 09:15:14.000660:  133558  [INFO]: Using a cached neff at /home/ubuntu/neuron_cache_e2e/neuronxcc-2.23.6484.0+3b612583/MODULE_15914079002818025199+e30acd3a/model.neff
2026-09-09 09:15:14.000667:  133540  [INFO]: Using a cached neff at /home/ubuntu/neuron_cache_e2e/neuronxcc-2.23.6484.0+3b612583/MODULE_256651043009643160+e30acd3a/model.neff
2026-09-09 09:15:14.000670:  133531  [INFO]: Using a cached neff at /home/ubuntu/neuron_cache_e2e/neuronxcc-2.23.6484.0+3b612583/MODULE_256651043009643160+e30acd3a/model.neff
2026-09-09 09:15:14.000673:  133541  [INFO]: Using a cached neff at /home/ubuntu/neuron_cache_e2e/neuronxcc-2.23.6484.0+3b612583/MODULE_256651043009643160+e30acd3a/model.neff
2026-09-09 09:15:14.000676:  133533  [INFO]: Using a cached neff at /home/ubuntu/neuron_cache_e2e/neuronxcc-2.23.6484.0+3b612583/MODULE_256651043009643160+e30acd3a/model.neff
2026-09-09 09:15:14.000679:  133546  [INFO]: Using a cached neff at /home/ubuntu/neuron_cache_e2e/neuronxcc-2.23.6484.0+3b612583/MODULE_256651043009643160+e30acd3a/model.neff
/home/ubuntu/train_llama10b_tp_families.py:653: DeprecationWarning: Use torch_xla.sync instead
  xm.mark_step()
2026-09-09 09:15:14.000694:  133548  [INFO]: Using a cached neff at /home/ubuntu/neuron_cache_e2e/neuronxcc-2.23.6484.0+3b612583/MODULE_15914079002818025199+e30acd3a/model.neff
2026-09-09 09:15:14.000710:  133561  [INFO]: Using a cached neff at /home/ubuntu/neuron_cache_e2e/neuronxcc-2.23.6484.0+3b612583/MODULE_256651043009643160+e30acd3a/model.neff
2026-09-09 09:15:14.000724:  133537  [INFO]: Using a cached neff at /home/ubuntu/neuron_cache_e2e/neuronxcc-2.23.6484.0+3b612583/MODULE_256651043009643160+e30acd3a/model.neff
2026-09-09 09:15:14.000727:  133538  [INFO]: Using a cached neff at /home/ubuntu/neuron_cache_e2e/neuronxcc-2.23.6484.0+3b612583/MODULE_13744807807430301687+e30acd3a/model.neff
2026-09-09 09:15:14.000727:  133542  [INFO]: Using a cached neff at /home/ubuntu/neuron_cache_e2e/neuronxcc-2.23.6484.0+3b612583/MODULE_15914079002818025199+e30acd3a/model.neff
2026-09-09 09:15:14.000733:  133539  [INFO]: Using a cached neff at /home/ubuntu/neuron_cache_e2e/neuronxcc-2.23.6484.0+3b612583/MODULE_15914079002818025199+e30acd3a/model.neff
2026-09-09 09:15:14.000744:  133554  [INFO]: Using a cached neff at /home/ubuntu/neuron_cache_e2e/neuronxcc-2.23.6484.0+3b612583/MODULE_15914079002818025199+e30acd3a/model.neff
2026-09-09 09:15:14.000757:  133543  [INFO]: Using a cached neff at /home/ubuntu/neuron_cache_e2e/neuronxcc-2.23.6484.0+3b612583/MODULE_15427396631935572758+e30acd3a/model.neff
2026-09-09 09:15:14.000757:  133536  [INFO]: Using a cached neff at /home/ubuntu/neuron_cache_e2e/neuronxcc-2.23.6484.0+3b612583/MODULE_256651043009643160+e30acd3a/model.neff
/home/ubuntu/train_llama10b_tp_families.py:645: DeprecationWarning: Use torch_xla.sync instead
  xm.mark_step()   # slice: copy-back done
2026-09-09 09:15:14.000762:  133550  [INFO]: Using a cached neff at /home/ubuntu/neuron_cache_e2e/neuronxcc-2.23.6484.0+3b612583/MODULE_13744807807430301687+e30acd3a/model.neff
2026-09-09 09:15:14.000773:  133553  [INFO]: Using a cached neff at /home/ubuntu/neuron_cache_e2e/neuronxcc-2.23.6484.0+3b612583/MODULE_15914079002818025199+e30acd3a/model.neff
2026-09-09 09:15:14.000775:  133556  [INFO]: Using a cached neff at /home/ubuntu/neuron_cache_e2e/neuronxcc-2.23.6484.0+3b612583/MODULE_15914079002818025199+e30acd3a/model.neff
2026-09-09 09:15:14.000779:  133551  [INFO]: Using a cached neff at /home/ubuntu/neuron_cache_e2e/neuronxcc-2.23.6484.0+3b612583/MODULE_13744807807430301687+e30acd3a/model.neff
2026-09-09 09:15:14.000781:  133560  [INFO]: Using a cached neff at /home/ubuntu/neuron_cache_e2e/neuronxcc-2.23.6484.0+3b612583/MODULE_15914079002818025199+e30acd3a/model.neff
2026-09-09 09:15:14.000783:  133534  [INFO]: Using a cached neff at /home/ubuntu/neuron_cache_e2e/neuronxcc-2.23.6484.0+3b612583/MODULE_15914079002818025199+e30acd3a/model.neff
/home/ubuntu/train_llama10b_tp_families.py:653: DeprecationWarning: Use torch_xla.sync instead
  xm.mark_step()
/home/ubuntu/train_llama10b_tp_families.py:645: DeprecationWarning: Use torch_xla.sync instead
  xm.mark_step()   # slice: copy-back done
/home/ubuntu/train_llama10b_tp_families.py:645: DeprecationWarning: Use torch_xla.sync instead
  xm.mark_step()   # slice: copy-back done
2026-09-09 09:15:14.000810:  133559  [INFO]: Using a cached neff at /home/ubuntu/neuron_cache_e2e/neuronxcc-2.23.6484.0+3b612583/MODULE_256651043009643160+e30acd3a/model.neff
2026-09-09 09:15:14.000818:  133555  [INFO]: Using a cached neff at /home/ubuntu/neuron_cache_e2e/neuronxcc-2.23.6484.0+3b612583/MODULE_14874200043798254035+e30acd3a/model.neff
2026-09-09 09:15:14.000818:  133545  [INFO]: Using a cached neff at /home/ubuntu/neuron_cache_e2e/neuronxcc-2.23.6484.0+3b612583/MODULE_14874200043798254035+e30acd3a/model.neff
2026-09-09 09:15:14.000821:  133558  [INFO]: Using a cached neff at /home/ubuntu/neuron_cache_e2e/neuronxcc-2.23.6484.0+3b612583/MODULE_13744807807430301687+e30acd3a/model.neff
2026-09-09 09:15:14.000824:  133548  [INFO]: Using a cached neff at /home/ubuntu/neuron_cache_e2e/neuronxcc-2.23.6484.0+3b612583/MODULE_13744807807430301687+e30acd3a/model.neff
2026-09-09 09:15:14.000832:  133544  [INFO]: Using a cached neff at /home/ubuntu/neuron_cache_e2e/neuronxcc-2.23.6484.0+3b612583/MODULE_256651043009643160+e30acd3a/model.neff
2026-09-09 09:15:14.000845:  133542  [INFO]: Using a cached neff at /home/ubuntu/neuron_cache_e2e/neuronxcc-2.23.6484.0+3b612583/MODULE_13744807807430301687+e30acd3a/model.neff
2026-09-09 09:15:14.000848:  133549  [INFO]: Using a cached neff at /home/ubuntu/neuron_cache_e2e/neuronxcc-2.23.6484.0+3b612583/MODULE_14874200043798254035+e30acd3a/model.neff
2026-09-09 09:15:14.000854:  133535  [INFO]: Using a cached neff at /home/ubuntu/neuron_cache_e2e/neuronxcc-2.23.6484.0+3b612583/MODULE_256651043009643160+e30acd3a/model.neff
/home/ubuntu/train_llama10b_tp_families.py:645: DeprecationWarning: Use torch_xla.sync instead
  xm.mark_step()   # slice: copy-back done
/home/ubuntu/train_llama10b_tp_families.py:645: DeprecationWarning: Use torch_xla.sync instead
  xm.mark_step()   # slice: copy-back done
2026-09-09 09:15:14.000877:  133539  [INFO]: Using a cached neff at /home/ubuntu/neuron_cache_e2e/neuronxcc-2.23.6484.0+3b612583/MODULE_13744807807430301687+e30acd3a/model.neff
2026-09-09 09:15:14.000882:  133532  [INFO]: Using a cached neff at /home/ubuntu/neuron_cache_e2e/neuronxcc-2.23.6484.0+3b612583/MODULE_256651043009643160+e30acd3a/model.neff
2026-09-09 09:15:14.000882:  133538  [INFO]: Using a cached neff at /home/ubuntu/neuron_cache_e2e/neuronxcc-2.23.6484.0+3b612583/MODULE_15427396631935572758+e30acd3a/model.neff
/home/ubuntu/train_llama10b_tp_families.py:645: DeprecationWarning: Use torch_xla.sync instead
  xm.mark_step()   # slice: copy-back done
2026-09-09 09:15:14.000897:  133554  [INFO]: Using a cached neff at /home/ubuntu/neuron_cache_e2e/neuronxcc-2.23.6484.0+3b612583/MODULE_13744807807430301687+e30acd3a/model.neff
2026-09-09 09:15:14.000899:  133562  [INFO]: Using a cached neff at /home/ubuntu/neuron_cache_e2e/neuronxcc-2.23.6484.0+3b612583/MODULE_256651043009643160+e30acd3a/model.neff
2026-09-09 09:15:14.000902:  133557  [INFO]: Using a cached neff at /home/ubuntu/neuron_cache_e2e/neuronxcc-2.23.6484.0+3b612583/MODULE_14874200043798254035+e30acd3a/model.neff
2026-09-09 09:15:14.000902:  133552  [INFO]: Using a cached neff at /home/ubuntu/neuron_cache_e2e/neuronxcc-2.23.6484.0+3b612583/MODULE_256651043009643160+e30acd3a/model.neff
/home/ubuntu/train_llama10b_tp_families.py:645: DeprecationWarning: Use torch_xla.sync instead
  xm.mark_step()   # slice: copy-back done
2026-09-09 09:15:14.000914:  133540  [INFO]: Using a cached neff at /home/ubuntu/neuron_cache_e2e/neuronxcc-2.23.6484.0+3b612583/MODULE_14874200043798254035+e30acd3a/model.neff
2026-09-09 09:15:14.000914:  133541  [INFO]: Using a cached neff at /home/ubuntu/neuron_cache_e2e/neuronxcc-2.23.6484.0+3b612583/MODULE_14874200043798254035+e30acd3a/model.neff
2026-09-09 09:15:14.000914:  133531  [INFO]: Using a cached neff at /home/ubuntu/neuron_cache_e2e/neuronxcc-2.23.6484.0+3b612583/MODULE_14874200043798254035+e30acd3a/model.neff
2026-09-09 09:15:14.000917:  133550  [INFO]: Using a cached neff at /home/ubuntu/neuron_cache_e2e/neuronxcc-2.23.6484.0+3b612583/MODULE_15427396631935572758+e30acd3a/model.neff
2026-09-09 09:15:14.000920:  133533  [INFO]: Using a cached neff at /home/ubuntu/neuron_cache_e2e/neuronxcc-2.23.6484.0+3b612583/MODULE_14874200043798254035+e30acd3a/model.neff
/home/ubuntu/train_llama10b_tp_families.py:653: DeprecationWarning: Use torch_xla.sync instead
  xm.mark_step()
2026-09-09 09:15:14.000928:  133553  [INFO]: Using a cached neff at /home/ubuntu/neuron_cache_e2e/neuronxcc-2.23.6484.0+3b612583/MODULE_13744807807430301687+e30acd3a/model.neff
/home/ubuntu/train_llama10b_tp_families.py:645: DeprecationWarning: Use torch_xla.sync instead
  xm.mark_step()   # slice: copy-back done
2026-09-09 09:15:14.000932:  133556  [INFO]: Using a cached neff at /home/ubuntu/neuron_cache_e2e/neuronxcc-2.23.6484.0+3b612583/MODULE_13744807807430301687+e30acd3a/model.neff
/home/ubuntu/train_llama10b_tp_families.py:653: DeprecationWarning: Use torch_xla.sync instead
  xm.mark_step()
2026-09-09 09:15:14.000953:  133546  [INFO]: Using a cached neff at /home/ubuntu/neuron_cache_e2e/neuronxcc-2.23.6484.0+3b612583/MODULE_14874200043798254035+e30acd3a/model.neff
2026-09-09 09:15:14.000953:  133551  [INFO]: Using a cached neff at /home/ubuntu/neuron_cache_e2e/neuronxcc-2.23.6484.0+3b612583/MODULE_15427396631935572758+e30acd3a/model.neff
2026-09-09 09:15:14.000953:  133560  [INFO]: Using a cached neff at /home/ubuntu/neuron_cache_e2e/neuronxcc-2.23.6484.0+3b612583/MODULE_13744807807430301687+e30acd3a/model.neff
2026-09-09 09:15:14.000956:  133547  [INFO]: Using a cached neff at /home/ubuntu/neuron_cache_e2e/neuronxcc-2.23.6484.0+3b612583/MODULE_256651043009643160+e30acd3a/model.neff
2026-09-09 09:15:14.000956:  133561  [INFO]: Using a cached neff at /home/ubuntu/neuron_cache_e2e/neuronxcc-2.23.6484.0+3b612583/MODULE_14874200043798254035+e30acd3a/model.neff
2026-09-09 09:15:14.000959:  133534  [INFO]: Using a cached neff at /home/ubuntu/neuron_cache_e2e/neuronxcc-2.23.6484.0+3b612583/MODULE_13744807807430301687+e30acd3a/model.neff
2026-09-09 09:15:14.000965:  133537  [INFO]: Using a cached neff at /home/ubuntu/neuron_cache_e2e/neuronxcc-2.23.6484.0+3b612583/MODULE_14874200043798254035+e30acd3a/model.neff
/home/ubuntu/train_llama10b_tp_families.py:645: DeprecationWarning: Use torch_xla.sync instead
  xm.mark_step()   # slice: copy-back done
/home/ubuntu/train_llama10b_tp_families.py:645: DeprecationWarning: Use torch_xla.sync instead
  xm.mark_step()   # slice: copy-back done
2026-09-09 09:15:14.000968:  133536  [INFO]: Using a cached neff at /home/ubuntu/neuron_cache_e2e/neuronxcc-2.23.6484.0+3b612583/MODULE_14874200043798254035+e30acd3a/model.neff
2026-09-09 09:15:14.000969:  133558  [INFO]: Using a cached neff at /home/ubuntu/neuron_cache_e2e/neuronxcc-2.23.6484.0+3b612583/MODULE_15427396631935572758+e30acd3a/model.neff
2026-09-09 09:15:14.000969:  133548  [INFO]: Using a cached neff at /home/ubuntu/neuron_cache_e2e/neuronxcc-2.23.6484.0+3b612583/MODULE_15427396631935572758+e30acd3a/model.neff
2026-09-09 09:15:14.000970:  133542  [INFO]: Using a cached neff at /home/ubuntu/neuron_cache_e2e/neuronxcc-2.23.6484.0+3b612583/MODULE_15427396631935572758+e30acd3a/model.neff
2026-09-09 09:15:14.000972:  133539  [INFO]: Using a cached neff at /home/ubuntu/neuron_cache_e2e/neuronxcc-2.23.6484.0+3b612583/MODULE_15427396631935572758+e30acd3a/model.neff
2026-09-09 09:15:14.000973:  133559  [INFO]: Using a cached neff at /home/ubuntu/neuron_cache_e2e/neuronxcc-2.23.6484.0+3b612583/MODULE_14874200043798254035+e30acd3a/model.neff
2026-09-09 09:15:14.000973:  133556  [INFO]: Using a cached neff at /home/ubuntu/neuron_cache_e2e/neuronxcc-2.23.6484.0+3b612583/MODULE_15427396631935572758+e30acd3a/model.neff
2026-09-09 09:15:14.000974:  133554  [INFO]: Using a cached neff at /home/ubuntu/neuron_cache_e2e/neuronxcc-2.23.6484.0+3b612583/MODULE_15427396631935572758+e30acd3a/model.neff
2026-09-09 09:15:14.000975:  133535  [INFO]: Using a cached neff at /home/ubuntu/neuron_cache_e2e/neuronxcc-2.23.6484.0+3b612583/MODULE_14874200043798254035+e30acd3a/model.neff
2026-09-09 09:15:14.000975:  133544  [INFO]: Using a cached neff at /home/ubuntu/neuron_cache_e2e/neuronxcc-2.23.6484.0+3b612583/MODULE_14874200043798254035+e30acd3a/model.neff
2026-09-09 09:15:14.000976:  133553  [INFO]: Using a cached neff at /home/ubuntu/neuron_cache_e2e/neuronxcc-2.23.6484.0+3b612583/MODULE_15427396631935572758+e30acd3a/model.neff
/home/ubuntu/train_llama10b_tp_families.py:645: DeprecationWarning: Use torch_xla.sync instead
  xm.mark_step()   # slice: copy-back done
/home/ubuntu/train_llama10b_tp_families.py:645: DeprecationWarning: Use torch_xla.sync instead
  xm.mark_step()   # slice: copy-back done
/home/ubuntu/train_llama10b_tp_families.py:653: DeprecationWarning: Use torch_xla.sync instead
  xm.mark_step()
/home/ubuntu/train_llama10b_tp_families.py:653: DeprecationWarning: Use torch_xla.sync instead
  xm.mark_step()
/home/ubuntu/train_llama10b_tp_families.py:653: DeprecationWarning: Use torch_xla.sync instead
  xm.mark_step()
2026-09-09 09:15:14.000996:  133534  [INFO]: Using a cached neff at /home/ubuntu/neuron_cache_e2e/neuronxcc-2.23.6484.0+3b612583/MODULE_15427396631935572758+e30acd3a/model.neff
/home/ubuntu/train_llama10b_tp_families.py:653: DeprecationWarning: Use torch_xla.sync instead
  xm.mark_step()
2026-09-09 09:15:14.000997:  133560  [INFO]: Using a cached neff at /home/ubuntu/neuron_cache_e2e/neuronxcc-2.23.6484.0+3b612583/MODULE_15427396631935572758+e30acd3a/model.neff
/home/ubuntu/train_llama10b_tp_families.py:653: DeprecationWarning: Use torch_xla.sync instead
  xm.mark_step()
/home/ubuntu/train_llama10b_tp_families.py:653: DeprecationWarning: Use torch_xla.sync instead
  xm.mark_step()
/home/ubuntu/train_llama10b_tp_families.py:653: DeprecationWarning: Use torch_xla.sync instead
  xm.mark_step()
/home/ubuntu/train_llama10b_tp_families.py:653: DeprecationWarning: Use torch_xla.sync instead
  xm.mark_step()
2026-09-09 09:15:15.000008:  133562  [INFO]: Using a cached neff at /home/ubuntu/neuron_cache_e2e/neuronxcc-2.23.6484.0+3b612583/MODULE_14874200043798254035+e30acd3a/model.neff
2026-09-09 09:15:15.000014:  133552  [INFO]: Using a cached neff at /home/ubuntu/neuron_cache_e2e/neuronxcc-2.23.6484.0+3b612583/MODULE_14874200043798254035+e30acd3a/model.neff
2026-09-09 09:15:15.000020:  133543  [INFO]: Using a cached neff at /home/ubuntu/neuron_cache_e2e/neuronxcc-2.23.6484.0+3b612583/MODULE_256651043009643160+e30acd3a/model.neff
/home/ubuntu/train_llama10b_tp_families.py:653: DeprecationWarning: Use torch_xla.sync instead
  xm.mark_step()
2026-09-09 09:15:15.000030:  133532  [INFO]: Using a cached neff at /home/ubuntu/neuron_cache_e2e/neuronxcc-2.23.6484.0+3b612583/MODULE_14874200043798254035+e30acd3a/model.neff
/home/ubuntu/train_llama10b_tp_families.py:653: DeprecationWarning: Use torch_xla.sync instead
  xm.mark_step()
2026-09-09 09:15:15.000072:  133547  [INFO]: Using a cached neff at /home/ubuntu/neuron_cache_e2e/neuronxcc-2.23.6484.0+3b612583/MODULE_14874200043798254035+e30acd3a/model.neff
2026-09-09 09:15:15.000099:  133538  [INFO]: Using a cached neff at /home/ubuntu/neuron_cache_e2e/neuronxcc-2.23.6484.0+3b612583/MODULE_256651043009643160+e30acd3a/model.neff
2026-09-09 09:15:15.000101:  133550  [INFO]: Using a cached neff at /home/ubuntu/neuron_cache_e2e/neuronxcc-2.23.6484.0+3b612583/MODULE_256651043009643160+e30acd3a/model.neff
2026-09-09 09:15:15.000118:  133543  [INFO]: Using a cached neff at /home/ubuntu/neuron_cache_e2e/neuronxcc-2.23.6484.0+3b612583/MODULE_14874200043798254035+e30acd3a/model.neff
2026-09-09 09:15:15.000129:  133551  [INFO]: Using a cached neff at /home/ubuntu/neuron_cache_e2e/neuronxcc-2.23.6484.0+3b612583/MODULE_256651043009643160+e30acd3a/model.neff
2026-09-09 09:15:15.000137:  133554  [INFO]: Using a cached neff at /home/ubuntu/neuron_cache_e2e/neuronxcc-2.23.6484.0+3b612583/MODULE_256651043009643160+e30acd3a/model.neff
2026-09-09 09:15:15.000149:  133542  [INFO]: Using a cached neff at /home/ubuntu/neuron_cache_e2e/neuronxcc-2.23.6484.0+3b612583/MODULE_256651043009643160+e30acd3a/model.neff
2026-09-09 09:15:15.000150:  133558  [INFO]: Using a cached neff at /home/ubuntu/neuron_cache_e2e/neuronxcc-2.23.6484.0+3b612583/MODULE_256651043009643160+e30acd3a/model.neff
2026-09-09 09:15:15.000153:  133548  [INFO]: Using a cached neff at /home/ubuntu/neuron_cache_e2e/neuronxcc-2.23.6484.0+3b612583/MODULE_256651043009643160+e30acd3a/model.neff
2026-09-09 09:15:15.000161:  133553  [INFO]: Using a cached neff at /home/ubuntu/neuron_cache_e2e/neuronxcc-2.23.6484.0+3b612583/MODULE_256651043009643160+e30acd3a/model.neff
2026-09-09 09:15:15.000172:  133556  [INFO]: Using a cached neff at /home/ubuntu/neuron_cache_e2e/neuronxcc-2.23.6484.0+3b612583/MODULE_256651043009643160+e30acd3a/model.neff
2026-09-09 09:15:15.000174:  133534  [INFO]: Using a cached neff at /home/ubuntu/neuron_cache_e2e/neuronxcc-2.23.6484.0+3b612583/MODULE_256651043009643160+e30acd3a/model.neff
2026-09-09 09:15:15.000210:  133550  [INFO]: Using a cached neff at /home/ubuntu/neuron_cache_e2e/neuronxcc-2.23.6484.0+3b612583/MODULE_14874200043798254035+e30acd3a/model.neff
2026-09-09 09:15:15.000216:  133538  [INFO]: Using a cached neff at /home/ubuntu/neuron_cache_e2e/neuronxcc-2.23.6484.0+3b612583/MODULE_14874200043798254035+e30acd3a/model.neff
2026-09-09 09:15:15.000217:  133539  [INFO]: Using a cached neff at /home/ubuntu/neuron_cache_e2e/neuronxcc-2.23.6484.0+3b612583/MODULE_256651043009643160+e30acd3a/model.neff
2026-09-09 09:15:15.000225:  133551  [INFO]: Using a cached neff at /home/ubuntu/neuron_cache_e2e/neuronxcc-2.23.6484.0+3b612583/MODULE_14874200043798254035+e30acd3a/model.neff
2026-09-09 09:15:15.000232:  133554  [INFO]: Using a cached neff at /home/ubuntu/neuron_cache_e2e/neuronxcc-2.23.6484.0+3b612583/MODULE_14874200043798254035+e30acd3a/model.neff
2026-09-09 09:15:15.000242:  133560  [INFO]: Using a cached neff at /home/ubuntu/neuron_cache_e2e/neuronxcc-2.23.6484.0+3b612583/MODULE_256651043009643160+e30acd3a/model.neff
2026-09-09 09:15:15.000254:  133542  [INFO]: Using a cached neff at /home/ubuntu/neuron_cache_e2e/neuronxcc-2.23.6484.0+3b612583/MODULE_14874200043798254035+e30acd3a/model.neff
2026-09-09 09:15:15.000257:  133548  [INFO]: Using a cached neff at /home/ubuntu/neuron_cache_e2e/neuronxcc-2.23.6484.0+3b612583/MODULE_14874200043798254035+e30acd3a/model.neff
2026-09-09 09:15:15.000258:  133558  [INFO]: Using a cached neff at /home/ubuntu/neuron_cache_e2e/neuronxcc-2.23.6484.0+3b612583/MODULE_14874200043798254035+e30acd3a/model.neff
2026-09-09 09:15:15.000267:  133553  [INFO]: Using a cached neff at /home/ubuntu/neuron_cache_e2e/neuronxcc-2.23.6484.0+3b612583/MODULE_14874200043798254035+e30acd3a/model.neff
2026-09-09 09:15:15.000279:  133556  [INFO]: Using a cached neff at /home/ubuntu/neuron_cache_e2e/neuronxcc-2.23.6484.0+3b612583/MODULE_14874200043798254035+e30acd3a/model.neff
2026-09-09 09:15:15.000281:  133534  [INFO]: Using a cached neff at /home/ubuntu/neuron_cache_e2e/neuronxcc-2.23.6484.0+3b612583/MODULE_14874200043798254035+e30acd3a/model.neff
2026-09-09 09:15:15.000316:  133539  [INFO]: Using a cached neff at /home/ubuntu/neuron_cache_e2e/neuronxcc-2.23.6484.0+3b612583/MODULE_14874200043798254035+e30acd3a/model.neff
2026-09-09 09:15:15.000341:  133560  [INFO]: Using a cached neff at /home/ubuntu/neuron_cache_e2e/neuronxcc-2.23.6484.0+3b612583/MODULE_14874200043798254035+e30acd3a/model.neff
2026-09-09 09:15:36.000387:  133559  [INFO]: Using a cached neff at /home/ubuntu/neuron_cache_e2e/neuronxcc-2.23.6484.0+3b612583/MODULE_11439406683618181514+e30acd3a/model.neff
2026-09-09 09:15:36.000388:  133546  [INFO]: Using a cached neff at /home/ubuntu/neuron_cache_e2e/neuronxcc-2.23.6484.0+3b612583/MODULE_11439406683618181514+e30acd3a/model.neff
2026-09-09 09:15:36.000391:  133545  [INFO]: Using a cached neff at /home/ubuntu/neuron_cache_e2e/neuronxcc-2.23.6484.0+3b612583/MODULE_11439406683618181514+e30acd3a/model.neff
2026-09-09 09:15:36.000399:  133560  [INFO]: Using a cached neff at /home/ubuntu/neuron_cache_e2e/neuronxcc-2.23.6484.0+3b612583/MODULE_11439406683618181514+e30acd3a/model.neff
2026-09-09 09:15:36.000413:  133562  [INFO]: Using a cached neff at /home/ubuntu/neuron_cache_e2e/neuronxcc-2.23.6484.0+3b612583/MODULE_11439406683618181514+e30acd3a/model.neff
2026-09-09 09:15:36.000415:  133533  [INFO]: Using a cached neff at /home/ubuntu/neuron_cache_e2e/neuronxcc-2.23.6484.0+3b612583/MODULE_11439406683618181514+e30acd3a/model.neff
2026-09-09 09:15:36.000417:  133550  [INFO]: Using a cached neff at /home/ubuntu/neuron_cache_e2e/neuronxcc-2.23.6484.0+3b612583/MODULE_11439406683618181514+e30acd3a/model.neff
2026-09-09 09:15:36.000420:  133558  [INFO]: Using a cached neff at /home/ubuntu/neuron_cache_e2e/neuronxcc-2.23.6484.0+3b612583/MODULE_11439406683618181514+e30acd3a/model.neff
2026-09-09 09:15:36.000420:  133549  [INFO]: Using a cached neff at /home/ubuntu/neuron_cache_e2e/neuronxcc-2.23.6484.0+3b612583/MODULE_11439406683618181514+e30acd3a/model.neff
2026-09-09 09:15:36.000424:  133552  [INFO]: Using a cached neff at /home/ubuntu/neuron_cache_e2e/neuronxcc-2.23.6484.0+3b612583/MODULE_11439406683618181514+e30acd3a/model.neff
2026-09-09 09:15:36.000424:  133539  [INFO]: Using a cached neff at /home/ubuntu/neuron_cache_e2e/neuronxcc-2.23.6484.0+3b612583/MODULE_11439406683618181514+e30acd3a/model.neff
2026-09-09 09:15:36.000443:  133557  [INFO]: Using a cached neff at /home/ubuntu/neuron_cache_e2e/neuronxcc-2.23.6484.0+3b612583/MODULE_11439406683618181514+e30acd3a/model.neff
2026-09-09 09:15:36.000444:  133561  [INFO]: Using a cached neff at /home/ubuntu/neuron_cache_e2e/neuronxcc-2.23.6484.0+3b612583/MODULE_11439406683618181514+e30acd3a/model.neff
2026-09-09 09:15:36.000449:  133551  [INFO]: Using a cached neff at /home/ubuntu/neuron_cache_e2e/neuronxcc-2.23.6484.0+3b612583/MODULE_11439406683618181514+e30acd3a/model.neff
2026-09-09 09:15:36.000452:  133540  [INFO]: Using a cached neff at /home/ubuntu/neuron_cache_e2e/neuronxcc-2.23.6484.0+3b612583/MODULE_11439406683618181514+e30acd3a/model.neff
2026-09-09 09:15:36.000453:  133531  [INFO]: Using a cached neff at /home/ubuntu/neuron_cache_e2e/neuronxcc-2.23.6484.0+3b612583/MODULE_11439406683618181514+e30acd3a/model.neff
2026-09-09 09:15:36.000455:  133544  [INFO]: Using a cached neff at /home/ubuntu/neuron_cache_e2e/neuronxcc-2.23.6484.0+3b612583/MODULE_11439406683618181514+e30acd3a/model.neff
2026-09-09 09:15:36.000456:  133547  [INFO]: Using a cached neff at /home/ubuntu/neuron_cache_e2e/neuronxcc-2.23.6484.0+3b612583/MODULE_11439406683618181514+e30acd3a/model.neff
2026-09-09 09:15:36.000461:  133534  [INFO]: Using a cached neff at /home/ubuntu/neuron_cache_e2e/neuronxcc-2.23.6484.0+3b612583/MODULE_11439406683618181514+e30acd3a/model.neff
2026-09-09 09:15:36.000466:  133532  [INFO]: Using a cached neff at /home/ubuntu/neuron_cache_e2e/neuronxcc-2.23.6484.0+3b612583/MODULE_11439406683618181514+e30acd3a/model.neff
2026-09-09 09:15:36.000467:  133538  [INFO]: Using a cached neff at /home/ubuntu/neuron_cache_e2e/neuronxcc-2.23.6484.0+3b612583/MODULE_11439406683618181514+e30acd3a/model.neff
2026-09-09 09:15:36.000469:  133543  [INFO]: Using a cached neff at /home/ubuntu/neuron_cache_e2e/neuronxcc-2.23.6484.0+3b612583/MODULE_11439406683618181514+e30acd3a/model.neff
2026-09-09 09:15:36.000471:  133537  [INFO]: Using a cached neff at /home/ubuntu/neuron_cache_e2e/neuronxcc-2.23.6484.0+3b612583/MODULE_11439406683618181514+e30acd3a/model.neff
2026-09-09 09:15:36.000473:  133548  [INFO]: Using a cached neff at /home/ubuntu/neuron_cache_e2e/neuronxcc-2.23.6484.0+3b612583/MODULE_11439406683618181514+e30acd3a/model.neff
2026-09-09 09:15:36.000473:  133536  [INFO]: Using a cached neff at /home/ubuntu/neuron_cache_e2e/neuronxcc-2.23.6484.0+3b612583/MODULE_11439406683618181514+e30acd3a/model.neff
2026-09-09 09:15:36.000473:  133541  [INFO]: Using a cached neff at /home/ubuntu/neuron_cache_e2e/neuronxcc-2.23.6484.0+3b612583/MODULE_11439406683618181514+e30acd3a/model.neff
2026-09-09 09:15:36.000473:  133542  [INFO]: Using a cached neff at /home/ubuntu/neuron_cache_e2e/neuronxcc-2.23.6484.0+3b612583/MODULE_11439406683618181514+e30acd3a/model.neff
2026-09-09 09:15:36.000475:  133556  [INFO]: Using a cached neff at /home/ubuntu/neuron_cache_e2e/neuronxcc-2.23.6484.0+3b612583/MODULE_11439406683618181514+e30acd3a/model.neff
2026-09-09 09:15:36.000475:  133555  [INFO]: Using a cached neff at /home/ubuntu/neuron_cache_e2e/neuronxcc-2.23.6484.0+3b612583/MODULE_11439406683618181514+e30acd3a/model.neff
2026-09-09 09:15:36.000476:  133554  [INFO]: Using a cached neff at /home/ubuntu/neuron_cache_e2e/neuronxcc-2.23.6484.0+3b612583/MODULE_11439406683618181514+e30acd3a/model.neff
2026-09-09 09:15:36.000476:  133553  [INFO]: Using a cached neff at /home/ubuntu/neuron_cache_e2e/neuronxcc-2.23.6484.0+3b612583/MODULE_11439406683618181514+e30acd3a/model.neff
2026-09-09 09:15:36.000477:  133535  [INFO]: Using a cached neff at /home/ubuntu/neuron_cache_e2e/neuronxcc-2.23.6484.0+3b612583/MODULE_11439406683618181514+e30acd3a/model.neff
2026-09-09 09:15:36.000484:  133546  [INFO]: Using a cached neff at /home/ubuntu/neuron_cache_e2e/neuronxcc-2.23.6484.0+3b612583/MODULE_1165850746759386942+e30acd3a/model.neff
2026-09-09 09:15:36.000487:  133559  [INFO]: Using a cached neff at /home/ubuntu/neuron_cache_e2e/neuronxcc-2.23.6484.0+3b612583/MODULE_1165850746759386942+e30acd3a/model.neff
2026-09-09 09:15:36.000493:  133545  [INFO]: Using a cached neff at /home/ubuntu/neuron_cache_e2e/neuronxcc-2.23.6484.0+3b612583/MODULE_1165850746759386942+e30acd3a/model.neff
2026-09-09 09:15:36.000498:  133560  [INFO]: Using a cached neff at /home/ubuntu/neuron_cache_e2e/neuronxcc-2.23.6484.0+3b612583/MODULE_1165850746759386942+e30acd3a/model.neff
2026-09-09 09:15:36.000502:  133562  [INFO]: Using a cached neff at /home/ubuntu/neuron_cache_e2e/neuronxcc-2.23.6484.0+3b612583/MODULE_1165850746759386942+e30acd3a/model.neff
2026-09-09 09:15:36.000508:  133558  [INFO]: Using a cached neff at /home/ubuntu/neuron_cache_e2e/neuronxcc-2.23.6484.0+3b612583/MODULE_1165850746759386942+e30acd3a/model.neff
2026-09-09 09:15:36.000508:  133550  [INFO]: Using a cached neff at /home/ubuntu/neuron_cache_e2e/neuronxcc-2.23.6484.0+3b612583/MODULE_1165850746759386942+e30acd3a/model.neff
2026-09-09 09:15:36.000510:  133539  [INFO]: Using a cached neff at /home/ubuntu/neuron_cache_e2e/neuronxcc-2.23.6484.0+3b612583/MODULE_1165850746759386942+e30acd3a/model.neff
2026-09-09 09:15:36.000510:  133552  [INFO]: Using a cached neff at /home/ubuntu/neuron_cache_e2e/neuronxcc-2.23.6484.0+3b612583/MODULE_1165850746759386942+e30acd3a/model.neff
2026-09-09 09:15:36.000510:  133549  [INFO]: Using a cached neff at /home/ubuntu/neuron_cache_e2e/neuronxcc-2.23.6484.0+3b612583/MODULE_1165850746759386942+e30acd3a/model.neff
2026-09-09 09:15:36.000511:  133533  [INFO]: Using a cached neff at /home/ubuntu/neuron_cache_e2e/neuronxcc-2.23.6484.0+3b612583/MODULE_1165850746759386942+e30acd3a/model.neff
2026-09-09 09:15:36.000516:  133557  [INFO]: Using a cached neff at /home/ubuntu/neuron_cache_e2e/neuronxcc-2.23.6484.0+3b612583/MODULE_1165850746759386942+e30acd3a/model.neff
2026-09-09 09:15:36.000517:  133540  [INFO]: Using a cached neff at /home/ubuntu/neuron_cache_e2e/neuronxcc-2.23.6484.0+3b612583/MODULE_1165850746759386942+e30acd3a/model.neff
2026-09-09 09:15:36.000520:  133531  [INFO]: Using a cached neff at /home/ubuntu/neuron_cache_e2e/neuronxcc-2.23.6484.0+3b612583/MODULE_1165850746759386942+e30acd3a/model.neff
2026-09-09 09:15:36.000520:  133547  [INFO]: Using a cached neff at /home/ubuntu/neuron_cache_e2e/neuronxcc-2.23.6484.0+3b612583/MODULE_1165850746759386942+e30acd3a/model.neff
2026-09-09 09:15:36.000520:  133551  [INFO]: Using a cached neff at /home/ubuntu/neuron_cache_e2e/neuronxcc-2.23.6484.0+3b612583/MODULE_1165850746759386942+e30acd3a/model.neff
2026-09-09 09:15:36.000521:  133561  [INFO]: Using a cached neff at /home/ubuntu/neuron_cache_e2e/neuronxcc-2.23.6484.0+3b612583/MODULE_1165850746759386942+e30acd3a/model.neff
2026-09-09 09:15:36.000522:  133544  [INFO]: Using a cached neff at /home/ubuntu/neuron_cache_e2e/neuronxcc-2.23.6484.0+3b612583/MODULE_1165850746759386942+e30acd3a/model.neff
2026-09-09 09:15:36.000523:  133534  [INFO]: Using a cached neff at /home/ubuntu/neuron_cache_e2e/neuronxcc-2.23.6484.0+3b612583/MODULE_1165850746759386942+e30acd3a/model.neff
2026-09-09 09:15:36.000529:  133543  [INFO]: Using a cached neff at /home/ubuntu/neuron_cache_e2e/neuronxcc-2.23.6484.0+3b612583/MODULE_1165850746759386942+e30acd3a/model.neff
2026-09-09 09:15:36.000533:  133537  [INFO]: Using a cached neff at /home/ubuntu/neuron_cache_e2e/neuronxcc-2.23.6484.0+3b612583/MODULE_1165850746759386942+e30acd3a/model.neff
2026-09-09 09:15:36.000534:  133536  [INFO]: Using a cached neff at /home/ubuntu/neuron_cache_e2e/neuronxcc-2.23.6484.0+3b612583/MODULE_1165850746759386942+e30acd3a/model.neff
2026-09-09 09:15:36.000535:  133538  [INFO]: Using a cached neff at /home/ubuntu/neuron_cache_e2e/neuronxcc-2.23.6484.0+3b612583/MODULE_1165850746759386942+e30acd3a/model.neff
2026-09-09 09:15:36.000536:  133532  [INFO]: Using a cached neff at /home/ubuntu/neuron_cache_e2e/neuronxcc-2.23.6484.0+3b612583/MODULE_1165850746759386942+e30acd3a/model.neff
2026-09-09 09:15:36.000539:  133542  [INFO]: Using a cached neff at /home/ubuntu/neuron_cache_e2e/neuronxcc-2.23.6484.0+3b612583/MODULE_1165850746759386942+e30acd3a/model.neff
2026-09-09 09:15:36.000541:  133548  [INFO]: Using a cached neff at /home/ubuntu/neuron_cache_e2e/neuronxcc-2.23.6484.0+3b612583/MODULE_1165850746759386942+e30acd3a/model.neff
2026-09-09 09:15:36.000542:  133555  [INFO]: Using a cached neff at /home/ubuntu/neuron_cache_e2e/neuronxcc-2.23.6484.0+3b612583/MODULE_1165850746759386942+e30acd3a/model.neff
2026-09-09 09:15:36.000543:  133556  [INFO]: Using a cached neff at /home/ubuntu/neuron_cache_e2e/neuronxcc-2.23.6484.0+3b612583/MODULE_1165850746759386942+e30acd3a/model.neff
2026-09-09 09:15:36.000548:  133535  [INFO]: Using a cached neff at /home/ubuntu/neuron_cache_e2e/neuronxcc-2.23.6484.0+3b612583/MODULE_1165850746759386942+e30acd3a/model.neff
2026-09-09 09:15:36.000548:  133554  [INFO]: Using a cached neff at /home/ubuntu/neuron_cache_e2e/neuronxcc-2.23.6484.0+3b612583/MODULE_1165850746759386942+e30acd3a/model.neff
2026-09-09 09:15:36.000549:  133553  [INFO]: Using a cached neff at /home/ubuntu/neuron_cache_e2e/neuronxcc-2.23.6484.0+3b612583/MODULE_1165850746759386942+e30acd3a/model.neff
2026-09-09 09:15:36.000551:  133541  [INFO]: Using a cached neff at /home/ubuntu/neuron_cache_e2e/neuronxcc-2.23.6484.0+3b612583/MODULE_1165850746759386942+e30acd3a/model.neff
2026-09-09 09:15:36.000755:  133546  [INFO]: Using a cached neff at /home/ubuntu/neuron_cache_e2e/neuronxcc-2.23.6484.0+3b612583/MODULE_4443475598379848522+e30acd3a/model.neff
2026-09-09 09:15:36.000771:  133545  [INFO]: Using a cached neff at /home/ubuntu/neuron_cache_e2e/neuronxcc-2.23.6484.0+3b612583/MODULE_4443475598379848522+e30acd3a/model.neff
2026-09-09 09:15:36.000771:  133560  [INFO]: Using a cached neff at /home/ubuntu/neuron_cache_e2e/neuronxcc-2.23.6484.0+3b612583/MODULE_4443475598379848522+e30acd3a/model.neff
2026-09-09 09:15:36.000774:  133552  [INFO]: Using a cached neff at /home/ubuntu/neuron_cache_e2e/neuronxcc-2.23.6484.0+3b612583/MODULE_4443475598379848522+e30acd3a/model.neff
2026-09-09 09:15:36.000778:  133559  [INFO]: Using a cached neff at /home/ubuntu/neuron_cache_e2e/neuronxcc-2.23.6484.0+3b612583/MODULE_4443475598379848522+e30acd3a/model.neff
2026-09-09 09:15:36.000784:  133539  [INFO]: Using a cached neff at /home/ubuntu/neuron_cache_e2e/neuronxcc-2.23.6484.0+3b612583/MODULE_4443475598379848522+e30acd3a/model.neff
2026-09-09 09:15:36.000784:  133558  [INFO]: Using a cached neff at /home/ubuntu/neuron_cache_e2e/neuronxcc-2.23.6484.0+3b612583/MODULE_4443475598379848522+e30acd3a/model.neff
2026-09-09 09:15:36.000786:  133533  [INFO]: Using a cached neff at /home/ubuntu/neuron_cache_e2e/neuronxcc-2.23.6484.0+3b612583/MODULE_4443475598379848522+e30acd3a/model.neff
2026-09-09 09:15:36.000792:  133562  [INFO]: Using a cached neff at /home/ubuntu/neuron_cache_e2e/neuronxcc-2.23.6484.0+3b612583/MODULE_4443475598379848522+e30acd3a/model.neff
2026-09-09 09:15:36.000796:  133557  [INFO]: Using a cached neff at /home/ubuntu/neuron_cache_e2e/neuronxcc-2.23.6484.0+3b612583/MODULE_4443475598379848522+e30acd3a/model.neff
2026-09-09 09:15:36.000798:  133549  [INFO]: Using a cached neff at /home/ubuntu/neuron_cache_e2e/neuronxcc-2.23.6484.0+3b612583/MODULE_4443475598379848522+e30acd3a/model.neff
2026-09-09 09:15:36.000799:  133540  [INFO]: Using a cached neff at /home/ubuntu/neuron_cache_e2e/neuronxcc-2.23.6484.0+3b612583/MODULE_4443475598379848522+e30acd3a/model.neff
2026-09-09 09:15:36.000801:  133547  [INFO]: Using a cached neff at /home/ubuntu/neuron_cache_e2e/neuronxcc-2.23.6484.0+3b612583/MODULE_4443475598379848522+e30acd3a/model.neff
2026-09-09 09:15:36.000804:  133536  [INFO]: Using a cached neff at /home/ubuntu/neuron_cache_e2e/neuronxcc-2.23.6484.0+3b612583/MODULE_4443475598379848522+e30acd3a/model.neff
2026-09-09 09:15:36.000806:  133551  [INFO]: Using a cached neff at /home/ubuntu/neuron_cache_e2e/neuronxcc-2.23.6484.0+3b612583/MODULE_4443475598379848522+e30acd3a/model.neff
2026-09-09 09:15:36.000807:  133561  [INFO]: Using a cached neff at /home/ubuntu/neuron_cache_e2e/neuronxcc-2.23.6484.0+3b612583/MODULE_4443475598379848522+e30acd3a/model.neff
2026-09-09 09:15:36.000807:  133534  [INFO]: Using a cached neff at /home/ubuntu/neuron_cache_e2e/neuronxcc-2.23.6484.0+3b612583/MODULE_4443475598379848522+e30acd3a/model.neff
2026-09-09 09:15:36.000810:  133548  [INFO]: Using a cached neff at /home/ubuntu/neuron_cache_e2e/neuronxcc-2.23.6484.0+3b612583/MODULE_4443475598379848522+e30acd3a/model.neff
2026-09-09 09:15:36.000812:  133537  [INFO]: Using a cached neff at /home/ubuntu/neuron_cache_e2e/neuronxcc-2.23.6484.0+3b612583/MODULE_4443475598379848522+e30acd3a/model.neff
2026-09-09 09:15:36.000814:  133543  [INFO]: Using a cached neff at /home/ubuntu/neuron_cache_e2e/neuronxcc-2.23.6484.0+3b612583/MODULE_4443475598379848522+e30acd3a/model.neff
2026-09-09 09:15:36.000816:  133550  [INFO]: Using a cached neff at /home/ubuntu/neuron_cache_e2e/neuronxcc-2.23.6484.0+3b612583/MODULE_4443475598379848522+e30acd3a/model.neff
2026-09-09 09:15:36.000817:  133542  [INFO]: Using a cached neff at /home/ubuntu/neuron_cache_e2e/neuronxcc-2.23.6484.0+3b612583/MODULE_4443475598379848522+e30acd3a/model.neff
2026-09-09 09:15:36.000823:  133538  [INFO]: Using a cached neff at /home/ubuntu/neuron_cache_e2e/neuronxcc-2.23.6484.0+3b612583/MODULE_4443475598379848522+e30acd3a/model.neff
2026-09-09 09:15:36.000823:  133555  [INFO]: Using a cached neff at /home/ubuntu/neuron_cache_e2e/neuronxcc-2.23.6484.0+3b612583/MODULE_4443475598379848522+e30acd3a/model.neff
2026-09-09 09:15:36.000825:  133531  [INFO]: Using a cached neff at /home/ubuntu/neuron_cache_e2e/neuronxcc-2.23.6484.0+3b612583/MODULE_4443475598379848522+e30acd3a/model.neff
2026-09-09 09:15:36.000830:  133541  [INFO]: Using a cached neff at /home/ubuntu/neuron_cache_e2e/neuronxcc-2.23.6484.0+3b612583/MODULE_4443475598379848522+e30acd3a/model.neff
2026-09-09 09:15:36.000830:  133532  [INFO]: Using a cached neff at /home/ubuntu/neuron_cache_e2e/neuronxcc-2.23.6484.0+3b612583/MODULE_4443475598379848522+e30acd3a/model.neff
2026-09-09 09:15:36.000834:  133535  [INFO]: Using a cached neff at /home/ubuntu/neuron_cache_e2e/neuronxcc-2.23.6484.0+3b612583/MODULE_4443475598379848522+e30acd3a/model.neff
2026-09-09 09:15:36.000836:  133556  [INFO]: Using a cached neff at /home/ubuntu/neuron_cache_e2e/neuronxcc-2.23.6484.0+3b612583/MODULE_4443475598379848522+e30acd3a/model.neff
2026-09-09 09:15:36.000836:  133554  [INFO]: Using a cached neff at /home/ubuntu/neuron_cache_e2e/neuronxcc-2.23.6484.0+3b612583/MODULE_4443475598379848522+e30acd3a/model.neff
2026-09-09 09:15:36.000839:  133553  [INFO]: Using a cached neff at /home/ubuntu/neuron_cache_e2e/neuronxcc-2.23.6484.0+3b612583/MODULE_4443475598379848522+e30acd3a/model.neff
2026-09-09 09:15:36.000839:  133544  [INFO]: Using a cached neff at /home/ubuntu/neuron_cache_e2e/neuronxcc-2.23.6484.0+3b612583/MODULE_4443475598379848522+e30acd3a/model.neff
