2026-09-09 09:30:10.168424: W neuron/pjrt-api/neuronpjrt.cc:1781] Use PJRT C-API 0.79 as client did not specify a PJRT C-API version
2026-09-09 09:30:10.182872: W neuron/pjrt-api/neuronpjrt.cc:1781] Use PJRT C-API 0.79 as client did not specify a PJRT C-API version
2026-09-09 09:30:10.209297: W neuron/pjrt-api/neuronpjrt.cc:1781] Use PJRT C-API 0.79 as client did not specify a PJRT C-API version
2026-09-09 09:30:10.215649: W neuron/pjrt-api/neuronpjrt.cc:1781] Use PJRT C-API 0.79 as client did not specify a PJRT C-API version
2026-09-09 09:30:10.226828: W neuron/pjrt-api/neuronpjrt.cc:1781] Use PJRT C-API 0.79 as client did not specify a PJRT C-API version
2026-09-09 09:30:10.233440: W neuron/pjrt-api/neuronpjrt.cc:1781] Use PJRT C-API 0.79 as client did not specify a PJRT C-API version
2026-09-09 09:30:10.279040: W neuron/pjrt-api/neuronpjrt.cc:1781] Use PJRT C-API 0.79 as client did not specify a PJRT C-API version
2026-09-09 09:30:10.280012: W neuron/pjrt-api/neuronpjrt.cc:1781] Use PJRT C-API 0.79 as client did not specify a PJRT C-API version
2026-09-09 09:30:10.290183: W neuron/pjrt-api/neuronpjrt.cc:1781] Use PJRT C-API 0.79 as client did not specify a PJRT C-API version
2026-09-09 09:30:10.290273: W neuron/pjrt-api/neuronpjrt.cc:1781] Use PJRT C-API 0.79 as client did not specify a PJRT C-API version
2026-09-09 09:30:10.302748: W neuron/pjrt-api/neuronpjrt.cc:1781] Use PJRT C-API 0.79 as client did not specify a PJRT C-API version
2026-09-09 09:30:10.310634: W neuron/pjrt-api/neuronpjrt.cc:1781] Use PJRT C-API 0.79 as client did not specify a PJRT C-API version
2026-09-09 09:30:10.311368: W neuron/pjrt-api/neuronpjrt.cc:1781] Use PJRT C-API 0.79 as client did not specify a PJRT C-API version
2026-09-09 09:30:10.316264: W neuron/pjrt-api/neuronpjrt.cc:1781] Use PJRT C-API 0.79 as client did not specify a PJRT C-API version
2026-09-09 09:30:10.317484: W neuron/pjrt-api/neuronpjrt.cc:1781] Use PJRT C-API 0.79 as client did not specify a PJRT C-API version
2026-09-09 09:30:10.318807: W neuron/pjrt-api/neuronpjrt.cc:1781] Use PJRT C-API 0.79 as client did not specify a PJRT C-API version
2026-09-09 09:30:10.323252: W neuron/pjrt-api/neuronpjrt.cc:1781] Use PJRT C-API 0.79 as client did not specify a PJRT C-API version
2026-09-09 09:30:10.326926: W neuron/pjrt-api/neuronpjrt.cc:1781] Use PJRT C-API 0.79 as client did not specify a PJRT C-API version
2026-09-09 09:30:10.328264: W neuron/pjrt-api/neuronpjrt.cc:1781] Use PJRT C-API 0.79 as client did not specify a PJRT C-API version
2026-09-09 09:30:10.333417: W neuron/pjrt-api/neuronpjrt.cc:1781] Use PJRT C-API 0.79 as client did not specify a PJRT C-API version
2026-09-09 09:30:10.336718: W neuron/pjrt-api/neuronpjrt.cc:1781] Use PJRT C-API 0.79 as client did not specify a PJRT C-API version
2026-09-09 09:30:10.340756: W neuron/pjrt-api/neuronpjrt.cc:1781] Use PJRT C-API 0.79 as client did not specify a PJRT C-API version
2026-09-09 09:30:10.351569: W neuron/pjrt-api/neuronpjrt.cc:1781] Use PJRT C-API 0.79 as client did not specify a PJRT C-API version
2026-09-09 09:30:10.360362: W neuron/pjrt-api/neuronpjrt.cc:1781] Use PJRT C-API 0.79 as client did not specify a PJRT C-API version
2026-09-09 09:30:10.362447: W neuron/pjrt-api/neuronpjrt.cc:1781] Use PJRT C-API 0.79 as client did not specify a PJRT C-API version
2026-09-09 09:30:10.368271: W neuron/pjrt-api/neuronpjrt.cc:1781] Use PJRT C-API 0.79 as client did not specify a PJRT C-API version
2026-09-09 09:30:10.416637: W neuron/pjrt-api/neuronpjrt.cc:1781] Use PJRT C-API 0.79 as client did not specify a PJRT C-API version
2026-09-09 09:30:10.424862: W neuron/pjrt-api/neuronpjrt.cc:1781] Use PJRT C-API 0.79 as client did not specify a PJRT C-API version
2026-09-09 09:30:10.478499: W neuron/pjrt-api/neuronpjrt.cc:1781] Use PJRT C-API 0.79 as client did not specify a PJRT C-API version
2026-09-09 09:30:10.497880: W neuron/pjrt-api/neuronpjrt.cc:1781] Use PJRT C-API 0.79 as client did not specify a PJRT C-API version
2026-09-09 09:30:10.530579: W neuron/pjrt-api/neuronpjrt.cc:1781] Use PJRT C-API 0.79 as client did not specify a PJRT C-API version
2026-09-09 09:30:10.545251: W neuron/pjrt-api/neuronpjrt.cc:1781] Use PJRT C-API 0.79 as client did not specify a PJRT C-API version
/home/ubuntu/train_gpt10b_tp_families.py:365: DeprecationWarning: Use torch_xla.sync instead
  xm.mark_step()
/home/ubuntu/train_gpt10b_tp_families.py:365: DeprecationWarning: Use torch_xla.sync instead
  xm.mark_step()
/home/ubuntu/train_gpt10b_tp_families.py:365: DeprecationWarning: Use torch_xla.sync instead
  xm.mark_step()
/home/ubuntu/train_gpt10b_tp_families.py:365: DeprecationWarning: Use torch_xla.sync instead
  xm.mark_step()
/home/ubuntu/train_gpt10b_tp_families.py:365: DeprecationWarning: Use torch_xla.sync instead
  xm.mark_step()
/home/ubuntu/train_gpt10b_tp_families.py:365: DeprecationWarning: Use torch_xla.sync instead
  xm.mark_step()
/home/ubuntu/train_gpt10b_tp_families.py:365: DeprecationWarning: Use torch_xla.sync instead
  xm.mark_step()
/home/ubuntu/train_gpt10b_tp_families.py:365: DeprecationWarning: Use torch_xla.sync instead
  xm.mark_step()
/home/ubuntu/train_gpt10b_tp_families.py:365: DeprecationWarning: Use torch_xla.sync instead
  xm.mark_step()
/home/ubuntu/train_gpt10b_tp_families.py:365: DeprecationWarning: Use torch_xla.sync instead
  xm.mark_step()
/home/ubuntu/train_gpt10b_tp_families.py:365: DeprecationWarning: Use torch_xla.sync instead
  xm.mark_step()
/home/ubuntu/train_gpt10b_tp_families.py:365: DeprecationWarning: Use torch_xla.sync instead
  xm.mark_step()
/home/ubuntu/train_gpt10b_tp_families.py:365: DeprecationWarning: Use torch_xla.sync instead
  xm.mark_step()
/home/ubuntu/train_gpt10b_tp_families.py:365: DeprecationWarning: Use torch_xla.sync instead
  xm.mark_step()
/home/ubuntu/train_gpt10b_tp_families.py:365: DeprecationWarning: Use torch_xla.sync instead
  xm.mark_step()
/home/ubuntu/train_gpt10b_tp_families.py:365: DeprecationWarning: Use torch_xla.sync instead
  xm.mark_step()
/home/ubuntu/train_gpt10b_tp_families.py:365: DeprecationWarning: Use torch_xla.sync instead
  xm.mark_step()
/home/ubuntu/train_gpt10b_tp_families.py:365: DeprecationWarning: Use torch_xla.sync instead
  xm.mark_step()
/home/ubuntu/train_gpt10b_tp_families.py:365: DeprecationWarning: Use torch_xla.sync instead
  xm.mark_step()
/home/ubuntu/train_gpt10b_tp_families.py:365: DeprecationWarning: Use torch_xla.sync instead
  xm.mark_step()
/home/ubuntu/train_gpt10b_tp_families.py:365: DeprecationWarning: Use torch_xla.sync instead
  xm.mark_step()
/home/ubuntu/train_gpt10b_tp_families.py:365: DeprecationWarning: Use torch_xla.sync instead
  xm.mark_step()
/home/ubuntu/train_gpt10b_tp_families.py:365: DeprecationWarning: Use torch_xla.sync instead
  xm.mark_step()
/home/ubuntu/train_gpt10b_tp_families.py:365: DeprecationWarning: Use torch_xla.sync instead
  xm.mark_step()
/home/ubuntu/train_gpt10b_tp_families.py:365: DeprecationWarning: Use torch_xla.sync instead
  xm.mark_step()
/home/ubuntu/train_gpt10b_tp_families.py:365: DeprecationWarning: Use torch_xla.sync instead
  xm.mark_step()
/home/ubuntu/train_gpt10b_tp_families.py:365: DeprecationWarning: Use torch_xla.sync instead
  xm.mark_step()
/home/ubuntu/train_gpt10b_tp_families.py:365: DeprecationWarning: Use torch_xla.sync instead
  xm.mark_step()
/home/ubuntu/train_gpt10b_tp_families.py:365: DeprecationWarning: Use torch_xla.sync instead
  xm.mark_step()
/home/ubuntu/train_gpt10b_tp_families.py:365: DeprecationWarning: Use torch_xla.sync instead
  xm.mark_step()
/home/ubuntu/train_gpt10b_tp_families.py:365: DeprecationWarning: Use torch_xla.sync instead
  xm.mark_step()
/home/ubuntu/train_gpt10b_tp_families.py:365: DeprecationWarning: Use torch_xla.sync instead
  xm.mark_step()
/home/ubuntu/train_gpt10b_tp_families.py:423: DeprecationWarning: Use torch_xla.sync instead
  xm.mark_step()
/home/ubuntu/train_gpt10b_tp_families.py:423: DeprecationWarning: Use torch_xla.sync instead
  xm.mark_step()
/home/ubuntu/train_gpt10b_tp_families.py:423: DeprecationWarning: Use torch_xla.sync instead
  xm.mark_step()
/home/ubuntu/train_gpt10b_tp_families.py:423: DeprecationWarning: Use torch_xla.sync instead
  xm.mark_step()
2026-09-09 09:30:48.000250:  191625  [INFO]: Using a cached neff at /home/ubuntu/neuron_cache_e2e/neuronxcc-2.23.6484.0+3b612583/MODULE_15499462365376141814+e30acd3a/model.neff
2026-09-09 09:30:48.000251:  191636  [INFO]: Using a cached neff at /home/ubuntu/neuron_cache_e2e/neuronxcc-2.23.6484.0+3b612583/MODULE_15499462365376141814+e30acd3a/model.neff
/home/ubuntu/train_gpt10b_tp_families.py:423: DeprecationWarning: Use torch_xla.sync instead
  xm.mark_step()
/home/ubuntu/train_gpt10b_tp_families.py:423: DeprecationWarning: Use torch_xla.sync instead
  xm.mark_step()
/home/ubuntu/train_gpt10b_tp_families.py:423: DeprecationWarning: Use torch_xla.sync instead
  xm.mark_step()
2026-09-09 09:30:48.000333:  191623  [INFO]: Using a cached neff at /home/ubuntu/neuron_cache_e2e/neuronxcc-2.23.6484.0+3b612583/MODULE_15499462365376141814+e30acd3a/model.neff
2026-09-09 09:30:48.000334:  191635  [INFO]: Using a cached neff at /home/ubuntu/neuron_cache_e2e/neuronxcc-2.23.6484.0+3b612583/MODULE_15499462365376141814+e30acd3a/model.neff
/home/ubuntu/train_gpt10b_tp_families.py:423: DeprecationWarning: Use torch_xla.sync instead
  xm.mark_step()
/home/ubuntu/train_gpt10b_tp_families.py:423: DeprecationWarning: Use torch_xla.sync instead
  xm.mark_step()
/home/ubuntu/train_gpt10b_tp_families.py:423: DeprecationWarning: Use torch_xla.sync instead
  xm.mark_step()
2026-09-09 09:30:48.000380:  191609  [INFO]: Using a cached neff at /home/ubuntu/neuron_cache_e2e/neuronxcc-2.23.6484.0+3b612583/MODULE_15499462365376141814+e30acd3a/model.neff
2026-09-09 09:30:48.000387:  191619  [INFO]: Using a cached neff at /home/ubuntu/neuron_cache_e2e/neuronxcc-2.23.6484.0+3b612583/MODULE_15499462365376141814+e30acd3a/model.neff
/home/ubuntu/train_gpt10b_tp_families.py:423: DeprecationWarning: Use torch_xla.sync instead
  xm.mark_step()
/home/ubuntu/train_gpt10b_tp_families.py:423: DeprecationWarning: Use torch_xla.sync instead
  xm.mark_step()
/home/ubuntu/train_gpt10b_tp_families.py:423: DeprecationWarning: Use torch_xla.sync instead
  xm.mark_step()
2026-09-09 09:30:48.000426:  191611  [INFO]: Using a cached neff at /home/ubuntu/neuron_cache_e2e/neuronxcc-2.23.6484.0+3b612583/MODULE_15499462365376141814+e30acd3a/model.neff
2026-09-09 09:30:48.000454:  191613  [INFO]: Using a cached neff at /home/ubuntu/neuron_cache_e2e/neuronxcc-2.23.6484.0+3b612583/MODULE_15499462365376141814+e30acd3a/model.neff
/home/ubuntu/train_gpt10b_tp_families.py:423: DeprecationWarning: Use torch_xla.sync instead
  xm.mark_step()
/home/ubuntu/train_gpt10b_tp_families.py:423: DeprecationWarning: Use torch_xla.sync instead
  xm.mark_step()
2026-09-09 09:30:48.000463:  191624  [INFO]: Using a cached neff at /home/ubuntu/neuron_cache_e2e/neuronxcc-2.23.6484.0+3b612583/MODULE_15499462365376141814+e30acd3a/model.neff
/home/ubuntu/train_gpt10b_tp_families.py:423: DeprecationWarning: Use torch_xla.sync instead
  xm.mark_step()
/home/ubuntu/train_gpt10b_tp_families.py:423: DeprecationWarning: Use torch_xla.sync instead
  xm.mark_step()
/home/ubuntu/train_gpt10b_tp_families.py:423: DeprecationWarning: Use torch_xla.sync instead
  xm.mark_step()
2026-09-09 09:30:48.000502:  191614  [INFO]: Using a cached neff at /home/ubuntu/neuron_cache_e2e/neuronxcc-2.23.6484.0+3b612583/MODULE_15499462365376141814+e30acd3a/model.neff
2026-09-09 09:30:48.000502:  191610  [INFO]: Using a cached neff at /home/ubuntu/neuron_cache_e2e/neuronxcc-2.23.6484.0+3b612583/MODULE_15499462365376141814+e30acd3a/model.neff
/home/ubuntu/train_gpt10b_tp_families.py:423: DeprecationWarning: Use torch_xla.sync instead
  xm.mark_step()
2026-09-09 09:30:48.000512:  191606  [INFO]: Using a cached neff at /home/ubuntu/neuron_cache_e2e/neuronxcc-2.23.6484.0+3b612583/MODULE_15499462365376141814+e30acd3a/model.neff
/home/ubuntu/train_gpt10b_tp_families.py:447: DeprecationWarning: Use torch_xla.sync instead
  xm.mark_step()
/home/ubuntu/train_gpt10b_tp_families.py:423: DeprecationWarning: Use torch_xla.sync instead
  xm.mark_step()
2026-09-09 09:30:48.000523:  191625  [INFO]: Using a cached neff at /home/ubuntu/neuron_cache_e2e/neuronxcc-2.23.6484.0+3b612583/MODULE_8913559280214575125+e30acd3a/model.neff
2026-09-09 09:30:48.000523:  191633  [INFO]: Using a cached neff at /home/ubuntu/neuron_cache_e2e/neuronxcc-2.23.6484.0+3b612583/MODULE_15499462365376141814+e30acd3a/model.neff
/home/ubuntu/train_gpt10b_tp_families.py:423: DeprecationWarning: Use torch_xla.sync instead
  xm.mark_step()
/home/ubuntu/train_gpt10b_tp_families.py:454: DeprecationWarning: Use torch_xla.sync instead
  xm.mark_step()
/home/ubuntu/train_gpt10b_tp_families.py:447: DeprecationWarning: Use torch_xla.sync instead
  xm.mark_step()
2026-09-09 09:30:48.000570:  191631  [INFO]: Using a cached neff at /home/ubuntu/neuron_cache_e2e/neuronxcc-2.23.6484.0+3b612583/MODULE_15499462365376141814+e30acd3a/model.neff
2026-09-09 09:30:48.000574:  191616  [INFO]: Using a cached neff at /home/ubuntu/neuron_cache_e2e/neuronxcc-2.23.6484.0+3b612583/MODULE_15499462365376141814+e30acd3a/model.neff
2026-09-09 09:30:48.000577:  191623  [INFO]: Using a cached neff at /home/ubuntu/neuron_cache_e2e/neuronxcc-2.23.6484.0+3b612583/MODULE_8913559280214575125+e30acd3a/model.neff
/home/ubuntu/train_gpt10b_tp_families.py:423: DeprecationWarning: Use torch_xla.sync instead
  xm.mark_step()
2026-09-09 09:30:48.000582:  191625  [INFO]: Using a cached neff at /home/ubuntu/neuron_cache_e2e/neuronxcc-2.23.6484.0+3b612583/MODULE_11581410531984556362+e30acd3a/model.neff
/home/ubuntu/train_gpt10b_tp_families.py:447: DeprecationWarning: Use torch_xla.sync instead
  xm.mark_step()
2026-09-09 09:30:48.000586:  191622  [INFO]: Using a cached neff at /home/ubuntu/neuron_cache_e2e/neuronxcc-2.23.6484.0+3b612583/MODULE_15499462365376141814+e30acd3a/model.neff
2026-09-09 09:30:48.000592:  191636  [INFO]: Using a cached neff at /home/ubuntu/neuron_cache_e2e/neuronxcc-2.23.6484.0+3b612583/MODULE_8913559280214575125+e30acd3a/model.neff
/home/ubuntu/train_gpt10b_tp_families.py:454: DeprecationWarning: Use torch_xla.sync instead
  xm.mark_step()
2026-09-09 09:30:48.000598:  191612  [INFO]: Using a cached neff at /home/ubuntu/neuron_cache_e2e/neuronxcc-2.23.6484.0+3b612583/MODULE_15499462365376141814+e30acd3a/model.neff
/home/ubuntu/train_gpt10b_tp_families.py:423: DeprecationWarning: Use torch_xla.sync instead
  xm.mark_step()
/home/ubuntu/train_gpt10b_tp_families.py:454: DeprecationWarning: Use torch_xla.sync instead
  xm.mark_step()
/home/ubuntu/train_gpt10b_tp_families.py:423: DeprecationWarning: Use torch_xla.sync instead
  xm.mark_step()
/home/ubuntu/train_gpt10b_tp_families.py:423: DeprecationWarning: Use torch_xla.sync instead
  xm.mark_step()
2026-09-09 09:30:48.000613:  191628  [INFO]: Using a cached neff at /home/ubuntu/neuron_cache_e2e/neuronxcc-2.23.6484.0+3b612583/MODULE_15499462365376141814+e30acd3a/model.neff
2026-09-09 09:30:48.000617:  191621  [INFO]: Using a cached neff at /home/ubuntu/neuron_cache_e2e/neuronxcc-2.23.6484.0+3b612583/MODULE_15499462365376141814+e30acd3a/model.neff
2026-09-09 09:30:48.000618:  191607  [INFO]: Using a cached neff at /home/ubuntu/neuron_cache_e2e/neuronxcc-2.23.6484.0+3b612583/MODULE_15499462365376141814+e30acd3a/model.neff
/home/ubuntu/train_gpt10b_tp_families.py:423: DeprecationWarning: Use torch_xla.sync instead
  xm.mark_step()
/home/ubuntu/train_gpt10b_tp_families.py:447: DeprecationWarning: Use torch_xla.sync instead
  xm.mark_step()
/home/ubuntu/train_gpt10b_tp_families.py:447: DeprecationWarning: Use torch_xla.sync instead
  xm.mark_step()
/home/ubuntu/train_gpt10b_tp_families.py:423: DeprecationWarning: Use torch_xla.sync instead
  xm.mark_step()
2026-09-09 09:30:48.000627:  191609  [INFO]: Using a cached neff at /home/ubuntu/neuron_cache_e2e/neuronxcc-2.23.6484.0+3b612583/MODULE_8913559280214575125+e30acd3a/model.neff
2026-09-09 09:30:48.000631:  191635  [INFO]: Using a cached neff at /home/ubuntu/neuron_cache_e2e/neuronxcc-2.23.6484.0+3b612583/MODULE_8913559280214575125+e30acd3a/model.neff
2026-09-09 09:30:48.000633:  191626  [INFO]: Using a cached neff at /home/ubuntu/neuron_cache_e2e/neuronxcc-2.23.6484.0+3b612583/MODULE_15499462365376141814+e30acd3a/model.neff
2026-09-09 09:30:48.000634:  191623  [INFO]: Using a cached neff at /home/ubuntu/neuron_cache_e2e/neuronxcc-2.23.6484.0+3b612583/MODULE_11581410531984556362+e30acd3a/model.neff
/home/ubuntu/train_gpt10b_tp_families.py:454: DeprecationWarning: Use torch_xla.sync instead
  xm.mark_step()
/home/ubuntu/train_gpt10b_tp_families.py:454: DeprecationWarning: Use torch_xla.sync instead
  xm.mark_step()
2026-09-09 09:30:48.000650:  191636  [INFO]: Using a cached neff at /home/ubuntu/neuron_cache_e2e/neuronxcc-2.23.6484.0+3b612583/MODULE_11581410531984556362+e30acd3a/model.neff
2026-09-09 09:30:48.000658:  191629  [INFO]: Using a cached neff at /home/ubuntu/neuron_cache_e2e/neuronxcc-2.23.6484.0+3b612583/MODULE_15499462365376141814+e30acd3a/model.neff
/home/ubuntu/train_gpt10b_tp_families.py:447: DeprecationWarning: Use torch_xla.sync instead
  xm.mark_step()
2026-09-09 09:30:48.000673:  191619  [INFO]: Using a cached neff at /home/ubuntu/neuron_cache_e2e/neuronxcc-2.23.6484.0+3b612583/MODULE_8913559280214575125+e30acd3a/model.neff
2026-09-09 09:30:48.000675:  191620  [INFO]: Using a cached neff at /home/ubuntu/neuron_cache_e2e/neuronxcc-2.23.6484.0+3b612583/MODULE_15499462365376141814+e30acd3a/model.neff
2026-09-09 09:30:48.000688:  191609  [INFO]: Using a cached neff at /home/ubuntu/neuron_cache_e2e/neuronxcc-2.23.6484.0+3b612583/MODULE_11581410531984556362+e30acd3a/model.neff
/home/ubuntu/train_gpt10b_tp_families.py:454: DeprecationWarning: Use torch_xla.sync instead
  xm.mark_step()
2026-09-09 09:30:48.000694:  191637  [INFO]: Using a cached neff at /home/ubuntu/neuron_cache_e2e/neuronxcc-2.23.6484.0+3b612583/MODULE_15499462365376141814+e30acd3a/model.neff
2026-09-09 09:30:48.000697:  191635  [INFO]: Using a cached neff at /home/ubuntu/neuron_cache_e2e/neuronxcc-2.23.6484.0+3b612583/MODULE_11581410531984556362+e30acd3a/model.neff
/home/ubuntu/train_gpt10b_tp_families.py:447: DeprecationWarning: Use torch_xla.sync instead
  xm.mark_step()
2026-09-09 09:30:48.000705:  191608  [INFO]: Using a cached neff at /home/ubuntu/neuron_cache_e2e/neuronxcc-2.23.6484.0+3b612583/MODULE_15499462365376141814+e30acd3a/model.neff
2026-09-09 09:30:48.000707:  191617  [INFO]: Using a cached neff at /home/ubuntu/neuron_cache_e2e/neuronxcc-2.23.6484.0+3b612583/MODULE_15499462365376141814+e30acd3a/model.neff
/home/ubuntu/train_gpt10b_tp_families.py:447: DeprecationWarning: Use torch_xla.sync instead
  xm.mark_step()
2026-09-09 09:30:48.000708:  191611  [INFO]: Using a cached neff at /home/ubuntu/neuron_cache_e2e/neuronxcc-2.23.6484.0+3b612583/MODULE_8913559280214575125+e30acd3a/model.neff
2026-09-09 09:30:48.000712:  191634  [INFO]: Using a cached neff at /home/ubuntu/neuron_cache_e2e/neuronxcc-2.23.6484.0+3b612583/MODULE_15499462365376141814+e30acd3a/model.neff
/home/ubuntu/train_gpt10b_tp_families.py:447: DeprecationWarning: Use torch_xla.sync instead
  xm.mark_step()
2026-09-09 09:30:48.000717:  191624  [INFO]: Using a cached neff at /home/ubuntu/neuron_cache_e2e/neuronxcc-2.23.6484.0+3b612583/MODULE_8913559280214575125+e30acd3a/model.neff
2026-09-09 09:30:48.000725:  191613  [INFO]: Using a cached neff at /home/ubuntu/neuron_cache_e2e/neuronxcc-2.23.6484.0+3b612583/MODULE_8913559280214575125+e30acd3a/model.neff
/home/ubuntu/train_gpt10b_tp_families.py:454: DeprecationWarning: Use torch_xla.sync instead
  xm.mark_step()
/home/ubuntu/train_gpt10b_tp_families.py:423: DeprecationWarning: Use torch_xla.sync instead
  xm.mark_step()
/home/ubuntu/train_gpt10b_tp_families.py:423: DeprecationWarning: Use torch_xla.sync instead
  xm.mark_step()
/home/ubuntu/train_gpt10b_tp_families.py:454: DeprecationWarning: Use torch_xla.sync instead
  xm.mark_step()
2026-09-09 09:30:48.000736:  191619  [INFO]: Using a cached neff at /home/ubuntu/neuron_cache_e2e/neuronxcc-2.23.6484.0+3b612583/MODULE_11581410531984556362+e30acd3a/model.neff
/home/ubuntu/train_gpt10b_tp_families.py:454: DeprecationWarning: Use torch_xla.sync instead
  xm.mark_step()
/home/ubuntu/train_gpt10b_tp_families.py:423: DeprecationWarning: Use torch_xla.sync instead
  xm.mark_step()
/home/ubuntu/train_gpt10b_tp_families.py:447: DeprecationWarning: Use torch_xla.sync instead
  xm.mark_step()
/home/ubuntu/train_gpt10b_tp_families.py:447: DeprecationWarning: Use torch_xla.sync instead
  xm.mark_step()
2026-09-09 09:30:48.000775:  191614  [INFO]: Using a cached neff at /home/ubuntu/neuron_cache_e2e/neuronxcc-2.23.6484.0+3b612583/MODULE_8913559280214575125+e30acd3a/model.neff
2026-09-09 09:30:48.000778:  191633  [INFO]: Using a cached neff at /home/ubuntu/neuron_cache_e2e/neuronxcc-2.23.6484.0+3b612583/MODULE_8913559280214575125+e30acd3a/model.neff
2026-09-09 09:30:48.000780:  191611  [INFO]: Using a cached neff at /home/ubuntu/neuron_cache_e2e/neuronxcc-2.23.6484.0+3b612583/MODULE_11581410531984556362+e30acd3a/model.neff
/home/ubuntu/train_gpt10b_tp_families.py:447: DeprecationWarning: Use torch_xla.sync instead
  xm.mark_step()
2026-09-09 09:30:48.000786:  191613  [INFO]: Using a cached neff at /home/ubuntu/neuron_cache_e2e/neuronxcc-2.23.6484.0+3b612583/MODULE_11581410531984556362+e30acd3a/model.neff
/home/ubuntu/train_gpt10b_tp_families.py:447: DeprecationWarning: Use torch_xla.sync instead
  xm.mark_step()
2026-09-09 09:30:48.000791:  191610  [INFO]: Using a cached neff at /home/ubuntu/neuron_cache_e2e/neuronxcc-2.23.6484.0+3b612583/MODULE_8913559280214575125+e30acd3a/model.neff
/home/ubuntu/train_gpt10b_tp_families.py:454: DeprecationWarning: Use torch_xla.sync instead
  xm.mark_step()
2026-09-09 09:30:48.000793:  191624  [INFO]: Using a cached neff at /home/ubuntu/neuron_cache_e2e/neuronxcc-2.23.6484.0+3b612583/MODULE_11581410531984556362+e30acd3a/model.neff
/home/ubuntu/train_gpt10b_tp_families.py:454: DeprecationWarning: Use torch_xla.sync instead
  xm.mark_step()
2026-09-09 09:30:48.000798:  191606  [INFO]: Using a cached neff at /home/ubuntu/neuron_cache_e2e/neuronxcc-2.23.6484.0+3b612583/MODULE_8913559280214575125+e30acd3a/model.neff
2026-09-09 09:30:48.000802:  191632  [INFO]: Using a cached neff at /home/ubuntu/neuron_cache_e2e/neuronxcc-2.23.6484.0+3b612583/MODULE_15499462365376141814+e30acd3a/model.neff
/home/ubuntu/train_gpt10b_tp_families.py:447: DeprecationWarning: Use torch_xla.sync instead
  xm.mark_step()
2026-09-09 09:30:48.000805:  191618  [INFO]: Using a cached neff at /home/ubuntu/neuron_cache_e2e/neuronxcc-2.23.6484.0+3b612583/MODULE_15499462365376141814+e30acd3a/model.neff
/home/ubuntu/train_gpt10b_tp_families.py:454: DeprecationWarning: Use torch_xla.sync instead
  xm.mark_step()
/home/ubuntu/train_gpt10b_tp_families.py:447: DeprecationWarning: Use torch_xla.sync instead
  xm.mark_step()
2026-09-09 09:30:48.000812:  191631  [INFO]: Using a cached neff at /home/ubuntu/neuron_cache_e2e/neuronxcc-2.23.6484.0+3b612583/MODULE_8913559280214575125+e30acd3a/model.neff
/home/ubuntu/train_gpt10b_tp_families.py:454: DeprecationWarning: Use torch_xla.sync instead
  xm.mark_step()
2026-09-09 09:30:48.000815:  191616  [INFO]: Using a cached neff at /home/ubuntu/neuron_cache_e2e/neuronxcc-2.23.6484.0+3b612583/MODULE_8913559280214575125+e30acd3a/model.neff
/home/ubuntu/train_gpt10b_tp_families.py:447: DeprecationWarning: Use torch_xla.sync instead
  xm.mark_step()
/home/ubuntu/train_gpt10b_tp_families.py:454: DeprecationWarning: Use torch_xla.sync instead
  xm.mark_step()
/home/ubuntu/train_gpt10b_tp_families.py:454: DeprecationWarning: Use torch_xla.sync instead
  xm.mark_step()
2026-09-09 09:30:48.000831:  191622  [INFO]: Using a cached neff at /home/ubuntu/neuron_cache_e2e/neuronxcc-2.23.6484.0+3b612583/MODULE_8913559280214575125+e30acd3a/model.neff
2026-09-09 09:30:48.000837:  191630  [INFO]: Using a cached neff at /home/ubuntu/neuron_cache_e2e/neuronxcc-2.23.6484.0+3b612583/MODULE_15499462365376141814+e30acd3a/model.neff
2026-09-09 09:30:48.000839:  191614  [INFO]: Using a cached neff at /home/ubuntu/neuron_cache_e2e/neuronxcc-2.23.6484.0+3b612583/MODULE_11581410531984556362+e30acd3a/model.neff
2026-09-09 09:30:48.000843:  191633  [INFO]: Using a cached neff at /home/ubuntu/neuron_cache_e2e/neuronxcc-2.23.6484.0+3b612583/MODULE_11581410531984556362+e30acd3a/model.neff
/home/ubuntu/train_gpt10b_tp_families.py:454: DeprecationWarning: Use torch_xla.sync instead
  xm.mark_step()
2026-09-09 09:30:48.000852:  191610  [INFO]: Using a cached neff at /home/ubuntu/neuron_cache_e2e/neuronxcc-2.23.6484.0+3b612583/MODULE_11581410531984556362+e30acd3a/model.neff
/home/ubuntu/train_gpt10b_tp_families.py:447: DeprecationWarning: Use torch_xla.sync instead
  xm.mark_step()
2026-09-09 09:30:48.000860:  191606  [INFO]: Using a cached neff at /home/ubuntu/neuron_cache_e2e/neuronxcc-2.23.6484.0+3b612583/MODULE_11581410531984556362+e30acd3a/model.neff
2026-09-09 09:30:48.000865:  191612  [INFO]: Using a cached neff at /home/ubuntu/neuron_cache_e2e/neuronxcc-2.23.6484.0+3b612583/MODULE_8913559280214575125+e30acd3a/model.neff
/home/ubuntu/train_gpt10b_tp_families.py:447: DeprecationWarning: Use torch_xla.sync instead
  xm.mark_step()
2026-09-09 09:30:48.000874:  191631  [INFO]: Using a cached neff at /home/ubuntu/neuron_cache_e2e/neuronxcc-2.23.6484.0+3b612583/MODULE_11581410531984556362+e30acd3a/model.neff
2026-09-09 09:30:48.000877:  191616  [INFO]: Using a cached neff at /home/ubuntu/neuron_cache_e2e/neuronxcc-2.23.6484.0+3b612583/MODULE_11581410531984556362+e30acd3a/model.neff
2026-09-09 09:30:48.000879:  191607  [INFO]: Using a cached neff at /home/ubuntu/neuron_cache_e2e/neuronxcc-2.23.6484.0+3b612583/MODULE_8913559280214575125+e30acd3a/model.neff
/home/ubuntu/train_gpt10b_tp_families.py:454: DeprecationWarning: Use torch_xla.sync instead
  xm.mark_step()
/home/ubuntu/train_gpt10b_tp_families.py:447: DeprecationWarning: Use torch_xla.sync instead
  xm.mark_step()
/home/ubuntu/train_gpt10b_tp_families.py:447: DeprecationWarning: Use torch_xla.sync instead
  xm.mark_step()
2026-09-09 09:30:48.000890:  191628  [INFO]: Using a cached neff at /home/ubuntu/neuron_cache_e2e/neuronxcc-2.23.6484.0+3b612583/MODULE_8913559280214575125+e30acd3a/model.neff
/home/ubuntu/train_gpt10b_tp_families.py:447: DeprecationWarning: Use torch_xla.sync instead
  xm.mark_step()
2026-09-09 09:30:48.000893:  191621  [INFO]: Using a cached neff at /home/ubuntu/neuron_cache_e2e/neuronxcc-2.23.6484.0+3b612583/MODULE_8913559280214575125+e30acd3a/model.neff
/home/ubuntu/train_gpt10b_tp_families.py:454: DeprecationWarning: Use torch_xla.sync instead
  xm.mark_step()
2026-09-09 09:30:48.000900:  191626  [INFO]: Using a cached neff at /home/ubuntu/neuron_cache_e2e/neuronxcc-2.23.6484.0+3b612583/MODULE_8913559280214575125+e30acd3a/model.neff
/home/ubuntu/train_gpt10b_tp_families.py:454: DeprecationWarning: Use torch_xla.sync instead
  xm.mark_step()
/home/ubuntu/train_gpt10b_tp_families.py:447: DeprecationWarning: Use torch_xla.sync instead
  xm.mark_step()
2026-09-09 09:30:48.000909:  191622  [INFO]: Using a cached neff at /home/ubuntu/neuron_cache_e2e/neuronxcc-2.23.6484.0+3b612583/MODULE_11581410531984556362+e30acd3a/model.neff
/home/ubuntu/train_gpt10b_tp_families.py:454: DeprecationWarning: Use torch_xla.sync instead
  xm.mark_step()
2026-09-09 09:30:48.000915:  191620  [INFO]: Using a cached neff at /home/ubuntu/neuron_cache_e2e/neuronxcc-2.23.6484.0+3b612583/MODULE_8913559280214575125+e30acd3a/model.neff
/home/ubuntu/train_gpt10b_tp_families.py:454: DeprecationWarning: Use torch_xla.sync instead
  xm.mark_step()
2026-09-09 09:30:48.000928:  191612  [INFO]: Using a cached neff at /home/ubuntu/neuron_cache_e2e/neuronxcc-2.23.6484.0+3b612583/MODULE_11581410531984556362+e30acd3a/model.neff
/home/ubuntu/train_gpt10b_tp_families.py:454: DeprecationWarning: Use torch_xla.sync instead
  xm.mark_step()
/home/ubuntu/train_gpt10b_tp_families.py:447: DeprecationWarning: Use torch_xla.sync instead
  xm.mark_step()
/home/ubuntu/train_gpt10b_tp_families.py:447: DeprecationWarning: Use torch_xla.sync instead
  xm.mark_step()
2026-09-09 09:30:48.000940:  191629  [INFO]: Using a cached neff at /home/ubuntu/neuron_cache_e2e/neuronxcc-2.23.6484.0+3b612583/MODULE_8913559280214575125+e30acd3a/model.neff
2026-09-09 09:30:48.000942:  191607  [INFO]: Using a cached neff at /home/ubuntu/neuron_cache_e2e/neuronxcc-2.23.6484.0+3b612583/MODULE_11581410531984556362+e30acd3a/model.neff
/home/ubuntu/train_gpt10b_tp_families.py:423: DeprecationWarning: Use torch_xla.sync instead
  xm.mark_step()
2026-09-09 09:30:48.000943:  191608  [INFO]: Using a cached neff at /home/ubuntu/neuron_cache_e2e/neuronxcc-2.23.6484.0+3b612583/MODULE_8913559280214575125+e30acd3a/model.neff
/home/ubuntu/train_gpt10b_tp_families.py:447: DeprecationWarning: Use torch_xla.sync instead
  xm.mark_step()
/home/ubuntu/train_gpt10b_tp_families.py:447: DeprecationWarning: Use torch_xla.sync instead
  xm.mark_step()
2026-09-09 09:30:48.000951:  191628  [INFO]: Using a cached neff at /home/ubuntu/neuron_cache_e2e/neuronxcc-2.23.6484.0+3b612583/MODULE_11581410531984556362+e30acd3a/model.neff
2026-09-09 09:30:48.000952:  191634  [INFO]: Using a cached neff at /home/ubuntu/neuron_cache_e2e/neuronxcc-2.23.6484.0+3b612583/MODULE_8913559280214575125+e30acd3a/model.neff
/home/ubuntu/train_gpt10b_tp_families.py:447: DeprecationWarning: Use torch_xla.sync instead
  xm.mark_step()
/home/ubuntu/train_gpt10b_tp_families.py:454: DeprecationWarning: Use torch_xla.sync instead
  xm.mark_step()
2026-09-09 09:30:48.000955:  191637  [INFO]: Using a cached neff at /home/ubuntu/neuron_cache_e2e/neuronxcc-2.23.6484.0+3b612583/MODULE_8913559280214575125+e30acd3a/model.neff
/home/ubuntu/train_gpt10b_tp_families.py:454: DeprecationWarning: Use torch_xla.sync instead
  xm.mark_step()
2026-09-09 09:30:48.000961:  191617  [INFO]: Using a cached neff at /home/ubuntu/neuron_cache_e2e/neuronxcc-2.23.6484.0+3b612583/MODULE_8913559280214575125+e30acd3a/model.neff
2026-09-09 09:30:48.000961:  191621  [INFO]: Using a cached neff at /home/ubuntu/neuron_cache_e2e/neuronxcc-2.23.6484.0+3b612583/MODULE_11581410531984556362+e30acd3a/model.neff
/home/ubuntu/train_gpt10b_tp_families.py:454: DeprecationWarning: Use torch_xla.sync instead
  xm.mark_step()
2026-09-09 09:30:48.000967:  191626  [INFO]: Using a cached neff at /home/ubuntu/neuron_cache_e2e/neuronxcc-2.23.6484.0+3b612583/MODULE_11581410531984556362+e30acd3a/model.neff
/home/ubuntu/train_gpt10b_tp_families.py:454: DeprecationWarning: Use torch_xla.sync instead
  xm.mark_step()
/home/ubuntu/train_gpt10b_tp_families.py:454: DeprecationWarning: Use torch_xla.sync instead
  xm.mark_step()
2026-09-09 09:30:48.000976:  191620  [INFO]: Using a cached neff at /home/ubuntu/neuron_cache_e2e/neuronxcc-2.23.6484.0+3b612583/MODULE_11581410531984556362+e30acd3a/model.neff
2026-09-09 09:30:49.000000:  191629  [INFO]: Using a cached neff at /home/ubuntu/neuron_cache_e2e/neuronxcc-2.23.6484.0+3b612583/MODULE_11581410531984556362+e30acd3a/model.neff
2026-09-09 09:30:49.000004:  191608  [INFO]: Using a cached neff at /home/ubuntu/neuron_cache_e2e/neuronxcc-2.23.6484.0+3b612583/MODULE_11581410531984556362+e30acd3a/model.neff
2026-09-09 09:30:49.000013:  191634  [INFO]: Using a cached neff at /home/ubuntu/neuron_cache_e2e/neuronxcc-2.23.6484.0+3b612583/MODULE_11581410531984556362+e30acd3a/model.neff
2026-09-09 09:30:49.000015:  191637  [INFO]: Using a cached neff at /home/ubuntu/neuron_cache_e2e/neuronxcc-2.23.6484.0+3b612583/MODULE_11581410531984556362+e30acd3a/model.neff
2026-09-09 09:30:49.000019:  191615  [INFO]: Using a cached neff at /home/ubuntu/neuron_cache_e2e/neuronxcc-2.23.6484.0+3b612583/MODULE_15499462365376141814+e30acd3a/model.neff
2026-09-09 09:30:49.000023:  191617  [INFO]: Using a cached neff at /home/ubuntu/neuron_cache_e2e/neuronxcc-2.23.6484.0+3b612583/MODULE_11581410531984556362+e30acd3a/model.neff
/home/ubuntu/train_gpt10b_tp_families.py:447: DeprecationWarning: Use torch_xla.sync instead
  xm.mark_step()
2026-09-09 09:30:49.000038:  191632  [INFO]: Using a cached neff at /home/ubuntu/neuron_cache_e2e/neuronxcc-2.23.6484.0+3b612583/MODULE_8913559280214575125+e30acd3a/model.neff
/home/ubuntu/train_gpt10b_tp_families.py:447: DeprecationWarning: Use torch_xla.sync instead
  xm.mark_step()
2026-09-09 09:30:49.000049:  191618  [INFO]: Using a cached neff at /home/ubuntu/neuron_cache_e2e/neuronxcc-2.23.6484.0+3b612583/MODULE_8913559280214575125+e30acd3a/model.neff
/home/ubuntu/train_gpt10b_tp_families.py:454: DeprecationWarning: Use torch_xla.sync instead
  xm.mark_step()
/home/ubuntu/train_gpt10b_tp_families.py:454: DeprecationWarning: Use torch_xla.sync instead
  xm.mark_step()
/home/ubuntu/train_gpt10b_tp_families.py:447: DeprecationWarning: Use torch_xla.sync instead
  xm.mark_step()
2026-09-09 09:30:49.000073:  191630  [INFO]: Using a cached neff at /home/ubuntu/neuron_cache_e2e/neuronxcc-2.23.6484.0+3b612583/MODULE_8913559280214575125+e30acd3a/model.neff
/home/ubuntu/train_gpt10b_tp_families.py:454: DeprecationWarning: Use torch_xla.sync instead
  xm.mark_step()
2026-09-09 09:30:49.000099:  191632  [INFO]: Using a cached neff at /home/ubuntu/neuron_cache_e2e/neuronxcc-2.23.6484.0+3b612583/MODULE_11581410531984556362+e30acd3a/model.neff
2026-09-09 09:30:49.000108:  191618  [INFO]: Using a cached neff at /home/ubuntu/neuron_cache_e2e/neuronxcc-2.23.6484.0+3b612583/MODULE_11581410531984556362+e30acd3a/model.neff
2026-09-09 09:30:49.000132:  191630  [INFO]: Using a cached neff at /home/ubuntu/neuron_cache_e2e/neuronxcc-2.23.6484.0+3b612583/MODULE_11581410531984556362+e30acd3a/model.neff
/home/ubuntu/train_gpt10b_tp_families.py:447: DeprecationWarning: Use torch_xla.sync instead
  xm.mark_step()
2026-09-09 09:30:49.000250:  191615  [INFO]: Using a cached neff at /home/ubuntu/neuron_cache_e2e/neuronxcc-2.23.6484.0+3b612583/MODULE_8913559280214575125+e30acd3a/model.neff
/home/ubuntu/train_gpt10b_tp_families.py:454: DeprecationWarning: Use torch_xla.sync instead
  xm.mark_step()
2026-09-09 09:30:49.000311:  191615  [INFO]: Using a cached neff at /home/ubuntu/neuron_cache_e2e/neuronxcc-2.23.6484.0+3b612583/MODULE_11581410531984556362+e30acd3a/model.neff
/home/ubuntu/train_gpt10b_tp_families.py:423: DeprecationWarning: Use torch_xla.sync instead
  xm.mark_step()
2026-09-09 09:30:49.000453:  191627  [INFO]: Using a cached neff at /home/ubuntu/neuron_cache_e2e/neuronxcc-2.23.6484.0+3b612583/MODULE_15499462365376141814+e30acd3a/model.neff
/home/ubuntu/train_gpt10b_tp_families.py:447: DeprecationWarning: Use torch_xla.sync instead
  xm.mark_step()
2026-09-09 09:30:49.000682:  191627  [INFO]: Using a cached neff at /home/ubuntu/neuron_cache_e2e/neuronxcc-2.23.6484.0+3b612583/MODULE_8913559280214575125+e30acd3a/model.neff
/home/ubuntu/train_gpt10b_tp_families.py:454: DeprecationWarning: Use torch_xla.sync instead
  xm.mark_step()
2026-09-09 09:30:49.000743:  191627  [INFO]: Using a cached neff at /home/ubuntu/neuron_cache_e2e/neuronxcc-2.23.6484.0+3b612583/MODULE_11581410531984556362+e30acd3a/model.neff
/home/ubuntu/train_gpt10b_tp_families.py:460: DeprecationWarning: Use torch_xla.sync instead
  xm.mark_step()
/home/ubuntu/train_gpt10b_tp_families.py:460: DeprecationWarning: Use torch_xla.sync instead
  xm.mark_step()
/home/ubuntu/train_gpt10b_tp_families.py:460: DeprecationWarning: Use torch_xla.sync instead
  xm.mark_step()
/home/ubuntu/train_gpt10b_tp_families.py:460: DeprecationWarning: Use torch_xla.sync instead
  xm.mark_step()
/home/ubuntu/train_gpt10b_tp_families.py:460: DeprecationWarning: Use torch_xla.sync instead
  xm.mark_step()
/home/ubuntu/train_gpt10b_tp_families.py:460: DeprecationWarning: Use torch_xla.sync instead
  xm.mark_step()
/home/ubuntu/train_gpt10b_tp_families.py:460: DeprecationWarning: Use torch_xla.sync instead
  xm.mark_step()
/home/ubuntu/train_gpt10b_tp_families.py:460: DeprecationWarning: Use torch_xla.sync instead
  xm.mark_step()
/home/ubuntu/train_gpt10b_tp_families.py:460: DeprecationWarning: Use torch_xla.sync instead
  xm.mark_step()
/home/ubuntu/train_gpt10b_tp_families.py:460: DeprecationWarning: Use torch_xla.sync instead
  xm.mark_step()
/home/ubuntu/train_gpt10b_tp_families.py:460: DeprecationWarning: Use torch_xla.sync instead
  xm.mark_step()
/home/ubuntu/train_gpt10b_tp_families.py:460: DeprecationWarning: Use torch_xla.sync instead
  xm.mark_step()
/home/ubuntu/train_gpt10b_tp_families.py:460: DeprecationWarning: Use torch_xla.sync instead
  xm.mark_step()
/home/ubuntu/train_gpt10b_tp_families.py:460: DeprecationWarning: Use torch_xla.sync instead
  xm.mark_step()
/home/ubuntu/train_gpt10b_tp_families.py:460: DeprecationWarning: Use torch_xla.sync instead
  xm.mark_step()
/home/ubuntu/train_gpt10b_tp_families.py:460: DeprecationWarning: Use torch_xla.sync instead
  xm.mark_step()
/home/ubuntu/train_gpt10b_tp_families.py:460: DeprecationWarning: Use torch_xla.sync instead
  xm.mark_step()
/home/ubuntu/train_gpt10b_tp_families.py:460: DeprecationWarning: Use torch_xla.sync instead
  xm.mark_step()
/home/ubuntu/train_gpt10b_tp_families.py:460: DeprecationWarning: Use torch_xla.sync instead
  xm.mark_step()
/home/ubuntu/train_gpt10b_tp_families.py:460: DeprecationWarning: Use torch_xla.sync instead
  xm.mark_step()
/home/ubuntu/train_gpt10b_tp_families.py:460: DeprecationWarning: Use torch_xla.sync instead
  xm.mark_step()
/home/ubuntu/train_gpt10b_tp_families.py:460: DeprecationWarning: Use torch_xla.sync instead
  xm.mark_step()
/home/ubuntu/train_gpt10b_tp_families.py:460: DeprecationWarning: Use torch_xla.sync instead
  xm.mark_step()
/home/ubuntu/train_gpt10b_tp_families.py:460: DeprecationWarning: Use torch_xla.sync instead
  xm.mark_step()
/home/ubuntu/train_gpt10b_tp_families.py:460: DeprecationWarning: Use torch_xla.sync instead
  xm.mark_step()
/home/ubuntu/train_gpt10b_tp_families.py:460: DeprecationWarning: Use torch_xla.sync instead
  xm.mark_step()
/home/ubuntu/train_gpt10b_tp_families.py:460: DeprecationWarning: Use torch_xla.sync instead
  xm.mark_step()
/home/ubuntu/train_gpt10b_tp_families.py:460: DeprecationWarning: Use torch_xla.sync instead
  xm.mark_step()
/home/ubuntu/train_gpt10b_tp_families.py:460: DeprecationWarning: Use torch_xla.sync instead
  xm.mark_step()
/home/ubuntu/train_gpt10b_tp_families.py:460: DeprecationWarning: Use torch_xla.sync instead
  xm.mark_step()
/home/ubuntu/train_gpt10b_tp_families.py:460: DeprecationWarning: Use torch_xla.sync instead
  xm.mark_step()
/home/ubuntu/train_gpt10b_tp_families.py:460: DeprecationWarning: Use torch_xla.sync instead
  xm.mark_step()
2026-09-09 09:30:51.000385:  191610  [INFO]: Using a cached neff at /home/ubuntu/neuron_cache_e2e/neuronxcc-2.23.6484.0+3b612583/MODULE_8628471563315418426+e30acd3a/model.neff
2026-09-09 09:30:51.000385:  191618  [INFO]: Using a cached neff at /home/ubuntu/neuron_cache_e2e/neuronxcc-2.23.6484.0+3b612583/MODULE_8628471563315418426+e30acd3a/model.neff
2026-09-09 09:30:51.000385:  191611  [INFO]: Using a cached neff at /home/ubuntu/neuron_cache_e2e/neuronxcc-2.23.6484.0+3b612583/MODULE_8628471563315418426+e30acd3a/model.neff
2026-09-09 09:30:51.000386:  191622  [INFO]: Using a cached neff at /home/ubuntu/neuron_cache_e2e/neuronxcc-2.23.6484.0+3b612583/MODULE_8628471563315418426+e30acd3a/model.neff
2026-09-09 09:30:51.000386:  191620  [INFO]: Using a cached neff at /home/ubuntu/neuron_cache_e2e/neuronxcc-2.23.6484.0+3b612583/MODULE_8628471563315418426+e30acd3a/model.neff
2026-09-09 09:30:51.000386:  191630  [INFO]: Using a cached neff at /home/ubuntu/neuron_cache_e2e/neuronxcc-2.23.6484.0+3b612583/MODULE_8628471563315418426+e30acd3a/model.neff
2026-09-09 09:30:51.000386:  191616  [INFO]: Using a cached neff at /home/ubuntu/neuron_cache_e2e/neuronxcc-2.23.6484.0+3b612583/MODULE_8628471563315418426+e30acd3a/model.neff
2026-09-09 09:30:51.000387:  191636  [INFO]: Using a cached neff at /home/ubuntu/neuron_cache_e2e/neuronxcc-2.23.6484.0+3b612583/MODULE_8628471563315418426+e30acd3a/model.neff
2026-09-09 09:30:51.000388:  191637  [INFO]: Using a cached neff at /home/ubuntu/neuron_cache_e2e/neuronxcc-2.23.6484.0+3b612583/MODULE_8628471563315418426+e30acd3a/model.neff
2026-09-09 09:30:51.000388:  191631  [INFO]: Using a cached neff at /home/ubuntu/neuron_cache_e2e/neuronxcc-2.23.6484.0+3b612583/MODULE_8628471563315418426+e30acd3a/model.neff
2026-09-09 09:30:51.000389:  191607  [INFO]: Using a cached neff at /home/ubuntu/neuron_cache_e2e/neuronxcc-2.23.6484.0+3b612583/MODULE_8628471563315418426+e30acd3a/model.neff
2026-09-09 09:30:51.000391:  191614  [INFO]: Using a cached neff at /home/ubuntu/neuron_cache_e2e/neuronxcc-2.23.6484.0+3b612583/MODULE_8628471563315418426+e30acd3a/model.neff
2026-09-09 09:30:51.000392:  191624  [INFO]: Using a cached neff at /home/ubuntu/neuron_cache_e2e/neuronxcc-2.23.6484.0+3b612583/MODULE_8628471563315418426+e30acd3a/model.neff
2026-09-09 09:30:51.000393:  191608  [INFO]: Using a cached neff at /home/ubuntu/neuron_cache_e2e/neuronxcc-2.23.6484.0+3b612583/MODULE_8628471563315418426+e30acd3a/model.neff
2026-09-09 09:30:51.000393:  191615  [INFO]: Using a cached neff at /home/ubuntu/neuron_cache_e2e/neuronxcc-2.23.6484.0+3b612583/MODULE_8628471563315418426+e30acd3a/model.neff
2026-09-09 09:30:51.000395:  191629  [INFO]: Using a cached neff at /home/ubuntu/neuron_cache_e2e/neuronxcc-2.23.6484.0+3b612583/MODULE_8628471563315418426+e30acd3a/model.neff
2026-09-09 09:30:51.000396:  191619  [INFO]: Using a cached neff at /home/ubuntu/neuron_cache_e2e/neuronxcc-2.23.6484.0+3b612583/MODULE_8628471563315418426+e30acd3a/model.neff
2026-09-09 09:30:51.000397:  191612  [INFO]: Using a cached neff at /home/ubuntu/neuron_cache_e2e/neuronxcc-2.23.6484.0+3b612583/MODULE_8628471563315418426+e30acd3a/model.neff
2026-09-09 09:30:51.000398:  191628  [INFO]: Using a cached neff at /home/ubuntu/neuron_cache_e2e/neuronxcc-2.23.6484.0+3b612583/MODULE_8628471563315418426+e30acd3a/model.neff
2026-09-09 09:30:51.000398:  191633  [INFO]: Using a cached neff at /home/ubuntu/neuron_cache_e2e/neuronxcc-2.23.6484.0+3b612583/MODULE_8628471563315418426+e30acd3a/model.neff
2026-09-09 09:30:51.000399:  191623  [INFO]: Using a cached neff at /home/ubuntu/neuron_cache_e2e/neuronxcc-2.23.6484.0+3b612583/MODULE_8628471563315418426+e30acd3a/model.neff
2026-09-09 09:30:51.000400:  191613  [INFO]: Using a cached neff at /home/ubuntu/neuron_cache_e2e/neuronxcc-2.23.6484.0+3b612583/MODULE_8628471563315418426+e30acd3a/model.neff
2026-09-09 09:30:51.000401:  191625  [INFO]: Using a cached neff at /home/ubuntu/neuron_cache_e2e/neuronxcc-2.23.6484.0+3b612583/MODULE_8628471563315418426+e30acd3a/model.neff
2026-09-09 09:30:51.000402:  191617  [INFO]: Using a cached neff at /home/ubuntu/neuron_cache_e2e/neuronxcc-2.23.6484.0+3b612583/MODULE_8628471563315418426+e30acd3a/model.neff
2026-09-09 09:30:51.000403:  191627  [INFO]: Using a cached neff at /home/ubuntu/neuron_cache_e2e/neuronxcc-2.23.6484.0+3b612583/MODULE_8628471563315418426+e30acd3a/model.neff
/home/ubuntu/train_gpt10b_tp_families.py:466: DeprecationWarning: Use torch_xla.sync instead
  xm.mark_step()
/home/ubuntu/train_gpt10b_tp_families.py:466: DeprecationWarning: Use torch_xla.sync instead
  xm.mark_step()
/home/ubuntu/train_gpt10b_tp_families.py:466: DeprecationWarning: Use torch_xla.sync instead
  xm.mark_step()
/home/ubuntu/train_gpt10b_tp_families.py:466: DeprecationWarning: Use torch_xla.sync instead
  xm.mark_step()
/home/ubuntu/train_gpt10b_tp_families.py:466: DeprecationWarning: Use torch_xla.sync instead
  xm.mark_step()
/home/ubuntu/train_gpt10b_tp_families.py:466: DeprecationWarning: Use torch_xla.sync instead
  xm.mark_step()
2026-09-09 09:30:51.000406:  191626  [INFO]: Using a cached neff at /home/ubuntu/neuron_cache_e2e/neuronxcc-2.23.6484.0+3b612583/MODULE_8628471563315418426+e30acd3a/model.neff
2026-09-09 09:30:51.000406:  191621  [INFO]: Using a cached neff at /home/ubuntu/neuron_cache_e2e/neuronxcc-2.23.6484.0+3b612583/MODULE_8628471563315418426+e30acd3a/model.neff
/home/ubuntu/train_gpt10b_tp_families.py:466: DeprecationWarning: Use torch_xla.sync instead
  xm.mark_step()
/home/ubuntu/train_gpt10b_tp_families.py:466: DeprecationWarning: Use torch_xla.sync instead
  xm.mark_step()
/home/ubuntu/train_gpt10b_tp_families.py:466: DeprecationWarning: Use torch_xla.sync instead
  xm.mark_step()
2026-09-09 09:30:51.000407:  191635  [INFO]: Using a cached neff at /home/ubuntu/neuron_cache_e2e/neuronxcc-2.23.6484.0+3b612583/MODULE_8628471563315418426+e30acd3a/model.neff
2026-09-09 09:30:51.000408:  191609  [INFO]: Using a cached neff at /home/ubuntu/neuron_cache_e2e/neuronxcc-2.23.6484.0+3b612583/MODULE_8628471563315418426+e30acd3a/model.neff
/home/ubuntu/train_gpt10b_tp_families.py:466: DeprecationWarning: Use torch_xla.sync instead
  xm.mark_step()
2026-09-09 09:30:51.000409:  191632  [INFO]: Using a cached neff at /home/ubuntu/neuron_cache_e2e/neuronxcc-2.23.6484.0+3b612583/MODULE_8628471563315418426+e30acd3a/model.neff
2026-09-09 09:30:51.000409:  191634  [INFO]: Using a cached neff at /home/ubuntu/neuron_cache_e2e/neuronxcc-2.23.6484.0+3b612583/MODULE_8628471563315418426+e30acd3a/model.neff
2026-09-09 09:30:51.000410:  191606  [INFO]: Using a cached neff at /home/ubuntu/neuron_cache_e2e/neuronxcc-2.23.6484.0+3b612583/MODULE_8628471563315418426+e30acd3a/model.neff
/home/ubuntu/train_gpt10b_tp_families.py:466: DeprecationWarning: Use torch_xla.sync instead
  xm.mark_step()
/home/ubuntu/train_gpt10b_tp_families.py:466: DeprecationWarning: Use torch_xla.sync instead
  xm.mark_step()
/home/ubuntu/train_gpt10b_tp_families.py:466: DeprecationWarning: Use torch_xla.sync instead
  xm.mark_step()
/home/ubuntu/train_gpt10b_tp_families.py:466: DeprecationWarning: Use torch_xla.sync instead
  xm.mark_step()
/home/ubuntu/train_gpt10b_tp_families.py:466: DeprecationWarning: Use torch_xla.sync instead
  xm.mark_step()
/home/ubuntu/train_gpt10b_tp_families.py:466: DeprecationWarning: Use torch_xla.sync instead
  xm.mark_step()
/home/ubuntu/train_gpt10b_tp_families.py:466: DeprecationWarning: Use torch_xla.sync instead
  xm.mark_step()
/home/ubuntu/train_gpt10b_tp_families.py:466: DeprecationWarning: Use torch_xla.sync instead
  xm.mark_step()
/home/ubuntu/train_gpt10b_tp_families.py:466: DeprecationWarning: Use torch_xla.sync instead
  xm.mark_step()
/home/ubuntu/train_gpt10b_tp_families.py:466: DeprecationWarning: Use torch_xla.sync instead
  xm.mark_step()
/home/ubuntu/train_gpt10b_tp_families.py:466: DeprecationWarning: Use torch_xla.sync instead
  xm.mark_step()
/home/ubuntu/train_gpt10b_tp_families.py:466: DeprecationWarning: Use torch_xla.sync instead
  xm.mark_step()
/home/ubuntu/train_gpt10b_tp_families.py:466: DeprecationWarning: Use torch_xla.sync instead
  xm.mark_step()
/home/ubuntu/train_gpt10b_tp_families.py:466: DeprecationWarning: Use torch_xla.sync instead
  xm.mark_step()
/home/ubuntu/train_gpt10b_tp_families.py:466: DeprecationWarning: Use torch_xla.sync instead
  xm.mark_step()
/home/ubuntu/train_gpt10b_tp_families.py:466: DeprecationWarning: Use torch_xla.sync instead
  xm.mark_step()
/home/ubuntu/train_gpt10b_tp_families.py:466: DeprecationWarning: Use torch_xla.sync instead
  xm.mark_step()
/home/ubuntu/train_gpt10b_tp_families.py:466: DeprecationWarning: Use torch_xla.sync instead
  xm.mark_step()
/home/ubuntu/train_gpt10b_tp_families.py:466: DeprecationWarning: Use torch_xla.sync instead
  xm.mark_step()
/home/ubuntu/train_gpt10b_tp_families.py:466: DeprecationWarning: Use torch_xla.sync instead
  xm.mark_step()
/home/ubuntu/train_gpt10b_tp_families.py:466: DeprecationWarning: Use torch_xla.sync instead
  xm.mark_step()
/home/ubuntu/train_gpt10b_tp_families.py:466: DeprecationWarning: Use torch_xla.sync instead
  xm.mark_step()
2026-09-09 09:30:51.000434:  191622  [INFO]: Using a cached neff at /home/ubuntu/neuron_cache_e2e/neuronxcc-2.23.6484.0+3b612583/MODULE_5081436077720620070+e30acd3a/model.neff
2026-09-09 09:30:51.000437:  191637  [INFO]: Using a cached neff at /home/ubuntu/neuron_cache_e2e/neuronxcc-2.23.6484.0+3b612583/MODULE_5081436077720620070+e30acd3a/model.neff
2026-09-09 09:30:51.000437:  191618  [INFO]: Using a cached neff at /home/ubuntu/neuron_cache_e2e/neuronxcc-2.23.6484.0+3b612583/MODULE_5081436077720620070+e30acd3a/model.neff
2026-09-09 09:30:51.000437:  191630  [INFO]: Using a cached neff at /home/ubuntu/neuron_cache_e2e/neuronxcc-2.23.6484.0+3b612583/MODULE_5081436077720620070+e30acd3a/model.neff
2026-09-09 09:30:51.000439:  191611  [INFO]: Using a cached neff at /home/ubuntu/neuron_cache_e2e/neuronxcc-2.23.6484.0+3b612583/MODULE_5081436077720620070+e30acd3a/model.neff
2026-09-09 09:30:51.000441:  191620  [INFO]: Using a cached neff at /home/ubuntu/neuron_cache_e2e/neuronxcc-2.23.6484.0+3b612583/MODULE_5081436077720620070+e30acd3a/model.neff
2026-09-09 09:30:51.000442:  191608  [INFO]: Using a cached neff at /home/ubuntu/neuron_cache_e2e/neuronxcc-2.23.6484.0+3b612583/MODULE_5081436077720620070+e30acd3a/model.neff
2026-09-09 09:30:51.000443:  191636  [INFO]: Using a cached neff at /home/ubuntu/neuron_cache_e2e/neuronxcc-2.23.6484.0+3b612583/MODULE_5081436077720620070+e30acd3a/model.neff
2026-09-09 09:30:51.000444:  191614  [INFO]: Using a cached neff at /home/ubuntu/neuron_cache_e2e/neuronxcc-2.23.6484.0+3b612583/MODULE_5081436077720620070+e30acd3a/model.neff
2026-09-09 09:30:51.000444:  191610  [INFO]: Using a cached neff at /home/ubuntu/neuron_cache_e2e/neuronxcc-2.23.6484.0+3b612583/MODULE_5081436077720620070+e30acd3a/model.neff
2026-09-09 09:30:51.000444:  191616  [INFO]: Using a cached neff at /home/ubuntu/neuron_cache_e2e/neuronxcc-2.23.6484.0+3b612583/MODULE_5081436077720620070+e30acd3a/model.neff
2026-09-09 09:30:51.000445:  191607  [INFO]: Using a cached neff at /home/ubuntu/neuron_cache_e2e/neuronxcc-2.23.6484.0+3b612583/MODULE_5081436077720620070+e30acd3a/model.neff
2026-09-09 09:30:51.000445:  191631  [INFO]: Using a cached neff at /home/ubuntu/neuron_cache_e2e/neuronxcc-2.23.6484.0+3b612583/MODULE_5081436077720620070+e30acd3a/model.neff
2026-09-09 09:30:51.000446:  191624  [INFO]: Using a cached neff at /home/ubuntu/neuron_cache_e2e/neuronxcc-2.23.6484.0+3b612583/MODULE_5081436077720620070+e30acd3a/model.neff
2026-09-09 09:30:51.000446:  191615  [INFO]: Using a cached neff at /home/ubuntu/neuron_cache_e2e/neuronxcc-2.23.6484.0+3b612583/MODULE_5081436077720620070+e30acd3a/model.neff
2026-09-09 09:30:51.000448:  191619  [INFO]: Using a cached neff at /home/ubuntu/neuron_cache_e2e/neuronxcc-2.23.6484.0+3b612583/MODULE_5081436077720620070+e30acd3a/model.neff
2026-09-09 09:30:51.000452:  191629  [INFO]: Using a cached neff at /home/ubuntu/neuron_cache_e2e/neuronxcc-2.23.6484.0+3b612583/MODULE_5081436077720620070+e30acd3a/model.neff
2026-09-09 09:30:51.000453:  191633  [INFO]: Using a cached neff at /home/ubuntu/neuron_cache_e2e/neuronxcc-2.23.6484.0+3b612583/MODULE_5081436077720620070+e30acd3a/model.neff
2026-09-09 09:30:51.000454:  191623  [INFO]: Using a cached neff at /home/ubuntu/neuron_cache_e2e/neuronxcc-2.23.6484.0+3b612583/MODULE_5081436077720620070+e30acd3a/model.neff
2026-09-09 09:30:51.000454:  191617  [INFO]: Using a cached neff at /home/ubuntu/neuron_cache_e2e/neuronxcc-2.23.6484.0+3b612583/MODULE_5081436077720620070+e30acd3a/model.neff
2026-09-09 09:30:51.000457:  191613  [INFO]: Using a cached neff at /home/ubuntu/neuron_cache_e2e/neuronxcc-2.23.6484.0+3b612583/MODULE_5081436077720620070+e30acd3a/model.neff
2026-09-09 09:30:51.000457:  191612  [INFO]: Using a cached neff at /home/ubuntu/neuron_cache_e2e/neuronxcc-2.23.6484.0+3b612583/MODULE_5081436077720620070+e30acd3a/model.neff
2026-09-09 09:30:51.000458:  191621  [INFO]: Using a cached neff at /home/ubuntu/neuron_cache_e2e/neuronxcc-2.23.6484.0+3b612583/MODULE_5081436077720620070+e30acd3a/model.neff
2026-09-09 09:30:51.000459:  191626  [INFO]: Using a cached neff at /home/ubuntu/neuron_cache_e2e/neuronxcc-2.23.6484.0+3b612583/MODULE_5081436077720620070+e30acd3a/model.neff
2026-09-09 09:30:51.000459:  191609  [INFO]: Using a cached neff at /home/ubuntu/neuron_cache_e2e/neuronxcc-2.23.6484.0+3b612583/MODULE_5081436077720620070+e30acd3a/model.neff
2026-09-09 09:30:51.000461:  191625  [INFO]: Using a cached neff at /home/ubuntu/neuron_cache_e2e/neuronxcc-2.23.6484.0+3b612583/MODULE_5081436077720620070+e30acd3a/model.neff
2026-09-09 09:30:51.000463:  191628  [INFO]: Using a cached neff at /home/ubuntu/neuron_cache_e2e/neuronxcc-2.23.6484.0+3b612583/MODULE_5081436077720620070+e30acd3a/model.neff
2026-09-09 09:30:51.000464:  191606  [INFO]: Using a cached neff at /home/ubuntu/neuron_cache_e2e/neuronxcc-2.23.6484.0+3b612583/MODULE_5081436077720620070+e30acd3a/model.neff
2026-09-09 09:30:51.000464:  191627  [INFO]: Using a cached neff at /home/ubuntu/neuron_cache_e2e/neuronxcc-2.23.6484.0+3b612583/MODULE_5081436077720620070+e30acd3a/model.neff
2026-09-09 09:30:51.000468:  191635  [INFO]: Using a cached neff at /home/ubuntu/neuron_cache_e2e/neuronxcc-2.23.6484.0+3b612583/MODULE_5081436077720620070+e30acd3a/model.neff
2026-09-09 09:30:51.000469:  191634  [INFO]: Using a cached neff at /home/ubuntu/neuron_cache_e2e/neuronxcc-2.23.6484.0+3b612583/MODULE_5081436077720620070+e30acd3a/model.neff
2026-09-09 09:30:51.000469:  191632  [INFO]: Using a cached neff at /home/ubuntu/neuron_cache_e2e/neuronxcc-2.23.6484.0+3b612583/MODULE_5081436077720620070+e30acd3a/model.neff
/home/ubuntu/train_gpt10b_tp_families.py:470: DeprecationWarning: Use torch_xla.sync instead
  xm.mark_step()
/home/ubuntu/train_gpt10b_tp_families.py:470: DeprecationWarning: Use torch_xla.sync instead
  xm.mark_step()
/home/ubuntu/train_gpt10b_tp_families.py:470: DeprecationWarning: Use torch_xla.sync instead
  xm.mark_step()
/home/ubuntu/train_gpt10b_tp_families.py:470: DeprecationWarning: Use torch_xla.sync instead
  xm.mark_step()
/home/ubuntu/train_gpt10b_tp_families.py:470: DeprecationWarning: Use torch_xla.sync instead
  xm.mark_step()
/home/ubuntu/train_gpt10b_tp_families.py:470: DeprecationWarning: Use torch_xla.sync instead
  xm.mark_step()
/home/ubuntu/train_gpt10b_tp_families.py:470: DeprecationWarning: Use torch_xla.sync instead
  xm.mark_step()
/home/ubuntu/train_gpt10b_tp_families.py:470: DeprecationWarning: Use torch_xla.sync instead
  xm.mark_step()
/home/ubuntu/train_gpt10b_tp_families.py:470: DeprecationWarning: Use torch_xla.sync instead
  xm.mark_step()
/home/ubuntu/train_gpt10b_tp_families.py:470: DeprecationWarning: Use torch_xla.sync instead
  xm.mark_step()
/home/ubuntu/train_gpt10b_tp_families.py:470: DeprecationWarning: Use torch_xla.sync instead
  xm.mark_step()
/home/ubuntu/train_gpt10b_tp_families.py:470: DeprecationWarning: Use torch_xla.sync instead
  xm.mark_step()
/home/ubuntu/train_gpt10b_tp_families.py:470: DeprecationWarning: Use torch_xla.sync instead
  xm.mark_step()
/home/ubuntu/train_gpt10b_tp_families.py:470: DeprecationWarning: Use torch_xla.sync instead
  xm.mark_step()
/home/ubuntu/train_gpt10b_tp_families.py:470: DeprecationWarning: Use torch_xla.sync instead
  xm.mark_step()
/home/ubuntu/train_gpt10b_tp_families.py:470: DeprecationWarning: Use torch_xla.sync instead
  xm.mark_step()
/home/ubuntu/train_gpt10b_tp_families.py:470: DeprecationWarning: Use torch_xla.sync instead
  xm.mark_step()
/home/ubuntu/train_gpt10b_tp_families.py:470: DeprecationWarning: Use torch_xla.sync instead
  xm.mark_step()
/home/ubuntu/train_gpt10b_tp_families.py:470: DeprecationWarning: Use torch_xla.sync instead
  xm.mark_step()
/home/ubuntu/train_gpt10b_tp_families.py:470: DeprecationWarning: Use torch_xla.sync instead
  xm.mark_step()
/home/ubuntu/train_gpt10b_tp_families.py:470: DeprecationWarning: Use torch_xla.sync instead
  xm.mark_step()
/home/ubuntu/train_gpt10b_tp_families.py:470: DeprecationWarning: Use torch_xla.sync instead
  xm.mark_step()
/home/ubuntu/train_gpt10b_tp_families.py:470: DeprecationWarning: Use torch_xla.sync instead
  xm.mark_step()
/home/ubuntu/train_gpt10b_tp_families.py:470: DeprecationWarning: Use torch_xla.sync instead
  xm.mark_step()
/home/ubuntu/train_gpt10b_tp_families.py:470: DeprecationWarning: Use torch_xla.sync instead
  xm.mark_step()
/home/ubuntu/train_gpt10b_tp_families.py:470: DeprecationWarning: Use torch_xla.sync instead
  xm.mark_step()
/home/ubuntu/train_gpt10b_tp_families.py:470: DeprecationWarning: Use torch_xla.sync instead
  xm.mark_step()
/home/ubuntu/train_gpt10b_tp_families.py:470: DeprecationWarning: Use torch_xla.sync instead
  xm.mark_step()
/home/ubuntu/train_gpt10b_tp_families.py:470: DeprecationWarning: Use torch_xla.sync instead
  xm.mark_step()
/home/ubuntu/train_gpt10b_tp_families.py:470: DeprecationWarning: Use torch_xla.sync instead
  xm.mark_step()
/home/ubuntu/train_gpt10b_tp_families.py:470: DeprecationWarning: Use torch_xla.sync instead
  xm.mark_step()
/home/ubuntu/train_gpt10b_tp_families.py:470: DeprecationWarning: Use torch_xla.sync instead
  xm.mark_step()
2026-09-09 09:30:51.000734:  191616  [INFO]: Using a cached neff at /home/ubuntu/neuron_cache_e2e/neuronxcc-2.23.6484.0+3b612583/MODULE_3998928090034575772+e30acd3a/model.neff
2026-09-09 09:30:51.000734:  191626  [INFO]: Using a cached neff at /home/ubuntu/neuron_cache_e2e/neuronxcc-2.23.6484.0+3b612583/MODULE_3998928090034575772+e30acd3a/model.neff
2026-09-09 09:30:51.000735:  191631  [INFO]: Using a cached neff at /home/ubuntu/neuron_cache_e2e/neuronxcc-2.23.6484.0+3b612583/MODULE_3998928090034575772+e30acd3a/model.neff
2026-09-09 09:30:51.000735:  191606  [INFO]: Using a cached neff at /home/ubuntu/neuron_cache_e2e/neuronxcc-2.23.6484.0+3b612583/MODULE_3998928090034575772+e30acd3a/model.neff
2026-09-09 09:30:51.000735:  191607  [INFO]: Using a cached neff at /home/ubuntu/neuron_cache_e2e/neuronxcc-2.23.6484.0+3b612583/MODULE_3998928090034575772+e30acd3a/model.neff
2026-09-09 09:30:51.000735:  191622  [INFO]: Using a cached neff at /home/ubuntu/neuron_cache_e2e/neuronxcc-2.23.6484.0+3b612583/MODULE_3998928090034575772+e30acd3a/model.neff
2026-09-09 09:30:51.000735:  191610  [INFO]: Using a cached neff at /home/ubuntu/neuron_cache_e2e/neuronxcc-2.23.6484.0+3b612583/MODULE_3998928090034575772+e30acd3a/model.neff
2026-09-09 09:30:51.000735:  191633  [INFO]: Using a cached neff at /home/ubuntu/neuron_cache_e2e/neuronxcc-2.23.6484.0+3b612583/MODULE_3998928090034575772+e30acd3a/model.neff
2026-09-09 09:30:51.000736:  191613  [INFO]: Using a cached neff at /home/ubuntu/neuron_cache_e2e/neuronxcc-2.23.6484.0+3b612583/MODULE_3998928090034575772+e30acd3a/model.neff
2026-09-09 09:30:51.000737:  191629  [INFO]: Using a cached neff at /home/ubuntu/neuron_cache_e2e/neuronxcc-2.23.6484.0+3b612583/MODULE_3998928090034575772+e30acd3a/model.neff
2026-09-09 09:30:51.000738:  191611  [INFO]: Using a cached neff at /home/ubuntu/neuron_cache_e2e/neuronxcc-2.23.6484.0+3b612583/MODULE_3998928090034575772+e30acd3a/model.neff
2026-09-09 09:30:51.000738:  191621  [INFO]: Using a cached neff at /home/ubuntu/neuron_cache_e2e/neuronxcc-2.23.6484.0+3b612583/MODULE_3998928090034575772+e30acd3a/model.neff
2026-09-09 09:30:51.000739:  191623  [INFO]: Using a cached neff at /home/ubuntu/neuron_cache_e2e/neuronxcc-2.23.6484.0+3b612583/MODULE_3998928090034575772+e30acd3a/model.neff
2026-09-09 09:30:51.000740:  191628  [INFO]: Using a cached neff at /home/ubuntu/neuron_cache_e2e/neuronxcc-2.23.6484.0+3b612583/MODULE_3998928090034575772+e30acd3a/model.neff
2026-09-09 09:30:51.000741:  191624  [INFO]: Using a cached neff at /home/ubuntu/neuron_cache_e2e/neuronxcc-2.23.6484.0+3b612583/MODULE_3998928090034575772+e30acd3a/model.neff
2026-09-09 09:30:51.000742:  191627  [INFO]: Using a cached neff at /home/ubuntu/neuron_cache_e2e/neuronxcc-2.23.6484.0+3b612583/MODULE_3998928090034575772+e30acd3a/model.neff
2026-09-09 09:30:51.000742:  191615  [INFO]: Using a cached neff at /home/ubuntu/neuron_cache_e2e/neuronxcc-2.23.6484.0+3b612583/MODULE_3998928090034575772+e30acd3a/model.neff
2026-09-09 09:30:51.000743:  191614  [INFO]: Using a cached neff at /home/ubuntu/neuron_cache_e2e/neuronxcc-2.23.6484.0+3b612583/MODULE_3998928090034575772+e30acd3a/model.neff
/home/ubuntu/train_gpt10b_tp_families.py:497: DeprecationWarning: Use torch_xla.sync instead
  xm.mark_step()
/home/ubuntu/train_gpt10b_tp_families.py:497: DeprecationWarning: Use torch_xla.sync instead
  xm.mark_step()
/home/ubuntu/train_gpt10b_tp_families.py:497: DeprecationWarning: Use torch_xla.sync instead
  xm.mark_step()
/home/ubuntu/train_gpt10b_tp_families.py:497: DeprecationWarning: Use torch_xla.sync instead
  xm.mark_step()
/home/ubuntu/train_gpt10b_tp_families.py:497: DeprecationWarning: Use torch_xla.sync instead
  xm.mark_step()
2026-09-09 09:30:51.000745:  191630  [INFO]: Using a cached neff at /home/ubuntu/neuron_cache_e2e/neuronxcc-2.23.6484.0+3b612583/MODULE_3998928090034575772+e30acd3a/model.neff
/home/ubuntu/train_gpt10b_tp_families.py:497: DeprecationWarning: Use torch_xla.sync instead
  xm.mark_step()
/home/ubuntu/train_gpt10b_tp_families.py:497: DeprecationWarning: Use torch_xla.sync instead
  xm.mark_step()
/home/ubuntu/train_gpt10b_tp_families.py:497: DeprecationWarning: Use torch_xla.sync instead
  xm.mark_step()
2026-09-09 09:30:51.000746:  191612  [INFO]: Using a cached neff at /home/ubuntu/neuron_cache_e2e/neuronxcc-2.23.6484.0+3b612583/MODULE_3998928090034575772+e30acd3a/model.neff
/home/ubuntu/train_gpt10b_tp_families.py:497: DeprecationWarning: Use torch_xla.sync instead
  xm.mark_step()
2026-09-09 09:30:51.000748:  191634  [INFO]: Using a cached neff at /home/ubuntu/neuron_cache_e2e/neuronxcc-2.23.6484.0+3b612583/MODULE_3998928090034575772+e30acd3a/model.neff
/home/ubuntu/train_gpt10b_tp_families.py:497: DeprecationWarning: Use torch_xla.sync instead
  xm.mark_step()
2026-09-09 09:30:51.000748:  191632  [INFO]: Using a cached neff at /home/ubuntu/neuron_cache_e2e/neuronxcc-2.23.6484.0+3b612583/MODULE_3998928090034575772+e30acd3a/model.neff
2026-09-09 09:30:51.000749:  191625  [INFO]: Using a cached neff at /home/ubuntu/neuron_cache_e2e/neuronxcc-2.23.6484.0+3b612583/MODULE_3998928090034575772+e30acd3a/model.neff
/home/ubuntu/train_gpt10b_tp_families.py:497: DeprecationWarning: Use torch_xla.sync instead
  xm.mark_step()
/home/ubuntu/train_gpt10b_tp_families.py:497: DeprecationWarning: Use torch_xla.sync instead
  xm.mark_step()
2026-09-09 09:30:51.000750:  191637  [INFO]: Using a cached neff at /home/ubuntu/neuron_cache_e2e/neuronxcc-2.23.6484.0+3b612583/MODULE_3998928090034575772+e30acd3a/model.neff
2026-09-09 09:30:51.000750:  191617  [INFO]: Using a cached neff at /home/ubuntu/neuron_cache_e2e/neuronxcc-2.23.6484.0+3b612583/MODULE_3998928090034575772+e30acd3a/model.neff
/home/ubuntu/train_gpt10b_tp_families.py:497: DeprecationWarning: Use torch_xla.sync instead
  xm.mark_step()
2026-09-09 09:30:51.000751:  191618  [INFO]: Using a cached neff at /home/ubuntu/neuron_cache_e2e/neuronxcc-2.23.6484.0+3b612583/MODULE_3998928090034575772+e30acd3a/model.neff
/home/ubuntu/train_gpt10b_tp_families.py:497: DeprecationWarning: Use torch_xla.sync instead
  xm.mark_step()
/home/ubuntu/train_gpt10b_tp_families.py:497: DeprecationWarning: Use torch_xla.sync instead
  xm.mark_step()
2026-09-09 09:30:51.000752:  191636  [INFO]: Using a cached neff at /home/ubuntu/neuron_cache_e2e/neuronxcc-2.23.6484.0+3b612583/MODULE_3998928090034575772+e30acd3a/model.neff
2026-09-09 09:30:51.000753:  191619  [INFO]: Using a cached neff at /home/ubuntu/neuron_cache_e2e/neuronxcc-2.23.6484.0+3b612583/MODULE_3998928090034575772+e30acd3a/model.neff
/home/ubuntu/train_gpt10b_tp_families.py:497: DeprecationWarning: Use torch_xla.sync instead
  xm.mark_step()
2026-09-09 09:30:51.000754:  191608  [INFO]: Using a cached neff at /home/ubuntu/neuron_cache_e2e/neuronxcc-2.23.6484.0+3b612583/MODULE_3998928090034575772+e30acd3a/model.neff
/home/ubuntu/train_gpt10b_tp_families.py:497: DeprecationWarning: Use torch_xla.sync instead
  xm.mark_step()
2026-09-09 09:30:51.000755:  191620  [INFO]: Using a cached neff at /home/ubuntu/neuron_cache_e2e/neuronxcc-2.23.6484.0+3b612583/MODULE_3998928090034575772+e30acd3a/model.neff
2026-09-09 09:30:51.000756:  191610  [INFO]: Using a cached neff at /home/ubuntu/neuron_cache_e2e/neuronxcc-2.23.6484.0+3b612583/MODULE_11746872319423899861+e30acd3a/model.neff
/home/ubuntu/train_gpt10b_tp_families.py:497: DeprecationWarning: Use torch_xla.sync instead
  xm.mark_step()
/home/ubuntu/train_gpt10b_tp_families.py:497: DeprecationWarning: Use torch_xla.sync instead
  xm.mark_step()
2026-09-09 09:30:51.000757:  191635  [INFO]: Using a cached neff at /home/ubuntu/neuron_cache_e2e/neuronxcc-2.23.6484.0+3b612583/MODULE_3998928090034575772+e30acd3a/model.neff
2026-09-09 09:30:51.000757:  191626  [INFO]: Using a cached neff at /home/ubuntu/neuron_cache_e2e/neuronxcc-2.23.6484.0+3b612583/MODULE_11746872319423899861+e30acd3a/model.neff
2026-09-09 09:30:51.000759:  191609  [INFO]: Using a cached neff at /home/ubuntu/neuron_cache_e2e/neuronxcc-2.23.6484.0+3b612583/MODULE_3998928090034575772+e30acd3a/model.neff
/home/ubuntu/train_gpt10b_tp_families.py:497: DeprecationWarning: Use torch_xla.sync instead
  xm.mark_step()
/home/ubuntu/train_gpt10b_tp_families.py:497: DeprecationWarning: Use torch_xla.sync instead
  xm.mark_step()
2026-09-09 09:30:51.000759:  191631  [INFO]: Using a cached neff at /home/ubuntu/neuron_cache_e2e/neuronxcc-2.23.6484.0+3b612583/MODULE_11746872319423899861+e30acd3a/model.neff
2026-09-09 09:30:51.000761:  191629  [INFO]: Using a cached neff at /home/ubuntu/neuron_cache_e2e/neuronxcc-2.23.6484.0+3b612583/MODULE_11746872319423899861+e30acd3a/model.neff
/home/ubuntu/train_gpt10b_tp_families.py:497: DeprecationWarning: Use torch_xla.sync instead
  xm.mark_step()
/home/ubuntu/train_gpt10b_tp_families.py:497: DeprecationWarning: Use torch_xla.sync instead
  xm.mark_step()
2026-09-09 09:30:51.000761:  191622  [INFO]: Using a cached neff at /home/ubuntu/neuron_cache_e2e/neuronxcc-2.23.6484.0+3b612583/MODULE_11746872319423899861+e30acd3a/model.neff
/home/ubuntu/train_gpt10b_tp_families.py:497: DeprecationWarning: Use torch_xla.sync instead
  xm.mark_step()
2026-09-09 09:30:51.000762:  191616  [INFO]: Using a cached neff at /home/ubuntu/neuron_cache_e2e/neuronxcc-2.23.6484.0+3b612583/MODULE_11746872319423899861+e30acd3a/model.neff
2026-09-09 09:30:51.000762:  191607  [INFO]: Using a cached neff at /home/ubuntu/neuron_cache_e2e/neuronxcc-2.23.6484.0+3b612583/MODULE_11746872319423899861+e30acd3a/model.neff
/home/ubuntu/train_gpt10b_tp_families.py:497: DeprecationWarning: Use torch_xla.sync instead
  xm.mark_step()
2026-09-09 09:30:51.000762:  191633  [INFO]: Using a cached neff at /home/ubuntu/neuron_cache_e2e/neuronxcc-2.23.6484.0+3b612583/MODULE_11746872319423899861+e30acd3a/model.neff
2026-09-09 09:30:51.000763:  191621  [INFO]: Using a cached neff at /home/ubuntu/neuron_cache_e2e/neuronxcc-2.23.6484.0+3b612583/MODULE_11746872319423899861+e30acd3a/model.neff
2026-09-09 09:30:51.000763:  191613  [INFO]: Using a cached neff at /home/ubuntu/neuron_cache_e2e/neuronxcc-2.23.6484.0+3b612583/MODULE_11746872319423899861+e30acd3a/model.neff
/home/ubuntu/train_gpt10b_tp_families.py:497: DeprecationWarning: Use torch_xla.sync instead
  xm.mark_step()
2026-09-09 09:30:51.000763:  191611  [INFO]: Using a cached neff at /home/ubuntu/neuron_cache_e2e/neuronxcc-2.23.6484.0+3b612583/MODULE_11746872319423899861+e30acd3a/model.neff
2026-09-09 09:30:51.000764:  191606  [INFO]: Using a cached neff at /home/ubuntu/neuron_cache_e2e/neuronxcc-2.23.6484.0+3b612583/MODULE_11746872319423899861+e30acd3a/model.neff
/home/ubuntu/train_gpt10b_tp_families.py:497: DeprecationWarning: Use torch_xla.sync instead
  xm.mark_step()
2026-09-09 09:30:51.000764:  191623  [INFO]: Using a cached neff at /home/ubuntu/neuron_cache_e2e/neuronxcc-2.23.6484.0+3b612583/MODULE_11746872319423899861+e30acd3a/model.neff
2026-09-09 09:30:51.000764:  191627  [INFO]: Using a cached neff at /home/ubuntu/neuron_cache_e2e/neuronxcc-2.23.6484.0+3b612583/MODULE_11746872319423899861+e30acd3a/model.neff
/home/ubuntu/train_gpt10b_tp_families.py:497: DeprecationWarning: Use torch_xla.sync instead
  xm.mark_step()
2026-09-09 09:30:51.000765:  191615  [INFO]: Using a cached neff at /home/ubuntu/neuron_cache_e2e/neuronxcc-2.23.6484.0+3b612583/MODULE_11746872319423899861+e30acd3a/model.neff
/home/ubuntu/train_gpt10b_tp_families.py:497: DeprecationWarning: Use torch_xla.sync instead
  xm.mark_step()
2026-09-09 09:30:51.000767:  191628  [INFO]: Using a cached neff at /home/ubuntu/neuron_cache_e2e/neuronxcc-2.23.6484.0+3b612583/MODULE_11746872319423899861+e30acd3a/model.neff
/home/ubuntu/train_gpt10b_tp_families.py:497: DeprecationWarning: Use torch_xla.sync instead
  xm.mark_step()
2026-09-09 09:30:51.000768:  191624  [INFO]: Using a cached neff at /home/ubuntu/neuron_cache_e2e/neuronxcc-2.23.6484.0+3b612583/MODULE_11746872319423899861+e30acd3a/model.neff
2026-09-09 09:30:51.000769:  191612  [INFO]: Using a cached neff at /home/ubuntu/neuron_cache_e2e/neuronxcc-2.23.6484.0+3b612583/MODULE_11746872319423899861+e30acd3a/model.neff
/home/ubuntu/train_gpt10b_tp_families.py:497: DeprecationWarning: Use torch_xla.sync instead
  xm.mark_step()
2026-09-09 09:30:51.000770:  191634  [INFO]: Using a cached neff at /home/ubuntu/neuron_cache_e2e/neuronxcc-2.23.6484.0+3b612583/MODULE_11746872319423899861+e30acd3a/model.neff
/home/ubuntu/train_gpt10b_tp_families.py:497: DeprecationWarning: Use torch_xla.sync instead
  xm.mark_step()
2026-09-09 09:30:51.000771:  191614  [INFO]: Using a cached neff at /home/ubuntu/neuron_cache_e2e/neuronxcc-2.23.6484.0+3b612583/MODULE_11746872319423899861+e30acd3a/model.neff
2026-09-09 09:30:51.000771:  191630  [INFO]: Using a cached neff at /home/ubuntu/neuron_cache_e2e/neuronxcc-2.23.6484.0+3b612583/MODULE_11746872319423899861+e30acd3a/model.neff
2026-09-09 09:30:51.000773:  191632  [INFO]: Using a cached neff at /home/ubuntu/neuron_cache_e2e/neuronxcc-2.23.6484.0+3b612583/MODULE_11746872319423899861+e30acd3a/model.neff
2026-09-09 09:30:51.000774:  191637  [INFO]: Using a cached neff at /home/ubuntu/neuron_cache_e2e/neuronxcc-2.23.6484.0+3b612583/MODULE_11746872319423899861+e30acd3a/model.neff
2026-09-09 09:30:51.000774:  191617  [INFO]: Using a cached neff at /home/ubuntu/neuron_cache_e2e/neuronxcc-2.23.6484.0+3b612583/MODULE_11746872319423899861+e30acd3a/model.neff
2026-09-09 09:30:51.000775:  191618  [INFO]: Using a cached neff at /home/ubuntu/neuron_cache_e2e/neuronxcc-2.23.6484.0+3b612583/MODULE_11746872319423899861+e30acd3a/model.neff
2026-09-09 09:30:51.000775:  191625  [INFO]: Using a cached neff at /home/ubuntu/neuron_cache_e2e/neuronxcc-2.23.6484.0+3b612583/MODULE_11746872319423899861+e30acd3a/model.neff
2026-09-09 09:30:51.000776:  191636  [INFO]: Using a cached neff at /home/ubuntu/neuron_cache_e2e/neuronxcc-2.23.6484.0+3b612583/MODULE_11746872319423899861+e30acd3a/model.neff
2026-09-09 09:30:51.000777:  191608  [INFO]: Using a cached neff at /home/ubuntu/neuron_cache_e2e/neuronxcc-2.23.6484.0+3b612583/MODULE_11746872319423899861+e30acd3a/model.neff
2026-09-09 09:30:51.000779:  191620  [INFO]: Using a cached neff at /home/ubuntu/neuron_cache_e2e/neuronxcc-2.23.6484.0+3b612583/MODULE_11746872319423899861+e30acd3a/model.neff
2026-09-09 09:30:51.000782:  191619  [INFO]: Using a cached neff at /home/ubuntu/neuron_cache_e2e/neuronxcc-2.23.6484.0+3b612583/MODULE_11746872319423899861+e30acd3a/model.neff
2026-09-09 09:30:51.000783:  191609  [INFO]: Using a cached neff at /home/ubuntu/neuron_cache_e2e/neuronxcc-2.23.6484.0+3b612583/MODULE_11746872319423899861+e30acd3a/model.neff
2026-09-09 09:30:51.000783:  191635  [INFO]: Using a cached neff at /home/ubuntu/neuron_cache_e2e/neuronxcc-2.23.6484.0+3b612583/MODULE_11746872319423899861+e30acd3a/model.neff
2026-09-09 09:30:51.000972:  191618  [INFO]: Using a cached neff at /home/ubuntu/neuron_cache_e2e/neuronxcc-2.23.6484.0+3b612583/MODULE_7975248746759498216+e30acd3a/model.neff
2026-09-09 09:30:51.000972:  191624  [INFO]: Using a cached neff at /home/ubuntu/neuron_cache_e2e/neuronxcc-2.23.6484.0+3b612583/MODULE_7975248746759498216+e30acd3a/model.neff
2026-09-09 09:30:51.000973:  191623  [INFO]: Using a cached neff at /home/ubuntu/neuron_cache_e2e/neuronxcc-2.23.6484.0+3b612583/MODULE_7975248746759498216+e30acd3a/model.neff
2026-09-09 09:30:51.000974:  191608  [INFO]: Using a cached neff at /home/ubuntu/neuron_cache_e2e/neuronxcc-2.23.6484.0+3b612583/MODULE_7975248746759498216+e30acd3a/model.neff
2026-09-09 09:30:51.000975:  191609  [INFO]: Using a cached neff at /home/ubuntu/neuron_cache_e2e/neuronxcc-2.23.6484.0+3b612583/MODULE_7975248746759498216+e30acd3a/model.neff
2026-09-09 09:30:51.000975:  191617  [INFO]: Using a cached neff at /home/ubuntu/neuron_cache_e2e/neuronxcc-2.23.6484.0+3b612583/MODULE_7975248746759498216+e30acd3a/model.neff
2026-09-09 09:30:51.000975:  191633  [INFO]: Using a cached neff at /home/ubuntu/neuron_cache_e2e/neuronxcc-2.23.6484.0+3b612583/MODULE_7975248746759498216+e30acd3a/model.neff
2026-09-09 09:30:51.000975:  191615  [INFO]: Using a cached neff at /home/ubuntu/neuron_cache_e2e/neuronxcc-2.23.6484.0+3b612583/MODULE_7975248746759498216+e30acd3a/model.neff
2026-09-09 09:30:51.000977:  191628  [INFO]: Using a cached neff at /home/ubuntu/neuron_cache_e2e/neuronxcc-2.23.6484.0+3b612583/MODULE_7975248746759498216+e30acd3a/model.neff
2026-09-09 09:30:51.000978:  191637  [INFO]: Using a cached neff at /home/ubuntu/neuron_cache_e2e/neuronxcc-2.23.6484.0+3b612583/MODULE_7975248746759498216+e30acd3a/model.neff
2026-09-09 09:30:51.000979:  191612  [INFO]: Using a cached neff at /home/ubuntu/neuron_cache_e2e/neuronxcc-2.23.6484.0+3b612583/MODULE_7975248746759498216+e30acd3a/model.neff
2026-09-09 09:30:51.000980:  191614  [INFO]: Using a cached neff at /home/ubuntu/neuron_cache_e2e/neuronxcc-2.23.6484.0+3b612583/MODULE_7975248746759498216+e30acd3a/model.neff
2026-09-09 09:30:51.000982:  191622  [INFO]: Using a cached neff at /home/ubuntu/neuron_cache_e2e/neuronxcc-2.23.6484.0+3b612583/MODULE_7975248746759498216+e30acd3a/model.neff
2026-09-09 09:30:51.000983:  191631  [INFO]: Using a cached neff at /home/ubuntu/neuron_cache_e2e/neuronxcc-2.23.6484.0+3b612583/MODULE_7975248746759498216+e30acd3a/model.neff
2026-09-09 09:30:51.000983:  191627  [INFO]: Using a cached neff at /home/ubuntu/neuron_cache_e2e/neuronxcc-2.23.6484.0+3b612583/MODULE_7975248746759498216+e30acd3a/model.neff
2026-09-09 09:30:51.000986:  191630  [INFO]: Using a cached neff at /home/ubuntu/neuron_cache_e2e/neuronxcc-2.23.6484.0+3b612583/MODULE_7975248746759498216+e30acd3a/model.neff
2026-09-09 09:30:51.000986:  191626  [INFO]: Using a cached neff at /home/ubuntu/neuron_cache_e2e/neuronxcc-2.23.6484.0+3b612583/MODULE_7975248746759498216+e30acd3a/model.neff
2026-09-09 09:30:51.000987:  191611  [INFO]: Using a cached neff at /home/ubuntu/neuron_cache_e2e/neuronxcc-2.23.6484.0+3b612583/MODULE_7975248746759498216+e30acd3a/model.neff
2026-09-09 09:30:51.000988:  191632  [INFO]: Using a cached neff at /home/ubuntu/neuron_cache_e2e/neuronxcc-2.23.6484.0+3b612583/MODULE_7975248746759498216+e30acd3a/model.neff
2026-09-09 09:30:51.000990:  191613  [INFO]: Using a cached neff at /home/ubuntu/neuron_cache_e2e/neuronxcc-2.23.6484.0+3b612583/MODULE_7975248746759498216+e30acd3a/model.neff
2026-09-09 09:30:51.000991:  191619  [INFO]: Using a cached neff at /home/ubuntu/neuron_cache_e2e/neuronxcc-2.23.6484.0+3b612583/MODULE_7975248746759498216+e30acd3a/model.neff
2026-09-09 09:30:51.000992:  191607  [INFO]: Using a cached neff at /home/ubuntu/neuron_cache_e2e/neuronxcc-2.23.6484.0+3b612583/MODULE_7975248746759498216+e30acd3a/model.neff
2026-09-09 09:30:51.000993:  191636  [INFO]: Using a cached neff at /home/ubuntu/neuron_cache_e2e/neuronxcc-2.23.6484.0+3b612583/MODULE_7975248746759498216+e30acd3a/model.neff
2026-09-09 09:30:51.000995:  191634  [INFO]: Using a cached neff at /home/ubuntu/neuron_cache_e2e/neuronxcc-2.23.6484.0+3b612583/MODULE_7975248746759498216+e30acd3a/model.neff
2026-09-09 09:30:51.000995:  191625  [INFO]: Using a cached neff at /home/ubuntu/neuron_cache_e2e/neuronxcc-2.23.6484.0+3b612583/MODULE_7975248746759498216+e30acd3a/model.neff
2026-09-09 09:30:51.000996:  191616  [INFO]: Using a cached neff at /home/ubuntu/neuron_cache_e2e/neuronxcc-2.23.6484.0+3b612583/MODULE_7975248746759498216+e30acd3a/model.neff
2026-09-09 09:30:51.000997:  191610  [INFO]: Using a cached neff at /home/ubuntu/neuron_cache_e2e/neuronxcc-2.23.6484.0+3b612583/MODULE_7975248746759498216+e30acd3a/model.neff
2026-09-09 09:30:51.000998:  191620  [INFO]: Using a cached neff at /home/ubuntu/neuron_cache_e2e/neuronxcc-2.23.6484.0+3b612583/MODULE_7975248746759498216+e30acd3a/model.neff
2026-09-09 09:30:51.000999:  191621  [INFO]: Using a cached neff at /home/ubuntu/neuron_cache_e2e/neuronxcc-2.23.6484.0+3b612583/MODULE_7975248746759498216+e30acd3a/model.neff
2026-09-09 09:30:51.000999:  191629  [INFO]: Using a cached neff at /home/ubuntu/neuron_cache_e2e/neuronxcc-2.23.6484.0+3b612583/MODULE_7975248746759498216+e30acd3a/model.neff
2026-09-09 09:30:52.000000:  191606  [INFO]: Using a cached neff at /home/ubuntu/neuron_cache_e2e/neuronxcc-2.23.6484.0+3b612583/MODULE_7975248746759498216+e30acd3a/model.neff
2026-09-09 09:30:52.000002:  191635  [INFO]: Using a cached neff at /home/ubuntu/neuron_cache_e2e/neuronxcc-2.23.6484.0+3b612583/MODULE_7975248746759498216+e30acd3a/model.neff
2026-09-09 09:30:52.000021:  191623  [INFO]: Using a cached neff at /home/ubuntu/neuron_cache_e2e/neuronxcc-2.23.6484.0+3b612583/MODULE_3541718428970686010+e30acd3a/model.neff
2026-09-09 09:30:52.000022:  191618  [INFO]: Using a cached neff at /home/ubuntu/neuron_cache_e2e/neuronxcc-2.23.6484.0+3b612583/MODULE_3541718428970686010+e30acd3a/model.neff
2026-09-09 09:30:52.000022:  191624  [INFO]: Using a cached neff at /home/ubuntu/neuron_cache_e2e/neuronxcc-2.23.6484.0+3b612583/MODULE_3541718428970686010+e30acd3a/model.neff
2026-09-09 09:30:52.000025:  191633  [INFO]: Using a cached neff at /home/ubuntu/neuron_cache_e2e/neuronxcc-2.23.6484.0+3b612583/MODULE_3541718428970686010+e30acd3a/model.neff
2026-09-09 09:30:52.000026:  191608  [INFO]: Using a cached neff at /home/ubuntu/neuron_cache_e2e/neuronxcc-2.23.6484.0+3b612583/MODULE_3541718428970686010+e30acd3a/model.neff
2026-09-09 09:30:52.000027:  191628  [INFO]: Using a cached neff at /home/ubuntu/neuron_cache_e2e/neuronxcc-2.23.6484.0+3b612583/MODULE_3541718428970686010+e30acd3a/model.neff
2026-09-09 09:30:52.000027:  191617  [INFO]: Using a cached neff at /home/ubuntu/neuron_cache_e2e/neuronxcc-2.23.6484.0+3b612583/MODULE_3541718428970686010+e30acd3a/model.neff
2026-09-09 09:30:52.000028:  191609  [INFO]: Using a cached neff at /home/ubuntu/neuron_cache_e2e/neuronxcc-2.23.6484.0+3b612583/MODULE_3541718428970686010+e30acd3a/model.neff
2026-09-09 09:30:52.000028:  191615  [INFO]: Using a cached neff at /home/ubuntu/neuron_cache_e2e/neuronxcc-2.23.6484.0+3b612583/MODULE_3541718428970686010+e30acd3a/model.neff
2026-09-09 09:30:52.000030:  191612  [INFO]: Using a cached neff at /home/ubuntu/neuron_cache_e2e/neuronxcc-2.23.6484.0+3b612583/MODULE_3541718428970686010+e30acd3a/model.neff
2026-09-09 09:30:52.000033:  191637  [INFO]: Using a cached neff at /home/ubuntu/neuron_cache_e2e/neuronxcc-2.23.6484.0+3b612583/MODULE_3541718428970686010+e30acd3a/model.neff
2026-09-09 09:30:52.000035:  191614  [INFO]: Using a cached neff at /home/ubuntu/neuron_cache_e2e/neuronxcc-2.23.6484.0+3b612583/MODULE_3541718428970686010+e30acd3a/model.neff
2026-09-09 09:30:52.000038:  191626  [INFO]: Using a cached neff at /home/ubuntu/neuron_cache_e2e/neuronxcc-2.23.6484.0+3b612583/MODULE_3541718428970686010+e30acd3a/model.neff
2026-09-09 09:30:52.000038:  191622  [INFO]: Using a cached neff at /home/ubuntu/neuron_cache_e2e/neuronxcc-2.23.6484.0+3b612583/MODULE_3541718428970686010+e30acd3a/model.neff
2026-09-09 09:30:52.000039:  191627  [INFO]: Using a cached neff at /home/ubuntu/neuron_cache_e2e/neuronxcc-2.23.6484.0+3b612583/MODULE_3541718428970686010+e30acd3a/model.neff
2026-09-09 09:30:52.000041:  191630  [INFO]: Using a cached neff at /home/ubuntu/neuron_cache_e2e/neuronxcc-2.23.6484.0+3b612583/MODULE_3541718428970686010+e30acd3a/model.neff
2026-09-09 09:30:52.000043:  191631  [INFO]: Using a cached neff at /home/ubuntu/neuron_cache_e2e/neuronxcc-2.23.6484.0+3b612583/MODULE_3541718428970686010+e30acd3a/model.neff
2026-09-09 09:30:52.000044:  191632  [INFO]: Using a cached neff at /home/ubuntu/neuron_cache_e2e/neuronxcc-2.23.6484.0+3b612583/MODULE_3541718428970686010+e30acd3a/model.neff
2026-09-09 09:30:52.000046:  191611  [INFO]: Using a cached neff at /home/ubuntu/neuron_cache_e2e/neuronxcc-2.23.6484.0+3b612583/MODULE_3541718428970686010+e30acd3a/model.neff
2026-09-09 09:30:52.000049:  191613  [INFO]: Using a cached neff at /home/ubuntu/neuron_cache_e2e/neuronxcc-2.23.6484.0+3b612583/MODULE_3541718428970686010+e30acd3a/model.neff
2026-09-09 09:30:52.000052:  191636  [INFO]: Using a cached neff at /home/ubuntu/neuron_cache_e2e/neuronxcc-2.23.6484.0+3b612583/MODULE_3541718428970686010+e30acd3a/model.neff
2026-09-09 09:30:52.000054:  191634  [INFO]: Using a cached neff at /home/ubuntu/neuron_cache_e2e/neuronxcc-2.23.6484.0+3b612583/MODULE_3541718428970686010+e30acd3a/model.neff
2026-09-09 09:30:52.000054:  191625  [INFO]: Using a cached neff at /home/ubuntu/neuron_cache_e2e/neuronxcc-2.23.6484.0+3b612583/MODULE_3541718428970686010+e30acd3a/model.neff
2026-09-09 09:30:52.000054:  191619  [INFO]: Using a cached neff at /home/ubuntu/neuron_cache_e2e/neuronxcc-2.23.6484.0+3b612583/MODULE_3541718428970686010+e30acd3a/model.neff
2026-09-09 09:30:52.000055:  191607  [INFO]: Using a cached neff at /home/ubuntu/neuron_cache_e2e/neuronxcc-2.23.6484.0+3b612583/MODULE_3541718428970686010+e30acd3a/model.neff
2026-09-09 09:30:52.000056:  191610  [INFO]: Using a cached neff at /home/ubuntu/neuron_cache_e2e/neuronxcc-2.23.6484.0+3b612583/MODULE_3541718428970686010+e30acd3a/model.neff
2026-09-09 09:30:52.000057:  191616  [INFO]: Using a cached neff at /home/ubuntu/neuron_cache_e2e/neuronxcc-2.23.6484.0+3b612583/MODULE_3541718428970686010+e30acd3a/model.neff
2026-09-09 09:30:52.000057:  191629  [INFO]: Using a cached neff at /home/ubuntu/neuron_cache_e2e/neuronxcc-2.23.6484.0+3b612583/MODULE_3541718428970686010+e30acd3a/model.neff
2026-09-09 09:30:52.000058:  191620  [INFO]: Using a cached neff at /home/ubuntu/neuron_cache_e2e/neuronxcc-2.23.6484.0+3b612583/MODULE_3541718428970686010+e30acd3a/model.neff
2026-09-09 09:30:52.000061:  191606  [INFO]: Using a cached neff at /home/ubuntu/neuron_cache_e2e/neuronxcc-2.23.6484.0+3b612583/MODULE_3541718428970686010+e30acd3a/model.neff
2026-09-09 09:30:52.000063:  191621  [INFO]: Using a cached neff at /home/ubuntu/neuron_cache_e2e/neuronxcc-2.23.6484.0+3b612583/MODULE_3541718428970686010+e30acd3a/model.neff
2026-09-09 09:30:52.000063:  191635  [INFO]: Using a cached neff at /home/ubuntu/neuron_cache_e2e/neuronxcc-2.23.6484.0+3b612583/MODULE_3541718428970686010+e30acd3a/model.neff
2026-09-09 09:30:52.000338:  191631  [INFO]: Using a cached neff at /home/ubuntu/neuron_cache_e2e/neuronxcc-2.23.6484.0+3b612583/MODULE_17089791188315351658+e30acd3a/model.neff
2026-09-09 09:30:52.000338:  191607  [INFO]: Using a cached neff at /home/ubuntu/neuron_cache_e2e/neuronxcc-2.23.6484.0+3b612583/MODULE_17089791188315351658+e30acd3a/model.neff
2026-09-09 09:30:52.000338:  191609  [INFO]: Using a cached neff at /home/ubuntu/neuron_cache_e2e/neuronxcc-2.23.6484.0+3b612583/MODULE_17089791188315351658+e30acd3a/model.neff
2026-09-09 09:30:52.000338:  191626  [INFO]: Using a cached neff at /home/ubuntu/neuron_cache_e2e/neuronxcc-2.23.6484.0+3b612583/MODULE_17089791188315351658+e30acd3a/model.neff
2026-09-09 09:30:52.000338:  191636  [INFO]: Using a cached neff at /home/ubuntu/neuron_cache_e2e/neuronxcc-2.23.6484.0+3b612583/MODULE_17089791188315351658+e30acd3a/model.neff
2026-09-09 09:30:52.000338:  191614  [INFO]: Using a cached neff at /home/ubuntu/neuron_cache_e2e/neuronxcc-2.23.6484.0+3b612583/MODULE_17089791188315351658+e30acd3a/model.neff
2026-09-09 09:30:52.000338:  191608  [INFO]: Using a cached neff at /home/ubuntu/neuron_cache_e2e/neuronxcc-2.23.6484.0+3b612583/MODULE_17089791188315351658+e30acd3a/model.neff
2026-09-09 09:30:52.000338:  191629  [INFO]: Using a cached neff at /home/ubuntu/neuron_cache_e2e/neuronxcc-2.23.6484.0+3b612583/MODULE_17089791188315351658+e30acd3a/model.neff
2026-09-09 09:30:52.000338:  191633  [INFO]: Using a cached neff at /home/ubuntu/neuron_cache_e2e/neuronxcc-2.23.6484.0+3b612583/MODULE_17089791188315351658+e30acd3a/model.neff
2026-09-09 09:30:52.000339:  191620  [INFO]: Using a cached neff at /home/ubuntu/neuron_cache_e2e/neuronxcc-2.23.6484.0+3b612583/MODULE_17089791188315351658+e30acd3a/model.neff
2026-09-09 09:30:52.000339:  191622  [INFO]: Using a cached neff at /home/ubuntu/neuron_cache_e2e/neuronxcc-2.23.6484.0+3b612583/MODULE_17089791188315351658+e30acd3a/model.neff
2026-09-09 09:30:52.000339:  191612  [INFO]: Using a cached neff at /home/ubuntu/neuron_cache_e2e/neuronxcc-2.23.6484.0+3b612583/MODULE_17089791188315351658+e30acd3a/model.neff
2026-09-09 09:30:52.000340:  191634  [INFO]: Using a cached neff at /home/ubuntu/neuron_cache_e2e/neuronxcc-2.23.6484.0+3b612583/MODULE_17089791188315351658+e30acd3a/model.neff
2026-09-09 09:30:52.000340:  191630  [INFO]: Using a cached neff at /home/ubuntu/neuron_cache_e2e/neuronxcc-2.23.6484.0+3b612583/MODULE_17089791188315351658+e30acd3a/model.neff
2026-09-09 09:30:52.000341:  191610  [INFO]: Using a cached neff at /home/ubuntu/neuron_cache_e2e/neuronxcc-2.23.6484.0+3b612583/MODULE_17089791188315351658+e30acd3a/model.neff
2026-09-09 09:30:52.000341:  191606  [INFO]: Using a cached neff at /home/ubuntu/neuron_cache_e2e/neuronxcc-2.23.6484.0+3b612583/MODULE_17089791188315351658+e30acd3a/model.neff
2026-09-09 09:30:52.000341:  191623  [INFO]: Using a cached neff at /home/ubuntu/neuron_cache_e2e/neuronxcc-2.23.6484.0+3b612583/MODULE_17089791188315351658+e30acd3a/model.neff
2026-09-09 09:30:52.000341:  191613  [INFO]: Using a cached neff at /home/ubuntu/neuron_cache_e2e/neuronxcc-2.23.6484.0+3b612583/MODULE_17089791188315351658+e30acd3a/model.neff
2026-09-09 09:30:52.000341:  191624  [INFO]: Using a cached neff at /home/ubuntu/neuron_cache_e2e/neuronxcc-2.23.6484.0+3b612583/MODULE_17089791188315351658+e30acd3a/model.neff
2026-09-09 09:30:52.000341:  191619  [INFO]: Using a cached neff at /home/ubuntu/neuron_cache_e2e/neuronxcc-2.23.6484.0+3b612583/MODULE_17089791188315351658+e30acd3a/model.neff
2026-09-09 09:30:52.000342:  191617  [INFO]: Using a cached neff at /home/ubuntu/neuron_cache_e2e/neuronxcc-2.23.6484.0+3b612583/MODULE_17089791188315351658+e30acd3a/model.neff
2026-09-09 09:30:52.000342:  191621  [INFO]: Using a cached neff at /home/ubuntu/neuron_cache_e2e/neuronxcc-2.23.6484.0+3b612583/MODULE_17089791188315351658+e30acd3a/model.neff
2026-09-09 09:30:52.000343:  191615  [INFO]: Using a cached neff at /home/ubuntu/neuron_cache_e2e/neuronxcc-2.23.6484.0+3b612583/MODULE_17089791188315351658+e30acd3a/model.neff
2026-09-09 09:30:52.000344:  191637  [INFO]: Using a cached neff at /home/ubuntu/neuron_cache_e2e/neuronxcc-2.23.6484.0+3b612583/MODULE_17089791188315351658+e30acd3a/model.neff
2026-09-09 09:30:52.000345:  191635  [INFO]: Using a cached neff at /home/ubuntu/neuron_cache_e2e/neuronxcc-2.23.6484.0+3b612583/MODULE_17089791188315351658+e30acd3a/model.neff
2026-09-09 09:30:52.000346:  191628  [INFO]: Using a cached neff at /home/ubuntu/neuron_cache_e2e/neuronxcc-2.23.6484.0+3b612583/MODULE_17089791188315351658+e30acd3a/model.neff
2026-09-09 09:30:52.000346:  191616  [INFO]: Using a cached neff at /home/ubuntu/neuron_cache_e2e/neuronxcc-2.23.6484.0+3b612583/MODULE_17089791188315351658+e30acd3a/model.neff
2026-09-09 09:30:52.000346:  191625  [INFO]: Using a cached neff at /home/ubuntu/neuron_cache_e2e/neuronxcc-2.23.6484.0+3b612583/MODULE_17089791188315351658+e30acd3a/model.neff
2026-09-09 09:30:52.000346:  191627  [INFO]: Using a cached neff at /home/ubuntu/neuron_cache_e2e/neuronxcc-2.23.6484.0+3b612583/MODULE_17089791188315351658+e30acd3a/model.neff
2026-09-09 09:30:52.000347:  191632  [INFO]: Using a cached neff at /home/ubuntu/neuron_cache_e2e/neuronxcc-2.23.6484.0+3b612583/MODULE_17089791188315351658+e30acd3a/model.neff
2026-09-09 09:30:52.000348:  191611  [INFO]: Using a cached neff at /home/ubuntu/neuron_cache_e2e/neuronxcc-2.23.6484.0+3b612583/MODULE_17089791188315351658+e30acd3a/model.neff
2026-09-09 09:30:52.000348:  191618  [INFO]: Using a cached neff at /home/ubuntu/neuron_cache_e2e/neuronxcc-2.23.6484.0+3b612583/MODULE_17089791188315351658+e30acd3a/model.neff
2026-09-09 09:30:52.000354:  191609  [INFO]: Using a cached neff at /home/ubuntu/neuron_cache_e2e/neuronxcc-2.23.6484.0+3b612583/MODULE_8612601412218940330+e30acd3a/model.neff
2026-09-09 09:30:52.000354:  191607  [INFO]: Using a cached neff at /home/ubuntu/neuron_cache_e2e/neuronxcc-2.23.6484.0+3b612583/MODULE_8612601412218940330+e30acd3a/model.neff
2026-09-09 09:30:52.000355:  191631  [INFO]: Using a cached neff at /home/ubuntu/neuron_cache_e2e/neuronxcc-2.23.6484.0+3b612583/MODULE_8612601412218940330+e30acd3a/model.neff
2026-09-09 09:30:52.000356:  191636  [INFO]: Using a cached neff at /home/ubuntu/neuron_cache_e2e/neuronxcc-2.23.6484.0+3b612583/MODULE_8612601412218940330+e30acd3a/model.neff
2026-09-09 09:30:52.000356:  191634  [INFO]: Using a cached neff at /home/ubuntu/neuron_cache_e2e/neuronxcc-2.23.6484.0+3b612583/MODULE_8612601412218940330+e30acd3a/model.neff
2026-09-09 09:30:52.000357:  191612  [INFO]: Using a cached neff at /home/ubuntu/neuron_cache_e2e/neuronxcc-2.23.6484.0+3b612583/MODULE_8612601412218940330+e30acd3a/model.neff
2026-09-09 09:30:52.000357:  191629  [INFO]: Using a cached neff at /home/ubuntu/neuron_cache_e2e/neuronxcc-2.23.6484.0+3b612583/MODULE_8612601412218940330+e30acd3a/model.neff
2026-09-09 09:30:52.000357:  191633  [INFO]: Using a cached neff at /home/ubuntu/neuron_cache_e2e/neuronxcc-2.23.6484.0+3b612583/MODULE_8612601412218940330+e30acd3a/model.neff
2026-09-09 09:30:52.000357:  191626  [INFO]: Using a cached neff at /home/ubuntu/neuron_cache_e2e/neuronxcc-2.23.6484.0+3b612583/MODULE_8612601412218940330+e30acd3a/model.neff
2026-09-09 09:30:52.000358:  191610  [INFO]: Using a cached neff at /home/ubuntu/neuron_cache_e2e/neuronxcc-2.23.6484.0+3b612583/MODULE_8612601412218940330+e30acd3a/model.neff
2026-09-09 09:30:52.000358:  191614  [INFO]: Using a cached neff at /home/ubuntu/neuron_cache_e2e/neuronxcc-2.23.6484.0+3b612583/MODULE_8612601412218940330+e30acd3a/model.neff
2026-09-09 09:30:52.000358:  191608  [INFO]: Using a cached neff at /home/ubuntu/neuron_cache_e2e/neuronxcc-2.23.6484.0+3b612583/MODULE_8612601412218940330+e30acd3a/model.neff
2026-09-09 09:30:52.000358:  191623  [INFO]: Using a cached neff at /home/ubuntu/neuron_cache_e2e/neuronxcc-2.23.6484.0+3b612583/MODULE_8612601412218940330+e30acd3a/model.neff
2026-09-09 09:30:52.000359:  191620  [INFO]: Using a cached neff at /home/ubuntu/neuron_cache_e2e/neuronxcc-2.23.6484.0+3b612583/MODULE_8612601412218940330+e30acd3a/model.neff
2026-09-09 09:30:52.000359:  191606  [INFO]: Using a cached neff at /home/ubuntu/neuron_cache_e2e/neuronxcc-2.23.6484.0+3b612583/MODULE_8612601412218940330+e30acd3a/model.neff
2026-09-09 09:30:52.000360:  191622  [INFO]: Using a cached neff at /home/ubuntu/neuron_cache_e2e/neuronxcc-2.23.6484.0+3b612583/MODULE_8612601412218940330+e30acd3a/model.neff
2026-09-09 09:30:52.000360:  191619  [INFO]: Using a cached neff at /home/ubuntu/neuron_cache_e2e/neuronxcc-2.23.6484.0+3b612583/MODULE_8612601412218940330+e30acd3a/model.neff
2026-09-09 09:30:52.000360:  191630  [INFO]: Using a cached neff at /home/ubuntu/neuron_cache_e2e/neuronxcc-2.23.6484.0+3b612583/MODULE_8612601412218940330+e30acd3a/model.neff
2026-09-09 09:30:52.000361:  191624  [INFO]: Using a cached neff at /home/ubuntu/neuron_cache_e2e/neuronxcc-2.23.6484.0+3b612583/MODULE_8612601412218940330+e30acd3a/model.neff
2026-09-09 09:30:52.000362:  191613  [INFO]: Using a cached neff at /home/ubuntu/neuron_cache_e2e/neuronxcc-2.23.6484.0+3b612583/MODULE_8612601412218940330+e30acd3a/model.neff
2026-09-09 09:30:52.000363:  191621  [INFO]: Using a cached neff at /home/ubuntu/neuron_cache_e2e/neuronxcc-2.23.6484.0+3b612583/MODULE_8612601412218940330+e30acd3a/model.neff
2026-09-09 09:30:52.000363:  191637  [INFO]: Using a cached neff at /home/ubuntu/neuron_cache_e2e/neuronxcc-2.23.6484.0+3b612583/MODULE_8612601412218940330+e30acd3a/model.neff
2026-09-09 09:30:52.000363:  191617  [INFO]: Using a cached neff at /home/ubuntu/neuron_cache_e2e/neuronxcc-2.23.6484.0+3b612583/MODULE_8612601412218940330+e30acd3a/model.neff
2026-09-09 09:30:52.000363:  191615  [INFO]: Using a cached neff at /home/ubuntu/neuron_cache_e2e/neuronxcc-2.23.6484.0+3b612583/MODULE_8612601412218940330+e30acd3a/model.neff
2026-09-09 09:30:52.000364:  191627  [INFO]: Using a cached neff at /home/ubuntu/neuron_cache_e2e/neuronxcc-2.23.6484.0+3b612583/MODULE_8612601412218940330+e30acd3a/model.neff
2026-09-09 09:30:52.000364:  191628  [INFO]: Using a cached neff at /home/ubuntu/neuron_cache_e2e/neuronxcc-2.23.6484.0+3b612583/MODULE_8612601412218940330+e30acd3a/model.neff
2026-09-09 09:30:52.000365:  191635  [INFO]: Using a cached neff at /home/ubuntu/neuron_cache_e2e/neuronxcc-2.23.6484.0+3b612583/MODULE_8612601412218940330+e30acd3a/model.neff
2026-09-09 09:30:52.000365:  191611  [INFO]: Using a cached neff at /home/ubuntu/neuron_cache_e2e/neuronxcc-2.23.6484.0+3b612583/MODULE_8612601412218940330+e30acd3a/model.neff
2026-09-09 09:30:52.000365:  191616  [INFO]: Using a cached neff at /home/ubuntu/neuron_cache_e2e/neuronxcc-2.23.6484.0+3b612583/MODULE_8612601412218940330+e30acd3a/model.neff
2026-09-09 09:30:52.000365:  191632  [INFO]: Using a cached neff at /home/ubuntu/neuron_cache_e2e/neuronxcc-2.23.6484.0+3b612583/MODULE_8612601412218940330+e30acd3a/model.neff
2026-09-09 09:30:52.000365:  191625  [INFO]: Using a cached neff at /home/ubuntu/neuron_cache_e2e/neuronxcc-2.23.6484.0+3b612583/MODULE_8612601412218940330+e30acd3a/model.neff
2026-09-09 09:30:52.000366:  191618  [INFO]: Using a cached neff at /home/ubuntu/neuron_cache_e2e/neuronxcc-2.23.6484.0+3b612583/MODULE_8612601412218940330+e30acd3a/model.neff
/home/ubuntu/train_gpt10b_tp_families.py:501: DeprecationWarning: Use torch_xla.sync instead
  xm.mark_step()
/home/ubuntu/train_gpt10b_tp_families.py:501: DeprecationWarning: Use torch_xla.sync instead
  xm.mark_step()
/home/ubuntu/train_gpt10b_tp_families.py:501: DeprecationWarning: Use torch_xla.sync instead
  xm.mark_step()
/home/ubuntu/train_gpt10b_tp_families.py:501: DeprecationWarning: Use torch_xla.sync instead
  xm.mark_step()
/home/ubuntu/train_gpt10b_tp_families.py:501: DeprecationWarning: Use torch_xla.sync instead
  xm.mark_step()
/home/ubuntu/train_gpt10b_tp_families.py:501: DeprecationWarning: Use torch_xla.sync instead
  xm.mark_step()
/home/ubuntu/train_gpt10b_tp_families.py:501: DeprecationWarning: Use torch_xla.sync instead
  xm.mark_step()
/home/ubuntu/train_gpt10b_tp_families.py:501: DeprecationWarning: Use torch_xla.sync instead
  xm.mark_step()
/home/ubuntu/train_gpt10b_tp_families.py:501: DeprecationWarning: Use torch_xla.sync instead
  xm.mark_step()
/home/ubuntu/train_gpt10b_tp_families.py:501: DeprecationWarning: Use torch_xla.sync instead
  xm.mark_step()
/home/ubuntu/train_gpt10b_tp_families.py:501: DeprecationWarning: Use torch_xla.sync instead
  xm.mark_step()
/home/ubuntu/train_gpt10b_tp_families.py:501: DeprecationWarning: Use torch_xla.sync instead
  xm.mark_step()
/home/ubuntu/train_gpt10b_tp_families.py:501: DeprecationWarning: Use torch_xla.sync instead
  xm.mark_step()
/home/ubuntu/train_gpt10b_tp_families.py:501: DeprecationWarning: Use torch_xla.sync instead
  xm.mark_step()
/home/ubuntu/train_gpt10b_tp_families.py:501: DeprecationWarning: Use torch_xla.sync instead
  xm.mark_step()
/home/ubuntu/train_gpt10b_tp_families.py:501: DeprecationWarning: Use torch_xla.sync instead
  xm.mark_step()
/home/ubuntu/train_gpt10b_tp_families.py:501: DeprecationWarning: Use torch_xla.sync instead
  xm.mark_step()
/home/ubuntu/train_gpt10b_tp_families.py:501: DeprecationWarning: Use torch_xla.sync instead
  xm.mark_step()
/home/ubuntu/train_gpt10b_tp_families.py:501: DeprecationWarning: Use torch_xla.sync instead
  xm.mark_step()
/home/ubuntu/train_gpt10b_tp_families.py:501: DeprecationWarning: Use torch_xla.sync instead
  xm.mark_step()
/home/ubuntu/train_gpt10b_tp_families.py:501: DeprecationWarning: Use torch_xla.sync instead
  xm.mark_step()
/home/ubuntu/train_gpt10b_tp_families.py:501: DeprecationWarning: Use torch_xla.sync instead
  xm.mark_step()
/home/ubuntu/train_gpt10b_tp_families.py:501: DeprecationWarning: Use torch_xla.sync instead
  xm.mark_step()
/home/ubuntu/train_gpt10b_tp_families.py:501: DeprecationWarning: Use torch_xla.sync instead
  xm.mark_step()
/home/ubuntu/train_gpt10b_tp_families.py:501: DeprecationWarning: Use torch_xla.sync instead
  xm.mark_step()
/home/ubuntu/train_gpt10b_tp_families.py:501: DeprecationWarning: Use torch_xla.sync instead
  xm.mark_step()
/home/ubuntu/train_gpt10b_tp_families.py:501: DeprecationWarning: Use torch_xla.sync instead
  xm.mark_step()
/home/ubuntu/train_gpt10b_tp_families.py:501: DeprecationWarning: Use torch_xla.sync instead
  xm.mark_step()
/home/ubuntu/train_gpt10b_tp_families.py:501: DeprecationWarning: Use torch_xla.sync instead
  xm.mark_step()
/home/ubuntu/train_gpt10b_tp_families.py:501: DeprecationWarning: Use torch_xla.sync instead
  xm.mark_step()
/home/ubuntu/train_gpt10b_tp_families.py:501: DeprecationWarning: Use torch_xla.sync instead
  xm.mark_step()
/home/ubuntu/train_gpt10b_tp_families.py:501: DeprecationWarning: Use torch_xla.sync instead
  xm.mark_step()
2026-09-09 09:30:58.000012:  191633  [INFO]: Using a cached neff at /home/ubuntu/neuron_cache_e2e/neuronxcc-2.23.6484.0+3b612583/MODULE_8732584952886592803+e30acd3a/model.neff
2026-09-09 09:30:58.000013:  191608  [INFO]: Using a cached neff at /home/ubuntu/neuron_cache_e2e/neuronxcc-2.23.6484.0+3b612583/MODULE_8732584952886592803+e30acd3a/model.neff
2026-09-09 09:30:58.000014:  191614  [INFO]: Using a cached neff at /home/ubuntu/neuron_cache_e2e/neuronxcc-2.23.6484.0+3b612583/MODULE_8732584952886592803+e30acd3a/model.neff
2026-09-09 09:30:58.000014:  191618  [INFO]: Using a cached neff at /home/ubuntu/neuron_cache_e2e/neuronxcc-2.23.6484.0+3b612583/MODULE_8732584952886592803+e30acd3a/model.neff
2026-09-09 09:30:58.000014:  191631  [INFO]: Using a cached neff at /home/ubuntu/neuron_cache_e2e/neuronxcc-2.23.6484.0+3b612583/MODULE_8732584952886592803+e30acd3a/model.neff
2026-09-09 09:30:58.000015:  191635  [INFO]: Using a cached neff at /home/ubuntu/neuron_cache_e2e/neuronxcc-2.23.6484.0+3b612583/MODULE_8732584952886592803+e30acd3a/model.neff
2026-09-09 09:30:58.000017:  191610  [INFO]: Using a cached neff at /home/ubuntu/neuron_cache_e2e/neuronxcc-2.23.6484.0+3b612583/MODULE_8732584952886592803+e30acd3a/model.neff
2026-09-09 09:30:58.000018:  191624  [INFO]: Using a cached neff at /home/ubuntu/neuron_cache_e2e/neuronxcc-2.23.6484.0+3b612583/MODULE_8732584952886592803+e30acd3a/model.neff
2026-09-09 09:30:58.000018:  191619  [INFO]: Using a cached neff at /home/ubuntu/neuron_cache_e2e/neuronxcc-2.23.6484.0+3b612583/MODULE_8732584952886592803+e30acd3a/model.neff
2026-09-09 09:30:58.000018:  191607  [INFO]: Using a cached neff at /home/ubuntu/neuron_cache_e2e/neuronxcc-2.23.6484.0+3b612583/MODULE_8732584952886592803+e30acd3a/model.neff
2026-09-09 09:30:58.000019:  191612  [INFO]: Using a cached neff at /home/ubuntu/neuron_cache_e2e/neuronxcc-2.23.6484.0+3b612583/MODULE_8732584952886592803+e30acd3a/model.neff
2026-09-09 09:30:58.000021:  191632  [INFO]: Using a cached neff at /home/ubuntu/neuron_cache_e2e/neuronxcc-2.23.6484.0+3b612583/MODULE_8732584952886592803+e30acd3a/model.neff
2026-09-09 09:30:58.000021:  191630  [INFO]: Using a cached neff at /home/ubuntu/neuron_cache_e2e/neuronxcc-2.23.6484.0+3b612583/MODULE_8732584952886592803+e30acd3a/model.neff
2026-09-09 09:30:58.000021:  191613  [INFO]: Using a cached neff at /home/ubuntu/neuron_cache_e2e/neuronxcc-2.23.6484.0+3b612583/MODULE_8732584952886592803+e30acd3a/model.neff
2026-09-09 09:30:58.000022:  191622  [INFO]: Using a cached neff at /home/ubuntu/neuron_cache_e2e/neuronxcc-2.23.6484.0+3b612583/MODULE_8732584952886592803+e30acd3a/model.neff
2026-09-09 09:30:58.000023:  191629  [INFO]: Using a cached neff at /home/ubuntu/neuron_cache_e2e/neuronxcc-2.23.6484.0+3b612583/MODULE_8732584952886592803+e30acd3a/model.neff
2026-09-09 09:30:58.000024:  191606  [INFO]: Using a cached neff at /home/ubuntu/neuron_cache_e2e/neuronxcc-2.23.6484.0+3b612583/MODULE_8732584952886592803+e30acd3a/model.neff
2026-09-09 09:30:58.000025:  191617  [INFO]: Using a cached neff at /home/ubuntu/neuron_cache_e2e/neuronxcc-2.23.6484.0+3b612583/MODULE_8732584952886592803+e30acd3a/model.neff
2026-09-09 09:30:58.000026:  191634  [INFO]: Using a cached neff at /home/ubuntu/neuron_cache_e2e/neuronxcc-2.23.6484.0+3b612583/MODULE_8732584952886592803+e30acd3a/model.neff
2026-09-09 09:30:58.000027:  191620  [INFO]: Using a cached neff at /home/ubuntu/neuron_cache_e2e/neuronxcc-2.23.6484.0+3b612583/MODULE_8732584952886592803+e30acd3a/model.neff
2026-09-09 09:30:58.000028:  191609  [INFO]: Using a cached neff at /home/ubuntu/neuron_cache_e2e/neuronxcc-2.23.6484.0+3b612583/MODULE_8732584952886592803+e30acd3a/model.neff
2026-09-09 09:30:58.000028:  191621  [INFO]: Using a cached neff at /home/ubuntu/neuron_cache_e2e/neuronxcc-2.23.6484.0+3b612583/MODULE_8732584952886592803+e30acd3a/model.neff
2026-09-09 09:30:58.000029:  191626  [INFO]: Using a cached neff at /home/ubuntu/neuron_cache_e2e/neuronxcc-2.23.6484.0+3b612583/MODULE_8732584952886592803+e30acd3a/model.neff
2026-09-09 09:30:58.000031:  191628  [INFO]: Using a cached neff at /home/ubuntu/neuron_cache_e2e/neuronxcc-2.23.6484.0+3b612583/MODULE_8732584952886592803+e30acd3a/model.neff
2026-09-09 09:30:58.000031:  191616  [INFO]: Using a cached neff at /home/ubuntu/neuron_cache_e2e/neuronxcc-2.23.6484.0+3b612583/MODULE_8732584952886592803+e30acd3a/model.neff
2026-09-09 09:30:58.000031:  191615  [INFO]: Using a cached neff at /home/ubuntu/neuron_cache_e2e/neuronxcc-2.23.6484.0+3b612583/MODULE_8732584952886592803+e30acd3a/model.neff
2026-09-09 09:30:58.000031:  191636  [INFO]: Using a cached neff at /home/ubuntu/neuron_cache_e2e/neuronxcc-2.23.6484.0+3b612583/MODULE_8732584952886592803+e30acd3a/model.neff
2026-09-09 09:30:58.000032:  191627  [INFO]: Using a cached neff at /home/ubuntu/neuron_cache_e2e/neuronxcc-2.23.6484.0+3b612583/MODULE_8732584952886592803+e30acd3a/model.neff
/home/ubuntu/train_gpt10b_tp_families.py:524: DeprecationWarning: Use torch_xla.sync instead
  xm.mark_step()   # slice sync graph: norms done
2026-09-09 09:30:58.000033:  191611  [INFO]: Using a cached neff at /home/ubuntu/neuron_cache_e2e/neuronxcc-2.23.6484.0+3b612583/MODULE_8732584952886592803+e30acd3a/model.neff
2026-09-09 09:30:58.000034:  191637  [INFO]: Using a cached neff at /home/ubuntu/neuron_cache_e2e/neuronxcc-2.23.6484.0+3b612583/MODULE_8732584952886592803+e30acd3a/model.neff
/home/ubuntu/train_gpt10b_tp_families.py:524: DeprecationWarning: Use torch_xla.sync instead
  xm.mark_step()   # slice sync graph: norms done
/home/ubuntu/train_gpt10b_tp_families.py:524: DeprecationWarning: Use torch_xla.sync instead
  xm.mark_step()   # slice sync graph: norms done
/home/ubuntu/train_gpt10b_tp_families.py:524: DeprecationWarning: Use torch_xla.sync instead
  xm.mark_step()   # slice sync graph: norms done
/home/ubuntu/train_gpt10b_tp_families.py:524: DeprecationWarning: Use torch_xla.sync instead
  xm.mark_step()   # slice sync graph: norms done
2026-09-09 09:30:58.000037:  191623  [INFO]: Using a cached neff at /home/ubuntu/neuron_cache_e2e/neuronxcc-2.23.6484.0+3b612583/MODULE_8732584952886592803+e30acd3a/model.neff
/home/ubuntu/train_gpt10b_tp_families.py:524: DeprecationWarning: Use torch_xla.sync instead
  xm.mark_step()   # slice sync graph: norms done
/home/ubuntu/train_gpt10b_tp_families.py:524: DeprecationWarning: Use torch_xla.sync instead
  xm.mark_step()   # slice sync graph: norms done
2026-09-09 09:30:58.000039:  191625  [INFO]: Using a cached neff at /home/ubuntu/neuron_cache_e2e/neuronxcc-2.23.6484.0+3b612583/MODULE_8732584952886592803+e30acd3a/model.neff
/home/ubuntu/train_gpt10b_tp_families.py:524: DeprecationWarning: Use torch_xla.sync instead
  xm.mark_step()   # slice sync graph: norms done
/home/ubuntu/train_gpt10b_tp_families.py:524: DeprecationWarning: Use torch_xla.sync instead
  xm.mark_step()   # slice sync graph: norms done
/home/ubuntu/train_gpt10b_tp_families.py:524: DeprecationWarning: Use torch_xla.sync instead
  xm.mark_step()   # slice sync graph: norms done
/home/ubuntu/train_gpt10b_tp_families.py:524: DeprecationWarning: Use torch_xla.sync instead
  xm.mark_step()   # slice sync graph: norms done
/home/ubuntu/train_gpt10b_tp_families.py:524: DeprecationWarning: Use torch_xla.sync instead
  xm.mark_step()   # slice sync graph: norms done
/home/ubuntu/train_gpt10b_tp_families.py:524: DeprecationWarning: Use torch_xla.sync instead
  xm.mark_step()   # slice sync graph: norms done
/home/ubuntu/train_gpt10b_tp_families.py:524: DeprecationWarning: Use torch_xla.sync instead
  xm.mark_step()   # slice sync graph: norms done
/home/ubuntu/train_gpt10b_tp_families.py:524: DeprecationWarning: Use torch_xla.sync instead
  xm.mark_step()   # slice sync graph: norms done
/home/ubuntu/train_gpt10b_tp_families.py:524: DeprecationWarning: Use torch_xla.sync instead
  xm.mark_step()   # slice sync graph: norms done
/home/ubuntu/train_gpt10b_tp_families.py:524: DeprecationWarning: Use torch_xla.sync instead
  xm.mark_step()   # slice sync graph: norms done
/home/ubuntu/train_gpt10b_tp_families.py:524: DeprecationWarning: Use torch_xla.sync instead
  xm.mark_step()   # slice sync graph: norms done
/home/ubuntu/train_gpt10b_tp_families.py:524: DeprecationWarning: Use torch_xla.sync instead
  xm.mark_step()   # slice sync graph: norms done
/home/ubuntu/train_gpt10b_tp_families.py:524: DeprecationWarning: Use torch_xla.sync instead
  xm.mark_step()   # slice sync graph: norms done
/home/ubuntu/train_gpt10b_tp_families.py:524: DeprecationWarning: Use torch_xla.sync instead
  xm.mark_step()   # slice sync graph: norms done
/home/ubuntu/train_gpt10b_tp_families.py:524: DeprecationWarning: Use torch_xla.sync instead
  xm.mark_step()   # slice sync graph: norms done
/home/ubuntu/train_gpt10b_tp_families.py:524: DeprecationWarning: Use torch_xla.sync instead
  xm.mark_step()   # slice sync graph: norms done
/home/ubuntu/train_gpt10b_tp_families.py:524: DeprecationWarning: Use torch_xla.sync instead
  xm.mark_step()   # slice sync graph: norms done
/home/ubuntu/train_gpt10b_tp_families.py:524: DeprecationWarning: Use torch_xla.sync instead
  xm.mark_step()   # slice sync graph: norms done
/home/ubuntu/train_gpt10b_tp_families.py:524: DeprecationWarning: Use torch_xla.sync instead
  xm.mark_step()   # slice sync graph: norms done
/home/ubuntu/train_gpt10b_tp_families.py:524: DeprecationWarning: Use torch_xla.sync instead
  xm.mark_step()   # slice sync graph: norms done
/home/ubuntu/train_gpt10b_tp_families.py:524: DeprecationWarning: Use torch_xla.sync instead
  xm.mark_step()   # slice sync graph: norms done
/home/ubuntu/train_gpt10b_tp_families.py:524: DeprecationWarning: Use torch_xla.sync instead
  xm.mark_step()   # slice sync graph: norms done
/home/ubuntu/train_gpt10b_tp_families.py:524: DeprecationWarning: Use torch_xla.sync instead
  xm.mark_step()   # slice sync graph: norms done
/home/ubuntu/train_gpt10b_tp_families.py:524: DeprecationWarning: Use torch_xla.sync instead
  xm.mark_step()   # slice sync graph: norms done
/home/ubuntu/train_gpt10b_tp_families.py:524: DeprecationWarning: Use torch_xla.sync instead
  xm.mark_step()   # slice sync graph: norms done
2026-09-09 09:30:58.000160:  191614  [INFO]: Using a cached neff at /home/ubuntu/neuron_cache_e2e/neuronxcc-2.23.6484.0+3b612583/MODULE_5047950972568161369+e30acd3a/model.neff
2026-09-09 09:30:58.000161:  191631  [INFO]: Using a cached neff at /home/ubuntu/neuron_cache_e2e/neuronxcc-2.23.6484.0+3b612583/MODULE_5047950972568161369+e30acd3a/model.neff
2026-09-09 09:30:58.000162:  191608  [INFO]: Using a cached neff at /home/ubuntu/neuron_cache_e2e/neuronxcc-2.23.6484.0+3b612583/MODULE_5047950972568161369+e30acd3a/model.neff
2026-09-09 09:30:58.000166:  191633  [INFO]: Using a cached neff at /home/ubuntu/neuron_cache_e2e/neuronxcc-2.23.6484.0+3b612583/MODULE_5047950972568161369+e30acd3a/model.neff
2026-09-09 09:30:58.000174:  191610  [INFO]: Using a cached neff at /home/ubuntu/neuron_cache_e2e/neuronxcc-2.23.6484.0+3b612583/MODULE_5047950972568161369+e30acd3a/model.neff
2026-09-09 09:30:58.000175:  191630  [INFO]: Using a cached neff at /home/ubuntu/neuron_cache_e2e/neuronxcc-2.23.6484.0+3b612583/MODULE_5047950972568161369+e30acd3a/model.neff
2026-09-09 09:30:58.000177:  191624  [INFO]: Using a cached neff at /home/ubuntu/neuron_cache_e2e/neuronxcc-2.23.6484.0+3b612583/MODULE_5047950972568161369+e30acd3a/model.neff
2026-09-09 09:30:58.000177:  191612  [INFO]: Using a cached neff at /home/ubuntu/neuron_cache_e2e/neuronxcc-2.23.6484.0+3b612583/MODULE_5047950972568161369+e30acd3a/model.neff
2026-09-09 09:30:58.000179:  191607  [INFO]: Using a cached neff at /home/ubuntu/neuron_cache_e2e/neuronxcc-2.23.6484.0+3b612583/MODULE_5047950972568161369+e30acd3a/model.neff
2026-09-09 09:30:58.000184:  191632  [INFO]: Using a cached neff at /home/ubuntu/neuron_cache_e2e/neuronxcc-2.23.6484.0+3b612583/MODULE_5047950972568161369+e30acd3a/model.neff
2026-09-09 09:30:58.000185:  191622  [INFO]: Using a cached neff at /home/ubuntu/neuron_cache_e2e/neuronxcc-2.23.6484.0+3b612583/MODULE_5047950972568161369+e30acd3a/model.neff
2026-09-09 09:30:58.000185:  191619  [INFO]: Using a cached neff at /home/ubuntu/neuron_cache_e2e/neuronxcc-2.23.6484.0+3b612583/MODULE_5047950972568161369+e30acd3a/model.neff
2026-09-09 09:30:58.000186:  191620  [INFO]: Using a cached neff at /home/ubuntu/neuron_cache_e2e/neuronxcc-2.23.6484.0+3b612583/MODULE_5047950972568161369+e30acd3a/model.neff
2026-09-09 09:30:58.000186:  191629  [INFO]: Using a cached neff at /home/ubuntu/neuron_cache_e2e/neuronxcc-2.23.6484.0+3b612583/MODULE_5047950972568161369+e30acd3a/model.neff
2026-09-09 09:30:58.000187:  191613  [INFO]: Using a cached neff at /home/ubuntu/neuron_cache_e2e/neuronxcc-2.23.6484.0+3b612583/MODULE_5047950972568161369+e30acd3a/model.neff
2026-09-09 09:30:58.000189:  191606  [INFO]: Using a cached neff at /home/ubuntu/neuron_cache_e2e/neuronxcc-2.23.6484.0+3b612583/MODULE_5047950972568161369+e30acd3a/model.neff
2026-09-09 09:30:58.000190:  191636  [INFO]: Using a cached neff at /home/ubuntu/neuron_cache_e2e/neuronxcc-2.23.6484.0+3b612583/MODULE_5047950972568161369+e30acd3a/model.neff
2026-09-09 09:30:58.000192:  191621  [INFO]: Using a cached neff at /home/ubuntu/neuron_cache_e2e/neuronxcc-2.23.6484.0+3b612583/MODULE_5047950972568161369+e30acd3a/model.neff
2026-09-09 09:30:58.000194:  191627  [INFO]: Using a cached neff at /home/ubuntu/neuron_cache_e2e/neuronxcc-2.23.6484.0+3b612583/MODULE_5047950972568161369+e30acd3a/model.neff
2026-09-09 09:30:58.000194:  191626  [INFO]: Using a cached neff at /home/ubuntu/neuron_cache_e2e/neuronxcc-2.23.6484.0+3b612583/MODULE_5047950972568161369+e30acd3a/model.neff
2026-09-09 09:30:58.000195:  191635  [INFO]: Using a cached neff at /home/ubuntu/neuron_cache_e2e/neuronxcc-2.23.6484.0+3b612583/MODULE_5047950972568161369+e30acd3a/model.neff
2026-09-09 09:30:58.000196:  191628  [INFO]: Using a cached neff at /home/ubuntu/neuron_cache_e2e/neuronxcc-2.23.6484.0+3b612583/MODULE_5047950972568161369+e30acd3a/model.neff
2026-09-09 09:30:58.000197:  191616  [INFO]: Using a cached neff at /home/ubuntu/neuron_cache_e2e/neuronxcc-2.23.6484.0+3b612583/MODULE_5047950972568161369+e30acd3a/model.neff
2026-09-09 09:30:58.000198:  191625  [INFO]: Using a cached neff at /home/ubuntu/neuron_cache_e2e/neuronxcc-2.23.6484.0+3b612583/MODULE_5047950972568161369+e30acd3a/model.neff
2026-09-09 09:30:58.000198:  191618  [INFO]: Using a cached neff at /home/ubuntu/neuron_cache_e2e/neuronxcc-2.23.6484.0+3b612583/MODULE_5047950972568161369+e30acd3a/model.neff
2026-09-09 09:30:58.000200:  191623  [INFO]: Using a cached neff at /home/ubuntu/neuron_cache_e2e/neuronxcc-2.23.6484.0+3b612583/MODULE_5047950972568161369+e30acd3a/model.neff
2026-09-09 09:30:58.000200:  191609  [INFO]: Using a cached neff at /home/ubuntu/neuron_cache_e2e/neuronxcc-2.23.6484.0+3b612583/MODULE_5047950972568161369+e30acd3a/model.neff
2026-09-09 09:30:58.000201:  191637  [INFO]: Using a cached neff at /home/ubuntu/neuron_cache_e2e/neuronxcc-2.23.6484.0+3b612583/MODULE_5047950972568161369+e30acd3a/model.neff
2026-09-09 09:30:58.000206:  191615  [INFO]: Using a cached neff at /home/ubuntu/neuron_cache_e2e/neuronxcc-2.23.6484.0+3b612583/MODULE_5047950972568161369+e30acd3a/model.neff
2026-09-09 09:30:58.000215:  191634  [INFO]: Using a cached neff at /home/ubuntu/neuron_cache_e2e/neuronxcc-2.23.6484.0+3b612583/MODULE_5047950972568161369+e30acd3a/model.neff
2026-09-09 09:30:58.000225:  191611  [INFO]: Using a cached neff at /home/ubuntu/neuron_cache_e2e/neuronxcc-2.23.6484.0+3b612583/MODULE_5047950972568161369+e30acd3a/model.neff
2026-09-09 09:30:58.000226:  191617  [INFO]: Using a cached neff at /home/ubuntu/neuron_cache_e2e/neuronxcc-2.23.6484.0+3b612583/MODULE_5047950972568161369+e30acd3a/model.neff
/home/ubuntu/train_gpt10b_tp_families.py:533: DeprecationWarning: Use torch_xla.sync instead
  xm.mark_step()   # slice sync graph: F4b done
/home/ubuntu/train_gpt10b_tp_families.py:533: DeprecationWarning: Use torch_xla.sync instead
  xm.mark_step()   # slice sync graph: F4b done
/home/ubuntu/train_gpt10b_tp_families.py:533: DeprecationWarning: Use torch_xla.sync instead
  xm.mark_step()   # slice sync graph: F4b done
/home/ubuntu/train_gpt10b_tp_families.py:549: DeprecationWarning: Use torch_xla.sync instead
  xm.mark_step()   # slice sync graph: F6/F7 done
/home/ubuntu/train_gpt10b_tp_families.py:549: DeprecationWarning: Use torch_xla.sync instead
  xm.mark_step()   # slice sync graph: F6/F7 done
/home/ubuntu/train_gpt10b_tp_families.py:533: DeprecationWarning: Use torch_xla.sync instead
  xm.mark_step()   # slice sync graph: F4b done
/home/ubuntu/train_gpt10b_tp_families.py:549: DeprecationWarning: Use torch_xla.sync instead
  xm.mark_step()   # slice sync graph: F6/F7 done
/home/ubuntu/train_gpt10b_tp_families.py:533: DeprecationWarning: Use torch_xla.sync instead
  xm.mark_step()   # slice sync graph: F4b done
/home/ubuntu/train_gpt10b_tp_families.py:549: DeprecationWarning: Use torch_xla.sync instead
  xm.mark_step()   # slice sync graph: F6/F7 done
/home/ubuntu/train_gpt10b_tp_families.py:533: DeprecationWarning: Use torch_xla.sync instead
  xm.mark_step()   # slice sync graph: F4b done
/home/ubuntu/train_gpt10b_tp_families.py:533: DeprecationWarning: Use torch_xla.sync instead
  xm.mark_step()   # slice sync graph: F4b done
/home/ubuntu/train_gpt10b_tp_families.py:549: DeprecationWarning: Use torch_xla.sync instead
  xm.mark_step()   # slice sync graph: F6/F7 done
/home/ubuntu/train_gpt10b_tp_families.py:533: DeprecationWarning: Use torch_xla.sync instead
  xm.mark_step()   # slice sync graph: F4b done
/home/ubuntu/train_gpt10b_tp_families.py:549: DeprecationWarning: Use torch_xla.sync instead
  xm.mark_step()   # slice sync graph: F6/F7 done
/home/ubuntu/train_gpt10b_tp_families.py:549: DeprecationWarning: Use torch_xla.sync instead
  xm.mark_step()   # slice sync graph: F6/F7 done
/home/ubuntu/train_gpt10b_tp_families.py:533: DeprecationWarning: Use torch_xla.sync instead
  xm.mark_step()   # slice sync graph: F4b done
/home/ubuntu/train_gpt10b_tp_families.py:533: DeprecationWarning: Use torch_xla.sync instead
  xm.mark_step()   # slice sync graph: F4b done
/home/ubuntu/train_gpt10b_tp_families.py:533: DeprecationWarning: Use torch_xla.sync instead
  xm.mark_step()   # slice sync graph: F4b done
/home/ubuntu/train_gpt10b_tp_families.py:549: DeprecationWarning: Use torch_xla.sync instead
  xm.mark_step()   # slice sync graph: F6/F7 done
/home/ubuntu/train_gpt10b_tp_families.py:533: DeprecationWarning: Use torch_xla.sync instead
  xm.mark_step()   # slice sync graph: F4b done
/home/ubuntu/train_gpt10b_tp_families.py:549: DeprecationWarning: Use torch_xla.sync instead
  xm.mark_step()   # slice sync graph: F6/F7 done
/home/ubuntu/train_gpt10b_tp_families.py:549: DeprecationWarning: Use torch_xla.sync instead
  xm.mark_step()   # slice sync graph: F6/F7 done
/home/ubuntu/train_gpt10b_tp_families.py:533: DeprecationWarning: Use torch_xla.sync instead
  xm.mark_step()   # slice sync graph: F4b done
/home/ubuntu/train_gpt10b_tp_families.py:549: DeprecationWarning: Use torch_xla.sync instead
  xm.mark_step()   # slice sync graph: F6/F7 done
/home/ubuntu/train_gpt10b_tp_families.py:549: DeprecationWarning: Use torch_xla.sync instead
  xm.mark_step()   # slice sync graph: F6/F7 done
/home/ubuntu/train_gpt10b_tp_families.py:533: DeprecationWarning: Use torch_xla.sync instead
  xm.mark_step()   # slice sync graph: F4b done
/home/ubuntu/train_gpt10b_tp_families.py:533: DeprecationWarning: Use torch_xla.sync instead
  xm.mark_step()   # slice sync graph: F4b done
/home/ubuntu/train_gpt10b_tp_families.py:533: DeprecationWarning: Use torch_xla.sync instead
  xm.mark_step()   # slice sync graph: F4b done
/home/ubuntu/train_gpt10b_tp_families.py:549: DeprecationWarning: Use torch_xla.sync instead
  xm.mark_step()   # slice sync graph: F6/F7 done
/home/ubuntu/train_gpt10b_tp_families.py:533: DeprecationWarning: Use torch_xla.sync instead
  xm.mark_step()   # slice sync graph: F4b done
/home/ubuntu/train_gpt10b_tp_families.py:533: DeprecationWarning: Use torch_xla.sync instead
  xm.mark_step()   # slice sync graph: F4b done
/home/ubuntu/train_gpt10b_tp_families.py:533: DeprecationWarning: Use torch_xla.sync instead
  xm.mark_step()   # slice sync graph: F4b done
/home/ubuntu/train_gpt10b_tp_families.py:533: DeprecationWarning: Use torch_xla.sync instead
  xm.mark_step()   # slice sync graph: F4b done
/home/ubuntu/train_gpt10b_tp_families.py:533: DeprecationWarning: Use torch_xla.sync instead
  xm.mark_step()   # slice sync graph: F4b done
/home/ubuntu/train_gpt10b_tp_families.py:549: DeprecationWarning: Use torch_xla.sync instead
  xm.mark_step()   # slice sync graph: F6/F7 done
/home/ubuntu/train_gpt10b_tp_families.py:549: DeprecationWarning: Use torch_xla.sync instead
  xm.mark_step()   # slice sync graph: F6/F7 done
/home/ubuntu/train_gpt10b_tp_families.py:533: DeprecationWarning: Use torch_xla.sync instead
  xm.mark_step()   # slice sync graph: F4b done
/home/ubuntu/train_gpt10b_tp_families.py:549: DeprecationWarning: Use torch_xla.sync instead
  xm.mark_step()   # slice sync graph: F6/F7 done
/home/ubuntu/train_gpt10b_tp_families.py:533: DeprecationWarning: Use torch_xla.sync instead
  xm.mark_step()   # slice sync graph: F4b done
/home/ubuntu/train_gpt10b_tp_families.py:549: DeprecationWarning: Use torch_xla.sync instead
  xm.mark_step()   # slice sync graph: F6/F7 done
/home/ubuntu/train_gpt10b_tp_families.py:549: DeprecationWarning: Use torch_xla.sync instead
  xm.mark_step()   # slice sync graph: F6/F7 done
/home/ubuntu/train_gpt10b_tp_families.py:549: DeprecationWarning: Use torch_xla.sync instead
  xm.mark_step()   # slice sync graph: F6/F7 done
/home/ubuntu/train_gpt10b_tp_families.py:549: DeprecationWarning: Use torch_xla.sync instead
  xm.mark_step()   # slice sync graph: F6/F7 done
/home/ubuntu/train_gpt10b_tp_families.py:533: DeprecationWarning: Use torch_xla.sync instead
  xm.mark_step()   # slice sync graph: F4b done
/home/ubuntu/train_gpt10b_tp_families.py:549: DeprecationWarning: Use torch_xla.sync instead
  xm.mark_step()   # slice sync graph: F6/F7 done
/home/ubuntu/train_gpt10b_tp_families.py:533: DeprecationWarning: Use torch_xla.sync instead
  xm.mark_step()   # slice sync graph: F4b done
/home/ubuntu/train_gpt10b_tp_families.py:533: DeprecationWarning: Use torch_xla.sync instead
  xm.mark_step()   # slice sync graph: F4b done
/home/ubuntu/train_gpt10b_tp_families.py:533: DeprecationWarning: Use torch_xla.sync instead
  xm.mark_step()   # slice sync graph: F4b done
/home/ubuntu/train_gpt10b_tp_families.py:549: DeprecationWarning: Use torch_xla.sync instead
  xm.mark_step()   # slice sync graph: F6/F7 done
/home/ubuntu/train_gpt10b_tp_families.py:533: DeprecationWarning: Use torch_xla.sync instead
  xm.mark_step()   # slice sync graph: F4b done
/home/ubuntu/train_gpt10b_tp_families.py:549: DeprecationWarning: Use torch_xla.sync instead
  xm.mark_step()   # slice sync graph: F6/F7 done
/home/ubuntu/train_gpt10b_tp_families.py:533: DeprecationWarning: Use torch_xla.sync instead
  xm.mark_step()   # slice sync graph: F4b done
/home/ubuntu/train_gpt10b_tp_families.py:549: DeprecationWarning: Use torch_xla.sync instead
  xm.mark_step()   # slice sync graph: F6/F7 done
/home/ubuntu/train_gpt10b_tp_families.py:549: DeprecationWarning: Use torch_xla.sync instead
  xm.mark_step()   # slice sync graph: F6/F7 done
/home/ubuntu/train_gpt10b_tp_families.py:549: DeprecationWarning: Use torch_xla.sync instead
  xm.mark_step()   # slice sync graph: F6/F7 done
/home/ubuntu/train_gpt10b_tp_families.py:549: DeprecationWarning: Use torch_xla.sync instead
  xm.mark_step()   # slice sync graph: F6/F7 done
/home/ubuntu/train_gpt10b_tp_families.py:549: DeprecationWarning: Use torch_xla.sync instead
  xm.mark_step()   # slice sync graph: F6/F7 done
/home/ubuntu/train_gpt10b_tp_families.py:549: DeprecationWarning: Use torch_xla.sync instead
  xm.mark_step()   # slice sync graph: F6/F7 done
/home/ubuntu/train_gpt10b_tp_families.py:533: DeprecationWarning: Use torch_xla.sync instead
  xm.mark_step()   # slice sync graph: F4b done
2026-09-09 09:30:58.000353:  191631  [INFO]: Using a cached neff at /home/ubuntu/neuron_cache_e2e/neuronxcc-2.23.6484.0+3b612583/MODULE_5289844287430996147+e30acd3a/model.neff
/home/ubuntu/train_gpt10b_tp_families.py:549: DeprecationWarning: Use torch_xla.sync instead
  xm.mark_step()   # slice sync graph: F6/F7 done
2026-09-09 09:30:58.000358:  191614  [INFO]: Using a cached neff at /home/ubuntu/neuron_cache_e2e/neuronxcc-2.23.6484.0+3b612583/MODULE_5289844287430996147+e30acd3a/model.neff
2026-09-09 09:30:58.000360:  191633  [INFO]: Using a cached neff at /home/ubuntu/neuron_cache_e2e/neuronxcc-2.23.6484.0+3b612583/MODULE_5289844287430996147+e30acd3a/model.neff
2026-09-09 09:30:58.000365:  191608  [INFO]: Using a cached neff at /home/ubuntu/neuron_cache_e2e/neuronxcc-2.23.6484.0+3b612583/MODULE_5289844287430996147+e30acd3a/model.neff
2026-09-09 09:30:58.000370:  191612  [INFO]: Using a cached neff at /home/ubuntu/neuron_cache_e2e/neuronxcc-2.23.6484.0+3b612583/MODULE_5289844287430996147+e30acd3a/model.neff
2026-09-09 09:30:58.000372:  191630  [INFO]: Using a cached neff at /home/ubuntu/neuron_cache_e2e/neuronxcc-2.23.6484.0+3b612583/MODULE_5289844287430996147+e30acd3a/model.neff
/home/ubuntu/train_gpt10b_tp_families.py:533: DeprecationWarning: Use torch_xla.sync instead
  xm.mark_step()   # slice sync graph: F4b done
2026-09-09 09:30:58.000376:  191610  [INFO]: Using a cached neff at /home/ubuntu/neuron_cache_e2e/neuronxcc-2.23.6484.0+3b612583/MODULE_5289844287430996147+e30acd3a/model.neff
/home/ubuntu/train_gpt10b_tp_families.py:549: DeprecationWarning: Use torch_xla.sync instead
  xm.mark_step()   # slice sync graph: F6/F7 done
2026-09-09 09:30:58.000385:  191607  [INFO]: Using a cached neff at /home/ubuntu/neuron_cache_e2e/neuronxcc-2.23.6484.0+3b612583/MODULE_5289844287430996147+e30acd3a/model.neff
2026-09-09 09:30:58.000387:  191629  [INFO]: Using a cached neff at /home/ubuntu/neuron_cache_e2e/neuronxcc-2.23.6484.0+3b612583/MODULE_5289844287430996147+e30acd3a/model.neff
2026-09-09 09:30:58.000387:  191613  [INFO]: Using a cached neff at /home/ubuntu/neuron_cache_e2e/neuronxcc-2.23.6484.0+3b612583/MODULE_5289844287430996147+e30acd3a/model.neff
2026-09-09 09:30:58.000388:  191622  [INFO]: Using a cached neff at /home/ubuntu/neuron_cache_e2e/neuronxcc-2.23.6484.0+3b612583/MODULE_5289844287430996147+e30acd3a/model.neff
2026-09-09 09:30:58.000389:  191636  [INFO]: Using a cached neff at /home/ubuntu/neuron_cache_e2e/neuronxcc-2.23.6484.0+3b612583/MODULE_5289844287430996147+e30acd3a/model.neff
2026-09-09 09:30:58.000393:  191625  [INFO]: Using a cached neff at /home/ubuntu/neuron_cache_e2e/neuronxcc-2.23.6484.0+3b612583/MODULE_5289844287430996147+e30acd3a/model.neff
2026-09-09 09:30:58.000396:  191628  [INFO]: Using a cached neff at /home/ubuntu/neuron_cache_e2e/neuronxcc-2.23.6484.0+3b612583/MODULE_5289844287430996147+e30acd3a/model.neff
2026-09-09 09:30:58.000400:  191626  [INFO]: Using a cached neff at /home/ubuntu/neuron_cache_e2e/neuronxcc-2.23.6484.0+3b612583/MODULE_5289844287430996147+e30acd3a/model.neff
2026-09-09 09:30:58.000400:  191632  [INFO]: Using a cached neff at /home/ubuntu/neuron_cache_e2e/neuronxcc-2.23.6484.0+3b612583/MODULE_5289844287430996147+e30acd3a/model.neff
/home/ubuntu/train_gpt10b_tp_families.py:533: DeprecationWarning: Use torch_xla.sync instead
  xm.mark_step()   # slice sync graph: F4b done
2026-09-09 09:30:58.000402:  191618  [INFO]: Using a cached neff at /home/ubuntu/neuron_cache_e2e/neuronxcc-2.23.6484.0+3b612583/MODULE_5289844287430996147+e30acd3a/model.neff
2026-09-09 09:30:58.000403:  191627  [INFO]: Using a cached neff at /home/ubuntu/neuron_cache_e2e/neuronxcc-2.23.6484.0+3b612583/MODULE_5289844287430996147+e30acd3a/model.neff
2026-09-09 09:30:58.000403:  191624  [INFO]: Using a cached neff at /home/ubuntu/neuron_cache_e2e/neuronxcc-2.23.6484.0+3b612583/MODULE_5289844287430996147+e30acd3a/model.neff
2026-09-09 09:30:58.000406:  191615  [INFO]: Using a cached neff at /home/ubuntu/neuron_cache_e2e/neuronxcc-2.23.6484.0+3b612583/MODULE_5289844287430996147+e30acd3a/model.neff
2026-09-09 09:30:58.000406:  191620  [INFO]: Using a cached neff at /home/ubuntu/neuron_cache_e2e/neuronxcc-2.23.6484.0+3b612583/MODULE_5289844287430996147+e30acd3a/model.neff
2026-09-09 09:30:58.000407:  191637  [INFO]: Using a cached neff at /home/ubuntu/neuron_cache_e2e/neuronxcc-2.23.6484.0+3b612583/MODULE_5289844287430996147+e30acd3a/model.neff
2026-09-09 09:30:58.000408:  191623  [INFO]: Using a cached neff at /home/ubuntu/neuron_cache_e2e/neuronxcc-2.23.6484.0+3b612583/MODULE_5289844287430996147+e30acd3a/model.neff
/home/ubuntu/train_gpt10b_tp_families.py:549: DeprecationWarning: Use torch_xla.sync instead
  xm.mark_step()   # slice sync graph: F6/F7 done
2026-09-09 09:30:58.000409:  191619  [INFO]: Using a cached neff at /home/ubuntu/neuron_cache_e2e/neuronxcc-2.23.6484.0+3b612583/MODULE_5289844287430996147+e30acd3a/model.neff
2026-09-09 09:30:58.000410:  191621  [INFO]: Using a cached neff at /home/ubuntu/neuron_cache_e2e/neuronxcc-2.23.6484.0+3b612583/MODULE_5289844287430996147+e30acd3a/model.neff
2026-09-09 09:30:58.000412:  191635  [INFO]: Using a cached neff at /home/ubuntu/neuron_cache_e2e/neuronxcc-2.23.6484.0+3b612583/MODULE_5289844287430996147+e30acd3a/model.neff
2026-09-09 09:30:58.000415:  191616  [INFO]: Using a cached neff at /home/ubuntu/neuron_cache_e2e/neuronxcc-2.23.6484.0+3b612583/MODULE_5289844287430996147+e30acd3a/model.neff
2026-09-09 09:30:58.000420:  191609  [INFO]: Using a cached neff at /home/ubuntu/neuron_cache_e2e/neuronxcc-2.23.6484.0+3b612583/MODULE_5289844287430996147+e30acd3a/model.neff
2026-09-09 09:30:58.000421:  191606  [INFO]: Using a cached neff at /home/ubuntu/neuron_cache_e2e/neuronxcc-2.23.6484.0+3b612583/MODULE_5289844287430996147+e30acd3a/model.neff
/home/ubuntu/train_gpt10b_tp_families.py:568: DeprecationWarning: Use torch_xla.sync instead
  xm.mark_step()
2026-09-09 09:30:58.000425:  191634  [INFO]: Using a cached neff at /home/ubuntu/neuron_cache_e2e/neuronxcc-2.23.6484.0+3b612583/MODULE_5289844287430996147+e30acd3a/model.neff
/home/ubuntu/train_gpt10b_tp_families.py:568: DeprecationWarning: Use torch_xla.sync instead
  xm.mark_step()
/home/ubuntu/train_gpt10b_tp_families.py:568: DeprecationWarning: Use torch_xla.sync instead
  xm.mark_step()
/home/ubuntu/train_gpt10b_tp_families.py:568: DeprecationWarning: Use torch_xla.sync instead
  xm.mark_step()
/home/ubuntu/train_gpt10b_tp_families.py:568: DeprecationWarning: Use torch_xla.sync instead
  xm.mark_step()
/home/ubuntu/train_gpt10b_tp_families.py:568: DeprecationWarning: Use torch_xla.sync instead
  xm.mark_step()
/home/ubuntu/train_gpt10b_tp_families.py:568: DeprecationWarning: Use torch_xla.sync instead
  xm.mark_step()
2026-09-09 09:30:58.000457:  191611  [INFO]: Using a cached neff at /home/ubuntu/neuron_cache_e2e/neuronxcc-2.23.6484.0+3b612583/MODULE_5289844287430996147+e30acd3a/model.neff
/home/ubuntu/train_gpt10b_tp_families.py:568: DeprecationWarning: Use torch_xla.sync instead
  xm.mark_step()
/home/ubuntu/train_gpt10b_tp_families.py:568: DeprecationWarning: Use torch_xla.sync instead
  xm.mark_step()
/home/ubuntu/train_gpt10b_tp_families.py:568: DeprecationWarning: Use torch_xla.sync instead
  xm.mark_step()
/home/ubuntu/train_gpt10b_tp_families.py:568: DeprecationWarning: Use torch_xla.sync instead
  xm.mark_step()
/home/ubuntu/train_gpt10b_tp_families.py:568: DeprecationWarning: Use torch_xla.sync instead
  xm.mark_step()
/home/ubuntu/train_gpt10b_tp_families.py:568: DeprecationWarning: Use torch_xla.sync instead
  xm.mark_step()
/home/ubuntu/train_gpt10b_tp_families.py:568: DeprecationWarning: Use torch_xla.sync instead
  xm.mark_step()
/home/ubuntu/train_gpt10b_tp_families.py:568: DeprecationWarning: Use torch_xla.sync instead
  xm.mark_step()
/home/ubuntu/train_gpt10b_tp_families.py:568: DeprecationWarning: Use torch_xla.sync instead
  xm.mark_step()
/home/ubuntu/train_gpt10b_tp_families.py:568: DeprecationWarning: Use torch_xla.sync instead
  xm.mark_step()
/home/ubuntu/train_gpt10b_tp_families.py:568: DeprecationWarning: Use torch_xla.sync instead
  xm.mark_step()
/home/ubuntu/train_gpt10b_tp_families.py:568: DeprecationWarning: Use torch_xla.sync instead
  xm.mark_step()
/home/ubuntu/train_gpt10b_tp_families.py:568: DeprecationWarning: Use torch_xla.sync instead
  xm.mark_step()
/home/ubuntu/train_gpt10b_tp_families.py:568: DeprecationWarning: Use torch_xla.sync instead
  xm.mark_step()
/home/ubuntu/train_gpt10b_tp_families.py:568: DeprecationWarning: Use torch_xla.sync instead
  xm.mark_step()
/home/ubuntu/train_gpt10b_tp_families.py:568: DeprecationWarning: Use torch_xla.sync instead
  xm.mark_step()
/home/ubuntu/train_gpt10b_tp_families.py:568: DeprecationWarning: Use torch_xla.sync instead
  xm.mark_step()
/home/ubuntu/train_gpt10b_tp_families.py:568: DeprecationWarning: Use torch_xla.sync instead
  xm.mark_step()
2026-09-09 09:30:58.000488:  191617  [INFO]: Using a cached neff at /home/ubuntu/neuron_cache_e2e/neuronxcc-2.23.6484.0+3b612583/MODULE_5289844287430996147+e30acd3a/model.neff
/home/ubuntu/train_gpt10b_tp_families.py:568: DeprecationWarning: Use torch_xla.sync instead
  xm.mark_step()
/home/ubuntu/train_gpt10b_tp_families.py:568: DeprecationWarning: Use torch_xla.sync instead
  xm.mark_step()
/home/ubuntu/train_gpt10b_tp_families.py:568: DeprecationWarning: Use torch_xla.sync instead
  xm.mark_step()
/home/ubuntu/train_gpt10b_tp_families.py:568: DeprecationWarning: Use torch_xla.sync instead
  xm.mark_step()
/home/ubuntu/train_gpt10b_tp_families.py:568: DeprecationWarning: Use torch_xla.sync instead
  xm.mark_step()
/home/ubuntu/train_gpt10b_tp_families.py:568: DeprecationWarning: Use torch_xla.sync instead
  xm.mark_step()
/home/ubuntu/train_gpt10b_tp_families.py:568: DeprecationWarning: Use torch_xla.sync instead
  xm.mark_step()
2026-09-09 09:30:59.000517:  191614  [INFO]: Using a cached neff at /home/ubuntu/neuron_cache_e2e/neuronxcc-2.23.6484.0+3b612583/MODULE_5827082468977595728+e30acd3a/model.neff
2026-09-09 09:30:59.000518:  191615  [INFO]: Using a cached neff at /home/ubuntu/neuron_cache_e2e/neuronxcc-2.23.6484.0+3b612583/MODULE_5827082468977595728+e30acd3a/model.neff
2026-09-09 09:30:59.000520:  191634  [INFO]: Using a cached neff at /home/ubuntu/neuron_cache_e2e/neuronxcc-2.23.6484.0+3b612583/MODULE_5827082468977595728+e30acd3a/model.neff
2026-09-09 09:30:59.000526:  191635  [INFO]: Using a cached neff at /home/ubuntu/neuron_cache_e2e/neuronxcc-2.23.6484.0+3b612583/MODULE_5827082468977595728+e30acd3a/model.neff
2026-09-09 09:30:59.000554:  191612  [INFO]: Using a cached neff at /home/ubuntu/neuron_cache_e2e/neuronxcc-2.23.6484.0+3b612583/MODULE_5827082468977595728+e30acd3a/model.neff
2026-09-09 09:30:59.000561:  191608  [INFO]: Using a cached neff at /home/ubuntu/neuron_cache_e2e/neuronxcc-2.23.6484.0+3b612583/MODULE_5827082468977595728+e30acd3a/model.neff
2026-09-09 09:30:59.000566:  191625  [INFO]: Using a cached neff at /home/ubuntu/neuron_cache_e2e/neuronxcc-2.23.6484.0+3b612583/MODULE_5827082468977595728+e30acd3a/model.neff
2026-09-09 09:30:59.000569:  191620  [INFO]: Using a cached neff at /home/ubuntu/neuron_cache_e2e/neuronxcc-2.23.6484.0+3b612583/MODULE_5827082468977595728+e30acd3a/model.neff
2026-09-09 09:30:59.000569:  191607  [INFO]: Using a cached neff at /home/ubuntu/neuron_cache_e2e/neuronxcc-2.23.6484.0+3b612583/MODULE_5827082468977595728+e30acd3a/model.neff
2026-09-09 09:30:59.000577:  191628  [INFO]: Using a cached neff at /home/ubuntu/neuron_cache_e2e/neuronxcc-2.23.6484.0+3b612583/MODULE_5827082468977595728+e30acd3a/model.neff
2026-09-09 09:30:59.000578:  191621  [INFO]: Using a cached neff at /home/ubuntu/neuron_cache_e2e/neuronxcc-2.23.6484.0+3b612583/MODULE_5827082468977595728+e30acd3a/model.neff
2026-09-09 09:30:59.000581:  191610  [INFO]: Using a cached neff at /home/ubuntu/neuron_cache_e2e/neuronxcc-2.23.6484.0+3b612583/MODULE_5827082468977595728+e30acd3a/model.neff
2026-09-09 09:30:59.000582:  191629  [INFO]: Using a cached neff at /home/ubuntu/neuron_cache_e2e/neuronxcc-2.23.6484.0+3b612583/MODULE_5827082468977595728+e30acd3a/model.neff
/home/ubuntu/train_gpt10b_tp_families.py:627: DeprecationWarning: Use torch_xla.sync instead
  xm.mark_step()
/home/ubuntu/train_gpt10b_tp_families.py:627: DeprecationWarning: Use torch_xla.sync instead
  xm.mark_step()
2026-09-09 09:30:59.000587:  191619  [INFO]: Using a cached neff at /home/ubuntu/neuron_cache_e2e/neuronxcc-2.23.6484.0+3b612583/MODULE_5827082468977595728+e30acd3a/model.neff
2026-09-09 09:30:59.000589:  191618  [INFO]: Using a cached neff at /home/ubuntu/neuron_cache_e2e/neuronxcc-2.23.6484.0+3b612583/MODULE_5827082468977595728+e30acd3a/model.neff
/home/ubuntu/train_gpt10b_tp_families.py:627: DeprecationWarning: Use torch_xla.sync instead
  xm.mark_step()
2026-09-09 09:30:59.000590:  191623  [INFO]: Using a cached neff at /home/ubuntu/neuron_cache_e2e/neuronxcc-2.23.6484.0+3b612583/MODULE_5827082468977595728+e30acd3a/model.neff
2026-09-09 09:30:59.000593:  191627  [INFO]: Using a cached neff at /home/ubuntu/neuron_cache_e2e/neuronxcc-2.23.6484.0+3b612583/MODULE_5827082468977595728+e30acd3a/model.neff
2026-09-09 09:30:59.000594:  191611  [INFO]: Using a cached neff at /home/ubuntu/neuron_cache_e2e/neuronxcc-2.23.6484.0+3b612583/MODULE_5827082468977595728+e30acd3a/model.neff
2026-09-09 09:30:59.000601:  191630  [INFO]: Using a cached neff at /home/ubuntu/neuron_cache_e2e/neuronxcc-2.23.6484.0+3b612583/MODULE_5827082468977595728+e30acd3a/model.neff
2026-09-09 09:30:59.000602:  191632  [INFO]: Using a cached neff at /home/ubuntu/neuron_cache_e2e/neuronxcc-2.23.6484.0+3b612583/MODULE_5827082468977595728+e30acd3a/model.neff
/home/ubuntu/train_gpt10b_tp_families.py:627: DeprecationWarning: Use torch_xla.sync instead
  xm.mark_step()
2026-09-09 09:30:59.000610:  191633  [INFO]: Using a cached neff at /home/ubuntu/neuron_cache_e2e/neuronxcc-2.23.6484.0+3b612583/MODULE_5827082468977595728+e30acd3a/model.neff
2026-09-09 09:30:59.000610:  191622  [INFO]: Using a cached neff at /home/ubuntu/neuron_cache_e2e/neuronxcc-2.23.6484.0+3b612583/MODULE_5827082468977595728+e30acd3a/model.neff
2026-09-09 09:30:59.000610:  191636  [INFO]: Using a cached neff at /home/ubuntu/neuron_cache_e2e/neuronxcc-2.23.6484.0+3b612583/MODULE_5827082468977595728+e30acd3a/model.neff
2026-09-09 09:30:59.000616:  191609  [INFO]: Using a cached neff at /home/ubuntu/neuron_cache_e2e/neuronxcc-2.23.6484.0+3b612583/MODULE_5827082468977595728+e30acd3a/model.neff
2026-09-09 09:30:59.000616:  191606  [INFO]: Using a cached neff at /home/ubuntu/neuron_cache_e2e/neuronxcc-2.23.6484.0+3b612583/MODULE_5827082468977595728+e30acd3a/model.neff
2026-09-09 09:30:59.000617:  191631  [INFO]: Using a cached neff at /home/ubuntu/neuron_cache_e2e/neuronxcc-2.23.6484.0+3b612583/MODULE_5827082468977595728+e30acd3a/model.neff
2026-09-09 09:30:59.000617:  191616  [INFO]: Using a cached neff at /home/ubuntu/neuron_cache_e2e/neuronxcc-2.23.6484.0+3b612583/MODULE_5827082468977595728+e30acd3a/model.neff
2026-09-09 09:30:59.000618:  191617  [INFO]: Using a cached neff at /home/ubuntu/neuron_cache_e2e/neuronxcc-2.23.6484.0+3b612583/MODULE_5827082468977595728+e30acd3a/model.neff
2026-09-09 09:30:59.000619:  191613  [INFO]: Using a cached neff at /home/ubuntu/neuron_cache_e2e/neuronxcc-2.23.6484.0+3b612583/MODULE_5827082468977595728+e30acd3a/model.neff
2026-09-09 09:30:59.000620:  191637  [INFO]: Using a cached neff at /home/ubuntu/neuron_cache_e2e/neuronxcc-2.23.6484.0+3b612583/MODULE_5827082468977595728+e30acd3a/model.neff
2026-09-09 09:30:59.000620:  191624  [INFO]: Using a cached neff at /home/ubuntu/neuron_cache_e2e/neuronxcc-2.23.6484.0+3b612583/MODULE_5827082468977595728+e30acd3a/model.neff
2026-09-09 09:30:59.000621:  191626  [INFO]: Using a cached neff at /home/ubuntu/neuron_cache_e2e/neuronxcc-2.23.6484.0+3b612583/MODULE_5827082468977595728+e30acd3a/model.neff
/home/ubuntu/train_gpt10b_tp_families.py:627: DeprecationWarning: Use torch_xla.sync instead
  xm.mark_step()
/home/ubuntu/train_gpt10b_tp_families.py:627: DeprecationWarning: Use torch_xla.sync instead
  xm.mark_step()
/home/ubuntu/train_gpt10b_tp_families.py:627: DeprecationWarning: Use torch_xla.sync instead
  xm.mark_step()
/home/ubuntu/train_gpt10b_tp_families.py:627: DeprecationWarning: Use torch_xla.sync instead
  xm.mark_step()
/home/ubuntu/train_gpt10b_tp_families.py:627: DeprecationWarning: Use torch_xla.sync instead
  xm.mark_step()
/home/ubuntu/train_gpt10b_tp_families.py:627: DeprecationWarning: Use torch_xla.sync instead
  xm.mark_step()
/home/ubuntu/train_gpt10b_tp_families.py:627: DeprecationWarning: Use torch_xla.sync instead
  xm.mark_step()
/home/ubuntu/train_gpt10b_tp_families.py:627: DeprecationWarning: Use torch_xla.sync instead
  xm.mark_step()
/home/ubuntu/train_gpt10b_tp_families.py:627: DeprecationWarning: Use torch_xla.sync instead
  xm.mark_step()
/home/ubuntu/train_gpt10b_tp_families.py:627: DeprecationWarning: Use torch_xla.sync instead
  xm.mark_step()
/home/ubuntu/train_gpt10b_tp_families.py:627: DeprecationWarning: Use torch_xla.sync instead
  xm.mark_step()
/home/ubuntu/train_gpt10b_tp_families.py:627: DeprecationWarning: Use torch_xla.sync instead
  xm.mark_step()
/home/ubuntu/train_gpt10b_tp_families.py:627: DeprecationWarning: Use torch_xla.sync instead
  xm.mark_step()
/home/ubuntu/train_gpt10b_tp_families.py:627: DeprecationWarning: Use torch_xla.sync instead
  xm.mark_step()
/home/ubuntu/train_gpt10b_tp_families.py:627: DeprecationWarning: Use torch_xla.sync instead
  xm.mark_step()
/home/ubuntu/train_gpt10b_tp_families.py:627: DeprecationWarning: Use torch_xla.sync instead
  xm.mark_step()
/home/ubuntu/train_gpt10b_tp_families.py:627: DeprecationWarning: Use torch_xla.sync instead
  xm.mark_step()
/home/ubuntu/train_gpt10b_tp_families.py:627: DeprecationWarning: Use torch_xla.sync instead
  xm.mark_step()
/home/ubuntu/train_gpt10b_tp_families.py:627: DeprecationWarning: Use torch_xla.sync instead
  xm.mark_step()
/home/ubuntu/train_gpt10b_tp_families.py:627: DeprecationWarning: Use torch_xla.sync instead
  xm.mark_step()
/home/ubuntu/train_gpt10b_tp_families.py:627: DeprecationWarning: Use torch_xla.sync instead
  xm.mark_step()
/home/ubuntu/train_gpt10b_tp_families.py:627: DeprecationWarning: Use torch_xla.sync instead
  xm.mark_step()
/home/ubuntu/train_gpt10b_tp_families.py:627: DeprecationWarning: Use torch_xla.sync instead
  xm.mark_step()
/home/ubuntu/train_gpt10b_tp_families.py:627: DeprecationWarning: Use torch_xla.sync instead
  xm.mark_step()
/home/ubuntu/train_gpt10b_tp_families.py:627: DeprecationWarning: Use torch_xla.sync instead
  xm.mark_step()
/home/ubuntu/train_gpt10b_tp_families.py:627: DeprecationWarning: Use torch_xla.sync instead
  xm.mark_step()
/home/ubuntu/train_gpt10b_tp_families.py:627: DeprecationWarning: Use torch_xla.sync instead
  xm.mark_step()
/home/ubuntu/train_gpt10b_tp_families.py:627: DeprecationWarning: Use torch_xla.sync instead
  xm.mark_step()
2026-09-09 09:31:00.000685:  191614  [INFO]: Using a cached neff at /home/ubuntu/neuron_cache_e2e/neuronxcc-2.23.6484.0+3b612583/MODULE_15471561942199109669+e30acd3a/model.neff
2026-09-09 09:31:01.000484:  191634  [INFO]: Using a cached neff at /home/ubuntu/neuron_cache_e2e/neuronxcc-2.23.6484.0+3b612583/MODULE_15471561942199109669+e30acd3a/model.neff
2026-09-09 09:31:01.000532:  191615  [INFO]: Using a cached neff at /home/ubuntu/neuron_cache_e2e/neuronxcc-2.23.6484.0+3b612583/MODULE_15471561942199109669+e30acd3a/model.neff
2026-09-09 09:31:01.000580:  191608  [INFO]: Using a cached neff at /home/ubuntu/neuron_cache_e2e/neuronxcc-2.23.6484.0+3b612583/MODULE_15471561942199109669+e30acd3a/model.neff
2026-09-09 09:31:02.000005:  191625  [INFO]: Using a cached neff at /home/ubuntu/neuron_cache_e2e/neuronxcc-2.23.6484.0+3b612583/MODULE_15471561942199109669+e30acd3a/model.neff
2026-09-09 09:31:02.000097:  191620  [INFO]: Using a cached neff at /home/ubuntu/neuron_cache_e2e/neuronxcc-2.23.6484.0+3b612583/MODULE_15471561942199109669+e30acd3a/model.neff
2026-09-09 09:31:02.000997:  191635  [INFO]: Using a cached neff at /home/ubuntu/neuron_cache_e2e/neuronxcc-2.23.6484.0+3b612583/MODULE_15471561942199109669+e30acd3a/model.neff
2026-09-09 09:31:03.000267:  191612  [INFO]: Using a cached neff at /home/ubuntu/neuron_cache_e2e/neuronxcc-2.23.6484.0+3b612583/MODULE_15471561942199109669+e30acd3a/model.neff
2026-09-09 09:31:03.000267:  191619  [INFO]: Using a cached neff at /home/ubuntu/neuron_cache_e2e/neuronxcc-2.23.6484.0+3b612583/MODULE_15471561942199109669+e30acd3a/model.neff
2026-09-09 09:31:03.000267:  191628  [INFO]: Using a cached neff at /home/ubuntu/neuron_cache_e2e/neuronxcc-2.23.6484.0+3b612583/MODULE_15471561942199109669+e30acd3a/model.neff
2026-09-09 09:31:03.000267:  191629  [INFO]: Using a cached neff at /home/ubuntu/neuron_cache_e2e/neuronxcc-2.23.6484.0+3b612583/MODULE_15471561942199109669+e30acd3a/model.neff
2026-09-09 09:31:04.000113:  191607  [INFO]: Using a cached neff at /home/ubuntu/neuron_cache_e2e/neuronxcc-2.23.6484.0+3b612583/MODULE_15471561942199109669+e30acd3a/model.neff
2026-09-09 09:31:04.000439:  191630  [INFO]: Using a cached neff at /home/ubuntu/neuron_cache_e2e/neuronxcc-2.23.6484.0+3b612583/MODULE_15471561942199109669+e30acd3a/model.neff
2026-09-09 09:31:04.000439:  191623  [INFO]: Using a cached neff at /home/ubuntu/neuron_cache_e2e/neuronxcc-2.23.6484.0+3b612583/MODULE_15471561942199109669+e30acd3a/model.neff
2026-09-09 09:31:04.000578:  191621  [INFO]: Using a cached neff at /home/ubuntu/neuron_cache_e2e/neuronxcc-2.23.6484.0+3b612583/MODULE_15471561942199109669+e30acd3a/model.neff
2026-09-09 09:31:04.000671:  191618  [INFO]: Using a cached neff at /home/ubuntu/neuron_cache_e2e/neuronxcc-2.23.6484.0+3b612583/MODULE_15471561942199109669+e30acd3a/model.neff
2026-09-09 09:31:04.000809:  191617  [INFO]: Using a cached neff at /home/ubuntu/neuron_cache_e2e/neuronxcc-2.23.6484.0+3b612583/MODULE_15471561942199109669+e30acd3a/model.neff
2026-09-09 09:31:05.000181:  191610  [INFO]: Using a cached neff at /home/ubuntu/neuron_cache_e2e/neuronxcc-2.23.6484.0+3b612583/MODULE_15471561942199109669+e30acd3a/model.neff
2026-09-09 09:31:05.000489:  191633  [INFO]: Using a cached neff at /home/ubuntu/neuron_cache_e2e/neuronxcc-2.23.6484.0+3b612583/MODULE_15471561942199109669+e30acd3a/model.neff
2026-09-09 09:31:05.000537:  191611  [INFO]: Using a cached neff at /home/ubuntu/neuron_cache_e2e/neuronxcc-2.23.6484.0+3b612583/MODULE_15471561942199109669+e30acd3a/model.neff
2026-09-09 09:31:05.000582:  191626  [INFO]: Using a cached neff at /home/ubuntu/neuron_cache_e2e/neuronxcc-2.23.6484.0+3b612583/MODULE_15471561942199109669+e30acd3a/model.neff
2026-09-09 09:31:05.000626:  191627  [INFO]: Using a cached neff at /home/ubuntu/neuron_cache_e2e/neuronxcc-2.23.6484.0+3b612583/MODULE_15471561942199109669+e30acd3a/model.neff
2026-09-09 09:31:05.000670:  191609  [INFO]: Using a cached neff at /home/ubuntu/neuron_cache_e2e/neuronxcc-2.23.6484.0+3b612583/MODULE_15471561942199109669+e30acd3a/model.neff
2026-09-09 09:31:05.000716:  191613  [INFO]: Using a cached neff at /home/ubuntu/neuron_cache_e2e/neuronxcc-2.23.6484.0+3b612583/MODULE_15471561942199109669+e30acd3a/model.neff
2026-09-09 09:31:05.000716:  191631  [INFO]: Using a cached neff at /home/ubuntu/neuron_cache_e2e/neuronxcc-2.23.6484.0+3b612583/MODULE_15471561942199109669+e30acd3a/model.neff
2026-09-09 09:31:05.000716:  191606  [INFO]: Using a cached neff at /home/ubuntu/neuron_cache_e2e/neuronxcc-2.23.6484.0+3b612583/MODULE_15471561942199109669+e30acd3a/model.neff
2026-09-09 09:31:05.000808:  191637  [INFO]: Using a cached neff at /home/ubuntu/neuron_cache_e2e/neuronxcc-2.23.6484.0+3b612583/MODULE_15471561942199109669+e30acd3a/model.neff
2026-09-09 09:31:05.000855:  191636  [INFO]: Using a cached neff at /home/ubuntu/neuron_cache_e2e/neuronxcc-2.23.6484.0+3b612583/MODULE_15471561942199109669+e30acd3a/model.neff
2026-09-09 09:31:05.000903:  191624  [INFO]: Using a cached neff at /home/ubuntu/neuron_cache_e2e/neuronxcc-2.23.6484.0+3b612583/MODULE_15471561942199109669+e30acd3a/model.neff
2026-09-09 09:31:05.000903:  191616  [INFO]: Using a cached neff at /home/ubuntu/neuron_cache_e2e/neuronxcc-2.23.6484.0+3b612583/MODULE_15471561942199109669+e30acd3a/model.neff
2026-09-09 09:31:06.000088:  191632  [INFO]: Using a cached neff at /home/ubuntu/neuron_cache_e2e/neuronxcc-2.23.6484.0+3b612583/MODULE_15471561942199109669+e30acd3a/model.neff
2026-09-09 09:31:06.000181:  191622  [INFO]: Using a cached neff at /home/ubuntu/neuron_cache_e2e/neuronxcc-2.23.6484.0+3b612583/MODULE_15471561942199109669+e30acd3a/model.neff
2026-09-09 09:31:08.000906:  191608  [INFO]: Using a cached neff at /home/ubuntu/neuron_cache_e2e/neuronxcc-2.23.6484.0+3b612583/MODULE_8581184631312811179+e30acd3a/model.neff
2026-09-09 09:31:08.000907:  191634  [INFO]: Using a cached neff at /home/ubuntu/neuron_cache_e2e/neuronxcc-2.23.6484.0+3b612583/MODULE_8581184631312811179+e30acd3a/model.neff
2026-09-09 09:31:08.000907:  191615  [INFO]: Using a cached neff at /home/ubuntu/neuron_cache_e2e/neuronxcc-2.23.6484.0+3b612583/MODULE_8581184631312811179+e30acd3a/model.neff
2026-09-09 09:31:08.000907:  191614  [INFO]: Using a cached neff at /home/ubuntu/neuron_cache_e2e/neuronxcc-2.23.6484.0+3b612583/MODULE_8581184631312811179+e30acd3a/model.neff
2026-09-09 09:31:10.000640:  191619  [INFO]: Using a cached neff at /home/ubuntu/neuron_cache_e2e/neuronxcc-2.23.6484.0+3b612583/MODULE_8581184631312811179+e30acd3a/model.neff
2026-09-09 09:31:10.000688:  191612  [INFO]: Using a cached neff at /home/ubuntu/neuron_cache_e2e/neuronxcc-2.23.6484.0+3b612583/MODULE_8581184631312811179+e30acd3a/model.neff
2026-09-09 09:31:10.000731:  191635  [INFO]: Using a cached neff at /home/ubuntu/neuron_cache_e2e/neuronxcc-2.23.6484.0+3b612583/MODULE_8581184631312811179+e30acd3a/model.neff
2026-09-09 09:31:10.000731:  191625  [INFO]: Using a cached neff at /home/ubuntu/neuron_cache_e2e/neuronxcc-2.23.6484.0+3b612583/MODULE_8581184631312811179+e30acd3a/model.neff
2026-09-09 09:31:10.000776:  191628  [INFO]: Using a cached neff at /home/ubuntu/neuron_cache_e2e/neuronxcc-2.23.6484.0+3b612583/MODULE_8581184631312811179+e30acd3a/model.neff
2026-09-09 09:31:10.000776:  191620  [INFO]: Using a cached neff at /home/ubuntu/neuron_cache_e2e/neuronxcc-2.23.6484.0+3b612583/MODULE_8581184631312811179+e30acd3a/model.neff
2026-09-09 09:31:11.000535:  191617  [INFO]: Using a cached neff at /home/ubuntu/neuron_cache_e2e/neuronxcc-2.23.6484.0+3b612583/MODULE_8581184631312811179+e30acd3a/model.neff
2026-09-09 09:31:11.000535:  191629  [INFO]: Using a cached neff at /home/ubuntu/neuron_cache_e2e/neuronxcc-2.23.6484.0+3b612583/MODULE_8581184631312811179+e30acd3a/model.neff
2026-09-09 09:31:11.000581:  191630  [INFO]: Using a cached neff at /home/ubuntu/neuron_cache_e2e/neuronxcc-2.23.6484.0+3b612583/MODULE_8581184631312811179+e30acd3a/model.neff
2026-09-09 09:31:11.000896:  191623  [INFO]: Using a cached neff at /home/ubuntu/neuron_cache_e2e/neuronxcc-2.23.6484.0+3b612583/MODULE_8581184631312811179+e30acd3a/model.neff
2026-09-09 09:31:11.000940:  191607  [INFO]: Using a cached neff at /home/ubuntu/neuron_cache_e2e/neuronxcc-2.23.6484.0+3b612583/MODULE_8581184631312811179+e30acd3a/model.neff
2026-09-09 09:31:11.000940:  191613  [INFO]: Using a cached neff at /home/ubuntu/neuron_cache_e2e/neuronxcc-2.23.6484.0+3b612583/MODULE_8581184631312811179+e30acd3a/model.neff
2026-09-09 09:31:12.000338:  191621  [INFO]: Using a cached neff at /home/ubuntu/neuron_cache_e2e/neuronxcc-2.23.6484.0+3b612583/MODULE_8581184631312811179+e30acd3a/model.neff
2026-09-09 09:31:12.000379:  191610  [INFO]: Using a cached neff at /home/ubuntu/neuron_cache_e2e/neuronxcc-2.23.6484.0+3b612583/MODULE_8581184631312811179+e30acd3a/model.neff
2026-09-09 09:31:12.000379:  191626  [INFO]: Using a cached neff at /home/ubuntu/neuron_cache_e2e/neuronxcc-2.23.6484.0+3b612583/MODULE_8581184631312811179+e30acd3a/model.neff
2026-09-09 09:31:12.000379:  191633  [INFO]: Using a cached neff at /home/ubuntu/neuron_cache_e2e/neuronxcc-2.23.6484.0+3b612583/MODULE_8581184631312811179+e30acd3a/model.neff
2026-09-09 09:31:12.000594:  191618  [INFO]: Using a cached neff at /home/ubuntu/neuron_cache_e2e/neuronxcc-2.23.6484.0+3b612583/MODULE_8581184631312811179+e30acd3a/model.neff
2026-09-09 09:31:12.000639:  191627  [INFO]: Using a cached neff at /home/ubuntu/neuron_cache_e2e/neuronxcc-2.23.6484.0+3b612583/MODULE_8581184631312811179+e30acd3a/model.neff
2026-09-09 09:31:12.000686:  191611  [INFO]: Using a cached neff at /home/ubuntu/neuron_cache_e2e/neuronxcc-2.23.6484.0+3b612583/MODULE_8581184631312811179+e30acd3a/model.neff
2026-09-09 09:31:12.000732:  191609  [INFO]: Using a cached neff at /home/ubuntu/neuron_cache_e2e/neuronxcc-2.23.6484.0+3b612583/MODULE_8581184631312811179+e30acd3a/model.neff
2026-09-09 09:31:12.000957:  191606  [INFO]: Using a cached neff at /home/ubuntu/neuron_cache_e2e/neuronxcc-2.23.6484.0+3b612583/MODULE_8581184631312811179+e30acd3a/model.neff
2026-09-09 09:31:12.000957:  191636  [INFO]: Using a cached neff at /home/ubuntu/neuron_cache_e2e/neuronxcc-2.23.6484.0+3b612583/MODULE_8581184631312811179+e30acd3a/model.neff
2026-09-09 09:31:12.000957:  191631  [INFO]: Using a cached neff at /home/ubuntu/neuron_cache_e2e/neuronxcc-2.23.6484.0+3b612583/MODULE_8581184631312811179+e30acd3a/model.neff
2026-09-09 09:31:13.000002:  191632  [INFO]: Using a cached neff at /home/ubuntu/neuron_cache_e2e/neuronxcc-2.23.6484.0+3b612583/MODULE_8581184631312811179+e30acd3a/model.neff
2026-09-09 09:31:13.000051:  191637  [INFO]: Using a cached neff at /home/ubuntu/neuron_cache_e2e/neuronxcc-2.23.6484.0+3b612583/MODULE_8581184631312811179+e30acd3a/model.neff
2026-09-09 09:31:13.000051:  191616  [INFO]: Using a cached neff at /home/ubuntu/neuron_cache_e2e/neuronxcc-2.23.6484.0+3b612583/MODULE_8581184631312811179+e30acd3a/model.neff
2026-09-09 09:31:13.000051:  191622  [INFO]: Using a cached neff at /home/ubuntu/neuron_cache_e2e/neuronxcc-2.23.6484.0+3b612583/MODULE_8581184631312811179+e30acd3a/model.neff
2026-09-09 09:31:13.000095:  191624  [INFO]: Using a cached neff at /home/ubuntu/neuron_cache_e2e/neuronxcc-2.23.6484.0+3b612583/MODULE_8581184631312811179+e30acd3a/model.neff
/home/ubuntu/train_gpt10b_tp_families.py:638: DeprecationWarning: Use torch_xla.sync instead
  xm.mark_step()
2026-09-09 09:31:13.000562:  191634  [INFO]: Using a cached neff at /home/ubuntu/neuron_cache_e2e/neuronxcc-2.23.6484.0+3b612583/MODULE_9715013359532217420+e30acd3a/model.neff
/home/ubuntu/train_gpt10b_tp_families.py:638: DeprecationWarning: Use torch_xla.sync instead
  xm.mark_step()
/home/ubuntu/train_gpt10b_tp_families.py:638: DeprecationWarning: Use torch_xla.sync instead
  xm.mark_step()
/home/ubuntu/train_gpt10b_tp_families.py:638: DeprecationWarning: Use torch_xla.sync instead
  xm.mark_step()
/home/ubuntu/train_gpt10b_tp_families.py:638: DeprecationWarning: Use torch_xla.sync instead
  xm.mark_step()
/home/ubuntu/train_gpt10b_tp_families.py:638: DeprecationWarning: Use torch_xla.sync instead
  xm.mark_step()
2026-09-09 09:31:13.000697:  191630  [INFO]: Using a cached neff at /home/ubuntu/neuron_cache_e2e/neuronxcc-2.23.6484.0+3b612583/MODULE_9715013359532217420+e30acd3a/model.neff
/home/ubuntu/train_gpt10b_tp_families.py:638: DeprecationWarning: Use torch_xla.sync instead
  xm.mark_step()
/home/ubuntu/train_gpt10b_tp_families.py:638: DeprecationWarning: Use torch_xla.sync instead
  xm.mark_step()
/home/ubuntu/train_gpt10b_tp_families.py:638: DeprecationWarning: Use torch_xla.sync instead
  xm.mark_step()
2026-09-09 09:31:13.000725:  191610  [INFO]: Using a cached neff at /home/ubuntu/neuron_cache_e2e/neuronxcc-2.23.6484.0+3b612583/MODULE_9715013359532217420+e30acd3a/model.neff
/home/ubuntu/train_gpt10b_tp_families.py:638: DeprecationWarning: Use torch_xla.sync instead
  xm.mark_step()
2026-09-09 09:31:13.000779:  191629  [INFO]: Using a cached neff at /home/ubuntu/neuron_cache_e2e/neuronxcc-2.23.6484.0+3b612583/MODULE_9715013359532217420+e30acd3a/model.neff
/home/ubuntu/train_gpt10b_tp_families.py:638: DeprecationWarning: Use torch_xla.sync instead
  xm.mark_step()
2026-09-09 09:31:13.000785:  191625  [INFO]: Using a cached neff at /home/ubuntu/neuron_cache_e2e/neuronxcc-2.23.6484.0+3b612583/MODULE_9715013359532217420+e30acd3a/model.neff
2026-09-09 09:31:13.000793:  191608  [INFO]: Using a cached neff at /home/ubuntu/neuron_cache_e2e/neuronxcc-2.23.6484.0+3b612583/MODULE_9715013359532217420+e30acd3a/model.neff
/home/ubuntu/train_gpt10b_tp_families.py:638: DeprecationWarning: Use torch_xla.sync instead
  xm.mark_step()
/home/ubuntu/train_gpt10b_tp_families.py:638: DeprecationWarning: Use torch_xla.sync instead
  xm.mark_step()
/home/ubuntu/train_gpt10b_tp_families.py:638: DeprecationWarning: Use torch_xla.sync instead
  xm.mark_step()
/home/ubuntu/train_gpt10b_tp_families.py:638: DeprecationWarning: Use torch_xla.sync instead
  xm.mark_step()
/home/ubuntu/train_gpt10b_tp_families.py:638: DeprecationWarning: Use torch_xla.sync instead
  xm.mark_step()
/home/ubuntu/train_gpt10b_tp_families.py:638: DeprecationWarning: Use torch_xla.sync instead
  xm.mark_step()
/home/ubuntu/train_gpt10b_tp_families.py:638: DeprecationWarning: Use torch_xla.sync instead
  xm.mark_step()
2026-09-09 09:31:13.000842:  191623  [INFO]: Using a cached neff at /home/ubuntu/neuron_cache_e2e/neuronxcc-2.23.6484.0+3b612583/MODULE_9715013359532217420+e30acd3a/model.neff
2026-09-09 09:31:13.000844:  191617  [INFO]: Using a cached neff at /home/ubuntu/neuron_cache_e2e/neuronxcc-2.23.6484.0+3b612583/MODULE_9715013359532217420+e30acd3a/model.neff
2026-09-09 09:31:13.000845:  191627  [INFO]: Using a cached neff at /home/ubuntu/neuron_cache_e2e/neuronxcc-2.23.6484.0+3b612583/MODULE_9715013359532217420+e30acd3a/model.neff
/home/ubuntu/train_gpt10b_tp_families.py:638: DeprecationWarning: Use torch_xla.sync instead
  xm.mark_step()
/home/ubuntu/train_gpt10b_tp_families.py:638: DeprecationWarning: Use torch_xla.sync instead
  xm.mark_step()
/home/ubuntu/train_gpt10b_tp_families.py:638: DeprecationWarning: Use torch_xla.sync instead
  xm.mark_step()
/home/ubuntu/train_gpt10b_tp_families.py:638: DeprecationWarning: Use torch_xla.sync instead
  xm.mark_step()
/home/ubuntu/train_gpt10b_tp_families.py:638: DeprecationWarning: Use torch_xla.sync instead
  xm.mark_step()
/home/ubuntu/train_gpt10b_tp_families.py:638: DeprecationWarning: Use torch_xla.sync instead
  xm.mark_step()
/home/ubuntu/train_gpt10b_tp_families.py:638: DeprecationWarning: Use torch_xla.sync instead
  xm.mark_step()
/home/ubuntu/train_gpt10b_tp_families.py:638: DeprecationWarning: Use torch_xla.sync instead
  xm.mark_step()
/home/ubuntu/train_gpt10b_tp_families.py:638: DeprecationWarning: Use torch_xla.sync instead
  xm.mark_step()
2026-09-09 09:31:13.000899:  191620  [INFO]: Using a cached neff at /home/ubuntu/neuron_cache_e2e/neuronxcc-2.23.6484.0+3b612583/MODULE_9715013359532217420+e30acd3a/model.neff
2026-09-09 09:31:13.000912:  191609  [INFO]: Using a cached neff at /home/ubuntu/neuron_cache_e2e/neuronxcc-2.23.6484.0+3b612583/MODULE_9715013359532217420+e30acd3a/model.neff
/home/ubuntu/train_gpt10b_tp_families.py:638: DeprecationWarning: Use torch_xla.sync instead
  xm.mark_step()
/home/ubuntu/train_gpt10b_tp_families.py:638: DeprecationWarning: Use torch_xla.sync instead
  xm.mark_step()
2026-09-09 09:31:13.000931:  191611  [INFO]: Using a cached neff at /home/ubuntu/neuron_cache_e2e/neuronxcc-2.23.6484.0+3b612583/MODULE_9715013359532217420+e30acd3a/model.neff
2026-09-09 09:31:13.000933:  191626  [INFO]: Using a cached neff at /home/ubuntu/neuron_cache_e2e/neuronxcc-2.23.6484.0+3b612583/MODULE_9715013359532217420+e30acd3a/model.neff
2026-09-09 09:31:13.000934:  191632  [INFO]: Using a cached neff at /home/ubuntu/neuron_cache_e2e/neuronxcc-2.23.6484.0+3b612583/MODULE_9715013359532217420+e30acd3a/model.neff
/home/ubuntu/train_gpt10b_tp_families.py:638: DeprecationWarning: Use torch_xla.sync instead
  xm.mark_step()
2026-09-09 09:31:13.000938:  191607  [INFO]: Using a cached neff at /home/ubuntu/neuron_cache_e2e/neuronxcc-2.23.6484.0+3b612583/MODULE_9715013359532217420+e30acd3a/model.neff
/home/ubuntu/train_gpt10b_tp_families.py:638: DeprecationWarning: Use torch_xla.sync instead
  xm.mark_step()
2026-09-09 09:31:13.000954:  191637  [INFO]: Using a cached neff at /home/ubuntu/neuron_cache_e2e/neuronxcc-2.23.6484.0+3b612583/MODULE_9715013359532217420+e30acd3a/model.neff
2026-09-09 09:31:13.000959:  191618  [INFO]: Using a cached neff at /home/ubuntu/neuron_cache_e2e/neuronxcc-2.23.6484.0+3b612583/MODULE_9715013359532217420+e30acd3a/model.neff
/home/ubuntu/train_gpt10b_tp_families.py:638: DeprecationWarning: Use torch_xla.sync instead
  xm.mark_step()
2026-09-09 09:31:13.000964:  191622  [INFO]: Using a cached neff at /home/ubuntu/neuron_cache_e2e/neuronxcc-2.23.6484.0+3b612583/MODULE_9715013359532217420+e30acd3a/model.neff
2026-09-09 09:31:13.000983:  191619  [INFO]: Using a cached neff at /home/ubuntu/neuron_cache_e2e/neuronxcc-2.23.6484.0+3b612583/MODULE_9715013359532217420+e30acd3a/model.neff
2026-09-09 09:31:13.000990:  191628  [INFO]: Using a cached neff at /home/ubuntu/neuron_cache_e2e/neuronxcc-2.23.6484.0+3b612583/MODULE_9715013359532217420+e30acd3a/model.neff
2026-09-09 09:31:13.000997:  191606  [INFO]: Using a cached neff at /home/ubuntu/neuron_cache_e2e/neuronxcc-2.23.6484.0+3b612583/MODULE_9715013359532217420+e30acd3a/model.neff
2026-09-09 09:31:13.000999:  191633  [INFO]: Using a cached neff at /home/ubuntu/neuron_cache_e2e/neuronxcc-2.23.6484.0+3b612583/MODULE_9715013359532217420+e30acd3a/model.neff
2026-09-09 09:31:14.000002:  191613  [INFO]: Using a cached neff at /home/ubuntu/neuron_cache_e2e/neuronxcc-2.23.6484.0+3b612583/MODULE_9715013359532217420+e30acd3a/model.neff
2026-09-09 09:31:14.000010:  191636  [INFO]: Using a cached neff at /home/ubuntu/neuron_cache_e2e/neuronxcc-2.23.6484.0+3b612583/MODULE_9715013359532217420+e30acd3a/model.neff
2026-09-09 09:31:14.000022:  191631  [INFO]: Using a cached neff at /home/ubuntu/neuron_cache_e2e/neuronxcc-2.23.6484.0+3b612583/MODULE_9715013359532217420+e30acd3a/model.neff
2026-09-09 09:31:14.000023:  191624  [INFO]: Using a cached neff at /home/ubuntu/neuron_cache_e2e/neuronxcc-2.23.6484.0+3b612583/MODULE_9715013359532217420+e30acd3a/model.neff
2026-09-09 09:31:14.000029:  191615  [INFO]: Using a cached neff at /home/ubuntu/neuron_cache_e2e/neuronxcc-2.23.6484.0+3b612583/MODULE_9715013359532217420+e30acd3a/model.neff
/home/ubuntu/train_gpt10b_tp_families.py:655: DeprecationWarning: Use torch_xla.sync instead
  xm.mark_step()
2026-09-09 09:31:14.000046:  191614  [INFO]: Using a cached neff at /home/ubuntu/neuron_cache_e2e/neuronxcc-2.23.6484.0+3b612583/MODULE_9715013359532217420+e30acd3a/model.neff
2026-09-09 09:31:14.000051:  191634  [INFO]: Using a cached neff at /home/ubuntu/neuron_cache_e2e/neuronxcc-2.23.6484.0+3b612583/MODULE_17699468275490213154+e30acd3a/model.neff
2026-09-09 09:31:14.000057:  191616  [INFO]: Using a cached neff at /home/ubuntu/neuron_cache_e2e/neuronxcc-2.23.6484.0+3b612583/MODULE_9715013359532217420+e30acd3a/model.neff
2026-09-09 09:31:14.000061:  191612  [INFO]: Using a cached neff at /home/ubuntu/neuron_cache_e2e/neuronxcc-2.23.6484.0+3b612583/MODULE_9715013359532217420+e30acd3a/model.neff
2026-09-09 09:31:14.000068:  191621  [INFO]: Using a cached neff at /home/ubuntu/neuron_cache_e2e/neuronxcc-2.23.6484.0+3b612583/MODULE_9715013359532217420+e30acd3a/model.neff
2026-09-09 09:31:14.000072:  191634  [INFO]: Using a cached neff at /home/ubuntu/neuron_cache_e2e/neuronxcc-2.23.6484.0+3b612583/MODULE_13318081029806370021+e30acd3a/model.neff
2026-09-09 09:31:14.000090:  191635  [INFO]: Using a cached neff at /home/ubuntu/neuron_cache_e2e/neuronxcc-2.23.6484.0+3b612583/MODULE_9715013359532217420+e30acd3a/model.neff
/home/ubuntu/train_gpt10b_tp_families.py:655: DeprecationWarning: Use torch_xla.sync instead
  xm.mark_step()
2026-09-09 09:31:14.000188:  191610  [INFO]: Using a cached neff at /home/ubuntu/neuron_cache_e2e/neuronxcc-2.23.6484.0+3b612583/MODULE_17699468275490213154+e30acd3a/model.neff
2026-09-09 09:31:14.000204:  191610  [INFO]: Using a cached neff at /home/ubuntu/neuron_cache_e2e/neuronxcc-2.23.6484.0+3b612583/MODULE_13318081029806370021+e30acd3a/model.neff
/home/ubuntu/train_gpt10b_tp_families.py:655: DeprecationWarning: Use torch_xla.sync instead
  xm.mark_step()
2026-09-09 09:31:14.000223:  191629  [INFO]: Using a cached neff at /home/ubuntu/neuron_cache_e2e/neuronxcc-2.23.6484.0+3b612583/MODULE_17699468275490213154+e30acd3a/model.neff
2026-09-09 09:31:14.000240:  191629  [INFO]: Using a cached neff at /home/ubuntu/neuron_cache_e2e/neuronxcc-2.23.6484.0+3b612583/MODULE_13318081029806370021+e30acd3a/model.neff
/home/ubuntu/train_gpt10b_tp_families.py:655: DeprecationWarning: Use torch_xla.sync instead
  xm.mark_step()
/home/ubuntu/train_gpt10b_tp_families.py:655: DeprecationWarning: Use torch_xla.sync instead
  xm.mark_step()
2026-09-09 09:31:14.000284:  191608  [INFO]: Using a cached neff at /home/ubuntu/neuron_cache_e2e/neuronxcc-2.23.6484.0+3b612583/MODULE_17699468275490213154+e30acd3a/model.neff
2026-09-09 09:31:14.000290:  191630  [INFO]: Using a cached neff at /home/ubuntu/neuron_cache_e2e/neuronxcc-2.23.6484.0+3b612583/MODULE_17699468275490213154+e30acd3a/model.neff
/home/ubuntu/train_gpt10b_tp_families.py:655: DeprecationWarning: Use torch_xla.sync instead
  xm.mark_step()
2026-09-09 09:31:14.000304:  191608  [INFO]: Using a cached neff at /home/ubuntu/neuron_cache_e2e/neuronxcc-2.23.6484.0+3b612583/MODULE_13318081029806370021+e30acd3a/model.neff
2026-09-09 09:31:14.000306:  191617  [INFO]: Using a cached neff at /home/ubuntu/neuron_cache_e2e/neuronxcc-2.23.6484.0+3b612583/MODULE_17699468275490213154+e30acd3a/model.neff
2026-09-09 09:31:14.000309:  191630  [INFO]: Using a cached neff at /home/ubuntu/neuron_cache_e2e/neuronxcc-2.23.6484.0+3b612583/MODULE_13318081029806370021+e30acd3a/model.neff
2026-09-09 09:31:14.000324:  191617  [INFO]: Using a cached neff at /home/ubuntu/neuron_cache_e2e/neuronxcc-2.23.6484.0+3b612583/MODULE_13318081029806370021+e30acd3a/model.neff
/home/ubuntu/train_gpt10b_tp_families.py:655: DeprecationWarning: Use torch_xla.sync instead
  xm.mark_step()
2026-09-09 09:31:14.000358:  191620  [INFO]: Using a cached neff at /home/ubuntu/neuron_cache_e2e/neuronxcc-2.23.6484.0+3b612583/MODULE_17699468275490213154+e30acd3a/model.neff
/home/ubuntu/train_gpt10b_tp_families.py:655: DeprecationWarning: Use torch_xla.sync instead
  xm.mark_step()
/home/ubuntu/train_gpt10b_tp_families.py:655: DeprecationWarning: Use torch_xla.sync instead
  xm.mark_step()
/home/ubuntu/train_gpt10b_tp_families.py:655: DeprecationWarning: Use torch_xla.sync instead
  xm.mark_step()
2026-09-09 09:31:14.000375:  191623  [INFO]: Using a cached neff at /home/ubuntu/neuron_cache_e2e/neuronxcc-2.23.6484.0+3b612583/MODULE_17699468275490213154+e30acd3a/model.neff
2026-09-09 09:31:14.000378:  191609  [INFO]: Using a cached neff at /home/ubuntu/neuron_cache_e2e/neuronxcc-2.23.6484.0+3b612583/MODULE_17699468275490213154+e30acd3a/model.neff
2026-09-09 09:31:14.000380:  191627  [INFO]: Using a cached neff at /home/ubuntu/neuron_cache_e2e/neuronxcc-2.23.6484.0+3b612583/MODULE_17699468275490213154+e30acd3a/model.neff
2026-09-09 09:31:14.000381:  191620  [INFO]: Using a cached neff at /home/ubuntu/neuron_cache_e2e/neuronxcc-2.23.6484.0+3b612583/MODULE_13318081029806370021+e30acd3a/model.neff
/home/ubuntu/train_gpt10b_tp_families.py:655: DeprecationWarning: Use torch_xla.sync instead
  xm.mark_step()
2026-09-09 09:31:14.000396:  191623  [INFO]: Using a cached neff at /home/ubuntu/neuron_cache_e2e/neuronxcc-2.23.6484.0+3b612583/MODULE_13318081029806370021+e30acd3a/model.neff
/home/ubuntu/train_gpt10b_tp_families.py:655: DeprecationWarning: Use torch_xla.sync instead
  xm.mark_step()
2026-09-09 09:31:14.000399:  191625  [INFO]: Using a cached neff at /home/ubuntu/neuron_cache_e2e/neuronxcc-2.23.6484.0+3b612583/MODULE_17699468275490213154+e30acd3a/model.neff
/home/ubuntu/train_gpt10b_tp_families.py:655: DeprecationWarning: Use torch_xla.sync instead
  xm.mark_step()
/home/ubuntu/train_gpt10b_tp_families.py:655: DeprecationWarning: Use torch_xla.sync instead
  xm.mark_step()
2026-09-09 09:31:14.000404:  191609  [INFO]: Using a cached neff at /home/ubuntu/neuron_cache_e2e/neuronxcc-2.23.6484.0+3b612583/MODULE_13318081029806370021+e30acd3a/model.neff
2026-09-09 09:31:14.000406:  191627  [INFO]: Using a cached neff at /home/ubuntu/neuron_cache_e2e/neuronxcc-2.23.6484.0+3b612583/MODULE_13318081029806370021+e30acd3a/model.neff
2026-09-09 09:31:14.000407:  191626  [INFO]: Using a cached neff at /home/ubuntu/neuron_cache_e2e/neuronxcc-2.23.6484.0+3b612583/MODULE_17699468275490213154+e30acd3a/model.neff
/home/ubuntu/train_gpt10b_tp_families.py:655: DeprecationWarning: Use torch_xla.sync instead
  xm.mark_step()
2026-09-09 09:31:14.000410:  191632  [INFO]: Using a cached neff at /home/ubuntu/neuron_cache_e2e/neuronxcc-2.23.6484.0+3b612583/MODULE_17699468275490213154+e30acd3a/model.neff
/home/ubuntu/train_gpt10b_tp_families.py:655: DeprecationWarning: Use torch_xla.sync instead
  xm.mark_step()
2026-09-09 09:31:14.000413:  191611  [INFO]: Using a cached neff at /home/ubuntu/neuron_cache_e2e/neuronxcc-2.23.6484.0+3b612583/MODULE_17699468275490213154+e30acd3a/model.neff
2026-09-09 09:31:14.000417:  191625  [INFO]: Using a cached neff at /home/ubuntu/neuron_cache_e2e/neuronxcc-2.23.6484.0+3b612583/MODULE_13318081029806370021+e30acd3a/model.neff
2026-09-09 09:31:14.000418:  191637  [INFO]: Using a cached neff at /home/ubuntu/neuron_cache_e2e/neuronxcc-2.23.6484.0+3b612583/MODULE_17699468275490213154+e30acd3a/model.neff
2026-09-09 09:31:14.000420:  191618  [INFO]: Using a cached neff at /home/ubuntu/neuron_cache_e2e/neuronxcc-2.23.6484.0+3b612583/MODULE_17699468275490213154+e30acd3a/model.neff
2026-09-09 09:31:14.000425:  191626  [INFO]: Using a cached neff at /home/ubuntu/neuron_cache_e2e/neuronxcc-2.23.6484.0+3b612583/MODULE_13318081029806370021+e30acd3a/model.neff
2026-09-09 09:31:14.000430:  191632  [INFO]: Using a cached neff at /home/ubuntu/neuron_cache_e2e/neuronxcc-2.23.6484.0+3b612583/MODULE_13318081029806370021+e30acd3a/model.neff
2026-09-09 09:31:14.000430:  191611  [INFO]: Using a cached neff at /home/ubuntu/neuron_cache_e2e/neuronxcc-2.23.6484.0+3b612583/MODULE_13318081029806370021+e30acd3a/model.neff
2026-09-09 09:31:14.000435:  191637  [INFO]: Using a cached neff at /home/ubuntu/neuron_cache_e2e/neuronxcc-2.23.6484.0+3b612583/MODULE_13318081029806370021+e30acd3a/model.neff
2026-09-09 09:31:14.000439:  191618  [INFO]: Using a cached neff at /home/ubuntu/neuron_cache_e2e/neuronxcc-2.23.6484.0+3b612583/MODULE_13318081029806370021+e30acd3a/model.neff
/home/ubuntu/train_gpt10b_tp_families.py:655: DeprecationWarning: Use torch_xla.sync instead
  xm.mark_step()
/home/ubuntu/train_gpt10b_tp_families.py:655: DeprecationWarning: Use torch_xla.sync instead
  xm.mark_step()
/home/ubuntu/train_gpt10b_tp_families.py:655: DeprecationWarning: Use torch_xla.sync instead
  xm.mark_step()
2026-09-09 09:31:14.000457:  191619  [INFO]: Using a cached neff at /home/ubuntu/neuron_cache_e2e/neuronxcc-2.23.6484.0+3b612583/MODULE_17699468275490213154+e30acd3a/model.neff
2026-09-09 09:31:14.000458:  191607  [INFO]: Using a cached neff at /home/ubuntu/neuron_cache_e2e/neuronxcc-2.23.6484.0+3b612583/MODULE_17699468275490213154+e30acd3a/model.neff
/home/ubuntu/train_gpt10b_tp_families.py:655: DeprecationWarning: Use torch_xla.sync instead
  xm.mark_step()
2026-09-09 09:31:14.000468:  191606  [INFO]: Using a cached neff at /home/ubuntu/neuron_cache_e2e/neuronxcc-2.23.6484.0+3b612583/MODULE_17699468275490213154+e30acd3a/model.neff
2026-09-09 09:31:14.000469:  191628  [INFO]: Using a cached neff at /home/ubuntu/neuron_cache_e2e/neuronxcc-2.23.6484.0+3b612583/MODULE_17699468275490213154+e30acd3a/model.neff
/home/ubuntu/train_gpt10b_tp_families.py:655: DeprecationWarning: Use torch_xla.sync instead
  xm.mark_step()
2026-09-09 09:31:14.000476:  191619  [INFO]: Using a cached neff at /home/ubuntu/neuron_cache_e2e/neuronxcc-2.23.6484.0+3b612583/MODULE_13318081029806370021+e30acd3a/model.neff
/home/ubuntu/train_gpt10b_tp_families.py:655: DeprecationWarning: Use torch_xla.sync instead
  xm.mark_step()
/home/ubuntu/train_gpt10b_tp_families.py:655: DeprecationWarning: Use torch_xla.sync instead
  xm.mark_step()
2026-09-09 09:31:14.000479:  191607  [INFO]: Using a cached neff at /home/ubuntu/neuron_cache_e2e/neuronxcc-2.23.6484.0+3b612583/MODULE_13318081029806370021+e30acd3a/model.neff
2026-09-09 09:31:14.000482:  191633  [INFO]: Using a cached neff at /home/ubuntu/neuron_cache_e2e/neuronxcc-2.23.6484.0+3b612583/MODULE_17699468275490213154+e30acd3a/model.neff
/home/ubuntu/train_gpt10b_tp_families.py:655: DeprecationWarning: Use torch_xla.sync instead
  xm.mark_step()
/home/ubuntu/train_gpt10b_tp_families.py:655: DeprecationWarning: Use torch_xla.sync instead
  xm.mark_step()
2026-09-09 09:31:14.000487:  191606  [INFO]: Using a cached neff at /home/ubuntu/neuron_cache_e2e/neuronxcc-2.23.6484.0+3b612583/MODULE_13318081029806370021+e30acd3a/model.neff
2026-09-09 09:31:14.000488:  191628  [INFO]: Using a cached neff at /home/ubuntu/neuron_cache_e2e/neuronxcc-2.23.6484.0+3b612583/MODULE_13318081029806370021+e30acd3a/model.neff
2026-09-09 09:31:14.000488:  191636  [INFO]: Using a cached neff at /home/ubuntu/neuron_cache_e2e/neuronxcc-2.23.6484.0+3b612583/MODULE_17699468275490213154+e30acd3a/model.neff
2026-09-09 09:31:14.000488:  191631  [INFO]: Using a cached neff at /home/ubuntu/neuron_cache_e2e/neuronxcc-2.23.6484.0+3b612583/MODULE_17699468275490213154+e30acd3a/model.neff
/home/ubuntu/train_gpt10b_tp_families.py:655: DeprecationWarning: Use torch_xla.sync instead
  xm.mark_step()
2026-09-09 09:31:14.000493:  191613  [INFO]: Using a cached neff at /home/ubuntu/neuron_cache_e2e/neuronxcc-2.23.6484.0+3b612583/MODULE_17699468275490213154+e30acd3a/model.neff
2026-09-09 09:31:14.000496:  191624  [INFO]: Using a cached neff at /home/ubuntu/neuron_cache_e2e/neuronxcc-2.23.6484.0+3b612583/MODULE_17699468275490213154+e30acd3a/model.neff
/home/ubuntu/train_gpt10b_tp_families.py:655: DeprecationWarning: Use torch_xla.sync instead
  xm.mark_step()
/home/ubuntu/train_gpt10b_tp_families.py:655: DeprecationWarning: Use torch_xla.sync instead
  xm.mark_step()
2026-09-09 09:31:14.000501:  191633  [INFO]: Using a cached neff at /home/ubuntu/neuron_cache_e2e/neuronxcc-2.23.6484.0+3b612583/MODULE_13318081029806370021+e30acd3a/model.neff
2026-09-09 09:31:14.000501:  191615  [INFO]: Using a cached neff at /home/ubuntu/neuron_cache_e2e/neuronxcc-2.23.6484.0+3b612583/MODULE_17699468275490213154+e30acd3a/model.neff
2026-09-09 09:31:14.000505:  191612  [INFO]: Using a cached neff at /home/ubuntu/neuron_cache_e2e/neuronxcc-2.23.6484.0+3b612583/MODULE_17699468275490213154+e30acd3a/model.neff
2026-09-09 09:31:14.000506:  191631  [INFO]: Using a cached neff at /home/ubuntu/neuron_cache_e2e/neuronxcc-2.23.6484.0+3b612583/MODULE_13318081029806370021+e30acd3a/model.neff
2026-09-09 09:31:14.000507:  191636  [INFO]: Using a cached neff at /home/ubuntu/neuron_cache_e2e/neuronxcc-2.23.6484.0+3b612583/MODULE_13318081029806370021+e30acd3a/model.neff
/home/ubuntu/train_gpt10b_tp_families.py:655: DeprecationWarning: Use torch_xla.sync instead
  xm.mark_step()
2026-09-09 09:31:14.000509:  191622  [INFO]: Using a cached neff at /home/ubuntu/neuron_cache_e2e/neuronxcc-2.23.6484.0+3b612583/MODULE_17699468275490213154+e30acd3a/model.neff
2026-09-09 09:31:14.000511:  191613  [INFO]: Using a cached neff at /home/ubuntu/neuron_cache_e2e/neuronxcc-2.23.6484.0+3b612583/MODULE_13318081029806370021+e30acd3a/model.neff
2026-09-09 09:31:14.000513:  191624  [INFO]: Using a cached neff at /home/ubuntu/neuron_cache_e2e/neuronxcc-2.23.6484.0+3b612583/MODULE_13318081029806370021+e30acd3a/model.neff
2026-09-09 09:31:14.000516:  191621  [INFO]: Using a cached neff at /home/ubuntu/neuron_cache_e2e/neuronxcc-2.23.6484.0+3b612583/MODULE_17699468275490213154+e30acd3a/model.neff
2026-09-09 09:31:14.000519:  191615  [INFO]: Using a cached neff at /home/ubuntu/neuron_cache_e2e/neuronxcc-2.23.6484.0+3b612583/MODULE_13318081029806370021+e30acd3a/model.neff
2026-09-09 09:31:14.000522:  191612  [INFO]: Using a cached neff at /home/ubuntu/neuron_cache_e2e/neuronxcc-2.23.6484.0+3b612583/MODULE_13318081029806370021+e30acd3a/model.neff
2026-09-09 09:31:14.000527:  191622  [INFO]: Using a cached neff at /home/ubuntu/neuron_cache_e2e/neuronxcc-2.23.6484.0+3b612583/MODULE_13318081029806370021+e30acd3a/model.neff
2026-09-09 09:31:14.000535:  191621  [INFO]: Using a cached neff at /home/ubuntu/neuron_cache_e2e/neuronxcc-2.23.6484.0+3b612583/MODULE_13318081029806370021+e30acd3a/model.neff
/home/ubuntu/train_gpt10b_tp_families.py:655: DeprecationWarning: Use torch_xla.sync instead
  xm.mark_step()
2026-09-09 09:31:14.000548:  191614  [INFO]: Using a cached neff at /home/ubuntu/neuron_cache_e2e/neuronxcc-2.23.6484.0+3b612583/MODULE_17699468275490213154+e30acd3a/model.neff
/home/ubuntu/train_gpt10b_tp_families.py:655: DeprecationWarning: Use torch_xla.sync instead
  xm.mark_step()
2026-09-09 09:31:14.000564:  191635  [INFO]: Using a cached neff at /home/ubuntu/neuron_cache_e2e/neuronxcc-2.23.6484.0+3b612583/MODULE_17699468275490213154+e30acd3a/model.neff
2026-09-09 09:31:14.000565:  191614  [INFO]: Using a cached neff at /home/ubuntu/neuron_cache_e2e/neuronxcc-2.23.6484.0+3b612583/MODULE_13318081029806370021+e30acd3a/model.neff
/home/ubuntu/train_gpt10b_tp_families.py:655: DeprecationWarning: Use torch_xla.sync instead
  xm.mark_step()
2026-09-09 09:31:14.000582:  191616  [INFO]: Using a cached neff at /home/ubuntu/neuron_cache_e2e/neuronxcc-2.23.6484.0+3b612583/MODULE_17699468275490213154+e30acd3a/model.neff
2026-09-09 09:31:14.000583:  191635  [INFO]: Using a cached neff at /home/ubuntu/neuron_cache_e2e/neuronxcc-2.23.6484.0+3b612583/MODULE_13318081029806370021+e30acd3a/model.neff
2026-09-09 09:31:14.000601:  191616  [INFO]: Using a cached neff at /home/ubuntu/neuron_cache_e2e/neuronxcc-2.23.6484.0+3b612583/MODULE_13318081029806370021+e30acd3a/model.neff
2026-09-09 09:31:15.000075:  191634  [INFO]: Using a cached neff at /home/ubuntu/neuron_cache_e2e/neuronxcc-2.23.6484.0+3b612583/MODULE_11129965598566482386+e30acd3a/model.neff
2026-09-09 09:31:15.000099:  191634  [INFO]: Using a cached neff at /home/ubuntu/neuron_cache_e2e/neuronxcc-2.23.6484.0+3b612583/MODULE_4272806645210191267+e30acd3a/model.neff
2026-09-09 09:31:15.000120:  191634  [INFO]: Using a cached neff at /home/ubuntu/neuron_cache_e2e/neuronxcc-2.23.6484.0+3b612583/MODULE_5223633225114114347+e30acd3a/model.neff
2026-09-09 09:31:15.000141:  191634  [INFO]: Using a cached neff at /home/ubuntu/neuron_cache_e2e/neuronxcc-2.23.6484.0+3b612583/MODULE_5699981621561527716+e30acd3a/model.neff
2026-09-09 09:31:15.000163:  191634  [INFO]: Using a cached neff at /home/ubuntu/neuron_cache_e2e/neuronxcc-2.23.6484.0+3b612583/MODULE_8575940740000655340+e30acd3a/model.neff
2026-09-09 09:31:15.000184:  191634  [INFO]: Using a cached neff at /home/ubuntu/neuron_cache_e2e/neuronxcc-2.23.6484.0+3b612583/MODULE_14567189089315028411+e30acd3a/model.neff
/home/ubuntu/train_gpt10b_tp_families.py:656: DeprecationWarning: Use torch_xla.sync instead
  xm.mark_step()   # slice: copy-back done
2026-09-09 09:31:15.000199:  191634  [INFO]: Using a cached neff at /home/ubuntu/neuron_cache_e2e/neuronxcc-2.23.6484.0+3b612583/MODULE_2947808046050219602+e30acd3a/model.neff
/home/ubuntu/train_gpt10b_tp_families.py:669: DeprecationWarning: Use torch_xla.sync instead
  xm.mark_step()
2026-09-09 09:31:15.000340:  191630  [INFO]: Using a cached neff at /home/ubuntu/neuron_cache_e2e/neuronxcc-2.23.6484.0+3b612583/MODULE_11129965598566482386+e30acd3a/model.neff
2026-09-09 09:31:15.000359:  191630  [INFO]: Using a cached neff at /home/ubuntu/neuron_cache_e2e/neuronxcc-2.23.6484.0+3b612583/MODULE_4272806645210191267+e30acd3a/model.neff
2026-09-09 09:31:15.000376:  191630  [INFO]: Using a cached neff at /home/ubuntu/neuron_cache_e2e/neuronxcc-2.23.6484.0+3b612583/MODULE_5223633225114114347+e30acd3a/model.neff
2026-09-09 09:31:15.000393:  191630  [INFO]: Using a cached neff at /home/ubuntu/neuron_cache_e2e/neuronxcc-2.23.6484.0+3b612583/MODULE_5699981621561527716+e30acd3a/model.neff
2026-09-09 09:31:15.000395:  191608  [INFO]: Using a cached neff at /home/ubuntu/neuron_cache_e2e/neuronxcc-2.23.6484.0+3b612583/MODULE_11129965598566482386+e30acd3a/model.neff
2026-09-09 09:31:15.000403:  191610  [INFO]: Using a cached neff at /home/ubuntu/neuron_cache_e2e/neuronxcc-2.23.6484.0+3b612583/MODULE_11129965598566482386+e30acd3a/model.neff
2026-09-09 09:31:15.000411:  191630  [INFO]: Using a cached neff at /home/ubuntu/neuron_cache_e2e/neuronxcc-2.23.6484.0+3b612583/MODULE_8575940740000655340+e30acd3a/model.neff
2026-09-09 09:31:15.000417:  191608  [INFO]: Using a cached neff at /home/ubuntu/neuron_cache_e2e/neuronxcc-2.23.6484.0+3b612583/MODULE_4272806645210191267+e30acd3a/model.neff
2026-09-09 09:31:15.000426:  191610  [INFO]: Using a cached neff at /home/ubuntu/neuron_cache_e2e/neuronxcc-2.23.6484.0+3b612583/MODULE_4272806645210191267+e30acd3a/model.neff
2026-09-09 09:31:15.000428:  191630  [INFO]: Using a cached neff at /home/ubuntu/neuron_cache_e2e/neuronxcc-2.23.6484.0+3b612583/MODULE_14567189089315028411+e30acd3a/model.neff
2026-09-09 09:31:15.000436:  191608  [INFO]: Using a cached neff at /home/ubuntu/neuron_cache_e2e/neuronxcc-2.23.6484.0+3b612583/MODULE_5223633225114114347+e30acd3a/model.neff
/home/ubuntu/train_gpt10b_tp_families.py:656: DeprecationWarning: Use torch_xla.sync instead
  xm.mark_step()   # slice: copy-back done
2026-09-09 09:31:15.000443:  191630  [INFO]: Using a cached neff at /home/ubuntu/neuron_cache_e2e/neuronxcc-2.23.6484.0+3b612583/MODULE_2947808046050219602+e30acd3a/model.neff
2026-09-09 09:31:15.000443:  191617  [INFO]: Using a cached neff at /home/ubuntu/neuron_cache_e2e/neuronxcc-2.23.6484.0+3b612583/MODULE_11129965598566482386+e30acd3a/model.neff
2026-09-09 09:31:15.000448:  191610  [INFO]: Using a cached neff at /home/ubuntu/neuron_cache_e2e/neuronxcc-2.23.6484.0+3b612583/MODULE_5223633225114114347+e30acd3a/model.neff
2026-09-09 09:31:15.000452:  191608  [INFO]: Using a cached neff at /home/ubuntu/neuron_cache_e2e/neuronxcc-2.23.6484.0+3b612583/MODULE_5699981621561527716+e30acd3a/model.neff
2026-09-09 09:31:15.000464:  191617  [INFO]: Using a cached neff at /home/ubuntu/neuron_cache_e2e/neuronxcc-2.23.6484.0+3b612583/MODULE_4272806645210191267+e30acd3a/model.neff
2026-09-09 09:31:15.000469:  191608  [INFO]: Using a cached neff at /home/ubuntu/neuron_cache_e2e/neuronxcc-2.23.6484.0+3b612583/MODULE_8575940740000655340+e30acd3a/model.neff
2026-09-09 09:31:15.000470:  191610  [INFO]: Using a cached neff at /home/ubuntu/neuron_cache_e2e/neuronxcc-2.23.6484.0+3b612583/MODULE_5699981621561527716+e30acd3a/model.neff
2026-09-09 09:31:15.000479:  191632  [INFO]: Using a cached neff at /home/ubuntu/neuron_cache_e2e/neuronxcc-2.23.6484.0+3b612583/MODULE_11129965598566482386+e30acd3a/model.neff
/home/ubuntu/train_gpt10b_tp_families.py:669: DeprecationWarning: Use torch_xla.sync instead
  xm.mark_step()
2026-09-09 09:31:15.000483:  191617  [INFO]: Using a cached neff at /home/ubuntu/neuron_cache_e2e/neuronxcc-2.23.6484.0+3b612583/MODULE_5223633225114114347+e30acd3a/model.neff
2026-09-09 09:31:15.000487:  191608  [INFO]: Using a cached neff at /home/ubuntu/neuron_cache_e2e/neuronxcc-2.23.6484.0+3b612583/MODULE_14567189089315028411+e30acd3a/model.neff
2026-09-09 09:31:15.000493:  191610  [INFO]: Using a cached neff at /home/ubuntu/neuron_cache_e2e/neuronxcc-2.23.6484.0+3b612583/MODULE_8575940740000655340+e30acd3a/model.neff
/home/ubuntu/train_gpt10b_tp_families.py:656: DeprecationWarning: Use torch_xla.sync instead
  xm.mark_step()   # slice: copy-back done
2026-09-09 09:31:15.000496:  191632  [INFO]: Using a cached neff at /home/ubuntu/neuron_cache_e2e/neuronxcc-2.23.6484.0+3b612583/MODULE_4272806645210191267+e30acd3a/model.neff
2026-09-09 09:31:15.000501:  191608  [INFO]: Using a cached neff at /home/ubuntu/neuron_cache_e2e/neuronxcc-2.23.6484.0+3b612583/MODULE_2947808046050219602+e30acd3a/model.neff
2026-09-09 09:31:15.000503:  191617  [INFO]: Using a cached neff at /home/ubuntu/neuron_cache_e2e/neuronxcc-2.23.6484.0+3b612583/MODULE_5699981621561527716+e30acd3a/model.neff
2026-09-09 09:31:15.000512:  191627  [INFO]: Using a cached neff at /home/ubuntu/neuron_cache_e2e/neuronxcc-2.23.6484.0+3b612583/MODULE_11129965598566482386+e30acd3a/model.neff
2026-09-09 09:31:15.000513:  191632  [INFO]: Using a cached neff at /home/ubuntu/neuron_cache_e2e/neuronxcc-2.23.6484.0+3b612583/MODULE_5223633225114114347+e30acd3a/model.neff
2026-09-09 09:31:15.000513:  191634  [INFO]: Using a cached neff at /home/ubuntu/neuron_cache_e2e/neuronxcc-2.23.6484.0+3b612583/MODULE_2311441365887874014+e30acd3a/model.neff
2026-09-09 09:31:15.000517:  191610  [INFO]: Using a cached neff at /home/ubuntu/neuron_cache_e2e/neuronxcc-2.23.6484.0+3b612583/MODULE_14567189089315028411+e30acd3a/model.neff
2026-09-09 09:31:15.000524:  191625  [INFO]: Using a cached neff at /home/ubuntu/neuron_cache_e2e/neuronxcc-2.23.6484.0+3b612583/MODULE_11129965598566482386+e30acd3a/model.neff
2026-09-09 09:31:15.000527:  191623  [INFO]: Using a cached neff at /home/ubuntu/neuron_cache_e2e/neuronxcc-2.23.6484.0+3b612583/MODULE_11129965598566482386+e30acd3a/model.neff
2026-09-09 09:31:15.000527:  191617  [INFO]: Using a cached neff at /home/ubuntu/neuron_cache_e2e/neuronxcc-2.23.6484.0+3b612583/MODULE_8575940740000655340+e30acd3a/model.neff
/home/ubuntu/train_gpt10b_tp_families.py:656: DeprecationWarning: Use torch_xla.sync instead
  xm.mark_step()   # slice: copy-back done
2026-09-09 09:31:15.000531:  191632  [INFO]: Using a cached neff at /home/ubuntu/neuron_cache_e2e/neuronxcc-2.23.6484.0+3b612583/MODULE_5699981621561527716+e30acd3a/model.neff
2026-09-09 09:31:15.000532:  191629  [INFO]: Using a cached neff at /home/ubuntu/neuron_cache_e2e/neuronxcc-2.23.6484.0+3b612583/MODULE_11129965598566482386+e30acd3a/model.neff
2026-09-09 09:31:15.000536:  191610  [INFO]: Using a cached neff at /home/ubuntu/neuron_cache_e2e/neuronxcc-2.23.6484.0+3b612583/MODULE_2947808046050219602+e30acd3a/model.neff
2026-09-09 09:31:15.000536:  191627  [INFO]: Using a cached neff at /home/ubuntu/neuron_cache_e2e/neuronxcc-2.23.6484.0+3b612583/MODULE_4272806645210191267+e30acd3a/model.neff
/home/ubuntu/train_gpt10b_tp_families.py:669: DeprecationWarning: Use torch_xla.sync instead
  xm.mark_step()
2026-09-09 09:31:15.000545:  191609  [INFO]: Using a cached neff at /home/ubuntu/neuron_cache_e2e/neuronxcc-2.23.6484.0+3b612583/MODULE_11129965598566482386+e30acd3a/model.neff
2026-09-09 09:31:15.000549:  191625  [INFO]: Using a cached neff at /home/ubuntu/neuron_cache_e2e/neuronxcc-2.23.6484.0+3b612583/MODULE_4272806645210191267+e30acd3a/model.neff
2026-09-09 09:31:15.000550:  191617  [INFO]: Using a cached neff at /home/ubuntu/neuron_cache_e2e/neuronxcc-2.23.6484.0+3b612583/MODULE_14567189089315028411+e30acd3a/model.neff
2026-09-09 09:31:15.000552:  191623  [INFO]: Using a cached neff at /home/ubuntu/neuron_cache_e2e/neuronxcc-2.23.6484.0+3b612583/MODULE_4272806645210191267+e30acd3a/model.neff
2026-09-09 09:31:15.000552:  191632  [INFO]: Using a cached neff at /home/ubuntu/neuron_cache_e2e/neuronxcc-2.23.6484.0+3b612583/MODULE_8575940740000655340+e30acd3a/model.neff
2026-09-09 09:31:15.000553:  191637  [INFO]: Using a cached neff at /home/ubuntu/neuron_cache_e2e/neuronxcc-2.23.6484.0+3b612583/MODULE_11129965598566482386+e30acd3a/model.neff
2026-09-09 09:31:15.000558:  191629  [INFO]: Using a cached neff at /home/ubuntu/neuron_cache_e2e/neuronxcc-2.23.6484.0+3b612583/MODULE_4272806645210191267+e30acd3a/model.neff
2026-09-09 09:31:15.000559:  191611  [INFO]: Using a cached neff at /home/ubuntu/neuron_cache_e2e/neuronxcc-2.23.6484.0+3b612583/MODULE_11129965598566482386+e30acd3a/model.neff
2026-09-09 09:31:15.000559:  191627  [INFO]: Using a cached neff at /home/ubuntu/neuron_cache_e2e/neuronxcc-2.23.6484.0+3b612583/MODULE_5223633225114114347+e30acd3a/model.neff
2026-09-09 09:31:15.000561:  191620  [INFO]: Using a cached neff at /home/ubuntu/neuron_cache_e2e/neuronxcc-2.23.6484.0+3b612583/MODULE_11129965598566482386+e30acd3a/model.neff
/home/ubuntu/train_gpt10b_tp_families.py:656: DeprecationWarning: Use torch_xla.sync instead
  xm.mark_step()   # slice: copy-back done
2026-09-09 09:31:15.000569:  191609  [INFO]: Using a cached neff at /home/ubuntu/neuron_cache_e2e/neuronxcc-2.23.6484.0+3b612583/MODULE_4272806645210191267+e30acd3a/model.neff
2026-09-09 09:31:15.000569:  191617  [INFO]: Using a cached neff at /home/ubuntu/neuron_cache_e2e/neuronxcc-2.23.6484.0+3b612583/MODULE_2947808046050219602+e30acd3a/model.neff
2026-09-09 09:31:15.000571:  191625  [INFO]: Using a cached neff at /home/ubuntu/neuron_cache_e2e/neuronxcc-2.23.6484.0+3b612583/MODULE_5223633225114114347+e30acd3a/model.neff
2026-09-09 09:31:15.000575:  191623  [INFO]: Using a cached neff at /home/ubuntu/neuron_cache_e2e/neuronxcc-2.23.6484.0+3b612583/MODULE_5223633225114114347+e30acd3a/model.neff
2026-09-09 09:31:15.000575:  191637  [INFO]: Using a cached neff at /home/ubuntu/neuron_cache_e2e/neuronxcc-2.23.6484.0+3b612583/MODULE_4272806645210191267+e30acd3a/model.neff
2026-09-09 09:31:15.000577:  191632  [INFO]: Using a cached neff at /home/ubuntu/neuron_cache_e2e/neuronxcc-2.23.6484.0+3b612583/MODULE_14567189089315028411+e30acd3a/model.neff
2026-09-09 09:31:15.000581:  191629  [INFO]: Using a cached neff at /home/ubuntu/neuron_cache_e2e/neuronxcc-2.23.6484.0+3b612583/MODULE_5223633225114114347+e30acd3a/model.neff
2026-09-09 09:31:15.000582:  191627  [INFO]: Using a cached neff at /home/ubuntu/neuron_cache_e2e/neuronxcc-2.23.6484.0+3b612583/MODULE_5699981621561527716+e30acd3a/model.neff
2026-09-09 09:31:15.000584:  191620  [INFO]: Using a cached neff at /home/ubuntu/neuron_cache_e2e/neuronxcc-2.23.6484.0+3b612583/MODULE_4272806645210191267+e30acd3a/model.neff
/home/ubuntu/train_gpt10b_tp_families.py:656: DeprecationWarning: Use torch_xla.sync instead
  xm.mark_step()   # slice: copy-back done
2026-09-09 09:31:15.000588:  191611  [INFO]: Using a cached neff at /home/ubuntu/neuron_cache_e2e/neuronxcc-2.23.6484.0+3b612583/MODULE_4272806645210191267+e30acd3a/model.neff
/home/ubuntu/train_gpt10b_tp_families.py:669: DeprecationWarning: Use torch_xla.sync instead
  xm.mark_step()
2026-09-09 09:31:15.000593:  191625  [INFO]: Using a cached neff at /home/ubuntu/neuron_cache_e2e/neuronxcc-2.23.6484.0+3b612583/MODULE_5699981621561527716+e30acd3a/model.neff
2026-09-09 09:31:15.000593:  191607  [INFO]: Using a cached neff at /home/ubuntu/neuron_cache_e2e/neuronxcc-2.23.6484.0+3b612583/MODULE_11129965598566482386+e30acd3a/model.neff
2026-09-09 09:31:15.000593:  191609  [INFO]: Using a cached neff at /home/ubuntu/neuron_cache_e2e/neuronxcc-2.23.6484.0+3b612583/MODULE_5223633225114114347+e30acd3a/model.neff
2026-09-09 09:31:15.000594:  191632  [INFO]: Using a cached neff at /home/ubuntu/neuron_cache_e2e/neuronxcc-2.23.6484.0+3b612583/MODULE_2947808046050219602+e30acd3a/model.neff
2026-09-09 09:31:15.000596:  191636  [INFO]: Using a cached neff at /home/ubuntu/neuron_cache_e2e/neuronxcc-2.23.6484.0+3b612583/MODULE_11129965598566482386+e30acd3a/model.neff
2026-09-09 09:31:15.000597:  191615  [INFO]: Using a cached neff at /home/ubuntu/neuron_cache_e2e/neuronxcc-2.23.6484.0+3b612583/MODULE_11129965598566482386+e30acd3a/model.neff
2026-09-09 09:31:15.000598:  191637  [INFO]: Using a cached neff at /home/ubuntu/neuron_cache_e2e/neuronxcc-2.23.6484.0+3b612583/MODULE_5223633225114114347+e30acd3a/model.neff
2026-09-09 09:31:15.000598:  191623  [INFO]: Using a cached neff at /home/ubuntu/neuron_cache_e2e/neuronxcc-2.23.6484.0+3b612583/MODULE_5699981621561527716+e30acd3a/model.neff
2026-09-09 09:31:15.000603:  191629  [INFO]: Using a cached neff at /home/ubuntu/neuron_cache_e2e/neuronxcc-2.23.6484.0+3b612583/MODULE_5699981621561527716+e30acd3a/model.neff
2026-09-09 09:31:15.000604:  191606  [INFO]: Using a cached neff at /home/ubuntu/neuron_cache_e2e/neuronxcc-2.23.6484.0+3b612583/MODULE_11129965598566482386+e30acd3a/model.neff
2026-09-09 09:31:15.000605:  191627  [INFO]: Using a cached neff at /home/ubuntu/neuron_cache_e2e/neuronxcc-2.23.6484.0+3b612583/MODULE_8575940740000655340+e30acd3a/model.neff
2026-09-09 09:31:15.000607:  191620  [INFO]: Using a cached neff at /home/ubuntu/neuron_cache_e2e/neuronxcc-2.23.6484.0+3b612583/MODULE_5223633225114114347+e30acd3a/model.neff
/home/ubuntu/train_gpt10b_tp_families.py:669: DeprecationWarning: Use torch_xla.sync instead
  xm.mark_step()
2026-09-09 09:31:15.000615:  191635  [INFO]: Using a cached neff at /home/ubuntu/neuron_cache_e2e/neuronxcc-2.23.6484.0+3b612583/MODULE_11129965598566482386+e30acd3a/model.neff
2026-09-09 09:31:15.000616:  191611  [INFO]: Using a cached neff at /home/ubuntu/neuron_cache_e2e/neuronxcc-2.23.6484.0+3b612583/MODULE_5223633225114114347+e30acd3a/model.neff
2026-09-09 09:31:15.000616:  191622  [INFO]: Using a cached neff at /home/ubuntu/neuron_cache_e2e/neuronxcc-2.23.6484.0+3b612583/MODULE_11129965598566482386+e30acd3a/model.neff
2026-09-09 09:31:15.000617:  191633  [INFO]: Using a cached neff at /home/ubuntu/neuron_cache_e2e/neuronxcc-2.23.6484.0+3b612583/MODULE_11129965598566482386+e30acd3a/model.neff
2026-09-09 09:31:15.000617:  191625  [INFO]: Using a cached neff at /home/ubuntu/neuron_cache_e2e/neuronxcc-2.23.6484.0+3b612583/MODULE_8575940740000655340+e30acd3a/model.neff
2026-09-09 09:31:15.000617:  191609  [INFO]: Using a cached neff at /home/ubuntu/neuron_cache_e2e/neuronxcc-2.23.6484.0+3b612583/MODULE_5699981621561527716+e30acd3a/model.neff
2026-09-09 09:31:15.000618:  191615  [INFO]: Using a cached neff at /home/ubuntu/neuron_cache_e2e/neuronxcc-2.23.6484.0+3b612583/MODULE_4272806645210191267+e30acd3a/model.neff
2026-09-09 09:31:15.000619:  191636  [INFO]: Using a cached neff at /home/ubuntu/neuron_cache_e2e/neuronxcc-2.23.6484.0+3b612583/MODULE_4272806645210191267+e30acd3a/model.neff
2026-09-09 09:31:15.000620:  191607  [INFO]: Using a cached neff at /home/ubuntu/neuron_cache_e2e/neuronxcc-2.23.6484.0+3b612583/MODULE_4272806645210191267+e30acd3a/model.neff
2026-09-09 09:31:15.000621:  191637  [INFO]: Using a cached neff at /home/ubuntu/neuron_cache_e2e/neuronxcc-2.23.6484.0+3b612583/MODULE_5699981621561527716+e30acd3a/model.neff
2026-09-09 09:31:15.000622:  191623  [INFO]: Using a cached neff at /home/ubuntu/neuron_cache_e2e/neuronxcc-2.23.6484.0+3b612583/MODULE_8575940740000655340+e30acd3a/model.neff
2026-09-09 09:31:15.000625:  191629  [INFO]: Using a cached neff at /home/ubuntu/neuron_cache_e2e/neuronxcc-2.23.6484.0+3b612583/MODULE_8575940740000655340+e30acd3a/model.neff
2026-09-09 09:31:15.000628:  191627  [INFO]: Using a cached neff at /home/ubuntu/neuron_cache_e2e/neuronxcc-2.23.6484.0+3b612583/MODULE_14567189089315028411+e30acd3a/model.neff
2026-09-09 09:31:15.000628:  191606  [INFO]: Using a cached neff at /home/ubuntu/neuron_cache_e2e/neuronxcc-2.23.6484.0+3b612583/MODULE_4272806645210191267+e30acd3a/model.neff
2026-09-09 09:31:15.000630:  191620  [INFO]: Using a cached neff at /home/ubuntu/neuron_cache_e2e/neuronxcc-2.23.6484.0+3b612583/MODULE_5699981621561527716+e30acd3a/model.neff
2026-09-09 09:31:15.000631:  191619  [INFO]: Using a cached neff at /home/ubuntu/neuron_cache_e2e/neuronxcc-2.23.6484.0+3b612583/MODULE_11129965598566482386+e30acd3a/model.neff
2026-09-09 09:31:15.000634:  191631  [INFO]: Using a cached neff at /home/ubuntu/neuron_cache_e2e/neuronxcc-2.23.6484.0+3b612583/MODULE_11129965598566482386+e30acd3a/model.neff
/home/ubuntu/train_gpt10b_tp_families.py:669: DeprecationWarning: Use torch_xla.sync instead
  xm.mark_step()
/home/ubuntu/train_gpt10b_tp_families.py:656: DeprecationWarning: Use torch_xla.sync instead
  xm.mark_step()   # slice: copy-back done
2026-09-09 09:31:15.000639:  191635  [INFO]: Using a cached neff at /home/ubuntu/neuron_cache_e2e/neuronxcc-2.23.6484.0+3b612583/MODULE_4272806645210191267+e30acd3a/model.neff
2026-09-09 09:31:15.000640:  191633  [INFO]: Using a cached neff at /home/ubuntu/neuron_cache_e2e/neuronxcc-2.23.6484.0+3b612583/MODULE_4272806645210191267+e30acd3a/model.neff
2026-09-09 09:31:15.000640:  191622  [INFO]: Using a cached neff at /home/ubuntu/neuron_cache_e2e/neuronxcc-2.23.6484.0+3b612583/MODULE_4272806645210191267+e30acd3a/model.neff
2026-09-09 09:31:15.000641:  191624  [INFO]: Using a cached neff at /home/ubuntu/neuron_cache_e2e/neuronxcc-2.23.6484.0+3b612583/MODULE_11129965598566482386+e30acd3a/model.neff
2026-09-09 09:31:15.000643:  191615  [INFO]: Using a cached neff at /home/ubuntu/neuron_cache_e2e/neuronxcc-2.23.6484.0+3b612583/MODULE_5223633225114114347+e30acd3a/model.neff
2026-09-09 09:31:15.000643:  191611  [INFO]: Using a cached neff at /home/ubuntu/neuron_cache_e2e/neuronxcc-2.23.6484.0+3b612583/MODULE_5699981621561527716+e30acd3a/model.neff
2026-09-09 09:31:15.000644:  191609  [INFO]: Using a cached neff at /home/ubuntu/neuron_cache_e2e/neuronxcc-2.23.6484.0+3b612583/MODULE_8575940740000655340+e30acd3a/model.neff
2026-09-09 09:31:15.000644:  191625  [INFO]: Using a cached neff at /home/ubuntu/neuron_cache_e2e/neuronxcc-2.23.6484.0+3b612583/MODULE_14567189089315028411+e30acd3a/model.neff
2026-09-09 09:31:15.000645:  191636  [INFO]: Using a cached neff at /home/ubuntu/neuron_cache_e2e/neuronxcc-2.23.6484.0+3b612583/MODULE_5223633225114114347+e30acd3a/model.neff
2026-09-09 09:31:15.000646:  191627  [INFO]: Using a cached neff at /home/ubuntu/neuron_cache_e2e/neuronxcc-2.23.6484.0+3b612583/MODULE_2947808046050219602+e30acd3a/model.neff
2026-09-09 09:31:15.000647:  191607  [INFO]: Using a cached neff at /home/ubuntu/neuron_cache_e2e/neuronxcc-2.23.6484.0+3b612583/MODULE_5223633225114114347+e30acd3a/model.neff
2026-09-09 09:31:15.000647:  191637  [INFO]: Using a cached neff at /home/ubuntu/neuron_cache_e2e/neuronxcc-2.23.6484.0+3b612583/MODULE_8575940740000655340+e30acd3a/model.neff
2026-09-09 09:31:15.000648:  191629  [INFO]: Using a cached neff at /home/ubuntu/neuron_cache_e2e/neuronxcc-2.23.6484.0+3b612583/MODULE_14567189089315028411+e30acd3a/model.neff
2026-09-09 09:31:15.000648:  191623  [INFO]: Using a cached neff at /home/ubuntu/neuron_cache_e2e/neuronxcc-2.23.6484.0+3b612583/MODULE_14567189089315028411+e30acd3a/model.neff
2026-09-09 09:31:15.000651:  191626  [INFO]: Using a cached neff at /home/ubuntu/neuron_cache_e2e/neuronxcc-2.23.6484.0+3b612583/MODULE_11129965598566482386+e30acd3a/model.neff
2026-09-09 09:31:15.000652:  191606  [INFO]: Using a cached neff at /home/ubuntu/neuron_cache_e2e/neuronxcc-2.23.6484.0+3b612583/MODULE_5223633225114114347+e30acd3a/model.neff
2026-09-09 09:31:15.000653:  191620  [INFO]: Using a cached neff at /home/ubuntu/neuron_cache_e2e/neuronxcc-2.23.6484.0+3b612583/MODULE_8575940740000655340+e30acd3a/model.neff
/home/ubuntu/train_gpt10b_tp_families.py:656: DeprecationWarning: Use torch_xla.sync instead
  xm.mark_step()   # slice: copy-back done
2026-09-09 09:31:15.000657:  191619  [INFO]: Using a cached neff at /home/ubuntu/neuron_cache_e2e/neuronxcc-2.23.6484.0+3b612583/MODULE_4272806645210191267+e30acd3a/model.neff
/home/ubuntu/train_gpt10b_tp_families.py:656: DeprecationWarning: Use torch_xla.sync instead
  xm.mark_step()   # slice: copy-back done
2026-09-09 09:31:15.000658:  191628  [INFO]: Using a cached neff at /home/ubuntu/neuron_cache_e2e/neuronxcc-2.23.6484.0+3b612583/MODULE_11129965598566482386+e30acd3a/model.neff
/home/ubuntu/train_gpt10b_tp_families.py:656: DeprecationWarning: Use torch_xla.sync instead
  xm.mark_step()   # slice: copy-back done
2026-09-09 09:31:15.000660:  191631  [INFO]: Using a cached neff at /home/ubuntu/neuron_cache_e2e/neuronxcc-2.23.6484.0+3b612583/MODULE_4272806645210191267+e30acd3a/model.neff
2026-09-09 09:31:15.000662:  191635  [INFO]: Using a cached neff at /home/ubuntu/neuron_cache_e2e/neuronxcc-2.23.6484.0+3b612583/MODULE_5223633225114114347+e30acd3a/model.neff
2026-09-09 09:31:15.000662:  191618  [INFO]: Using a cached neff at /home/ubuntu/neuron_cache_e2e/neuronxcc-2.23.6484.0+3b612583/MODULE_11129965598566482386+e30acd3a/model.neff
2026-09-09 09:31:15.000663:  191625  [INFO]: Using a cached neff at /home/ubuntu/neuron_cache_e2e/neuronxcc-2.23.6484.0+3b612583/MODULE_2947808046050219602+e30acd3a/model.neff
2026-09-09 09:31:15.000663:  191633  [INFO]: Using a cached neff at /home/ubuntu/neuron_cache_e2e/neuronxcc-2.23.6484.0+3b612583/MODULE_5223633225114114347+e30acd3a/model.neff
2026-09-09 09:31:15.000664:  191613  [INFO]: Using a cached neff at /home/ubuntu/neuron_cache_e2e/neuronxcc-2.23.6484.0+3b612583/MODULE_11129965598566482386+e30acd3a/model.neff
2026-09-09 09:31:15.000664:  191624  [INFO]: Using a cached neff at /home/ubuntu/neuron_cache_e2e/neuronxcc-2.23.6484.0+3b612583/MODULE_4272806645210191267+e30acd3a/model.neff
2026-09-09 09:31:15.000665:  191629  [INFO]: Using a cached neff at /home/ubuntu/neuron_cache_e2e/neuronxcc-2.23.6484.0+3b612583/MODULE_2947808046050219602+e30acd3a/model.neff
2026-09-09 09:31:15.000666:  191615  [INFO]: Using a cached neff at /home/ubuntu/neuron_cache_e2e/neuronxcc-2.23.6484.0+3b612583/MODULE_5699981621561527716+e30acd3a/model.neff
2026-09-09 09:31:15.000667:  191622  [INFO]: Using a cached neff at /home/ubuntu/neuron_cache_e2e/neuronxcc-2.23.6484.0+3b612583/MODULE_5223633225114114347+e30acd3a/model.neff
2026-09-09 09:31:15.000667:  191611  [INFO]: Using a cached neff at /home/ubuntu/neuron_cache_e2e/neuronxcc-2.23.6484.0+3b612583/MODULE_8575940740000655340+e30acd3a/model.neff
2026-09-09 09:31:15.000668:  191623  [INFO]: Using a cached neff at /home/ubuntu/neuron_cache_e2e/neuronxcc-2.23.6484.0+3b612583/MODULE_2947808046050219602+e30acd3a/model.neff
2026-09-09 09:31:15.000669:  191607  [INFO]: Using a cached neff at /home/ubuntu/neuron_cache_e2e/neuronxcc-2.23.6484.0+3b612583/MODULE_5699981621561527716+e30acd3a/model.neff
2026-09-09 09:31:15.000669:  191609  [INFO]: Using a cached neff at /home/ubuntu/neuron_cache_e2e/neuronxcc-2.23.6484.0+3b612583/MODULE_14567189089315028411+e30acd3a/model.neff
2026-09-09 09:31:15.000670:  191636  [INFO]: Using a cached neff at /home/ubuntu/neuron_cache_e2e/neuronxcc-2.23.6484.0+3b612583/MODULE_5699981621561527716+e30acd3a/model.neff
2026-09-09 09:31:15.000671:  191637  [INFO]: Using a cached neff at /home/ubuntu/neuron_cache_e2e/neuronxcc-2.23.6484.0+3b612583/MODULE_14567189089315028411+e30acd3a/model.neff
2026-09-09 09:31:15.000674:  191626  [INFO]: Using a cached neff at /home/ubuntu/neuron_cache_e2e/neuronxcc-2.23.6484.0+3b612583/MODULE_4272806645210191267+e30acd3a/model.neff
2026-09-09 09:31:15.000675:  191606  [INFO]: Using a cached neff at /home/ubuntu/neuron_cache_e2e/neuronxcc-2.23.6484.0+3b612583/MODULE_5699981621561527716+e30acd3a/model.neff
2026-09-09 09:31:15.000676:  191620  [INFO]: Using a cached neff at /home/ubuntu/neuron_cache_e2e/neuronxcc-2.23.6484.0+3b612583/MODULE_14567189089315028411+e30acd3a/model.neff
2026-09-09 09:31:15.000680:  191619  [INFO]: Using a cached neff at /home/ubuntu/neuron_cache_e2e/neuronxcc-2.23.6484.0+3b612583/MODULE_5223633225114114347+e30acd3a/model.neff
/home/ubuntu/train_gpt10b_tp_families.py:656: DeprecationWarning: Use torch_xla.sync instead
  xm.mark_step()   # slice: copy-back done
/home/ubuntu/train_gpt10b_tp_families.py:656: DeprecationWarning: Use torch_xla.sync instead
  xm.mark_step()   # slice: copy-back done
2026-09-09 09:31:15.000682:  191614  [INFO]: Using a cached neff at /home/ubuntu/neuron_cache_e2e/neuronxcc-2.23.6484.0+3b612583/MODULE_11129965598566482386+e30acd3a/model.neff
2026-09-09 09:31:15.000683:  191631  [INFO]: Using a cached neff at /home/ubuntu/neuron_cache_e2e/neuronxcc-2.23.6484.0+3b612583/MODULE_5223633225114114347+e30acd3a/model.neff
2026-09-09 09:31:15.000683:  191612  [INFO]: Using a cached neff at /home/ubuntu/neuron_cache_e2e/neuronxcc-2.23.6484.0+3b612583/MODULE_11129965598566482386+e30acd3a/model.neff
2026-09-09 09:31:15.000683:  191628  [INFO]: Using a cached neff at /home/ubuntu/neuron_cache_e2e/neuronxcc-2.23.6484.0+3b612583/MODULE_4272806645210191267+e30acd3a/model.neff
2026-09-09 09:31:15.000685:  191618  [INFO]: Using a cached neff at /home/ubuntu/neuron_cache_e2e/neuronxcc-2.23.6484.0+3b612583/MODULE_4272806645210191267+e30acd3a/model.neff
2026-09-09 09:31:15.000686:  191633  [INFO]: Using a cached neff at /home/ubuntu/neuron_cache_e2e/neuronxcc-2.23.6484.0+3b612583/MODULE_5699981621561527716+e30acd3a/model.neff
2026-09-09 09:31:15.000687:  191635  [INFO]: Using a cached neff at /home/ubuntu/neuron_cache_e2e/neuronxcc-2.23.6484.0+3b612583/MODULE_5699981621561527716+e30acd3a/model.neff
2026-09-09 09:31:15.000687:  191613  [INFO]: Using a cached neff at /home/ubuntu/neuron_cache_e2e/neuronxcc-2.23.6484.0+3b612583/MODULE_4272806645210191267+e30acd3a/model.neff
/home/ubuntu/train_gpt10b_tp_families.py:656: DeprecationWarning: Use torch_xla.sync instead
  xm.mark_step()   # slice: copy-back done
2026-09-09 09:31:15.000689:  191621  [INFO]: Using a cached neff at /home/ubuntu/neuron_cache_e2e/neuronxcc-2.23.6484.0+3b612583/MODULE_11129965598566482386+e30acd3a/model.neff
2026-09-09 09:31:15.000690:  191634  [INFO]: Using a cached neff at /home/ubuntu/neuron_cache_e2e/neuronxcc-2.23.6484.0+3b612583/MODULE_14874200043798254035+e30acd3a/model.neff
2026-09-09 09:31:15.000690:  191615  [INFO]: Using a cached neff at /home/ubuntu/neuron_cache_e2e/neuronxcc-2.23.6484.0+3b612583/MODULE_8575940740000655340+e30acd3a/model.neff
2026-09-09 09:31:15.000691:  191609  [INFO]: Using a cached neff at /home/ubuntu/neuron_cache_e2e/neuronxcc-2.23.6484.0+3b612583/MODULE_2947808046050219602+e30acd3a/model.neff
2026-09-09 09:31:15.000691:  191624  [INFO]: Using a cached neff at /home/ubuntu/neuron_cache_e2e/neuronxcc-2.23.6484.0+3b612583/MODULE_5223633225114114347+e30acd3a/model.neff
2026-09-09 09:31:15.000691:  191622  [INFO]: Using a cached neff at /home/ubuntu/neuron_cache_e2e/neuronxcc-2.23.6484.0+3b612583/MODULE_5699981621561527716+e30acd3a/model.neff
2026-09-09 09:31:15.000692:  191637  [INFO]: Using a cached neff at /home/ubuntu/neuron_cache_e2e/neuronxcc-2.23.6484.0+3b612583/MODULE_2947808046050219602+e30acd3a/model.neff
/home/ubuntu/train_gpt10b_tp_families.py:669: DeprecationWarning: Use torch_xla.sync instead
  xm.mark_step()
2026-09-09 09:31:15.000694:  191611  [INFO]: Using a cached neff at /home/ubuntu/neuron_cache_e2e/neuronxcc-2.23.6484.0+3b612583/MODULE_14567189089315028411+e30acd3a/model.neff
2026-09-09 09:31:15.000695:  191636  [INFO]: Using a cached neff at /home/ubuntu/neuron_cache_e2e/neuronxcc-2.23.6484.0+3b612583/MODULE_8575940740000655340+e30acd3a/model.neff
2026-09-09 09:31:15.000696:  191607  [INFO]: Using a cached neff at /home/ubuntu/neuron_cache_e2e/neuronxcc-2.23.6484.0+3b612583/MODULE_8575940740000655340+e30acd3a/model.neff
2026-09-09 09:31:15.000697:  191620  [INFO]: Using a cached neff at /home/ubuntu/neuron_cache_e2e/neuronxcc-2.23.6484.0+3b612583/MODULE_2947808046050219602+e30acd3a/model.neff
2026-09-09 09:31:15.000699:  191606  [INFO]: Using a cached neff at /home/ubuntu/neuron_cache_e2e/neuronxcc-2.23.6484.0+3b612583/MODULE_8575940740000655340+e30acd3a/model.neff
2026-09-09 09:31:15.000700:  191626  [INFO]: Using a cached neff at /home/ubuntu/neuron_cache_e2e/neuronxcc-2.23.6484.0+3b612583/MODULE_5223633225114114347+e30acd3a/model.neff
2026-09-09 09:31:15.000702:  191619  [INFO]: Using a cached neff at /home/ubuntu/neuron_cache_e2e/neuronxcc-2.23.6484.0+3b612583/MODULE_5699981621561527716+e30acd3a/model.neff
2026-09-09 09:31:15.000705:  191612  [INFO]: Using a cached neff at /home/ubuntu/neuron_cache_e2e/neuronxcc-2.23.6484.0+3b612583/MODULE_4272806645210191267+e30acd3a/model.neff
2026-09-09 09:31:15.000706:  191614  [INFO]: Using a cached neff at /home/ubuntu/neuron_cache_e2e/neuronxcc-2.23.6484.0+3b612583/MODULE_4272806645210191267+e30acd3a/model.neff
2026-09-09 09:31:15.000707:  191631  [INFO]: Using a cached neff at /home/ubuntu/neuron_cache_e2e/neuronxcc-2.23.6484.0+3b612583/MODULE_5699981621561527716+e30acd3a/model.neff
2026-09-09 09:31:15.000708:  191628  [INFO]: Using a cached neff at /home/ubuntu/neuron_cache_e2e/neuronxcc-2.23.6484.0+3b612583/MODULE_5223633225114114347+e30acd3a/model.neff
/home/ubuntu/train_gpt10b_tp_families.py:669: DeprecationWarning: Use torch_xla.sync instead
  xm.mark_step()
2026-09-09 09:31:15.000709:  191618  [INFO]: Using a cached neff at /home/ubuntu/neuron_cache_e2e/neuronxcc-2.23.6484.0+3b612583/MODULE_5223633225114114347+e30acd3a/model.neff
/home/ubuntu/train_gpt10b_tp_families.py:656: DeprecationWarning: Use torch_xla.sync instead
  xm.mark_step()   # slice: copy-back done
2026-09-09 09:31:15.000709:  191635  [INFO]: Using a cached neff at /home/ubuntu/neuron_cache_e2e/neuronxcc-2.23.6484.0+3b612583/MODULE_8575940740000655340+e30acd3a/model.neff
/home/ubuntu/train_gpt10b_tp_families.py:669: DeprecationWarning: Use torch_xla.sync instead
  xm.mark_step()
2026-09-09 09:31:15.000711:  191613  [INFO]: Using a cached neff at /home/ubuntu/neuron_cache_e2e/neuronxcc-2.23.6484.0+3b612583/MODULE_5223633225114114347+e30acd3a/model.neff
2026-09-09 09:31:15.000711:  191633  [INFO]: Using a cached neff at /home/ubuntu/neuron_cache_e2e/neuronxcc-2.23.6484.0+3b612583/MODULE_8575940740000655340+e30acd3a/model.neff
2026-09-09 09:31:15.000712:  191621  [INFO]: Using a cached neff at /home/ubuntu/neuron_cache_e2e/neuronxcc-2.23.6484.0+3b612583/MODULE_4272806645210191267+e30acd3a/model.neff
2026-09-09 09:31:15.000713:  191615  [INFO]: Using a cached neff at /home/ubuntu/neuron_cache_e2e/neuronxcc-2.23.6484.0+3b612583/MODULE_14567189089315028411+e30acd3a/model.neff
2026-09-09 09:31:15.000715:  191616  [INFO]: Using a cached neff at /home/ubuntu/neuron_cache_e2e/neuronxcc-2.23.6484.0+3b612583/MODULE_11129965598566482386+e30acd3a/model.neff
/home/ubuntu/train_gpt10b_tp_families.py:669: DeprecationWarning: Use torch_xla.sync instead
  xm.mark_step()
2026-09-09 09:31:15.000715:  191622  [INFO]: Using a cached neff at /home/ubuntu/neuron_cache_e2e/neuronxcc-2.23.6484.0+3b612583/MODULE_8575940740000655340+e30acd3a/model.neff
2026-09-09 09:31:15.000716:  191624  [INFO]: Using a cached neff at /home/ubuntu/neuron_cache_e2e/neuronxcc-2.23.6484.0+3b612583/MODULE_5699981621561527716+e30acd3a/model.neff
2026-09-09 09:31:15.000718:  191611  [INFO]: Using a cached neff at /home/ubuntu/neuron_cache_e2e/neuronxcc-2.23.6484.0+3b612583/MODULE_2947808046050219602+e30acd3a/model.neff
2026-09-09 09:31:15.000721:  191636  [INFO]: Using a cached neff at /home/ubuntu/neuron_cache_e2e/neuronxcc-2.23.6484.0+3b612583/MODULE_14567189089315028411+e30acd3a/model.neff
2026-09-09 09:31:15.000721:  191607  [INFO]: Using a cached neff at /home/ubuntu/neuron_cache_e2e/neuronxcc-2.23.6484.0+3b612583/MODULE_14567189089315028411+e30acd3a/model.neff
2026-09-09 09:31:15.000722:  191606  [INFO]: Using a cached neff at /home/ubuntu/neuron_cache_e2e/neuronxcc-2.23.6484.0+3b612583/MODULE_14567189089315028411+e30acd3a/model.neff
/home/ubuntu/train_gpt10b_tp_families.py:656: DeprecationWarning: Use torch_xla.sync instead
  xm.mark_step()   # slice: copy-back done
2026-09-09 09:31:15.000724:  191619  [INFO]: Using a cached neff at /home/ubuntu/neuron_cache_e2e/neuronxcc-2.23.6484.0+3b612583/MODULE_8575940740000655340+e30acd3a/model.neff
2026-09-09 09:31:15.000725:  191626  [INFO]: Using a cached neff at /home/ubuntu/neuron_cache_e2e/neuronxcc-2.23.6484.0+3b612583/MODULE_5699981621561527716+e30acd3a/model.neff
2026-09-09 09:31:15.000728:  191614  [INFO]: Using a cached neff at /home/ubuntu/neuron_cache_e2e/neuronxcc-2.23.6484.0+3b612583/MODULE_5223633225114114347+e30acd3a/model.neff
2026-09-09 09:31:15.000728:  191612  [INFO]: Using a cached neff at /home/ubuntu/neuron_cache_e2e/neuronxcc-2.23.6484.0+3b612583/MODULE_5223633225114114347+e30acd3a/model.neff
2026-09-09 09:31:15.000731:  191615  [INFO]: Using a cached neff at /home/ubuntu/neuron_cache_e2e/neuronxcc-2.23.6484.0+3b612583/MODULE_2947808046050219602+e30acd3a/model.neff
2026-09-09 09:31:15.000731:  191631  [INFO]: Using a cached neff at /home/ubuntu/neuron_cache_e2e/neuronxcc-2.23.6484.0+3b612583/MODULE_8575940740000655340+e30acd3a/model.neff
2026-09-09 09:31:15.000732:  191618  [INFO]: Using a cached neff at /home/ubuntu/neuron_cache_e2e/neuronxcc-2.23.6484.0+3b612583/MODULE_5699981621561527716+e30acd3a/model.neff
/home/ubuntu/train_gpt10b_tp_families.py:656: DeprecationWarning: Use torch_xla.sync instead
  xm.mark_step()   # slice: copy-back done
/home/ubuntu/train_gpt10b_tp_families.py:656: DeprecationWarning: Use torch_xla.sync instead
  xm.mark_step()   # slice: copy-back done
/home/ubuntu/train_gpt10b_tp_families.py:656: DeprecationWarning: Use torch_xla.sync instead
  xm.mark_step()   # slice: copy-back done
2026-09-09 09:31:15.000733:  191628  [INFO]: Using a cached neff at /home/ubuntu/neuron_cache_e2e/neuronxcc-2.23.6484.0+3b612583/MODULE_5699981621561527716+e30acd3a/model.neff
2026-09-09 09:31:15.000733:  191635  [INFO]: Using a cached neff at /home/ubuntu/neuron_cache_e2e/neuronxcc-2.23.6484.0+3b612583/MODULE_14567189089315028411+e30acd3a/model.neff
/home/ubuntu/train_gpt10b_tp_families.py:669: DeprecationWarning: Use torch_xla.sync instead
  xm.mark_step()
2026-09-09 09:31:15.000735:  191613  [INFO]: Using a cached neff at /home/ubuntu/neuron_cache_e2e/neuronxcc-2.23.6484.0+3b612583/MODULE_5699981621561527716+e30acd3a/model.neff
2026-09-09 09:31:15.000736:  191633  [INFO]: Using a cached neff at /home/ubuntu/neuron_cache_e2e/neuronxcc-2.23.6484.0+3b612583/MODULE_14567189089315028411+e30acd3a/model.neff
2026-09-09 09:31:15.000737:  191621  [INFO]: Using a cached neff at /home/ubuntu/neuron_cache_e2e/neuronxcc-2.23.6484.0+3b612583/MODULE_5223633225114114347+e30acd3a/model.neff
2026-09-09 09:31:15.000738:  191616  [INFO]: Using a cached neff at /home/ubuntu/neuron_cache_e2e/neuronxcc-2.23.6484.0+3b612583/MODULE_4272806645210191267+e30acd3a/model.neff
2026-09-09 09:31:15.000738:  191622  [INFO]: Using a cached neff at /home/ubuntu/neuron_cache_e2e/neuronxcc-2.23.6484.0+3b612583/MODULE_14567189089315028411+e30acd3a/model.neff
2026-09-09 09:31:15.000739:  191624  [INFO]: Using a cached neff at /home/ubuntu/neuron_cache_e2e/neuronxcc-2.23.6484.0+3b612583/MODULE_8575940740000655340+e30acd3a/model.neff
2026-09-09 09:31:15.000741:  191607  [INFO]: Using a cached neff at /home/ubuntu/neuron_cache_e2e/neuronxcc-2.23.6484.0+3b612583/MODULE_2947808046050219602+e30acd3a/model.neff
2026-09-09 09:31:15.000741:  191636  [INFO]: Using a cached neff at /home/ubuntu/neuron_cache_e2e/neuronxcc-2.23.6484.0+3b612583/MODULE_2947808046050219602+e30acd3a/model.neff
2026-09-09 09:31:15.000741:  191606  [INFO]: Using a cached neff at /home/ubuntu/neuron_cache_e2e/neuronxcc-2.23.6484.0+3b612583/MODULE_2947808046050219602+e30acd3a/model.neff
/home/ubuntu/train_gpt10b_tp_families.py:656: DeprecationWarning: Use torch_xla.sync instead
  xm.mark_step()   # slice: copy-back done
2026-09-09 09:31:15.000747:  191626  [INFO]: Using a cached neff at /home/ubuntu/neuron_cache_e2e/neuronxcc-2.23.6484.0+3b612583/MODULE_8575940740000655340+e30acd3a/model.neff
2026-09-09 09:31:15.000748:  191619  [INFO]: Using a cached neff at /home/ubuntu/neuron_cache_e2e/neuronxcc-2.23.6484.0+3b612583/MODULE_14567189089315028411+e30acd3a/model.neff
/home/ubuntu/train_gpt10b_tp_families.py:656: DeprecationWarning: Use torch_xla.sync instead
  xm.mark_step()   # slice: copy-back done
/home/ubuntu/train_gpt10b_tp_families.py:656: DeprecationWarning: Use torch_xla.sync instead
  xm.mark_step()   # slice: copy-back done
2026-09-09 09:31:15.000750:  191612  [INFO]: Using a cached neff at /home/ubuntu/neuron_cache_e2e/neuronxcc-2.23.6484.0+3b612583/MODULE_5699981621561527716+e30acd3a/model.neff
2026-09-09 09:31:15.000750:  191614  [INFO]: Using a cached neff at /home/ubuntu/neuron_cache_e2e/neuronxcc-2.23.6484.0+3b612583/MODULE_5699981621561527716+e30acd3a/model.neff
/home/ubuntu/train_gpt10b_tp_families.py:669: DeprecationWarning: Use torch_xla.sync instead
  xm.mark_step()
/home/ubuntu/train_gpt10b_tp_families.py:669: DeprecationWarning: Use torch_xla.sync instead
  xm.mark_step()
2026-09-09 09:31:15.000752:  191635  [INFO]: Using a cached neff at /home/ubuntu/neuron_cache_e2e/neuronxcc-2.23.6484.0+3b612583/MODULE_2947808046050219602+e30acd3a/model.neff
2026-09-09 09:31:15.000754:  191631  [INFO]: Using a cached neff at /home/ubuntu/neuron_cache_e2e/neuronxcc-2.23.6484.0+3b612583/MODULE_14567189089315028411+e30acd3a/model.neff
2026-09-09 09:31:15.000755:  191618  [INFO]: Using a cached neff at /home/ubuntu/neuron_cache_e2e/neuronxcc-2.23.6484.0+3b612583/MODULE_8575940740000655340+e30acd3a/model.neff
2026-09-09 09:31:15.000756:  191633  [INFO]: Using a cached neff at /home/ubuntu/neuron_cache_e2e/neuronxcc-2.23.6484.0+3b612583/MODULE_2947808046050219602+e30acd3a/model.neff
/home/ubuntu/train_gpt10b_tp_families.py:656: DeprecationWarning: Use torch_xla.sync instead
  xm.mark_step()   # slice: copy-back done
2026-09-09 09:31:15.000758:  191613  [INFO]: Using a cached neff at /home/ubuntu/neuron_cache_e2e/neuronxcc-2.23.6484.0+3b612583/MODULE_8575940740000655340+e30acd3a/model.neff
2026-09-09 09:31:15.000759:  191622  [INFO]: Using a cached neff at /home/ubuntu/neuron_cache_e2e/neuronxcc-2.23.6484.0+3b612583/MODULE_2947808046050219602+e30acd3a/model.neff
2026-09-09 09:31:15.000759:  191628  [INFO]: Using a cached neff at /home/ubuntu/neuron_cache_e2e/neuronxcc-2.23.6484.0+3b612583/MODULE_8575940740000655340+e30acd3a/model.neff
2026-09-09 09:31:15.000760:  191630  [INFO]: Using a cached neff at /home/ubuntu/neuron_cache_e2e/neuronxcc-2.23.6484.0+3b612583/MODULE_2311441365887874014+e30acd3a/model.neff
2026-09-09 09:31:15.000761:  191621  [INFO]: Using a cached neff at /home/ubuntu/neuron_cache_e2e/neuronxcc-2.23.6484.0+3b612583/MODULE_5699981621561527716+e30acd3a/model.neff
/home/ubuntu/train_gpt10b_tp_families.py:669: DeprecationWarning: Use torch_xla.sync instead
  xm.mark_step()
2026-09-09 09:31:15.000763:  191616  [INFO]: Using a cached neff at /home/ubuntu/neuron_cache_e2e/neuronxcc-2.23.6484.0+3b612583/MODULE_5223633225114114347+e30acd3a/model.neff
/home/ubuntu/train_gpt10b_tp_families.py:656: DeprecationWarning: Use torch_xla.sync instead
  xm.mark_step()   # slice: copy-back done
2026-09-09 09:31:15.000765:  191619  [INFO]: Using a cached neff at /home/ubuntu/neuron_cache_e2e/neuronxcc-2.23.6484.0+3b612583/MODULE_2947808046050219602+e30acd3a/model.neff
2026-09-09 09:31:15.000765:  191624  [INFO]: Using a cached neff at /home/ubuntu/neuron_cache_e2e/neuronxcc-2.23.6484.0+3b612583/MODULE_14567189089315028411+e30acd3a/model.neff
2026-09-09 09:31:15.000772:  191612  [INFO]: Using a cached neff at /home/ubuntu/neuron_cache_e2e/neuronxcc-2.23.6484.0+3b612583/MODULE_8575940740000655340+e30acd3a/model.neff
2026-09-09 09:31:15.000773:  191631  [INFO]: Using a cached neff at /home/ubuntu/neuron_cache_e2e/neuronxcc-2.23.6484.0+3b612583/MODULE_2947808046050219602+e30acd3a/model.neff
/home/ubuntu/train_gpt10b_tp_families.py:669: DeprecationWarning: Use torch_xla.sync instead
  xm.mark_step()
2026-09-09 09:31:15.000774:  191626  [INFO]: Using a cached neff at /home/ubuntu/neuron_cache_e2e/neuronxcc-2.23.6484.0+3b612583/MODULE_14567189089315028411+e30acd3a/model.neff
2026-09-09 09:31:15.000774:  191614  [INFO]: Using a cached neff at /home/ubuntu/neuron_cache_e2e/neuronxcc-2.23.6484.0+3b612583/MODULE_8575940740000655340+e30acd3a/model.neff
/home/ubuntu/train_gpt10b_tp_families.py:656: DeprecationWarning: Use torch_xla.sync instead
  xm.mark_step()   # slice: copy-back done
2026-09-09 09:31:15.000778:  191618  [INFO]: Using a cached neff at /home/ubuntu/neuron_cache_e2e/neuronxcc-2.23.6484.0+3b612583/MODULE_14567189089315028411+e30acd3a/model.neff
2026-09-09 09:31:15.000781:  191613  [INFO]: Using a cached neff at /home/ubuntu/neuron_cache_e2e/neuronxcc-2.23.6484.0+3b612583/MODULE_14567189089315028411+e30acd3a/model.neff
/home/ubuntu/train_gpt10b_tp_families.py:669: DeprecationWarning: Use torch_xla.sync instead
  xm.mark_step()
2026-09-09 09:31:15.000784:  191624  [INFO]: Using a cached neff at /home/ubuntu/neuron_cache_e2e/neuronxcc-2.23.6484.0+3b612583/MODULE_2947808046050219602+e30acd3a/model.neff
/home/ubuntu/train_gpt10b_tp_families.py:669: DeprecationWarning: Use torch_xla.sync instead
  xm.mark_step()
/home/ubuntu/train_gpt10b_tp_families.py:656: DeprecationWarning: Use torch_xla.sync instead
  xm.mark_step()   # slice: copy-back done
2026-09-09 09:31:15.000785:  191628  [INFO]: Using a cached neff at /home/ubuntu/neuron_cache_e2e/neuronxcc-2.23.6484.0+3b612583/MODULE_14567189089315028411+e30acd3a/model.neff
2026-09-09 09:31:15.000786:  191616  [INFO]: Using a cached neff at /home/ubuntu/neuron_cache_e2e/neuronxcc-2.23.6484.0+3b612583/MODULE_5699981621561527716+e30acd3a/model.neff
/home/ubuntu/train_gpt10b_tp_families.py:669: DeprecationWarning: Use torch_xla.sync instead
  xm.mark_step()
/home/ubuntu/train_gpt10b_tp_families.py:656: DeprecationWarning: Use torch_xla.sync instead
  xm.mark_step()   # slice: copy-back done
2026-09-09 09:31:15.000790:  191621  [INFO]: Using a cached neff at /home/ubuntu/neuron_cache_e2e/neuronxcc-2.23.6484.0+3b612583/MODULE_8575940740000655340+e30acd3a/model.neff
/home/ubuntu/train_gpt10b_tp_families.py:656: DeprecationWarning: Use torch_xla.sync instead
  xm.mark_step()   # slice: copy-back done
2026-09-09 09:31:15.000792:  191626  [INFO]: Using a cached neff at /home/ubuntu/neuron_cache_e2e/neuronxcc-2.23.6484.0+3b612583/MODULE_2947808046050219602+e30acd3a/model.neff
2026-09-09 09:31:15.000795:  191618  [INFO]: Using a cached neff at /home/ubuntu/neuron_cache_e2e/neuronxcc-2.23.6484.0+3b612583/MODULE_2947808046050219602+e30acd3a/model.neff
/home/ubuntu/train_gpt10b_tp_families.py:669: DeprecationWarning: Use torch_xla.sync instead
  xm.mark_step()
2026-09-09 09:31:15.000796:  191612  [INFO]: Using a cached neff at /home/ubuntu/neuron_cache_e2e/neuronxcc-2.23.6484.0+3b612583/MODULE_14567189089315028411+e30acd3a/model.neff
/home/ubuntu/train_gpt10b_tp_families.py:656: DeprecationWarning: Use torch_xla.sync instead
  xm.mark_step()   # slice: copy-back done
2026-09-09 09:31:15.000798:  191614  [INFO]: Using a cached neff at /home/ubuntu/neuron_cache_e2e/neuronxcc-2.23.6484.0+3b612583/MODULE_14567189089315028411+e30acd3a/model.neff
/home/ubuntu/train_gpt10b_tp_families.py:669: DeprecationWarning: Use torch_xla.sync instead
  xm.mark_step()
/home/ubuntu/train_gpt10b_tp_families.py:669: DeprecationWarning: Use torch_xla.sync instead
  xm.mark_step()
2026-09-09 09:31:15.000800:  191613  [INFO]: Using a cached neff at /home/ubuntu/neuron_cache_e2e/neuronxcc-2.23.6484.0+3b612583/MODULE_2947808046050219602+e30acd3a/model.neff
2026-09-09 09:31:15.000804:  191628  [INFO]: Using a cached neff at /home/ubuntu/neuron_cache_e2e/neuronxcc-2.23.6484.0+3b612583/MODULE_2947808046050219602+e30acd3a/model.neff
/home/ubuntu/train_gpt10b_tp_families.py:656: DeprecationWarning: Use torch_xla.sync instead
  xm.mark_step()   # slice: copy-back done
/home/ubuntu/train_gpt10b_tp_families.py:669: DeprecationWarning: Use torch_xla.sync instead
  xm.mark_step()
/home/ubuntu/train_gpt10b_tp_families.py:656: DeprecationWarning: Use torch_xla.sync instead
  xm.mark_step()   # slice: copy-back done
2026-09-09 09:31:15.000809:  191616  [INFO]: Using a cached neff at /home/ubuntu/neuron_cache_e2e/neuronxcc-2.23.6484.0+3b612583/MODULE_8575940740000655340+e30acd3a/model.neff
2026-09-09 09:31:15.000814:  191612  [INFO]: Using a cached neff at /home/ubuntu/neuron_cache_e2e/neuronxcc-2.23.6484.0+3b612583/MODULE_2947808046050219602+e30acd3a/model.neff
/home/ubuntu/train_gpt10b_tp_families.py:669: DeprecationWarning: Use torch_xla.sync instead
  xm.mark_step()
2026-09-09 09:31:15.000815:  191621  [INFO]: Using a cached neff at /home/ubuntu/neuron_cache_e2e/neuronxcc-2.23.6484.0+3b612583/MODULE_14567189089315028411+e30acd3a/model.neff
2026-09-09 09:31:15.000815:  191614  [INFO]: Using a cached neff at /home/ubuntu/neuron_cache_e2e/neuronxcc-2.23.6484.0+3b612583/MODULE_2947808046050219602+e30acd3a/model.neff
/home/ubuntu/train_gpt10b_tp_families.py:669: DeprecationWarning: Use torch_xla.sync instead
  xm.mark_step()
/home/ubuntu/train_gpt10b_tp_families.py:656: DeprecationWarning: Use torch_xla.sync instead
  xm.mark_step()   # slice: copy-back done
/home/ubuntu/train_gpt10b_tp_families.py:669: DeprecationWarning: Use torch_xla.sync instead
  xm.mark_step()
2026-09-09 09:31:15.000834:  191616  [INFO]: Using a cached neff at /home/ubuntu/neuron_cache_e2e/neuronxcc-2.23.6484.0+3b612583/MODULE_14567189089315028411+e30acd3a/model.neff
2026-09-09 09:31:15.000835:  191621  [INFO]: Using a cached neff at /home/ubuntu/neuron_cache_e2e/neuronxcc-2.23.6484.0+3b612583/MODULE_2947808046050219602+e30acd3a/model.neff
/home/ubuntu/train_gpt10b_tp_families.py:669: DeprecationWarning: Use torch_xla.sync instead
  xm.mark_step()
/home/ubuntu/train_gpt10b_tp_families.py:669: DeprecationWarning: Use torch_xla.sync instead
  xm.mark_step()
/home/ubuntu/train_gpt10b_tp_families.py:656: DeprecationWarning: Use torch_xla.sync instead
  xm.mark_step()   # slice: copy-back done
/home/ubuntu/train_gpt10b_tp_families.py:669: DeprecationWarning: Use torch_xla.sync instead
  xm.mark_step()
2026-09-09 09:31:15.000854:  191616  [INFO]: Using a cached neff at /home/ubuntu/neuron_cache_e2e/neuronxcc-2.23.6484.0+3b612583/MODULE_2947808046050219602+e30acd3a/model.neff
/home/ubuntu/train_gpt10b_tp_families.py:669: DeprecationWarning: Use torch_xla.sync instead
  xm.mark_step()
2026-09-09 09:31:15.000857:  191608  [INFO]: Using a cached neff at /home/ubuntu/neuron_cache_e2e/neuronxcc-2.23.6484.0+3b612583/MODULE_2311441365887874014+e30acd3a/model.neff
/home/ubuntu/train_gpt10b_tp_families.py:669: DeprecationWarning: Use torch_xla.sync instead
  xm.mark_step()
/home/ubuntu/train_gpt10b_tp_families.py:669: DeprecationWarning: Use torch_xla.sync instead
  xm.mark_step()
/home/ubuntu/train_gpt10b_tp_families.py:669: DeprecationWarning: Use torch_xla.sync instead
  xm.mark_step()
2026-09-09 09:31:15.000906:  191610  [INFO]: Using a cached neff at /home/ubuntu/neuron_cache_e2e/neuronxcc-2.23.6484.0+3b612583/MODULE_2311441365887874014+e30acd3a/model.neff
2026-09-09 09:31:15.000957:  191630  [INFO]: Using a cached neff at /home/ubuntu/neuron_cache_e2e/neuronxcc-2.23.6484.0+3b612583/MODULE_14874200043798254035+e30acd3a/model.neff
2026-09-09 09:31:15.000962:  191632  [INFO]: Using a cached neff at /home/ubuntu/neuron_cache_e2e/neuronxcc-2.23.6484.0+3b612583/MODULE_2311441365887874014+e30acd3a/model.neff
2026-09-09 09:31:16.000005:  191617  [INFO]: Using a cached neff at /home/ubuntu/neuron_cache_e2e/neuronxcc-2.23.6484.0+3b612583/MODULE_2311441365887874014+e30acd3a/model.neff
2026-09-09 09:31:16.000033:  191627  [INFO]: Using a cached neff at /home/ubuntu/neuron_cache_e2e/neuronxcc-2.23.6484.0+3b612583/MODULE_2311441365887874014+e30acd3a/model.neff
2026-09-09 09:31:16.000034:  191625  [INFO]: Using a cached neff at /home/ubuntu/neuron_cache_e2e/neuronxcc-2.23.6484.0+3b612583/MODULE_2311441365887874014+e30acd3a/model.neff
2026-09-09 09:31:16.000040:  191629  [INFO]: Using a cached neff at /home/ubuntu/neuron_cache_e2e/neuronxcc-2.23.6484.0+3b612583/MODULE_2311441365887874014+e30acd3a/model.neff
2026-09-09 09:31:16.000078:  191620  [INFO]: Using a cached neff at /home/ubuntu/neuron_cache_e2e/neuronxcc-2.23.6484.0+3b612583/MODULE_2311441365887874014+e30acd3a/model.neff
2026-09-09 09:31:16.000080:  191637  [INFO]: Using a cached neff at /home/ubuntu/neuron_cache_e2e/neuronxcc-2.23.6484.0+3b612583/MODULE_2311441365887874014+e30acd3a/model.neff
2026-09-09 09:31:16.000083:  191609  [INFO]: Using a cached neff at /home/ubuntu/neuron_cache_e2e/neuronxcc-2.23.6484.0+3b612583/MODULE_2311441365887874014+e30acd3a/model.neff
2026-09-09 09:31:16.000085:  191608  [INFO]: Using a cached neff at /home/ubuntu/neuron_cache_e2e/neuronxcc-2.23.6484.0+3b612583/MODULE_14874200043798254035+e30acd3a/model.neff
2026-09-09 09:31:16.000111:  191610  [INFO]: Using a cached neff at /home/ubuntu/neuron_cache_e2e/neuronxcc-2.23.6484.0+3b612583/MODULE_14874200043798254035+e30acd3a/model.neff
2026-09-09 09:31:16.000112:  191623  [INFO]: Using a cached neff at /home/ubuntu/neuron_cache_e2e/neuronxcc-2.23.6484.0+3b612583/MODULE_2311441365887874014+e30acd3a/model.neff
2026-09-09 09:31:16.000123:  191607  [INFO]: Using a cached neff at /home/ubuntu/neuron_cache_e2e/neuronxcc-2.23.6484.0+3b612583/MODULE_2311441365887874014+e30acd3a/model.neff
2026-09-09 09:31:16.000125:  191615  [INFO]: Using a cached neff at /home/ubuntu/neuron_cache_e2e/neuronxcc-2.23.6484.0+3b612583/MODULE_2311441365887874014+e30acd3a/model.neff
2026-09-09 09:31:16.000128:  191606  [INFO]: Using a cached neff at /home/ubuntu/neuron_cache_e2e/neuronxcc-2.23.6484.0+3b612583/MODULE_2311441365887874014+e30acd3a/model.neff
2026-09-09 09:31:16.000128:  191636  [INFO]: Using a cached neff at /home/ubuntu/neuron_cache_e2e/neuronxcc-2.23.6484.0+3b612583/MODULE_2311441365887874014+e30acd3a/model.neff
2026-09-09 09:31:16.000145:  191631  [INFO]: Using a cached neff at /home/ubuntu/neuron_cache_e2e/neuronxcc-2.23.6484.0+3b612583/MODULE_2311441365887874014+e30acd3a/model.neff
2026-09-09 09:31:16.000145:  191611  [INFO]: Using a cached neff at /home/ubuntu/neuron_cache_e2e/neuronxcc-2.23.6484.0+3b612583/MODULE_2311441365887874014+e30acd3a/model.neff
2026-09-09 09:31:16.000146:  191633  [INFO]: Using a cached neff at /home/ubuntu/neuron_cache_e2e/neuronxcc-2.23.6484.0+3b612583/MODULE_2311441365887874014+e30acd3a/model.neff
2026-09-09 09:31:16.000153:  191622  [INFO]: Using a cached neff at /home/ubuntu/neuron_cache_e2e/neuronxcc-2.23.6484.0+3b612583/MODULE_2311441365887874014+e30acd3a/model.neff
2026-09-09 09:31:16.000154:  191619  [INFO]: Using a cached neff at /home/ubuntu/neuron_cache_e2e/neuronxcc-2.23.6484.0+3b612583/MODULE_2311441365887874014+e30acd3a/model.neff
2026-09-09 09:31:16.000155:  191632  [INFO]: Using a cached neff at /home/ubuntu/neuron_cache_e2e/neuronxcc-2.23.6484.0+3b612583/MODULE_14874200043798254035+e30acd3a/model.neff
2026-09-09 09:31:16.000172:  191626  [INFO]: Using a cached neff at /home/ubuntu/neuron_cache_e2e/neuronxcc-2.23.6484.0+3b612583/MODULE_2311441365887874014+e30acd3a/model.neff
2026-09-09 09:31:16.000179:  191613  [INFO]: Using a cached neff at /home/ubuntu/neuron_cache_e2e/neuronxcc-2.23.6484.0+3b612583/MODULE_2311441365887874014+e30acd3a/model.neff
2026-09-09 09:31:16.000183:  191635  [INFO]: Using a cached neff at /home/ubuntu/neuron_cache_e2e/neuronxcc-2.23.6484.0+3b612583/MODULE_2311441365887874014+e30acd3a/model.neff
2026-09-09 09:31:16.000185:  191624  [INFO]: Using a cached neff at /home/ubuntu/neuron_cache_e2e/neuronxcc-2.23.6484.0+3b612583/MODULE_2311441365887874014+e30acd3a/model.neff
2026-09-09 09:31:16.000190:  191618  [INFO]: Using a cached neff at /home/ubuntu/neuron_cache_e2e/neuronxcc-2.23.6484.0+3b612583/MODULE_2311441365887874014+e30acd3a/model.neff
2026-09-09 09:31:16.000199:  191628  [INFO]: Using a cached neff at /home/ubuntu/neuron_cache_e2e/neuronxcc-2.23.6484.0+3b612583/MODULE_2311441365887874014+e30acd3a/model.neff
2026-09-09 09:31:16.000213:  191612  [INFO]: Using a cached neff at /home/ubuntu/neuron_cache_e2e/neuronxcc-2.23.6484.0+3b612583/MODULE_2311441365887874014+e30acd3a/model.neff
2026-09-09 09:31:16.000213:  191621  [INFO]: Using a cached neff at /home/ubuntu/neuron_cache_e2e/neuronxcc-2.23.6484.0+3b612583/MODULE_2311441365887874014+e30acd3a/model.neff
2026-09-09 09:31:16.000216:  191614  [INFO]: Using a cached neff at /home/ubuntu/neuron_cache_e2e/neuronxcc-2.23.6484.0+3b612583/MODULE_2311441365887874014+e30acd3a/model.neff
2026-09-09 09:31:16.000223:  191625  [INFO]: Using a cached neff at /home/ubuntu/neuron_cache_e2e/neuronxcc-2.23.6484.0+3b612583/MODULE_14874200043798254035+e30acd3a/model.neff
2026-09-09 09:31:16.000234:  191627  [INFO]: Using a cached neff at /home/ubuntu/neuron_cache_e2e/neuronxcc-2.23.6484.0+3b612583/MODULE_14874200043798254035+e30acd3a/model.neff
2026-09-09 09:31:16.000242:  191617  [INFO]: Using a cached neff at /home/ubuntu/neuron_cache_e2e/neuronxcc-2.23.6484.0+3b612583/MODULE_14874200043798254035+e30acd3a/model.neff
2026-09-09 09:31:16.000251:  191629  [INFO]: Using a cached neff at /home/ubuntu/neuron_cache_e2e/neuronxcc-2.23.6484.0+3b612583/MODULE_14874200043798254035+e30acd3a/model.neff
2026-09-09 09:31:16.000254:  191616  [INFO]: Using a cached neff at /home/ubuntu/neuron_cache_e2e/neuronxcc-2.23.6484.0+3b612583/MODULE_2311441365887874014+e30acd3a/model.neff
2026-09-09 09:31:16.000278:  191637  [INFO]: Using a cached neff at /home/ubuntu/neuron_cache_e2e/neuronxcc-2.23.6484.0+3b612583/MODULE_14874200043798254035+e30acd3a/model.neff
2026-09-09 09:31:16.000279:  191620  [INFO]: Using a cached neff at /home/ubuntu/neuron_cache_e2e/neuronxcc-2.23.6484.0+3b612583/MODULE_14874200043798254035+e30acd3a/model.neff
2026-09-09 09:31:16.000309:  191609  [INFO]: Using a cached neff at /home/ubuntu/neuron_cache_e2e/neuronxcc-2.23.6484.0+3b612583/MODULE_14874200043798254035+e30acd3a/model.neff
2026-09-09 09:31:16.000321:  191636  [INFO]: Using a cached neff at /home/ubuntu/neuron_cache_e2e/neuronxcc-2.23.6484.0+3b612583/MODULE_14874200043798254035+e30acd3a/model.neff
2026-09-09 09:31:16.000327:  191607  [INFO]: Using a cached neff at /home/ubuntu/neuron_cache_e2e/neuronxcc-2.23.6484.0+3b612583/MODULE_14874200043798254035+e30acd3a/model.neff
2026-09-09 09:31:16.000334:  191631  [INFO]: Using a cached neff at /home/ubuntu/neuron_cache_e2e/neuronxcc-2.23.6484.0+3b612583/MODULE_14874200043798254035+e30acd3a/model.neff
2026-09-09 09:31:16.000343:  191606  [INFO]: Using a cached neff at /home/ubuntu/neuron_cache_e2e/neuronxcc-2.23.6484.0+3b612583/MODULE_14874200043798254035+e30acd3a/model.neff
2026-09-09 09:31:16.000344:  191622  [INFO]: Using a cached neff at /home/ubuntu/neuron_cache_e2e/neuronxcc-2.23.6484.0+3b612583/MODULE_14874200043798254035+e30acd3a/model.neff
2026-09-09 09:31:16.000346:  191619  [INFO]: Using a cached neff at /home/ubuntu/neuron_cache_e2e/neuronxcc-2.23.6484.0+3b612583/MODULE_14874200043798254035+e30acd3a/model.neff
2026-09-09 09:31:16.000351:  191633  [INFO]: Using a cached neff at /home/ubuntu/neuron_cache_e2e/neuronxcc-2.23.6484.0+3b612583/MODULE_14874200043798254035+e30acd3a/model.neff
2026-09-09 09:31:16.000360:  191615  [INFO]: Using a cached neff at /home/ubuntu/neuron_cache_e2e/neuronxcc-2.23.6484.0+3b612583/MODULE_14874200043798254035+e30acd3a/model.neff
2026-09-09 09:31:16.000368:  191613  [INFO]: Using a cached neff at /home/ubuntu/neuron_cache_e2e/neuronxcc-2.23.6484.0+3b612583/MODULE_14874200043798254035+e30acd3a/model.neff
2026-09-09 09:31:16.000369:  191611  [INFO]: Using a cached neff at /home/ubuntu/neuron_cache_e2e/neuronxcc-2.23.6484.0+3b612583/MODULE_14874200043798254035+e30acd3a/model.neff
2026-09-09 09:31:16.000372:  191618  [INFO]: Using a cached neff at /home/ubuntu/neuron_cache_e2e/neuronxcc-2.23.6484.0+3b612583/MODULE_14874200043798254035+e30acd3a/model.neff
2026-09-09 09:31:16.000376:  191624  [INFO]: Using a cached neff at /home/ubuntu/neuron_cache_e2e/neuronxcc-2.23.6484.0+3b612583/MODULE_14874200043798254035+e30acd3a/model.neff
2026-09-09 09:31:16.000379:  191623  [INFO]: Using a cached neff at /home/ubuntu/neuron_cache_e2e/neuronxcc-2.23.6484.0+3b612583/MODULE_14874200043798254035+e30acd3a/model.neff
2026-09-09 09:31:16.000380:  191626  [INFO]: Using a cached neff at /home/ubuntu/neuron_cache_e2e/neuronxcc-2.23.6484.0+3b612583/MODULE_14874200043798254035+e30acd3a/model.neff
2026-09-09 09:31:16.000388:  191628  [INFO]: Using a cached neff at /home/ubuntu/neuron_cache_e2e/neuronxcc-2.23.6484.0+3b612583/MODULE_14874200043798254035+e30acd3a/model.neff
2026-09-09 09:31:16.000398:  191614  [INFO]: Using a cached neff at /home/ubuntu/neuron_cache_e2e/neuronxcc-2.23.6484.0+3b612583/MODULE_14874200043798254035+e30acd3a/model.neff
2026-09-09 09:31:16.000398:  191635  [INFO]: Using a cached neff at /home/ubuntu/neuron_cache_e2e/neuronxcc-2.23.6484.0+3b612583/MODULE_14874200043798254035+e30acd3a/model.neff
2026-09-09 09:31:16.000403:  191612  [INFO]: Using a cached neff at /home/ubuntu/neuron_cache_e2e/neuronxcc-2.23.6484.0+3b612583/MODULE_14874200043798254035+e30acd3a/model.neff
2026-09-09 09:31:16.000418:  191621  [INFO]: Using a cached neff at /home/ubuntu/neuron_cache_e2e/neuronxcc-2.23.6484.0+3b612583/MODULE_14874200043798254035+e30acd3a/model.neff
2026-09-09 09:31:16.000440:  191616  [INFO]: Using a cached neff at /home/ubuntu/neuron_cache_e2e/neuronxcc-2.23.6484.0+3b612583/MODULE_14874200043798254035+e30acd3a/model.neff
2026-09-09 09:31:31.000123:  191630  [INFO]: Using a cached neff at /home/ubuntu/neuron_cache_e2e/neuronxcc-2.23.6484.0+3b612583/MODULE_16335475570970202006+e30acd3a/model.neff
2026-09-09 09:31:31.000123:  191633  [INFO]: Using a cached neff at /home/ubuntu/neuron_cache_e2e/neuronxcc-2.23.6484.0+3b612583/MODULE_16335475570970202006+e30acd3a/model.neff
2026-09-09 09:31:31.000123:  191620  [INFO]: Using a cached neff at /home/ubuntu/neuron_cache_e2e/neuronxcc-2.23.6484.0+3b612583/MODULE_16335475570970202006+e30acd3a/model.neff
2026-09-09 09:31:31.000123:  191626  [INFO]: Using a cached neff at /home/ubuntu/neuron_cache_e2e/neuronxcc-2.23.6484.0+3b612583/MODULE_16335475570970202006+e30acd3a/model.neff
2026-09-09 09:31:31.000123:  191609  [INFO]: Using a cached neff at /home/ubuntu/neuron_cache_e2e/neuronxcc-2.23.6484.0+3b612583/MODULE_16335475570970202006+e30acd3a/model.neff
2026-09-09 09:31:31.000123:  191616  [INFO]: Using a cached neff at /home/ubuntu/neuron_cache_e2e/neuronxcc-2.23.6484.0+3b612583/MODULE_16335475570970202006+e30acd3a/model.neff
2026-09-09 09:31:31.000123:  191619  [INFO]: Using a cached neff at /home/ubuntu/neuron_cache_e2e/neuronxcc-2.23.6484.0+3b612583/MODULE_16335475570970202006+e30acd3a/model.neff
2026-09-09 09:31:31.000123:  191627  [INFO]: Using a cached neff at /home/ubuntu/neuron_cache_e2e/neuronxcc-2.23.6484.0+3b612583/MODULE_16335475570970202006+e30acd3a/model.neff
2026-09-09 09:31:31.000123:  191637  [INFO]: Using a cached neff at /home/ubuntu/neuron_cache_e2e/neuronxcc-2.23.6484.0+3b612583/MODULE_16335475570970202006+e30acd3a/model.neff
2026-09-09 09:31:31.000123:  191632  [INFO]: Using a cached neff at /home/ubuntu/neuron_cache_e2e/neuronxcc-2.23.6484.0+3b612583/MODULE_16335475570970202006+e30acd3a/model.neff
2026-09-09 09:31:31.000123:  191623  [INFO]: Using a cached neff at /home/ubuntu/neuron_cache_e2e/neuronxcc-2.23.6484.0+3b612583/MODULE_16335475570970202006+e30acd3a/model.neff
2026-09-09 09:31:31.000123:  191635  [INFO]: Using a cached neff at /home/ubuntu/neuron_cache_e2e/neuronxcc-2.23.6484.0+3b612583/MODULE_16335475570970202006+e30acd3a/model.neff
2026-09-09 09:31:31.000123:  191625  [INFO]: Using a cached neff at /home/ubuntu/neuron_cache_e2e/neuronxcc-2.23.6484.0+3b612583/MODULE_16335475570970202006+e30acd3a/model.neff
2026-09-09 09:31:31.000123:  191612  [INFO]: Using a cached neff at /home/ubuntu/neuron_cache_e2e/neuronxcc-2.23.6484.0+3b612583/MODULE_16335475570970202006+e30acd3a/model.neff
2026-09-09 09:31:31.000123:  191621  [INFO]: Using a cached neff at /home/ubuntu/neuron_cache_e2e/neuronxcc-2.23.6484.0+3b612583/MODULE_16335475570970202006+e30acd3a/model.neff
2026-09-09 09:31:31.000123:  191606  [INFO]: Using a cached neff at /home/ubuntu/neuron_cache_e2e/neuronxcc-2.23.6484.0+3b612583/MODULE_16335475570970202006+e30acd3a/model.neff
2026-09-09 09:31:31.000123:  191614  [INFO]: Using a cached neff at /home/ubuntu/neuron_cache_e2e/neuronxcc-2.23.6484.0+3b612583/MODULE_16335475570970202006+e30acd3a/model.neff
2026-09-09 09:31:31.000123:  191631  [INFO]: Using a cached neff at /home/ubuntu/neuron_cache_e2e/neuronxcc-2.23.6484.0+3b612583/MODULE_16335475570970202006+e30acd3a/model.neff
2026-09-09 09:31:31.000124:  191629  [INFO]: Using a cached neff at /home/ubuntu/neuron_cache_e2e/neuronxcc-2.23.6484.0+3b612583/MODULE_16335475570970202006+e30acd3a/model.neff
2026-09-09 09:31:31.000124:  191607  [INFO]: Using a cached neff at /home/ubuntu/neuron_cache_e2e/neuronxcc-2.23.6484.0+3b612583/MODULE_16335475570970202006+e30acd3a/model.neff
2026-09-09 09:31:31.000124:  191613  [INFO]: Using a cached neff at /home/ubuntu/neuron_cache_e2e/neuronxcc-2.23.6484.0+3b612583/MODULE_16335475570970202006+e30acd3a/model.neff
2026-09-09 09:31:31.000124:  191608  [INFO]: Using a cached neff at /home/ubuntu/neuron_cache_e2e/neuronxcc-2.23.6484.0+3b612583/MODULE_16335475570970202006+e30acd3a/model.neff
2026-09-09 09:31:31.000125:  191615  [INFO]: Using a cached neff at /home/ubuntu/neuron_cache_e2e/neuronxcc-2.23.6484.0+3b612583/MODULE_16335475570970202006+e30acd3a/model.neff
2026-09-09 09:31:31.000405:  191617  [INFO]: Using a cached neff at /home/ubuntu/neuron_cache_e2e/neuronxcc-2.23.6484.0+3b612583/MODULE_16335475570970202006+e30acd3a/model.neff
2026-09-09 09:31:31.000497:  191636  [INFO]: Using a cached neff at /home/ubuntu/neuron_cache_e2e/neuronxcc-2.23.6484.0+3b612583/MODULE_16335475570970202006+e30acd3a/model.neff
2026-09-09 09:31:31.000537:  191618  [INFO]: Using a cached neff at /home/ubuntu/neuron_cache_e2e/neuronxcc-2.23.6484.0+3b612583/MODULE_16335475570970202006+e30acd3a/model.neff
2026-09-09 09:31:31.000581:  191634  [INFO]: Using a cached neff at /home/ubuntu/neuron_cache_e2e/neuronxcc-2.23.6484.0+3b612583/MODULE_16335475570970202006+e30acd3a/model.neff
2026-09-09 09:31:31.000581:  191610  [INFO]: Using a cached neff at /home/ubuntu/neuron_cache_e2e/neuronxcc-2.23.6484.0+3b612583/MODULE_16335475570970202006+e30acd3a/model.neff
2026-09-09 09:31:31.000625:  191622  [INFO]: Using a cached neff at /home/ubuntu/neuron_cache_e2e/neuronxcc-2.23.6484.0+3b612583/MODULE_16335475570970202006+e30acd3a/model.neff
2026-09-09 09:31:31.000625:  191624  [INFO]: Using a cached neff at /home/ubuntu/neuron_cache_e2e/neuronxcc-2.23.6484.0+3b612583/MODULE_16335475570970202006+e30acd3a/model.neff
2026-09-09 09:31:31.000664:  191611  [INFO]: Using a cached neff at /home/ubuntu/neuron_cache_e2e/neuronxcc-2.23.6484.0+3b612583/MODULE_16335475570970202006+e30acd3a/model.neff
2026-09-09 09:31:31.000664:  191628  [INFO]: Using a cached neff at /home/ubuntu/neuron_cache_e2e/neuronxcc-2.23.6484.0+3b612583/MODULE_16335475570970202006+e30acd3a/model.neff
2026-09-09 09:31:32.000580:  191613  [INFO]: Using a cached neff at /home/ubuntu/neuron_cache_e2e/neuronxcc-2.23.6484.0+3b612583/MODULE_4624717319235165006+e30acd3a/model.neff
2026-09-09 09:31:32.000648:  191616  [INFO]: Using a cached neff at /home/ubuntu/neuron_cache_e2e/neuronxcc-2.23.6484.0+3b612583/MODULE_4624717319235165006+e30acd3a/model.neff
2026-09-09 09:31:32.000662:  191622  [INFO]: Using a cached neff at /home/ubuntu/neuron_cache_e2e/neuronxcc-2.23.6484.0+3b612583/MODULE_4624717319235165006+e30acd3a/model.neff
2026-09-09 09:31:32.000673:  191624  [INFO]: Using a cached neff at /home/ubuntu/neuron_cache_e2e/neuronxcc-2.23.6484.0+3b612583/MODULE_4624717319235165006+e30acd3a/model.neff
2026-09-09 09:31:32.000675:  191607  [INFO]: Using a cached neff at /home/ubuntu/neuron_cache_e2e/neuronxcc-2.23.6484.0+3b612583/MODULE_4624717319235165006+e30acd3a/model.neff
2026-09-09 09:31:32.000694:  191609  [INFO]: Using a cached neff at /home/ubuntu/neuron_cache_e2e/neuronxcc-2.23.6484.0+3b612583/MODULE_4624717319235165006+e30acd3a/model.neff
2026-09-09 09:31:32.000706:  191632  [INFO]: Using a cached neff at /home/ubuntu/neuron_cache_e2e/neuronxcc-2.23.6484.0+3b612583/MODULE_4624717319235165006+e30acd3a/model.neff
2026-09-09 09:31:32.000713:  191617  [INFO]: Using a cached neff at /home/ubuntu/neuron_cache_e2e/neuronxcc-2.23.6484.0+3b612583/MODULE_4624717319235165006+e30acd3a/model.neff
2026-09-09 09:31:32.000714:  191633  [INFO]: Using a cached neff at /home/ubuntu/neuron_cache_e2e/neuronxcc-2.23.6484.0+3b612583/MODULE_4624717319235165006+e30acd3a/model.neff
2026-09-09 09:31:32.000723:  191606  [INFO]: Using a cached neff at /home/ubuntu/neuron_cache_e2e/neuronxcc-2.23.6484.0+3b612583/MODULE_4624717319235165006+e30acd3a/model.neff
2026-09-09 09:31:32.000724:  191630  [INFO]: Using a cached neff at /home/ubuntu/neuron_cache_e2e/neuronxcc-2.23.6484.0+3b612583/MODULE_4624717319235165006+e30acd3a/model.neff
2026-09-09 09:31:32.000725:  191637  [INFO]: Using a cached neff at /home/ubuntu/neuron_cache_e2e/neuronxcc-2.23.6484.0+3b612583/MODULE_4624717319235165006+e30acd3a/model.neff
2026-09-09 09:31:32.000736:  191623  [INFO]: Using a cached neff at /home/ubuntu/neuron_cache_e2e/neuronxcc-2.23.6484.0+3b612583/MODULE_4624717319235165006+e30acd3a/model.neff
2026-09-09 09:31:32.000746:  191614  [INFO]: Using a cached neff at /home/ubuntu/neuron_cache_e2e/neuronxcc-2.23.6484.0+3b612583/MODULE_4624717319235165006+e30acd3a/model.neff
2026-09-09 09:31:32.000747:  191625  [INFO]: Using a cached neff at /home/ubuntu/neuron_cache_e2e/neuronxcc-2.23.6484.0+3b612583/MODULE_4624717319235165006+e30acd3a/model.neff
2026-09-09 09:31:32.000751:  191628  [INFO]: Using a cached neff at /home/ubuntu/neuron_cache_e2e/neuronxcc-2.23.6484.0+3b612583/MODULE_4624717319235165006+e30acd3a/model.neff
2026-09-09 09:31:32.000756:  191636  [INFO]: Using a cached neff at /home/ubuntu/neuron_cache_e2e/neuronxcc-2.23.6484.0+3b612583/MODULE_4624717319235165006+e30acd3a/model.neff
2026-09-09 09:31:32.000757:  191627  [INFO]: Using a cached neff at /home/ubuntu/neuron_cache_e2e/neuronxcc-2.23.6484.0+3b612583/MODULE_4624717319235165006+e30acd3a/model.neff
2026-09-09 09:31:32.000767:  191612  [INFO]: Using a cached neff at /home/ubuntu/neuron_cache_e2e/neuronxcc-2.23.6484.0+3b612583/MODULE_4624717319235165006+e30acd3a/model.neff
2026-09-09 09:31:32.000771:  191618  [INFO]: Using a cached neff at /home/ubuntu/neuron_cache_e2e/neuronxcc-2.23.6484.0+3b612583/MODULE_4624717319235165006+e30acd3a/model.neff
2026-09-09 09:31:32.000775:  191620  [INFO]: Using a cached neff at /home/ubuntu/neuron_cache_e2e/neuronxcc-2.23.6484.0+3b612583/MODULE_4624717319235165006+e30acd3a/model.neff
2026-09-09 09:31:32.000777:  191629  [INFO]: Using a cached neff at /home/ubuntu/neuron_cache_e2e/neuronxcc-2.23.6484.0+3b612583/MODULE_4624717319235165006+e30acd3a/model.neff
2026-09-09 09:31:32.000785:  191610  [INFO]: Using a cached neff at /home/ubuntu/neuron_cache_e2e/neuronxcc-2.23.6484.0+3b612583/MODULE_4624717319235165006+e30acd3a/model.neff
2026-09-09 09:31:32.000787:  191621  [INFO]: Using a cached neff at /home/ubuntu/neuron_cache_e2e/neuronxcc-2.23.6484.0+3b612583/MODULE_4624717319235165006+e30acd3a/model.neff
2026-09-09 09:31:32.000799:  191611  [INFO]: Using a cached neff at /home/ubuntu/neuron_cache_e2e/neuronxcc-2.23.6484.0+3b612583/MODULE_4624717319235165006+e30acd3a/model.neff
2026-09-09 09:31:32.000808:  191615  [INFO]: Using a cached neff at /home/ubuntu/neuron_cache_e2e/neuronxcc-2.23.6484.0+3b612583/MODULE_4624717319235165006+e30acd3a/model.neff
2026-09-09 09:31:32.000821:  191635  [INFO]: Using a cached neff at /home/ubuntu/neuron_cache_e2e/neuronxcc-2.23.6484.0+3b612583/MODULE_4624717319235165006+e30acd3a/model.neff
2026-09-09 09:31:32.000823:  191634  [INFO]: Using a cached neff at /home/ubuntu/neuron_cache_e2e/neuronxcc-2.23.6484.0+3b612583/MODULE_4624717319235165006+e30acd3a/model.neff
2026-09-09 09:31:32.000840:  191608  [INFO]: Using a cached neff at /home/ubuntu/neuron_cache_e2e/neuronxcc-2.23.6484.0+3b612583/MODULE_4624717319235165006+e30acd3a/model.neff
2026-09-09 09:31:32.000857:  191619  [INFO]: Using a cached neff at /home/ubuntu/neuron_cache_e2e/neuronxcc-2.23.6484.0+3b612583/MODULE_4624717319235165006+e30acd3a/model.neff
2026-09-09 09:31:32.000868:  191626  [INFO]: Using a cached neff at /home/ubuntu/neuron_cache_e2e/neuronxcc-2.23.6484.0+3b612583/MODULE_4624717319235165006+e30acd3a/model.neff
2026-09-09 09:31:32.000891:  191631  [INFO]: Using a cached neff at /home/ubuntu/neuron_cache_e2e/neuronxcc-2.23.6484.0+3b612583/MODULE_4624717319235165006+e30acd3a/model.neff
2026-09-09 09:31:34.000655:  191636  [INFO]: Using a cached neff at /home/ubuntu/neuron_cache_e2e/neuronxcc-2.23.6484.0+3b612583/MODULE_9873161558079543617+e30acd3a/model.neff
2026-09-09 09:31:34.000682:  191637  [INFO]: Using a cached neff at /home/ubuntu/neuron_cache_e2e/neuronxcc-2.23.6484.0+3b612583/MODULE_9873161558079543617+e30acd3a/model.neff
2026-09-09 09:31:34.000699:  191607  [INFO]: Using a cached neff at /home/ubuntu/neuron_cache_e2e/neuronxcc-2.23.6484.0+3b612583/MODULE_9873161558079543617+e30acd3a/model.neff
2026-09-09 09:31:34.000709:  191622  [INFO]: Using a cached neff at /home/ubuntu/neuron_cache_e2e/neuronxcc-2.23.6484.0+3b612583/MODULE_9873161558079543617+e30acd3a/model.neff
2026-09-09 09:31:34.000726:  191630  [INFO]: Using a cached neff at /home/ubuntu/neuron_cache_e2e/neuronxcc-2.23.6484.0+3b612583/MODULE_9873161558079543617+e30acd3a/model.neff
2026-09-09 09:31:34.000730:  191624  [INFO]: Using a cached neff at /home/ubuntu/neuron_cache_e2e/neuronxcc-2.23.6484.0+3b612583/MODULE_9873161558079543617+e30acd3a/model.neff
2026-09-09 09:31:34.000746:  191613  [INFO]: Using a cached neff at /home/ubuntu/neuron_cache_e2e/neuronxcc-2.23.6484.0+3b612583/MODULE_9873161558079543617+e30acd3a/model.neff
2026-09-09 09:31:34.000777:  191628  [INFO]: Using a cached neff at /home/ubuntu/neuron_cache_e2e/neuronxcc-2.23.6484.0+3b612583/MODULE_9873161558079543617+e30acd3a/model.neff
2026-09-09 09:31:34.000779:  191617  [INFO]: Using a cached neff at /home/ubuntu/neuron_cache_e2e/neuronxcc-2.23.6484.0+3b612583/MODULE_9873161558079543617+e30acd3a/model.neff
2026-09-09 09:31:34.000783:  191606  [INFO]: Using a cached neff at /home/ubuntu/neuron_cache_e2e/neuronxcc-2.23.6484.0+3b612583/MODULE_9873161558079543617+e30acd3a/model.neff
2026-09-09 09:31:34.000785:  191612  [INFO]: Using a cached neff at /home/ubuntu/neuron_cache_e2e/neuronxcc-2.23.6484.0+3b612583/MODULE_9873161558079543617+e30acd3a/model.neff
2026-09-09 09:31:34.000787:  191633  [INFO]: Using a cached neff at /home/ubuntu/neuron_cache_e2e/neuronxcc-2.23.6484.0+3b612583/MODULE_9873161558079543617+e30acd3a/model.neff
2026-09-09 09:31:34.000797:  191627  [INFO]: Using a cached neff at /home/ubuntu/neuron_cache_e2e/neuronxcc-2.23.6484.0+3b612583/MODULE_9873161558079543617+e30acd3a/model.neff
2026-09-09 09:31:34.000798:  191632  [INFO]: Using a cached neff at /home/ubuntu/neuron_cache_e2e/neuronxcc-2.23.6484.0+3b612583/MODULE_9873161558079543617+e30acd3a/model.neff
2026-09-09 09:31:34.000799:  191609  [INFO]: Using a cached neff at /home/ubuntu/neuron_cache_e2e/neuronxcc-2.23.6484.0+3b612583/MODULE_9873161558079543617+e30acd3a/model.neff
2026-09-09 09:31:34.000803:  191625  [INFO]: Using a cached neff at /home/ubuntu/neuron_cache_e2e/neuronxcc-2.23.6484.0+3b612583/MODULE_9873161558079543617+e30acd3a/model.neff
2026-09-09 09:31:34.000811:  191629  [INFO]: Using a cached neff at /home/ubuntu/neuron_cache_e2e/neuronxcc-2.23.6484.0+3b612583/MODULE_9873161558079543617+e30acd3a/model.neff
2026-09-09 09:31:34.000812:  191614  [INFO]: Using a cached neff at /home/ubuntu/neuron_cache_e2e/neuronxcc-2.23.6484.0+3b612583/MODULE_9873161558079543617+e30acd3a/model.neff
2026-09-09 09:31:34.000814:  191618  [INFO]: Using a cached neff at /home/ubuntu/neuron_cache_e2e/neuronxcc-2.23.6484.0+3b612583/MODULE_9873161558079543617+e30acd3a/model.neff
2026-09-09 09:31:34.000815:  191610  [INFO]: Using a cached neff at /home/ubuntu/neuron_cache_e2e/neuronxcc-2.23.6484.0+3b612583/MODULE_9873161558079543617+e30acd3a/model.neff
2026-09-09 09:31:34.000824:  191615  [INFO]: Using a cached neff at /home/ubuntu/neuron_cache_e2e/neuronxcc-2.23.6484.0+3b612583/MODULE_9873161558079543617+e30acd3a/model.neff
2026-09-09 09:31:34.000827:  191616  [INFO]: Using a cached neff at /home/ubuntu/neuron_cache_e2e/neuronxcc-2.23.6484.0+3b612583/MODULE_9873161558079543617+e30acd3a/model.neff
2026-09-09 09:31:34.000830:  191620  [INFO]: Using a cached neff at /home/ubuntu/neuron_cache_e2e/neuronxcc-2.23.6484.0+3b612583/MODULE_9873161558079543617+e30acd3a/model.neff
2026-09-09 09:31:34.000831:  191623  [INFO]: Using a cached neff at /home/ubuntu/neuron_cache_e2e/neuronxcc-2.23.6484.0+3b612583/MODULE_9873161558079543617+e30acd3a/model.neff
2026-09-09 09:31:34.000835:  191611  [INFO]: Using a cached neff at /home/ubuntu/neuron_cache_e2e/neuronxcc-2.23.6484.0+3b612583/MODULE_9873161558079543617+e30acd3a/model.neff
2026-09-09 09:31:34.000843:  191608  [INFO]: Using a cached neff at /home/ubuntu/neuron_cache_e2e/neuronxcc-2.23.6484.0+3b612583/MODULE_9873161558079543617+e30acd3a/model.neff
2026-09-09 09:31:34.000844:  191621  [INFO]: Using a cached neff at /home/ubuntu/neuron_cache_e2e/neuronxcc-2.23.6484.0+3b612583/MODULE_9873161558079543617+e30acd3a/model.neff
2026-09-09 09:31:34.000847:  191631  [INFO]: Using a cached neff at /home/ubuntu/neuron_cache_e2e/neuronxcc-2.23.6484.0+3b612583/MODULE_9873161558079543617+e30acd3a/model.neff
2026-09-09 09:31:34.000857:  191635  [INFO]: Using a cached neff at /home/ubuntu/neuron_cache_e2e/neuronxcc-2.23.6484.0+3b612583/MODULE_9873161558079543617+e30acd3a/model.neff
2026-09-09 09:31:34.000873:  191626  [INFO]: Using a cached neff at /home/ubuntu/neuron_cache_e2e/neuronxcc-2.23.6484.0+3b612583/MODULE_9873161558079543617+e30acd3a/model.neff
2026-09-09 09:31:34.000874:  191619  [INFO]: Using a cached neff at /home/ubuntu/neuron_cache_e2e/neuronxcc-2.23.6484.0+3b612583/MODULE_9873161558079543617+e30acd3a/model.neff
2026-09-09 09:31:34.000921:  191634  [INFO]: Using a cached neff at /home/ubuntu/neuron_cache_e2e/neuronxcc-2.23.6484.0+3b612583/MODULE_9873161558079543617+e30acd3a/model.neff
