{"label": "agent", "med_ms": 3.8831233978271484, "mean_ms": 3.9113362630208335, "all": [4.227399826049805, 4.088878631591797, 3.8826465606689453, 4.060983657836914, 4.071235656738281, 3.8154125213623047, 3.841876983642578, 3.6559104919433594, 3.7069320678710938, 3.919839859008789, 3.833770751953125, 3.9565563201904297, 3.9505958557128906, 4.024744033813477, 4.04810905456543, 3.930330276489258, 3.9424896240234375, 4.0454864501953125, 4.231691360473633, 3.865480422973633, 3.8580894470214844, 3.9472579956054688, 3.8836002349853516, 3.8318634033203125, 3.757953643798828, 3.8824081420898438, 3.7965774536132812, 3.6613941192626953, 3.8194656372070312, 3.801107406616211]}