{"label": "agent", "med_ms": 9.222984313964844, "mean_ms": 8.62267017364502, "all": [3.8878917694091797, 4.325151443481445, 4.868268966674805, 3.853321075439453, 3.562450408935547, 4.923343658447266, 6.636857986450195, 9.166240692138672, 9.279727935791016, 12.974262237548828, 9.823322296142578, 8.922815322875977, 10.36977767944336, 9.001493453979492, 10.195732116699219, 10.593891143798828, 10.97869873046875, 9.083986282348633, 8.849859237670898, 8.370637893676758, 8.708953857421875, 9.92131233215332, 9.459733963012695, 10.668039321899414, 10.523080825805664, 8.322954177856445, 9.698867797851562, 10.409116744995117, 11.12055778503418, 10.179758071899414]}