{"label": "agent", "med_ms": 7.294297218322754, "mean_ms": 7.15945561726888, "all": [3.13568115234375, 2.6700496673583984, 3.1375885009765625, 5.101203918457031, 16.8759822845459, 2.6214122772216797, 3.503561019897461, 2.695798873901367, 4.485130310058594, 5.494117736816406, 4.287958145141602, 5.33294677734375, 8.24880599975586, 10.714292526245117, 9.952545166015625, 10.094881057739258, 10.854721069335938, 9.083986282348633, 9.234905242919922, 10.427236557006836, 10.134458541870117, 9.147167205810547, 8.047819137573242, 7.83228874206543, 7.292747497558594, 7.03120231628418, 6.654500961303711, 7.316350936889648, 7.295846939086914, 6.078481674194336]}