{"label": "baseline", "med_ms": 1.2515783309936523, "mean_ms": 1.2439966201782227, "all": [1.3594627380371094, 1.138448715209961, 0.9770393371582031, 1.2249946594238281, 0.9164810180664062, 0.8294582366943359, 1.1022090911865234, 0.8256435394287109, 1.0700225830078125, 0.7989406585693359, 1.0693073272705078, 1.4376640319824219, 1.3117790222167969, 1.3740062713623047, 1.3887882232666016, 1.180887222290039, 1.547098159790039, 1.3821125030517578, 1.3737678527832031, 1.4414787292480469, 1.4293193817138672, 1.5697479248046875, 1.3885498046875, 1.2447834014892578, 1.6222000122070312, 1.2581348419189453, 1.2145042419433594, 1.168966293334961, 1.4290809631347656, 1.2450218200683594]}