{"label": "baseline", "med_ms": 0.9455680847167969, "mean_ms": 1.212612787882487, "all": [1.8291473388671875, 0.7183551788330078, 0.4837512969970703, 0.6244182586669922, 0.5700588226318359, 0.9431838989257812, 2.6209354400634766, 0.3960132598876953, 0.8840560913085938, 0.6318092346191406, 0.8618831634521484, 0.5793571472167969, 1.3082027435302734, 0.6699562072753906, 0.5657672882080078, 1.1734962463378906, 1.2369155883789062, 2.1851062774658203, 2.872943878173828, 1.2993812561035156, 1.5492439270019531, 0.9479522705078125, 0.7846355438232422, 0.8373260498046875, 1.8870830535888672, 2.6984214782714844, 1.4836788177490234, 0.6704330444335938, 1.3227462768554688, 1.7421245574951172]}