{"label": "agent", "med_ms": 1.5690326690673828, "mean_ms": 1.5673637390136719, "all": [1.8057823181152344, 1.3124942779541016, 1.3818740844726562, 1.0764598846435547, 1.1105537414550781, 1.1568069458007812, 1.5406608581542969, 1.3217926025390625, 1.3649463653564453, 1.659393310546875, 1.8126964569091797, 1.482248306274414, 1.5387535095214844, 1.447916030883789, 1.2624263763427734, 1.8832683563232422, 1.9404888153076172, 1.7790794372558594, 2.0732879638671875, 1.5521049499511719, 1.5864372253417969, 1.8587112426757812, 1.8575191497802734, 1.7042160034179688, 1.5048980712890625, 1.2927055358886719, 1.6200542449951172, 1.7082691192626953, 1.5859603881835938, 1.7991065979003906]}