{"label": "baseline", "med_ms": 2.794981002807617, "mean_ms": 2.8313557306925454, "all": [3.3342838287353516, 2.7620792388916016, 2.8908252716064453, 2.675294876098633, 2.6521682739257812, 2.7952194213867188, 2.7511119842529297, 2.791881561279297, 3.1783580780029297, 2.7027130126953125, 2.878904342651367, 2.8569698333740234, 2.847433090209961, 2.7637481689453125, 2.7027130126953125, 2.733945846557617, 2.8085708618164062, 2.966642379760742, 2.887725830078125, 2.7663707733154297, 2.7039051055908203, 2.913951873779297, 2.7947425842285156, 2.911806106567383, 2.846956253051758, 2.793550491333008, 2.9649734497070312, 3.5369396209716797, 2.3086071014404297, 2.4182796478271484]}