{"label": "agent", "med_ms": 0.2567768096923828, "mean_ms": 0.3058115641276042, "all": [1.0869503021240234, 0.7426738739013672, 0.26988983154296875, 0.3600120544433594, 0.2560615539550781, 0.2532005310058594, 0.28204917907714844, 0.2574920654296875, 0.25200843811035156, 0.2682209014892578, 0.2567768096923828, 0.26726722717285156, 0.2601146697998047, 0.2574920654296875, 0.25200843811035156, 0.25153160095214844, 0.25725364685058594, 0.2529621124267578, 0.2536773681640625, 0.2779960632324219, 0.255584716796875, 0.2524852752685547, 0.255584716796875, 0.2570152282714844, 0.2510547637939453, 0.2529621124267578, 0.2567768096923828, 0.25010108947753906, 0.25200843811035156, 0.2751350402832031]}